epoch,loss,accuracy,val_loss,val_accuracy,val_balanced_accuracy,val_macro_f1,learning_rate,epoch_seconds,train_examples,train_examples_per_second,val_class_0_f1,val_class_0_precision,val_class_0_recall,val_class_0_support,val_class_10_f1,val_class_10_precision,val_class_10_recall,val_class_10_support,val_class_11_f1,val_class_11_precision,val_class_11_recall,val_class_11_support,val_class_12_f1,val_class_12_precision,val_class_12_recall,val_class_12_support,val_class_13_f1,val_class_13_precision,val_class_13_recall,val_class_13_support,val_class_14_f1,val_class_14_precision,val_class_14_recall,val_class_14_support,val_class_15_f1,val_class_15_precision,val_class_15_recall,val_class_15_support,val_class_16_f1,val_class_16_precision,val_class_16_recall,val_class_16_support,val_class_17_f1,val_class_17_precision,val_class_17_recall,val_class_17_support,val_class_18_f1,val_class_18_precision,val_class_18_recall,val_class_18_support,val_class_19_f1,val_class_19_precision,val_class_19_recall,val_class_19_support,val_class_1_f1,val_class_1_precision,val_class_1_recall,val_class_1_support,val_class_2_f1,val_class_2_precision,val_class_2_recall,val_class_2_support,val_class_3_f1,val_class_3_precision,val_class_3_recall,val_class_3_support,val_class_4_f1,val_class_4_precision,val_class_4_recall,val_class_4_support,val_class_5_f1,val_class_5_precision,val_class_5_recall,val_class_5_support,val_class_6_f1,val_class_6_precision,val_class_6_recall,val_class_6_support,val_class_7_f1,val_class_7_precision,val_class_7_recall,val_class_7_support,val_class_8_f1,val_class_8_precision,val_class_8_recall,val_class_8_support,val_class_9_f1,val_class_9_precision,val_class_9_recall,val_class_9_support
1,2.3077516555786133,0.4448571503162384,2.0332939624786377,0.4202222228050232,0.42022222222222216,0.405737172254174,0.0003000000142492354,0.49878445800004556,42000.0,84204.70872008639,0.3906408952187182,0.3602251407129456,0.4266666666666667,450.0,0.6593939393939395,0.7253333333333334,0.6044444444444445,450.0,0.11132437619961613,0.4084507042253521,0.06444444444444444,450.0,0.026200873362445417,0.75,0.013333333333333334,450.0,0.21626617375231053,0.185126582278481,0.26,450.0,0.46417445482866043,0.35731414868105515,0.6622222222222223,450.0,0.2410041841004184,0.19328859060402684,0.32,450.0,0.23931623931623933,0.23045267489711935,0.24888888888888888,450.0,0.7254901960784313,0.7115384615384616,0.74,450.0,0.4975206611570247,0.3960526315789474,0.6688888888888889,450.0,0.35309278350515466,0.42024539877300615,0.30444444444444446,450.0,0.409778812572759,0.43031784841075793,0.39111111111111113,450.0,0.6553672316384181,0.6666666666666666,0.6444444444444445,450.0,0.4607329842931937,0.43564356435643564,0.4888888888888889,450.0,0.5492957746478873,0.582089552238806,0.52,450.0,0.28746177370030584,0.46078431372549017,0.2088888888888889,450.0,0.4751958224543081,0.5759493670886076,0.40444444444444444,450.0,0.4210526315789474,0.42437923250564336,0.4177777777777778,450.0,0.3659574468085106,0.3510204081632653,0.38222222222222224,450.0,0.5654761904761905,0.510752688172043,0.6333333333333333,450.0
2,1.4204990863800049,0.6383571624755859,1.818872094154358,0.4633333384990692,0.4633333333333334,0.4610476115521391,0.0003000000142492354,0.17686670900002355,42000.0,237466.9616315098,0.385593220338983,0.3684210526315789,0.40444444444444444,450.0,0.6776677667766776,0.6710239651416122,0.6844444444444444,450.0,0.3748427672955975,0.4318840579710145,0.33111111111111113,450.0,0.28264208909370203,0.4577114427860697,0.20444444444444446,450.0,0.24033437826541273,0.22682445759368836,0.25555555555555554,450.0,0.5030425963488844,0.4626865671641791,0.5511111111111111,450.0,0.28365878725590954,0.2638623326959847,0.30666666666666664,450.0,0.2553191489361702,0.2727272727272727,0.24,450.0,0.7511415525114156,0.7723004694835681,0.7311111111111112,450.0,0.535183349851338,0.48300536672629696,0.6,450.0,0.4715083798882682,0.47415730337078654,0.4688888888888889,450.0,0.4101969872537659,0.42857142857142855,0.3933333333333333,450.0,0.6599099099099098,0.6689497716894978,0.6511111111111111,450.0,0.4743443557582668,0.48711943793911006,0.4622222222222222,450.0,0.5740318906605922,0.5887850467289719,0.56,450.0,0.38095238095238093,0.41025641025641024,0.35555555555555557,450.0,0.5128205128205128,0.5145413870246085,0.5111111111111111,450.0,0.45679012345679015,0.42528735632183906,0.49333333333333335,450.0,0.41338582677165353,0.3710247349823322,0.4666666666666667,450.0,0.5775862068965516,0.5606694560669456,0.5955555555555555,450.0
3,1.1286211013793945,0.6934523582458496,1.7855077981948853,0.4734444320201874,0.47344444444444445,0.47294472794756615,0.0003000000142492354,0.18865004200006297,42000.0,222634.45878260647,0.39558011049723757,0.3934065934065934,0.3977777777777778,450.0,0.6842684268426842,0.6775599128540305,0.6911111111111111,450.0,0.4210526315789474,0.4074844074844075,0.43555555555555553,450.0,0.3362175525339926,0.3788300835654596,0.3022222222222222,450.0,0.2330316742081448,0.23732718894009217,0.2288888888888889,450.0,0.5149572649572651,0.49588477366255146,0.5355555555555556,450.0,0.26797385620915026,0.26282051282051283,0.2733333333333333,450.0,0.2853982300884956,0.2841409691629956,0.2866666666666667,450.0,0.7657142857142857,0.788235294117647,0.7444444444444445,450.0,0.5377643504531723,0.49171270718232046,0.5933333333333334,450.0,0.4944567627494457,0.49336283185840707,0.4955555555555556,450.0,0.4232081911262799,0.43356643356643354,0.41333333333333333,450.0,0.6628440366972478,0.6848341232227488,0.6422222222222222,450.0,0.4694610778443114,0.509090909090909,0.43555555555555553,450.0,0.5863636363636364,0.6,0.5733333333333334,450.0,0.39772727272727276,0.4069767441860465,0.3888888888888889,450.0,0.5194805194805195,0.5063291139240507,0.5333333333333333,450.0,0.4708333333333333,0.44313725490196076,0.5022222222222222,450.0,0.4075723830734967,0.40848214285714285,0.4066666666666667,450.0,0.5849889624724062,0.581140350877193,0.5888888888888889,450.0
4,0.9914721846580505,0.716619074344635,1.7959203720092773,0.48133334517478943,0.4813333333333333,0.48046376026976273,0.0003000000142492354,0.18775312500019936,42000.0,223698.00768938148,0.4095860566448802,0.4017094017094017,0.4177777777777778,450.0,0.6769570011025358,0.6717724288840262,0.6822222222222222,450.0,0.4453524004085802,0.4120982986767486,0.48444444444444446,450.0,0.3542168674698795,0.3868421052631579,0.32666666666666666,450.0,0.2531939605110337,0.26520681265206814,0.24222222222222223,450.0,0.5172054223149113,0.48722986247544203,0.5511111111111111,450.0,0.27578215527230593,0.288135593220339,0.2644444444444444,450.0,0.29106945975744214,0.2888402625820569,0.29333333333333333,450.0,0.765375854214123,0.7850467289719626,0.7466666666666667,450.0,0.5371312309257374,0.49530956848030017,0.5866666666666667,450.0,0.501679731243001,0.5056433408577878,0.49777777777777776,450.0,0.4280860702151756,0.43648960739030024,0.42,450.0,0.6759581881533101,0.708029197080292,0.6466666666666666,450.0,0.4875283446712018,0.4976851851851852,0.4777777777777778,450.0,0.5882352941176471,0.5875831485587583,0.5888888888888889,450.0,0.4247787610619469,0.42290748898678415,0.4266666666666667,450.0,0.5358744394618835,0.5407239819004525,0.5311111111111111,450.0,0.46702702702702703,0.45473684210526316,0.48,450.0,0.3945267958950969,0.405152224824356,0.3844444444444444,450.0,0.5797101449275361,0.5816554809843401,0.5777777777777777,450.0
5,0.9125493764877319,0.7300000190734863,1.8151291608810425,0.48088890314102173,0.4808888888888888,0.48200004743849983,0.0003000000142492354,0.17552395799975784,42000.0,239283.57404097475,0.4096385542168675,0.4038876889848812,0.41555555555555557,450.0,0.6869565217391304,0.6723404255319149,0.7022222222222222,450.0,0.43783209351753455,0.4195519348268839,0.4577777777777778,450.0,0.3568075117370892,0.3781094527363184,0.3377777777777778,450.0,0.26049515608180834,0.25260960334029225,0.2688888888888889,450.0,0.5210970464135021,0.4959839357429719,0.5488888888888889,450.0,0.2731277533039648,0.27074235807860264,0.27555555555555555,450.0,0.294940796555436,0.2860125260960334,0.30444444444444446,450.0,0.7688787185354692,0.7924528301886793,0.7466666666666667,450.0,0.5182724252491695,0.5165562913907285,0.52,450.0,0.5153508771929824,0.5086580086580087,0.5222222222222223,450.0,0.43020594965675063,0.44339622641509435,0.4177777777777778,450.0,0.6782006920415224,0.7050359712230215,0.6533333333333333,450.0,0.4807467911318553,0.5061425061425061,0.4577777777777778,450.0,0.5875706214689267,0.5977011494252874,0.5777777777777777,450.0,0.4410480349344978,0.4334763948497854,0.4488888888888889,450.0,0.5272525027808677,0.5278396436525612,0.5266666666666666,450.0,0.4689203925845147,0.4603854389721627,0.4777777777777778,450.0,0.3945578231292517,0.4027777777777778,0.38666666666666666,450.0,0.5881006864988558,0.6061320754716981,0.5711111111111111,450.0
6,0.8611867427825928,0.7392857074737549,1.8418192863464355,0.48177778720855713,0.48177777777777786,0.48267329823236604,0.0003000000142492354,0.18807341599995198,42000.0,223317.0476363907,0.4068522483940043,0.3925619834710744,0.4222222222222222,450.0,0.6846071044133477,0.6638830897703549,0.7066666666666667,450.0,0.4481327800829875,0.42023346303501946,0.48,450.0,0.35842293906810035,0.3875968992248062,0.3333333333333333,450.0,0.2641898864809082,0.2466281310211946,0.28444444444444444,450.0,0.5285868392664509,0.5136268343815513,0.5444444444444444,450.0,0.2763466042154567,0.29207920792079206,0.26222222222222225,450.0,0.3068893528183716,0.28937007874015747,0.32666666666666666,450.0,0.7749419953596287,0.8106796116504854,0.7422222222222222,450.0,0.5182012847965738,0.5,0.5377777777777778,450.0,0.5175438596491228,0.5108225108225108,0.5244444444444445,450.0,0.42873432155074115,0.44028103044496486,0.4177777777777778,450.0,0.6756756756756757,0.684931506849315,0.6666666666666666,450.0,0.4804733727810651,0.5139240506329114,0.45111111111111113,450.0,0.5822784810126582,0.60381861575179,0.5622222222222222,450.0,0.4359255202628696,0.4298056155507559,0.44222222222222224,450.0,0.5222222222222223,0.5222222222222223,0.5222222222222223,450.0,0.4737991266375545,0.4656652360515021,0.4822222222222222,450.0,0.38516746411483255,0.4170984455958549,0.35777777777777775,450.0,0.5844748858447489,0.6009389671361502,0.5688888888888889,450.0
7,0.8253134489059448,0.7470952272415161,1.8647270202636719,0.4847777783870697,0.4847777777777778,0.48451917011423706,0.0003000000142492354,0.17665412499991362,42000.0,237752.72725740503,0.4055793991416309,0.3921161825726141,0.42,450.0,0.6845493562231759,0.6618257261410788,0.7088888888888889,450.0,0.449531737773153,0.4227005870841487,0.48,450.0,0.358913813459268,0.38287153652392947,0.3377777777777778,450.0,0.2717149220489978,0.27232142857142855,0.27111111111111114,450.0,0.5324384787472035,0.536036036036036,0.5288888888888889,450.0,0.2752293577981651,0.2843601895734597,0.26666666666666666,450.0,0.31125131440588855,0.2954091816367265,0.3288888888888889,450.0,0.7647058823529411,0.7788018433179723,0.7511111111111111,450.0,0.5303514376996804,0.50920245398773,0.5533333333333333,450.0,0.5164113785557988,0.5086206896551724,0.5244444444444445,450.0,0.42678774120317825,0.4361948955916473,0.4177777777777778,450.0,0.6733111849390919,0.6710816777041942,0.6755555555555556,450.0,0.4873341375150784,0.5329815303430079,0.4488888888888889,450.0,0.5855338691159586,0.6057007125890737,0.5666666666666667,450.0,0.43907793633369924,0.43383947939262474,0.4444444444444444,450.0,0.5310119695321001,0.5202558635394456,0.5422222222222223,450.0,0.4796479647964797,0.4749455337690632,0.48444444444444446,450.0,0.38657407407407407,0.4033816425120773,0.3711111111111111,450.0,0.5804274465691789,0.5876993166287016,0.5733333333333334,450.0
8,0.7991469502449036,0.7521904706954956,1.8906570672988892,0.48533332347869873,0.48533333333333345,0.4855282941502419,0.0003000000142492354,0.17598333399973853,42000.0,238658.96301329535,0.4074457083764219,0.38104448742746616,0.43777777777777777,450.0,0.6921397379912664,0.6802575107296137,0.7044444444444444,450.0,0.4383561643835616,0.4168336673346693,0.4622222222222222,450.0,0.3556581986143187,0.3701923076923077,0.3422222222222222,450.0,0.2702104097452935,0.2693156732891832,0.27111111111111114,450.0,0.5323110624315445,0.5248380129589633,0.54,450.0,0.27927927927927926,0.2831050228310502,0.27555555555555555,450.0,0.30316742081447956,0.3087557603686636,0.29777777777777775,450.0,0.7688787185354692,0.7924528301886793,0.7466666666666667,450.0,0.5283018867924528,0.5,0.56,450.0,0.5100105374077977,0.4849699398797595,0.5377777777777778,450.0,0.4272517321016166,0.44471153846153844,0.4111111111111111,450.0,0.6793296089385474,0.6831460674157304,0.6755555555555556,450.0,0.4929577464788732,0.5223880597014925,0.4666666666666667,450.0,0.592255125284738,0.6074766355140186,0.5777777777777777,450.0,0.4395604395604396,0.43478260869565216,0.4444444444444444,450.0,0.5363636363636364,0.5488372093023256,0.5244444444444445,450.0,0.47385984427141264,0.47438752783964366,0.47333333333333333,450.0,0.3986486486486486,0.4041095890410959,0.3933333333333333,450.0,0.5845799769850403,0.6062052505966588,0.5644444444444444,450.0
9,0.7780542373657227,0.7581190466880798,1.9116562604904175,0.4855555593967438,0.4855555555555555,0.48609025234425607,0.0003000000142492354,0.1759537919997456,42000.0,238699.0329828227,0.4115755627009646,0.39751552795031053,0.4266666666666667,450.0,0.6914660831509847,0.6810344827586207,0.7022222222222222,450.0,0.4388092613009923,0.43544857768052514,0.44222222222222224,450.0,0.36406067677946324,0.3832923832923833,0.3466666666666667,450.0,0.27330508474576276,0.2611336032388664,0.2866666666666667,450.0,0.5208333333333333,0.49019607843137253,0.5555555555555556,450.0,0.28473019517795634,0.29453681710213775,0.27555555555555555,450.0,0.31016042780748665,0.29896907216494845,0.32222222222222224,450.0,0.7772621809744779,0.8131067961165048,0.7444444444444445,450.0,0.5216473072861668,0.4969818913480885,0.5488888888888889,450.0,0.5230769230769231,0.5173913043478261,0.5288888888888889,450.0,0.43546576879910215,0.4399092970521542,0.4311111111111111,450.0,0.6770255271920089,0.6762749445676275,0.6777777777777778,450.0,0.4897959183673469,0.5,0.48,450.0,0.5874285714285714,0.6047058823529412,0.5711111111111111,450.0,0.4342984409799554,0.43526785714285715,0.43333333333333335,450.0,0.5384615384615384,0.5483870967741935,0.5288888888888889,450.0,0.46590909090909094,0.47674418604651164,0.45555555555555555,450.0,0.3939038686987104,0.41687344913151364,0.37333333333333335,450.0,0.5825892857142856,0.5852017937219731,0.58,450.0
10,0.7618299126625061,0.7608571648597717,1.931093692779541,0.4860000014305115,0.48600000000000004,0.486297724131486,0.0003000000142492354,0.17741058299998258,42000.0,236738.97740364296,0.41256544502617803,0.3900990099009901,0.43777777777777777,450.0,0.693304535637149,0.6743697478991597,0.7133333333333334,450.0,0.4423280423280423,0.4222222222222222,0.46444444444444444,450.0,0.35648148148148145,0.3719806763285024,0.3422222222222222,450.0,0.26695842450765866,0.2629310344827586,0.27111111111111114,450.0,0.529032258064516,0.5125,0.5466666666666666,450.0,0.27667057444314186,0.29280397022332505,0.26222222222222225,450.0,0.31880977683315626,0.3054989816700611,0.3333333333333333,450.0,0.7692307692307693,0.7957244655581948,0.7444444444444445,450.0,0.5306122448979592,0.5135135135135135,0.5488888888888889,450.0,0.5218340611353712,0.5128755364806867,0.5311111111111111,450.0,0.42660550458715596,0.44075829383886256,0.41333333333333333,450.0,0.6788990825688074,0.7014218009478673,0.6577777777777778,450.0,0.4902186421173763,0.5083532219570406,0.47333333333333333,450.0,0.5934314835787089,0.605080831408776,0.5822222222222222,450.0,0.43159065628476084,0.43207126948775054,0.4311111111111111,450.0,0.5355555555555556,0.5355555555555556,0.5355555555555556,450.0,0.47555555555555556,0.47555555555555556,0.47555555555555556,450.0,0.3967889908256881,0.4099526066350711,0.3844444444444444,450.0,0.5794813979706878,0.5881006864988558,0.5711111111111111,450.0
11,0.7477969527244568,0.7646904587745667,1.9498213529586792,0.4865555465221405,0.4865555555555556,0.48619418034542755,0.0003000000142492354,0.18903962500007765,42000.0,222175.64174697633,0.4188034188034188,0.40329218106995884,0.43555555555555553,450.0,0.6941431670281994,0.6779661016949152,0.7111111111111111,450.0,0.4435146443514645,0.4189723320158103,0.4711111111111111,450.0,0.3544018058690745,0.36009174311926606,0.3488888888888889,450.0,0.2702104097452935,0.2693156732891832,0.27111111111111114,450.0,0.5274488697524219,0.511482254697286,0.5444444444444444,450.0,0.2808607021517554,0.2863741339491917,0.27555555555555555,450.0,0.32229580573951433,0.3201754385964912,0.3244444444444444,450.0,0.7723669309173273,0.7875288683602771,0.7577777777777778,450.0,0.5214659685863875,0.49306930693069306,0.5533333333333333,450.0,0.5180327868852459,0.5096774193548387,0.5266666666666666,450.0,0.43478260869565216,0.4481132075471698,0.4222222222222222,450.0,0.6801801801801802,0.6894977168949772,0.6711111111111111,450.0,0.4970131421744325,0.537467700258398,0.4622222222222222,450.0,0.598639455782313,0.6111111111111112,0.5866666666666667,450.0,0.4193548387096774,0.4354066985645933,0.40444444444444444,450.0,0.5257510729613734,0.508298755186722,0.5444444444444444,450.0,0.4725274725274725,0.4673913043478261,0.4777777777777778,450.0,0.3971462544589775,0.42710997442455245,0.3711111111111111,450.0,0.5749440715883668,0.5788288288288288,0.5711111111111111,450.0
12,0.736731231212616,0.767047643661499,1.965002417564392,0.4866666793823242,0.4866666666666667,0.48690974767476414,0.0003000000142492354,0.1967474170000969,42000.0,213471.67165086247,0.42015005359056806,0.4057971014492754,0.43555555555555553,450.0,0.6901709401709402,0.6646090534979424,0.7177777777777777,450.0,0.4456641053787047,0.4403470715835141,0.45111111111111113,450.0,0.35185185185185186,0.3671497584541063,0.3377777777777778,450.0,0.26832018038331457,0.2723112128146453,0.2644444444444444,450.0,0.5347826086956522,0.5234042553191489,0.5466666666666666,450.0,0.2828282828282828,0.2857142857142857,0.28,450.0,0.3182751540041068,0.2958015267175573,0.34444444444444444,450.0,0.7720504009163802,0.7966903073286052,0.7488888888888889,450.0,0.5282215122470714,0.5071574642126789,0.5511111111111111,450.0,0.52,0.52,0.52,450.0,0.43457943925233644,0.458128078817734,0.41333333333333333,450.0,0.6747787610619469,0.6718061674008811,0.6777777777777778,450.0,0.49035187287173665,0.5011600928074246,0.48,450.0,0.5854214123006833,0.6004672897196262,0.5711111111111111,450.0,0.4323144104803493,0.4248927038626609,0.44,450.0,0.5398230088495575,0.5374449339207048,0.5422222222222223,450.0,0.4685714285714286,0.4823529411764706,0.45555555555555555,450.0,0.399098083427283,0.40503432494279173,0.3933333333333333,450.0,0.5809414466130884,0.6009501187648456,0.5622222222222222,450.0
13,0.7265636324882507,0.7707619071006775,1.9820590019226074,0.4880000054836273,0.4879999999999999,0.48850081478880136,0.0003000000142492354,0.1886948329997722,42000.0,222581.61144269755,0.42161016949152547,0.402834008097166,0.44222222222222224,450.0,0.6902465166130761,0.6666666666666666,0.7155555555555555,450.0,0.4410480349344978,0.4334763948497854,0.4488888888888889,450.0,0.35431235431235436,0.37254901960784315,0.3377777777777778,450.0,0.27450980392156865,0.2692307692307692,0.28,450.0,0.5360602798708288,0.5198329853862212,0.5533333333333333,450.0,0.2885682574916759,0.28824833702882485,0.28888888888888886,450.0,0.320254506892895,0.30628803245436104,0.33555555555555555,450.0,0.773972602739726,0.795774647887324,0.7533333333333333,450.0,0.5264293419633227,0.5115303983228512,0.5422222222222223,450.0,0.5186766275346852,0.4989733059548255,0.54,450.0,0.44040862656072643,0.45011600928074247,0.4311111111111111,450.0,0.671857619577308,0.6726057906458798,0.6711111111111111,450.0,0.4982121573301549,0.5372750642673522,0.46444444444444444,450.0,0.5846867749419954,0.6116504854368932,0.56,450.0,0.4269911504424779,0.4251101321585903,0.4288888888888889,450.0,0.5358744394618835,0.5407239819004525,0.5311111111111111,450.0,0.4746136865342164,0.47149122807017546,0.4777777777777778,450.0,0.40559440559440557,0.4264705882352941,0.38666666666666666,450.0,0.5860889395667046,0.6018735362997658,0.5711111111111111,450.0
14,0.7180511355400085,0.772095263004303,1.9944490194320679,0.4877777695655823,0.48777777777777775,0.4891317974978441,0.0003000000142492354,0.17804887500005862,42000.0,235890.2857430926,0.4265809217577706,0.41200828157349895,0.44222222222222224,450.0,0.6942328618063113,0.6801705756929638,0.7088888888888889,450.0,0.44086021505376344,0.4270833333333333,0.45555555555555555,450.0,0.3534777651083238,0.3629976580796253,0.34444444444444444,450.0,0.26806282722513086,0.25346534653465347,0.28444444444444444,450.0,0.537180910099889,0.5365853658536586,0.5377777777777778,450.0,0.28444444444444444,0.28444444444444444,0.28444444444444444,450.0,0.326133909287257,0.3172268907563025,0.33555555555555555,450.0,0.7775229357798165,0.8033175355450237,0.7533333333333333,450.0,0.527542372881356,0.5040485829959515,0.5533333333333333,450.0,0.5173913043478261,0.5063829787234042,0.5288888888888889,450.0,0.440046565774156,0.4621026894865526,0.42,450.0,0.6748878923766816,0.6809954751131222,0.6688888888888889,450.0,0.4887307236061685,0.5241730279898219,0.4577777777777778,450.0,0.5911664779161949,0.6027713625866051,0.58,450.0,0.4268689057421452,0.4164904862579281,0.43777777777777777,450.0,0.5390713476783691,0.5496535796766744,0.5288888888888889,450.0,0.47203579418344527,0.4752252252252252,0.4688888888888889,450.0,0.40543601359003395,0.4133949191685912,0.3977777777777778,450.0,0.5909617612977983,0.6174334140435835,0.5666666666666667,450.0
15,0.710393488407135,0.774071455001831,2.008176803588867,0.4873333275318146,0.4873333333333333,0.48750154720497274,0.0003000000142492354,0.17878616699999839,42000.0,234917.5034330278,0.42450765864332607,0.41810344827586204,0.4311111111111111,450.0,0.6876355748373101,0.6716101694915254,0.7044444444444444,450.0,0.43722943722943725,0.42616033755274263,0.4488888888888889,450.0,0.3560090702947846,0.36342592592592593,0.3488888888888889,450.0,0.27147401908801694,0.25963488843813387,0.28444444444444444,450.0,0.5265392781316349,0.5040650406504065,0.5511111111111111,450.0,0.28506271379703535,0.2927400468384075,0.2777777777777778,450.0,0.32329988851727987,0.3243847874720358,0.32222222222222224,450.0,0.7788018433179723,0.8086124401913876,0.7511111111111111,450.0,0.5206349206349207,0.49696969696969695,0.5466666666666666,450.0,0.5164718384697131,0.49490835030549896,0.54,450.0,0.4408352668213457,0.46116504854368934,0.4222222222222222,450.0,0.6695938529088914,0.6616052060737527,0.6777777777777778,450.0,0.494199535962877,0.5169902912621359,0.47333333333333333,450.0,0.5848623853211009,0.6042654028436019,0.5666666666666667,450.0,0.4296962879640045,0.43507972665148065,0.42444444444444446,450.0,0.5377777777777778,0.5377777777777778,0.5377777777777778,450.0,0.4717607973421927,0.47019867549668876,0.47333333333333333,450.0,0.4045977011494253,0.41904761904761906,0.39111111111111113,450.0,0.589041095890411,0.6056338028169014,0.5733333333333334,450.0
16,0.7033886909484863,0.7767142653465271,2.0222208499908447,0.48766666650772095,0.4876666666666666,0.4883784119582438,0.0003000000142492354,0.17898304100026508,42000.0,234659.1038194384,0.42138364779874216,0.39880952380952384,0.44666666666666666,450.0,0.691304347826087,0.676595744680851,0.7066666666666667,450.0,0.4394426580921758,0.4244306418219462,0.45555555555555555,450.0,0.3596287703016241,0.3762135922330097,0.34444444444444444,450.0,0.27056277056277056,0.26371308016877637,0.2777777777777778,450.0,0.5362162162162162,0.5221052631578947,0.5511111111111111,450.0,0.2925243770314193,0.2854122621564482,0.3,450.0,0.32223415682062295,0.31185031185031187,0.3333333333333333,450.0,0.7784156142365098,0.8052256532066508,0.7533333333333333,450.0,0.5241090146750524,0.49603174603174605,0.5555555555555556,450.0,0.516829533116178,0.505307855626327,0.5288888888888889,450.0,0.4429223744292238,0.45539906103286387,0.4311111111111111,450.0,0.6725468577728777,0.6673960612691466,0.6777777777777778,450.0,0.49184149184149184,0.5171568627450981,0.4688888888888889,450.0,0.588235294117647,0.5990783410138248,0.5777777777777777,450.0,0.4277715565509519,0.43115124153498874,0.42444444444444446,450.0,0.5330347144456886,0.5372460496613995,0.5288888888888889,450.0,0.46511627906976744,0.4878048780487805,0.4444444444444444,450.0,0.4052132701421801,0.434010152284264,0.38,450.0,0.588235294117647,0.6115107913669064,0.5666666666666667,450.0
17,0.6970953345298767,0.7778095006942749,2.029736042022705,0.4880000054836273,0.488,0.4883852501141438,0.0003000000142492354,0.1795219159998851,42000.0,233954.72227483848,0.42888888888888893,0.4288888888888889,0.4288888888888889,450.0,0.6877729257641921,0.6759656652360515,0.7,450.0,0.4371584699453551,0.43010752688172044,0.4444444444444444,450.0,0.36095346197502837,0.3689095127610209,0.35333333333333333,450.0,0.27130044843049334,0.2737556561085973,0.2688888888888889,450.0,0.5359056806002144,0.5175983436853002,0.5555555555555556,450.0,0.28635346756152125,0.2882882882882883,0.28444444444444444,450.0,0.32098765432098764,0.2988505747126437,0.3466666666666667,450.0,0.7776510832383123,0.7985948477751756,0.7577777777777778,450.0,0.5222929936305732,0.5,0.5466666666666666,450.0,0.5199568500539375,0.5052410901467506,0.5355555555555556,450.0,0.448512585812357,0.46226415094339623,0.43555555555555553,450.0,0.6688524590163936,0.6580645161290323,0.68,450.0,0.49353701527614574,0.5236907730673317,0.4666666666666667,450.0,0.585081585081585,0.6151960784313726,0.5577777777777778,450.0,0.42189281641961235,0.4332552693208431,0.4111111111111111,450.0,0.5288356909684439,0.5181236673773987,0.54,450.0,0.4735062006764374,0.4805491990846682,0.4666666666666667,450.0,0.40761478163493836,0.4108352144469526,0.40444444444444444,450.0,0.5906499429874573,0.6065573770491803,0.5755555555555556,450.0
18,0.6913340091705322,0.779880940914154,2.0400450229644775,0.4887777864933014,0.4887777777777778,0.4890415991419892,0.0003000000142492354,0.17919054200001483,42000.0,234387.37073520612,0.4293537787513691,0.42332613390928725,0.43555555555555553,450.0,0.6855277475516866,0.6716417910447762,0.7,450.0,0.43329775880469584,0.41683778234086244,0.45111111111111113,450.0,0.353757225433526,0.3686746987951807,0.34,450.0,0.2775330396475771,0.27510917030567683,0.28,450.0,0.53496115427303,0.5343680709534369,0.5355555555555556,450.0,0.2916213275299238,0.2857142857142857,0.29777777777777775,450.0,0.32974137931034486,0.3200836820083682,0.34,450.0,0.7772727272727272,0.7953488372093023,0.76,450.0,0.5239130434782608,0.5127659574468085,0.5355555555555556,450.0,0.5209003215434084,0.5031055900621118,0.54,450.0,0.44131455399061037,0.46766169154228854,0.4177777777777778,450.0,0.6710963455149501,0.6688741721854304,0.6733333333333333,450.0,0.497055359246172,0.5288220551378446,0.4688888888888889,450.0,0.584070796460177,0.5814977973568282,0.5866666666666667,450.0,0.4279176201372997,0.4410377358490566,0.41555555555555557,450.0,0.5309734513274336,0.5286343612334802,0.5333333333333333,450.0,0.46608315098468267,0.45905172413793105,0.47333333333333333,450.0,0.4130190796857464,0.41723356009070295,0.4088888888888889,450.0,0.5914221218961625,0.6009174311926605,0.5822222222222222,450.0
19,0.6863815784454346,0.7800238132476807,2.0512168407440186,0.48622220754623413,0.4862222222222223,0.4858731918014608,0.0003000000142492354,0.17549133299962705,42000.0,239328.05844086476,0.42598509052183176,0.40899795501022496,0.4444444444444444,450.0,0.6803455723542116,0.6617647058823529,0.7,450.0,0.43396226415094336,0.4107142857142857,0.46,450.0,0.35581395348837214,0.37317073170731707,0.34,450.0,0.27685492801771877,0.27593818984547464,0.2777777777777778,450.0,0.5317796610169492,0.5080971659919028,0.5577777777777778,450.0,0.28507295173961844,0.28798185941043086,0.2822222222222222,450.0,0.32508073196986004,0.31524008350730687,0.33555555555555555,450.0,0.7775229357798165,0.8033175355450237,0.7533333333333333,450.0,0.5244161358811041,0.5020325203252033,0.5488888888888889,450.0,0.5163398692810457,0.5064102564102564,0.5266666666666666,450.0,0.4369369369369369,0.4429223744292237,0.4311111111111111,450.0,0.6688668866886689,0.6623093681917211,0.6755555555555556,450.0,0.49195402298850577,0.5095238095238095,0.47555555555555556,450.0,0.5753114382785957,0.5866050808314087,0.5644444444444444,450.0,0.42672919109026963,0.45161290322580644,0.40444444444444444,450.0,0.5248070562293274,0.5207877461706784,0.5288888888888889,450.0,0.47520184544405997,0.4940047961630695,0.4577777777777778,450.0,0.3971631205673759,0.42424242424242425,0.37333333333333335,450.0,0.5873192436040044,0.5879732739420935,0.5866666666666667,450.0
20,0.6818249225616455,0.7822856903076172,2.0600574016571045,0.4869999885559082,0.48699999999999993,0.4865727674282157,0.0003000000142492354,0.17702749999989464,42000.0,237251.27451963676,0.43412526997840173,0.4222689075630252,0.44666666666666666,450.0,0.6818675352877307,0.6666666666666666,0.6977777777777778,450.0,0.42231947483588617,0.41594827586206895,0.4288888888888889,450.0,0.3486238532110092,0.36018957345971564,0.3377777777777778,450.0,0.2752497225305217,0.2749445676274945,0.27555555555555555,450.0,0.5359477124183005,0.5256410256410257,0.5466666666666666,450.0,0.2894736842105263,0.2857142857142857,0.29333333333333333,450.0,0.3155452436194896,0.3300970873786408,0.3022222222222222,450.0,0.776255707762557,0.7981220657276995,0.7555555555555555,450.0,0.5131995776135164,0.48893360160965793,0.54,450.0,0.516949152542373,0.4939271255060729,0.5422222222222223,450.0,0.44521337946943484,0.4628297362110312,0.4288888888888889,450.0,0.6681222707423582,0.6566523605150214,0.68,450.0,0.49822904368358917,0.5314861460957179,0.4688888888888889,450.0,0.5749440715883668,0.5788288288288288,0.5711111111111111,450.0,0.42684268426842686,0.4226579520697168,0.4311111111111111,450.0,0.5296703296703296,0.5239130434782608,0.5355555555555556,450.0,0.4685082872928176,0.46593406593406594,0.4711111111111111,450.0,0.41676104190260477,0.42494226327944573,0.4088888888888889,450.0,0.5936073059360729,0.6103286384976526,0.5777777777777777,450.0
21,0.6769582629203796,0.7829999923706055,2.0693349838256836,0.4883333444595337,0.4883333333333334,0.4883839299289073,0.0003000000142492354,0.1847677499999918,42000.0,227312.39623798995,0.4301310043668122,0.4227467811158798,0.43777777777777777,450.0,0.685344827586207,0.6652719665271967,0.7066666666666667,450.0,0.42964554242749736,0.4158004158004158,0.4444444444444444,450.0,0.3506343713956171,0.3645083932853717,0.3377777777777778,450.0,0.2746878547105562,0.28074245939675174,0.2688888888888889,450.0,0.5349887133182843,0.5435779816513762,0.5266666666666666,450.0,0.28603351955307266,0.2876404494382023,0.28444444444444444,450.0,0.3311827956989247,0.32083333333333336,0.3422222222222222,450.0,0.7771428571428571,0.8,0.7555555555555555,450.0,0.5159235668789809,0.49390243902439024,0.54,450.0,0.5170940170940171,0.49794238683127573,0.5377777777777778,450.0,0.4511627906976744,0.47317073170731705,0.4311111111111111,450.0,0.6778523489932886,0.6824324324324325,0.6733333333333333,450.0,0.4936268829663963,0.5157384987893463,0.47333333333333333,450.0,0.583710407239819,0.5944700460829493,0.5733333333333334,450.0,0.4314159292035398,0.42951541850220265,0.43333333333333335,450.0,0.5296089385474859,0.5325842696629214,0.5266666666666666,450.0,0.4725274725274725,0.4673913043478261,0.4777777777777778,450.0,0.4101433296582139,0.40700218818380746,0.41333333333333333,450.0,0.5848214285714285,0.5874439461883408,0.5822222222222222,450.0
22,0.6729927659034729,0.7843809723854065,2.0770959854125977,0.4888888895511627,0.4888888888888888,0.4886366005163687,0.0003000000142492354,0.18757224999990285,42000.0,223913.7185805563,0.4353448275862069,0.4225941422594142,0.4488888888888889,450.0,0.6868905742145179,0.6701902748414377,0.7044444444444444,450.0,0.4346871569703622,0.42950108459869846,0.44,450.0,0.34285714285714286,0.36923076923076925,0.32,450.0,0.2770949720670391,0.2786516853932584,0.27555555555555555,450.0,0.5369978858350951,0.5120967741935484,0.5644444444444444,450.0,0.28509249183895535,0.279317697228145,0.2911111111111111,450.0,0.32186459489456165,0.3215077605321508,0.32222222222222224,450.0,0.7736063708759955,0.7925407925407926,0.7555555555555555,450.0,0.5115766262403527,0.5076586433260394,0.5155555555555555,450.0,0.5174973488865324,0.4949290060851927,0.5422222222222223,450.0,0.44930875576036866,0.4665071770334928,0.43333333333333335,450.0,0.6733111849390919,0.6710816777041942,0.6755555555555556,450.0,0.4953488372093023,0.5195121951219512,0.47333333333333333,450.0,0.574635241301908,0.5804988662131519,0.5688888888888889,450.0,0.43392070484581496,0.43013100436681223,0.43777777777777777,450.0,0.5324532453245325,0.5272331154684096,0.5377777777777778,450.0,0.47268673355629875,0.4742729306487696,0.4711111111111111,450.0,0.42234636871508374,0.4247191011235955,0.42,450.0,0.5952109464082097,0.6112412177985949,0.58,450.0
23,0.6695063710212708,0.7848809361457825,2.0827910900115967,0.48944443464279175,0.4894444444444444,0.48874702161424166,0.0003000000142492354,0.18494466700030898,42000.0,227094.95051257592,0.4313725490196078,0.4230769230769231,0.44,450.0,0.685466377440347,0.6694915254237288,0.7022222222222222,450.0,0.43421052631578944,0.42857142857142855,0.44,450.0,0.3496027241770715,0.35730858468677495,0.3422222222222222,450.0,0.2763306908267271,0.2817551963048499,0.27111111111111114,450.0,0.5346112886048988,0.5132924335378323,0.5577777777777778,450.0,0.2853881278538813,0.2934272300469484,0.2777777777777778,450.0,0.3307776560788609,0.326133909287257,0.33555555555555555,450.0,0.7694038245219348,0.7790432801822323,0.76,450.0,0.5114754098360655,0.5032258064516129,0.52,450.0,0.516949152542373,0.4939271255060729,0.5422222222222223,450.0,0.4452296819787986,0.47368421052631576,0.42,450.0,0.6703417861080484,0.6652078774617067,0.6755555555555556,450.0,0.4914675767918089,0.5034965034965035,0.48,450.0,0.5749718151071026,0.5835240274599542,0.5666666666666667,450.0,0.4424972617743702,0.43628509719222464,0.4488888888888889,450.0,0.5388951521984218,0.5469107551487414,0.5311111111111111,450.0,0.4715083798882682,0.47415730337078654,0.4688888888888889,450.0,0.4209354120267261,0.421875,0.42,450.0,0.5935050391937291,0.5981941309255079,0.5888888888888889,450.0
24,0.6656389832496643,0.7865476012229919,2.090376377105713,0.4896666705608368,0.48966666666666664,0.4899407261049017,0.0003000000142492354,0.17979987500029893,42000.0,233593.04337631032,0.4355362946912242,0.4249471458773784,0.44666666666666666,450.0,0.6869565217391304,0.6723404255319149,0.7022222222222222,450.0,0.43283582089552236,0.41598360655737704,0.45111111111111113,450.0,0.34679334916864607,0.37244897959183676,0.3244444444444444,450.0,0.2767857142857143,0.27802690582959644,0.27555555555555555,450.0,0.5388828039430449,0.531317494600432,0.5466666666666666,450.0,0.28918322295805743,0.28728070175438597,0.2911111111111111,450.0,0.3258785942492013,0.3128834355828221,0.34,450.0,0.7753705815279361,0.7962529274004684,0.7555555555555555,450.0,0.5181236673773987,0.4979508196721312,0.54,450.0,0.5180327868852459,0.5096774193548387,0.5266666666666666,450.0,0.45,0.4604651162790698,0.44,450.0,0.6718749999999999,0.6748878923766816,0.6688888888888889,450.0,0.5,0.5355329949238579,0.4688888888888889,450.0,0.5875706214689267,0.5977011494252874,0.5777777777777777,450.0,0.4335195530726257,0.43595505617977526,0.4311111111111111,450.0,0.5333333333333334,0.542528735632184,0.5244444444444445,450.0,0.47240618101545256,0.4692982456140351,0.47555555555555556,450.0,0.4212860310421286,0.42035398230088494,0.4222222222222222,450.0,0.5844444444444444,0.5844444444444444,0.5844444444444444,450.0
25,0.6621176600456238,0.7869762182235718,2.0971083641052246,0.4886666536331177,0.4886666666666667,0.4883315690058995,0.0003000000142492354,0.17864200000030905,42000.0,235107.08567933264,0.429035752979415,0.4186046511627907,0.44,450.0,0.684723726977248,0.6680761099365751,0.7022222222222222,450.0,0.43254817987152033,0.41735537190082644,0.4488888888888889,450.0,0.3510392609699769,0.36538461538461536,0.3377777777777778,450.0,0.2844638949671772,0.2801724137931034,0.28888888888888886,450.0,0.536741214057508,0.5153374233128835,0.56,450.0,0.2867132867132867,0.3014705882352941,0.2733333333333333,450.0,0.3293347873500545,0.3233404710920771,0.33555555555555555,450.0,0.7727272727272727,0.7906976744186046,0.7555555555555555,450.0,0.512035010940919,0.5043103448275862,0.52,450.0,0.5181236673773987,0.4979508196721312,0.54,450.0,0.44521337946943484,0.4628297362110312,0.4288888888888889,450.0,0.6696132596685084,0.6659340659340659,0.6733333333333333,450.0,0.4893111638954869,0.5255102040816326,0.4577777777777778,450.0,0.5799086757990868,0.596244131455399,0.5644444444444444,450.0,0.4327868852459017,0.4258064516129032,0.44,450.0,0.5334796926454445,0.527114967462039,0.54,450.0,0.47909604519774013,0.48735632183908045,0.4711111111111111,450.0,0.41202672605790647,0.41294642857142855,0.4111111111111111,450.0,0.587709497206704,0.5910112359550562,0.5844444444444444,450.0
26,0.6585190892219543,0.7879523634910583,2.106189012527466,0.4866666793823242,0.48666666666666664,0.48633414359452914,0.0003000000142492354,0.19142383400003382,42000.0,219408.41494164502,0.42790697674418604,0.44878048780487806,0.4088888888888889,450.0,0.6840958605664488,0.6709401709401709,0.6977777777777778,450.0,0.43318965517241376,0.4205020920502092,0.44666666666666666,450.0,0.34909909909909914,0.3538812785388128,0.34444444444444444,450.0,0.2805836139169472,0.2834467120181406,0.2777777777777778,450.0,0.5356371490280778,0.5210084033613446,0.5511111111111111,450.0,0.29086809470124014,0.2951945080091533,0.2866666666666667,450.0,0.3295336787564767,0.3087378640776699,0.35333333333333333,450.0,0.7706214689265536,0.7839080459770115,0.7577777777777778,450.0,0.5131004366812227,0.5042918454935622,0.5222222222222223,450.0,0.5177228786251342,0.501039501039501,0.5355555555555556,450.0,0.4501679731243001,0.45372460496614,0.44666666666666666,450.0,0.6703786191536748,0.671875,0.6688888888888889,450.0,0.4926220204313281,0.5034802784222738,0.4822222222222222,450.0,0.5761957730812013,0.576837416481069,0.5755555555555556,450.0,0.4288990825688074,0.4431279620853081,0.41555555555555557,450.0,0.5303030303030303,0.5168776371308017,0.5444444444444444,450.0,0.4752475247524752,0.47058823529411764,0.48,450.0,0.3833333333333333,0.4128205128205128,0.35777777777777775,450.0,0.5871766029246345,0.5945330296127562,0.58,450.0
27,0.6556251645088196,0.789476215839386,2.111314296722412,0.4883333444595337,0.4883333333333333,0.48803510808501,0.0003000000142492354,0.18146812499981024,42000.0,231445.60511684307,0.4334763948497854,0.4190871369294606,0.4488888888888889,450.0,0.6832432432432433,0.6652631578947369,0.7022222222222222,450.0,0.4369565217391304,0.4276595744680851,0.44666666666666666,450.0,0.3511269276393832,0.37659033078880405,0.3288888888888889,450.0,0.2810098792535675,0.27765726681127983,0.28444444444444444,450.0,0.5377969762419007,0.523109243697479,0.5533333333333333,450.0,0.2952710495963091,0.3069544364508393,0.28444444444444444,450.0,0.32563025210084034,0.30876494023904383,0.34444444444444444,450.0,0.7673098751418843,0.7842227378190255,0.7511111111111111,450.0,0.5139784946236559,0.4979166666666667,0.5311111111111111,450.0,0.5170212765957447,0.4959183673469388,0.54,450.0,0.4399524375743163,0.4731457800511509,0.4111111111111111,450.0,0.6652078774617067,0.6551724137931034,0.6755555555555556,450.0,0.49241540256709454,0.5184275184275184,0.4688888888888889,450.0,0.5757225433526012,0.6,0.5533333333333333,450.0,0.4358407079646017,0.43392070484581496,0.43777777777777777,450.0,0.5342163355408388,0.5307017543859649,0.5377777777777778,450.0,0.4722838137472284,0.47123893805309736,0.47333333333333333,450.0,0.4170403587443946,0.42081447963800905,0.41333333333333333,450.0,0.585201793721973,0.5904977375565611,0.58,450.0
28,0.6525014638900757,0.7901190519332886,2.1177375316619873,0.4869999885559082,0.4870000000000001,0.48693385845883086,0.0003000000142492354,0.18736699999999473,42000.0,224159.0034531224,0.4279661016949152,0.4089068825910931,0.4488888888888889,450.0,0.6802139037433156,0.6556701030927835,0.7066666666666667,450.0,0.4370290635091496,0.42379958246346555,0.45111111111111113,450.0,0.35227272727272724,0.36046511627906974,0.34444444444444444,450.0,0.27533039647577096,0.27292576419213976,0.2777777777777778,450.0,0.5434543454345434,0.5381263616557734,0.5488888888888889,450.0,0.28506271379703535,0.2927400468384075,0.2777777777777778,450.0,0.32085561497326204,0.30927835051546393,0.3333333333333333,450.0,0.7667804323094426,0.7855477855477856,0.7488888888888889,450.0,0.5087719298245613,0.5021645021645021,0.5155555555555555,450.0,0.518279569892473,0.5020833333333333,0.5355555555555556,450.0,0.44766146993318484,0.4486607142857143,0.44666666666666666,450.0,0.6652173913043479,0.6510638297872341,0.68,450.0,0.49880668257756555,0.538659793814433,0.46444444444444444,450.0,0.5822784810126582,0.60381861575179,0.5622222222222222,450.0,0.4347826086956522,0.436241610738255,0.43333333333333335,450.0,0.5257270693512305,0.5292792792792793,0.5222222222222223,450.0,0.4719101123595506,0.4772727272727273,0.4666666666666667,450.0,0.4121071012805587,0.43276283618581907,0.3933333333333333,450.0,0.5841694537346711,0.5861297539149888,0.5822222222222222,450.0
29,0.6500683426856995,0.7910000085830688,2.1257388591766357,0.4855555593967438,0.4855555555555555,0.4854999314597703,0.0003000000142492354,0.18504254099980244,42000.0,226974.83385750113,0.4264870931537598,0.4308390022675737,0.4222222222222222,450.0,0.6854054054054054,0.6673684210526316,0.7044444444444444,450.0,0.423982869379015,0.4090909090909091,0.44,450.0,0.34953703703703703,0.3647342995169082,0.33555555555555555,450.0,0.2760869565217391,0.2702127659574468,0.2822222222222222,450.0,0.5381263616557734,0.5277777777777778,0.5488888888888889,450.0,0.2921348314606741,0.29545454545454547,0.28888888888888886,450.0,0.32112068965517243,0.3117154811715481,0.33111111111111113,450.0,0.7666290868094702,0.7780320366132724,0.7555555555555555,450.0,0.5168067226890756,0.4900398406374502,0.5466666666666666,450.0,0.512273212379936,0.4928131416837782,0.5333333333333333,450.0,0.45,0.4604651162790698,0.44,450.0,0.6681465038845728,0.6674057649667405,0.6688888888888889,450.0,0.48914285714285716,0.5035294117647059,0.47555555555555556,450.0,0.5819014891179839,0.6004728132387707,0.5644444444444444,450.0,0.42212189616252815,0.4288990825688073,0.41555555555555557,450.0,0.5269978401727862,0.5126050420168067,0.5422222222222223,450.0,0.4730195177956372,0.48931116389548696,0.4577777777777778,450.0,0.40549828178694153,0.41843971631205673,0.3933333333333333,450.0,0.5845799769850403,0.6062052505966588,0.5644444444444444,450.0
30,0.6473071575164795,0.7913095355033875,2.13191556930542,0.48544445633888245,0.48544444444444446,0.4851175466351254,0.0003000000142492354,0.1815328339998814,42000.0,231363.10426370273,0.423841059602649,0.42105263157894735,0.4266666666666667,450.0,0.6824034334763949,0.6597510373443983,0.7066666666666667,450.0,0.43373493975903615,0.42764578833693306,0.44,450.0,0.3432657926102503,0.37017994858611825,0.32,450.0,0.27344632768361576,0.27816091954022987,0.2688888888888889,450.0,0.5357917570498916,0.5233050847457628,0.5488888888888889,450.0,0.28,0.28,0.28,450.0,0.32146709816612734,0.31236897274633124,0.33111111111111113,450.0,0.7694063926940639,0.7910798122065728,0.7488888888888889,450.0,0.5098039215686274,0.5,0.52,450.0,0.5139186295503212,0.49586776859504134,0.5333333333333333,450.0,0.44943820224719094,0.45454545454545453,0.4444444444444444,450.0,0.6673984632272228,0.6594360086767896,0.6755555555555556,450.0,0.48837209302325585,0.5121951219512195,0.4666666666666667,450.0,0.5773672055427251,0.6009615384615384,0.5555555555555556,450.0,0.4312026002166848,0.42071881606765327,0.44222222222222224,450.0,0.5241675617615467,0.5072765072765073,0.5422222222222223,450.0,0.4789356984478935,0.4778761061946903,0.48,450.0,0.4161979752530934,0.4214123006833713,0.4111111111111111,450.0,0.5821917808219177,0.5985915492957746,0.5666666666666667,450.0
31,0.6446729302406311,0.791857123374939,2.1375293731689453,0.4860000014305115,0.48599999999999993,0.48586778473626946,0.0003000000142492354,0.17897837500004243,42000.0,234665.2214268346,0.42684268426842686,0.4226579520697168,0.4311111111111111,450.0,0.6861471861471861,0.6687763713080169,0.7044444444444444,450.0,0.43032329988851725,0.4317673378076063,0.4288888888888889,450.0,0.3471444568868981,0.34988713318284426,0.34444444444444444,450.0,0.28295819935691324,0.2732919254658385,0.29333333333333333,450.0,0.5337552742616033,0.5080321285140562,0.5622222222222222,450.0,0.286046511627907,0.3,0.2733333333333333,450.0,0.31965442764578833,0.31092436974789917,0.3288888888888889,450.0,0.7708095781071835,0.7915690866510539,0.7511111111111111,450.0,0.509719222462203,0.4957983193277311,0.5244444444444445,450.0,0.5147679324894515,0.4899598393574297,0.5422222222222223,450.0,0.44568868980963045,0.4492099322799097,0.44222222222222224,450.0,0.6688668866886689,0.6623093681917211,0.6755555555555556,450.0,0.48899188876013905,0.5108958837772397,0.4688888888888889,450.0,0.5769669327251995,0.5925058548009368,0.5622222222222222,450.0,0.429050279329609,0.4314606741573034,0.4266666666666667,450.0,0.5254988913525499,0.5243362831858407,0.5266666666666666,450.0,0.47791619479048697,0.48729792147806006,0.4688888888888889,450.0,0.4079718640093787,0.4317617866004963,0.38666666666666666,450.0,0.588235294117647,0.5990783410138248,0.5777777777777777,450.0
32,0.6418623328208923,0.7928333282470703,2.142286777496338,0.4856666624546051,0.48566666666666664,0.4848293801277168,0.0003000000142492354,0.17661795899994104,42000.0,237801.4118032811,0.42825112107623325,0.4321266968325792,0.42444444444444446,450.0,0.6844919786096256,0.6597938144329897,0.7111111111111111,450.0,0.4301075268817204,0.4166666666666667,0.4444444444444444,450.0,0.3472222222222222,0.36231884057971014,0.3333333333333333,450.0,0.2744656917885264,0.27790432801822323,0.27111111111111114,450.0,0.5345911949685535,0.5059523809523809,0.5666666666666667,450.0,0.2844141069397042,0.2913752913752914,0.2777777777777778,450.0,0.3232758620689655,0.3138075313807531,0.3333333333333333,450.0,0.7666290868094702,0.7780320366132724,0.7555555555555555,450.0,0.5064102564102564,0.4876543209876543,0.5266666666666666,450.0,0.5189189189189188,0.5052631578947369,0.5333333333333333,450.0,0.4513966480446928,0.45393258426966293,0.4488888888888889,450.0,0.6681415929203539,0.6651982378854625,0.6711111111111111,450.0,0.4861751152073733,0.5047846889952153,0.4688888888888889,450.0,0.5752808988764045,0.5818181818181818,0.5688888888888889,450.0,0.4271412680756396,0.42761692650334077,0.4266666666666667,450.0,0.5277161862527717,0.5265486725663717,0.5288888888888889,450.0,0.4715083798882682,0.47415730337078654,0.4688888888888889,450.0,0.4014084507042254,0.4253731343283582,0.38,450.0,0.589041095890411,0.6056338028169014,0.5733333333333334,450.0
33,0.6392303109169006,0.7941190600395203,2.147996187210083,0.4875555634498596,0.4875555555555556,0.48785078978727603,0.0003000000142492354,0.18507450000015524,42000.0,226935.63943149796,0.4307692307692308,0.4260869565217391,0.43555555555555553,450.0,0.6884531590413945,0.6752136752136753,0.7022222222222222,450.0,0.4357541899441341,0.43820224719101125,0.43333333333333335,450.0,0.3537414965986394,0.3611111111111111,0.3466666666666667,450.0,0.2777777777777778,0.2777777777777778,0.2777777777777778,450.0,0.5384615384615384,0.5185185185185185,0.56,450.0,0.2869757174392936,0.2850877192982456,0.28888888888888886,450.0,0.3179255918827508,0.32265446224256294,0.31333333333333335,450.0,0.7750865051903114,0.8057553956834532,0.7466666666666667,450.0,0.5070118662351673,0.49266247379454925,0.5222222222222223,450.0,0.5160599571734474,0.49793388429752067,0.5355555555555556,450.0,0.4434589800443459,0.4424778761061947,0.4444444444444444,450.0,0.6674057649667405,0.665929203539823,0.6688888888888889,450.0,0.49406175771971494,0.5306122448979592,0.4622222222222222,450.0,0.5796105383734249,0.5981087470449172,0.5622222222222222,450.0,0.42669584245076586,0.4202586206896552,0.43333333333333335,450.0,0.5207877461706785,0.5129310344827587,0.5288888888888889,450.0,0.47801578354002255,0.4851258581235698,0.4711111111111111,450.0,0.4277958740499458,0.4182590233545648,0.43777777777777777,450.0,0.5911664779161949,0.6027713625866051,0.58,450.0
34,0.6373211741447449,0.7936428785324097,2.1537954807281494,0.4865555465221405,0.4865555555555556,0.48632713200903127,0.0003000000142492354,0.17705083400005606,42000.0,237220.00654335637,0.42744656917885265,0.4328018223234624,0.4222222222222222,450.0,0.685897435897436,0.6604938271604939,0.7133333333333334,450.0,0.4285714285714286,0.4177215189873418,0.44,450.0,0.351288056206089,0.3712871287128713,0.3333333333333333,450.0,0.2790202342917998,0.26789366053169733,0.2911111111111111,450.0,0.5331858407079646,0.5308370044052864,0.5355555555555556,450.0,0.29218573046432617,0.2979214780600462,0.2866666666666667,450.0,0.3224400871459695,0.3162393162393162,0.3288888888888889,450.0,0.7688838782412627,0.7803203661327232,0.7577777777777778,450.0,0.5097613882863341,0.4978813559322034,0.5222222222222223,450.0,0.5135135135135135,0.482421875,0.5488888888888889,450.0,0.4492099322799097,0.45642201834862384,0.44222222222222224,450.0,0.6732673267326733,0.6666666666666666,0.68,450.0,0.49126891734575084,0.5158924205378973,0.4688888888888889,450.0,0.5772727272727273,0.5906976744186047,0.5644444444444444,450.0,0.42224744608399545,0.43155452436194897,0.41333333333333333,450.0,0.5190839694656488,0.5096359743040685,0.5288888888888889,450.0,0.47565118912797283,0.48498845265588914,0.4666666666666667,450.0,0.41797752808988764,0.42272727272727273,0.41333333333333333,450.0,0.5883694412770809,0.6042154566744731,0.5733333333333334,450.0
35,0.634801983833313,0.7947142720222473,2.157749652862549,0.4869999885559082,0.487,0.4872170255228415,0.0003000000142492354,0.1774569999997766,42000.0,236677.05415989718,0.419501133786848,0.42824074074074076,0.4111111111111111,450.0,0.691304347826087,0.676595744680851,0.7066666666666667,450.0,0.43184296619411117,0.42398286937901497,0.44,450.0,0.3511627906976745,0.36829268292682926,0.33555555555555555,450.0,0.27322404371584696,0.26881720430107525,0.2777777777777778,450.0,0.5358324145534731,0.5317286652078774,0.54,450.0,0.28861330326944756,0.2929061784897025,0.28444444444444444,450.0,0.3269230769230769,0.3148148148148148,0.34,450.0,0.7699316628701594,0.7897196261682243,0.7511111111111111,450.0,0.5144076840981857,0.4948665297741273,0.5355555555555556,450.0,0.5155746509129968,0.498960498960499,0.5333333333333333,450.0,0.4481236203090508,0.4451754385964912,0.45111111111111113,450.0,0.6674132138857783,0.672686230248307,0.6622222222222223,450.0,0.49237983587338807,0.5210918114143921,0.4666666666666667,450.0,0.5821064552661381,0.5935334872979214,0.5711111111111111,450.0,0.4299889746416759,0.42669584245076586,0.43333333333333335,450.0,0.5240761478163494,0.5282167042889391,0.52,450.0,0.47619047619047616,0.4746136865342163,0.4777777777777778,450.0,0.4175084175084175,0.4217687074829932,0.41333333333333333,450.0,0.5882352941176471,0.5875831485587583,0.5888888888888889,450.0
36,0.6324802041053772,0.7957857251167297,2.15987229347229,0.4869999885559082,0.4870000000000001,0.4869357783100403,0.0003000000142492354,0.1742789170002652,42000.0,240993.00548175938,0.4312896405919662,0.4112903225806452,0.4533333333333333,450.0,0.6910656620021529,0.6701461377870563,0.7133333333333334,450.0,0.4270613107822411,0.40725806451612906,0.4488888888888889,450.0,0.34285714285714286,0.35294117647058826,0.3333333333333333,450.0,0.2795941375422773,0.2837528604118993,0.27555555555555555,450.0,0.5359477124183005,0.5256410256410257,0.5466666666666666,450.0,0.2793946449359721,0.293398533007335,0.26666666666666666,450.0,0.3230605738575983,0.3095723014256619,0.3377777777777778,450.0,0.7702857142857144,0.7929411764705883,0.7488888888888889,450.0,0.5093304061470911,0.5032537960954447,0.5155555555555555,450.0,0.5193965517241379,0.50418410041841,0.5355555555555556,450.0,0.44547563805104406,0.46601941747572817,0.4266666666666667,450.0,0.6666666666666666,0.6559139784946236,0.6777777777777778,450.0,0.4929245283018868,0.5251256281407035,0.46444444444444444,450.0,0.5790080738177624,0.6019184652278178,0.5577777777777778,450.0,0.4314159292035398,0.42951541850220265,0.43333333333333335,450.0,0.5252525252525252,0.5306122448979592,0.52,450.0,0.47385984427141264,0.47438752783964366,0.47333333333333333,450.0,0.42139737991266374,0.41416309012875535,0.4288888888888889,450.0,0.5934314835787089,0.605080831408776,0.5822222222222222,450.0
37,0.6303470730781555,0.7963809370994568,2.1678974628448486,0.48622220754623413,0.4862222222222222,0.4850585851055702,0.0003000000142492354,0.186915708000015,42000.0,224700.21620653,0.4254835039817975,0.4358974358974359,0.41555555555555557,450.0,0.6866952789699571,0.6639004149377593,0.7111111111111111,450.0,0.42672413793103453,0.41422594142259417,0.44,450.0,0.3524027459954233,0.3632075471698113,0.3422222222222222,450.0,0.2725274725274725,0.26956521739130435,0.27555555555555555,450.0,0.5363247863247863,0.5164609053497943,0.5577777777777778,450.0,0.2823529411764706,0.3,0.26666666666666666,450.0,0.3209606986899563,0.315450643776824,0.32666666666666666,450.0,0.7676767676767676,0.7755102040816326,0.76,450.0,0.5118279569892473,0.49583333333333335,0.5288888888888889,450.0,0.5209903121636167,0.5052192066805845,0.5377777777777778,450.0,0.4484304932735426,0.45248868778280543,0.4444444444444444,450.0,0.6623376623376623,0.6455696202531646,0.68,450.0,0.4884792626728111,0.507177033492823,0.4711111111111111,450.0,0.5759637188208616,0.5879629629629629,0.5644444444444444,450.0,0.4318181818181818,0.4418604651162791,0.4222222222222222,450.0,0.5185185185185185,0.5085470085470085,0.5288888888888889,450.0,0.47520184544405997,0.4940047961630695,0.4577777777777778,450.0,0.4084821428571429,0.4103139013452915,0.4066666666666667,450.0,0.5879732739420936,0.5892857142857143,0.5866666666666667,450.0
38,0.6281337141990662,0.796999990940094,2.173114061355591,0.48500001430511475,0.48500000000000015,0.4848466249833754,0.0003000000142492354,0.17409383299991532,42000.0,241249.2118547383,0.4214046822742475,0.4228187919463087,0.42,450.0,0.6888412017167382,0.6659751037344398,0.7133333333333334,450.0,0.4366812227074236,0.4291845493562232,0.4444444444444444,450.0,0.34994462901439644,0.3487858719646799,0.3511111111111111,450.0,0.2717149220489978,0.27232142857142855,0.27111111111111114,450.0,0.5343347639484979,0.516597510373444,0.5533333333333333,450.0,0.28184892897406993,0.28604118993135014,0.2777777777777778,450.0,0.31646932185145316,0.3068893528183716,0.32666666666666666,450.0,0.771850170261067,0.7888631090487239,0.7555555555555555,450.0,0.5082146768893756,0.5010799136069114,0.5155555555555555,450.0,0.511578947368421,0.486,0.54,450.0,0.44644870349492666,0.45308924485125857,0.44,450.0,0.6695842450765864,0.6594827586206896,0.68,450.0,0.4878612716763006,0.5084337349397591,0.4688888888888889,450.0,0.5720823798627002,0.589622641509434,0.5555555555555556,450.0,0.42888402625820565,0.4224137931034483,0.43555555555555553,450.0,0.5240274599542334,0.5400943396226415,0.5088888888888888,450.0,0.47855530474040636,0.48623853211009177,0.4711111111111111,450.0,0.40559440559440557,0.4264705882352941,0.38666666666666666,450.0,0.5910112359550561,0.5977272727272728,0.5844444444444444,450.0
39,0.6261228322982788,0.7977856993675232,2.1773428916931152,0.48633334040641785,0.4863333333333334,0.48632747688598926,0.0003000000142492354,0.18633391599996685,42000.0,225401.799638062,0.41997729852440413,0.42923433874709976,0.4111111111111111,450.0,0.6837060702875399,0.656441717791411,0.7133333333333334,450.0,0.43736263736263736,0.4326086956521739,0.44222222222222224,450.0,0.34902411021814,0.36104513064133015,0.3377777777777778,450.0,0.2814178302900107,0.27234927234927236,0.2911111111111111,450.0,0.5331928345626975,0.5070140280561122,0.5622222222222222,450.0,0.27954545454545454,0.28604651162790695,0.2733333333333333,450.0,0.3191489361702127,0.30612244897959184,0.3333333333333333,450.0,0.7702857142857144,0.7929411764705883,0.7488888888888889,450.0,0.5176470588235295,0.49896907216494846,0.5377777777777778,450.0,0.521551724137931,0.5062761506276151,0.5377777777777778,450.0,0.4469525959367946,0.4541284403669725,0.44,450.0,0.6718232044198895,0.6681318681318681,0.6755555555555556,450.0,0.4942263279445728,0.5144230769230769,0.47555555555555556,450.0,0.5727482678983833,0.5961538461538461,0.5511111111111111,450.0,0.43063263041065486,0.43015521064301554,0.4311111111111111,450.0,0.5169769989047097,0.509719222462203,0.5244444444444445,450.0,0.4803591470258137,0.4852607709750567,0.47555555555555556,450.0,0.41025641025641024,0.43137254901960786,0.39111111111111113,450.0,0.5897142857142857,0.6070588235294118,0.5733333333333334,450.0
40,0.6239902377128601,0.7978571653366089,2.182377576828003,0.48533332347869873,0.48533333333333334,0.4858733352750404,0.0003000000142492354,0.17755875000011656,42000.0,236541.42642912516,0.4203389830508475,0.42758620689655175,0.41333333333333333,450.0,0.6898047722342733,0.673728813559322,0.7066666666666667,450.0,0.43373493975903615,0.42764578833693306,0.44,450.0,0.3465458663646659,0.3533487297921478,0.34,450.0,0.27505330490405117,0.26434426229508196,0.2866666666666667,450.0,0.5375408052230686,0.5266524520255863,0.5488888888888889,450.0,0.28473804100227795,0.29205607476635514,0.2777777777777778,450.0,0.31822971548998946,0.3026052104208417,0.33555555555555555,450.0,0.7736063708759955,0.7925407925407926,0.7555555555555555,450.0,0.5140997830802603,0.5021186440677966,0.5266666666666666,450.0,0.5105042016806722,0.48406374501992033,0.54,450.0,0.4486187845303867,0.4461538461538462,0.45111111111111113,450.0,0.6681514476614699,0.6696428571428571,0.6666666666666666,450.0,0.4940898345153664,0.5277777777777778,0.46444444444444444,450.0,0.5810055865921788,0.5842696629213483,0.5777777777777777,450.0,0.42873176206509533,0.4331065759637188,0.42444444444444446,450.0,0.5212527964205816,0.5247747747747747,0.5177777777777778,450.0,0.47855530474040636,0.48623853211009177,0.4711111111111111,450.0,0.40503432494279173,0.41745283018867924,0.3933333333333333,450.0,0.5878300803673938,0.6080760095011877,0.5688888888888889,450.0
41,0.6218586564064026,0.7990714311599731,2.1890175342559814,0.48444443941116333,0.4844444444444445,0.4844894413560903,0.0003000000142492354,0.18885304100012945,42000.0,222395.1479816055,0.41884816753926707,0.39603960396039606,0.4444444444444444,450.0,0.6839826839826839,0.6666666666666666,0.7022222222222222,450.0,0.42825112107623325,0.4321266968325792,0.42444444444444446,450.0,0.34660421545667447,0.36633663366336633,0.3288888888888889,450.0,0.27870680044593094,0.2796420581655481,0.2777777777777778,450.0,0.535059331175836,0.519916142557652,0.5511111111111111,450.0,0.2866741321388578,0.28893905191873587,0.28444444444444444,450.0,0.3168103448275862,0.3075313807531381,0.32666666666666666,450.0,0.7727272727272727,0.7906976744186046,0.7555555555555555,450.0,0.5116279069767442,0.5099337748344371,0.5133333333333333,450.0,0.5161290322580646,0.5,0.5333333333333333,450.0,0.43859649122807015,0.4329004329004329,0.4444444444444444,450.0,0.6644591611479029,0.6600877192982456,0.6688888888888889,450.0,0.48998822143698467,0.5213032581453634,0.4622222222222222,450.0,0.5734104046242775,0.5975903614457831,0.5511111111111111,450.0,0.43421052631578944,0.42857142857142855,0.44,450.0,0.516629711751663,0.5154867256637168,0.5177777777777778,450.0,0.4736842105263158,0.4882075471698113,0.46,450.0,0.41071428571428575,0.4125560538116592,0.4088888888888889,450.0,0.5926748057713651,0.5920177383592018,0.5933333333333334,450.0
42,0.6199277639389038,0.7990952134132385,2.1895761489868164,0.4855555593967438,0.4855555555555555,0.4855301470600765,0.0003000000142492354,0.17752599999994345,42000.0,236585.06359639365,0.42633928571428575,0.4282511210762332,0.42444444444444446,450.0,0.6927252985884909,0.6772823779193206,0.7088888888888889,450.0,0.42887931034482757,0.41631799163179917,0.44222222222222224,450.0,0.3505154639175258,0.3617021276595745,0.34,450.0,0.27814569536423844,0.27631578947368424,0.28,450.0,0.5334796926454445,0.527114967462039,0.54,450.0,0.27790432801822323,0.2850467289719626,0.27111111111111114,450.0,0.3180362860192102,0.3059548254620123,0.33111111111111113,450.0,0.7749999999999999,0.7930232558139535,0.7577777777777778,450.0,0.5101822079314041,0.4927536231884058,0.5288888888888889,450.0,0.5138004246284501,0.491869918699187,0.5377777777777778,450.0,0.44369369369369366,0.4497716894977169,0.43777777777777777,450.0,0.6629955947136563,0.6572052401746725,0.6688888888888889,450.0,0.49588719153936545,0.5261845386533666,0.4688888888888889,450.0,0.5755879059350504,0.5801354401805869,0.5711111111111111,450.0,0.429050279329609,0.4314606741573034,0.4266666666666667,450.0,0.5154185022026432,0.5109170305676856,0.52,450.0,0.47597765363128497,0.4786516853932584,0.47333333333333333,450.0,0.41269841269841273,0.4212962962962963,0.40444444444444444,450.0,0.5942857142857143,0.611764705882353,0.5777777777777777,450.0
43,0.6176954507827759,0.8008571267127991,2.1962573528289795,0.4838888943195343,0.4838888888888889,0.483978638789097,0.0003000000142492354,0.17430545900015204,42000.0,240956.30877494987,0.4228187919463087,0.42567567567567566,0.42,450.0,0.6881028938906754,0.6645962732919255,0.7133333333333334,450.0,0.4284199363732768,0.40973630831643004,0.4488888888888889,450.0,0.3475258918296893,0.360381861575179,0.33555555555555555,450.0,0.278372591006424,0.26859504132231404,0.28888888888888886,450.0,0.536741214057508,0.5153374233128835,0.56,450.0,0.2776523702031602,0.28211009174311924,0.2733333333333333,450.0,0.3133047210300429,0.3029045643153527,0.3244444444444444,450.0,0.7685393258426966,0.7772727272727272,0.76,450.0,0.5081081081081081,0.49473684210526314,0.5222222222222223,450.0,0.5205183585313176,0.5063025210084033,0.5355555555555556,450.0,0.4466446644664467,0.4422657952069717,0.45111111111111113,450.0,0.6644295302013423,0.668918918918919,0.66,450.0,0.4916467780429595,0.5309278350515464,0.4577777777777778,450.0,0.5779294653014789,0.5920745920745921,0.5644444444444444,450.0,0.4285714285714286,0.4304932735426009,0.4266666666666667,450.0,0.5132743362831858,0.5110132158590308,0.5155555555555555,450.0,0.47845804988662133,0.48842592592592593,0.4688888888888889,450.0,0.4047058823529412,0.43,0.38222222222222224,450.0,0.5838084378563284,0.5995316159250585,0.5688888888888889,450.0
44,0.6158748269081116,0.8005238175392151,2.1985580921173096,0.48366665840148926,0.4836666666666666,0.48352810882355257,0.0003000000142492354,0.19243762499991135,42000.0,218252.53767302184,0.42749731471535984,0.41372141372141374,0.44222222222222224,450.0,0.692223439211391,0.6825053995680346,0.7022222222222222,450.0,0.42751322751322757,0.4080808080808081,0.4488888888888889,450.0,0.3466666666666667,0.3466666666666667,0.3466666666666667,450.0,0.27428571428571424,0.2823529411764706,0.26666666666666666,450.0,0.5318681318681319,0.5260869565217391,0.5377777777777778,450.0,0.2730455075845974,0.28746928746928746,0.26,450.0,0.31822971548998946,0.3026052104208417,0.33555555555555555,450.0,0.7706214689265536,0.7839080459770115,0.7577777777777778,450.0,0.5129310344827586,0.497907949790795,0.5288888888888889,450.0,0.5217391304347825,0.5106382978723404,0.5333333333333333,450.0,0.4414414414414414,0.4474885844748858,0.43555555555555553,450.0,0.6644518272425249,0.6622516556291391,0.6666666666666666,450.0,0.49368541905855345,0.5106888361045131,0.4777777777777778,450.0,0.564277588168373,0.578088578088578,0.5511111111111111,450.0,0.42524916943521596,0.423841059602649,0.4266666666666667,450.0,0.5143487858719646,0.5109649122807017,0.5177777777777778,450.0,0.47629796839729116,0.48394495412844035,0.4688888888888889,450.0,0.40369088811995385,0.4196642685851319,0.3888888888888889,450.0,0.5904977375565611,0.6013824884792627,0.58,450.0
45,0.6140215396881104,0.8010952472686768,2.2033629417419434,0.48411110043525696,0.4841111111111111,0.4838701027963368,0.0003000000142492354,0.18895937499974025,42000.0,222269.9985118904,0.4222222222222222,0.4222222222222222,0.4222222222222222,450.0,0.6873661670235546,0.6632231404958677,0.7133333333333334,450.0,0.42443729903536975,0.40993788819875776,0.44,450.0,0.3576309794988611,0.36682242990654207,0.3488888888888889,450.0,0.2778947368421053,0.264,0.29333333333333333,450.0,0.535059331175836,0.519916142557652,0.5511111111111111,450.0,0.271264367816092,0.28095238095238095,0.26222222222222225,450.0,0.31412429378531076,0.3195402298850575,0.3088888888888889,450.0,0.7697516930022574,0.7821100917431193,0.7577777777777778,450.0,0.5081081081081081,0.49473684210526314,0.5222222222222223,450.0,0.5188374596340151,0.5031315240083507,0.5355555555555556,450.0,0.4488888888888889,0.4488888888888889,0.4488888888888889,450.0,0.6651933701657459,0.6615384615384615,0.6688888888888889,450.0,0.4901277584204414,0.51338199513382,0.4688888888888889,450.0,0.5714285714285714,0.5833333333333334,0.56,450.0,0.42524916943521596,0.423841059602649,0.4266666666666667,450.0,0.5149171270718231,0.512087912087912,0.5177777777777778,450.0,0.47508690614136734,0.4963680387409201,0.45555555555555555,450.0,0.4177071509648127,0.42691415313225056,0.4088888888888889,450.0,0.5821064552661381,0.5935334872979214,0.5711111111111111,450.0
46,0.6123590469360352,0.8020714521408081,2.206730842590332,0.4856666624546051,0.48566666666666664,0.4857287324127058,0.0003000000142492354,0.19119662499997503,42000.0,219669.14949469158,0.4217252396166134,0.4049079754601227,0.44,450.0,0.6891304347826088,0.674468085106383,0.7044444444444444,450.0,0.43057050592034446,0.4175365344467641,0.4444444444444444,450.0,0.36047774158523344,0.3524416135881104,0.3688888888888889,450.0,0.2745995423340961,0.2830188679245283,0.26666666666666666,450.0,0.5407725321888414,0.5228215767634855,0.56,450.0,0.2774049217002237,0.27927927927927926,0.27555555555555555,450.0,0.31511254019292606,0.30434782608695654,0.32666666666666666,450.0,0.7694038245219348,0.7790432801822323,0.76,450.0,0.512486427795874,0.5010615711252654,0.5244444444444445,450.0,0.5189189189189188,0.5052631578947369,0.5333333333333333,450.0,0.4399092970521542,0.44907407407407407,0.4311111111111111,450.0,0.6681318681318681,0.6608695652173913,0.6755555555555556,450.0,0.49417249417249415,0.5196078431372549,0.4711111111111111,450.0,0.57307249712313,0.594272076372315,0.5533333333333333,450.0,0.4367567567567568,0.42526315789473684,0.4488888888888889,450.0,0.5277777777777779,0.5507246376811594,0.5066666666666667,450.0,0.4724770642201835,0.4881516587677725,0.4577777777777778,450.0,0.40423031727379555,0.428927680798005,0.38222222222222224,450.0,0.5874439461883407,0.5927601809954751,0.5822222222222222,450.0
47,0.6103959679603577,0.802309513092041,2.2130539417266846,0.484333336353302,0.4843333333333334,0.4845847610398197,0.0003000000142492354,0.18250170800001797,42000.0,230134.83249151765,0.42459396751740147,0.4441747572815534,0.4066666666666667,450.0,0.6900328587075574,0.6803455723542117,0.7,450.0,0.4318936877076412,0.4304635761589404,0.43333333333333335,450.0,0.3548022598870057,0.36091954022988504,0.3488888888888889,450.0,0.2722400857449088,0.2629399585921325,0.2822222222222222,450.0,0.5321701199563795,0.5224839400428265,0.5422222222222223,450.0,0.2802259887005649,0.2850574712643678,0.27555555555555555,450.0,0.31635969664138675,0.3086680761099366,0.3244444444444444,450.0,0.7702702702702703,0.7808219178082192,0.76,450.0,0.5136017410228509,0.5031982942430704,0.5244444444444445,450.0,0.510948905109489,0.481335952848723,0.5444444444444444,450.0,0.4483906770255272,0.44789356984478934,0.4488888888888889,450.0,0.6666666666666667,0.668903803131991,0.6644444444444444,450.0,0.4930875576036866,0.5119617224880383,0.47555555555555556,450.0,0.5707762557077626,0.5868544600938967,0.5555555555555556,450.0,0.42663656884875845,0.4334862385321101,0.42,450.0,0.5185185185185185,0.5238095238095238,0.5133333333333333,450.0,0.4785949506037321,0.47288503253796094,0.48444444444444446,450.0,0.40761478163493836,0.4108352144469526,0.40444444444444444,450.0,0.5842696629213482,0.5909090909090909,0.5777777777777777,450.0
48,0.608781635761261,0.8033333420753479,2.2166595458984375,0.4838888943195343,0.4838888888888889,0.48341573878178823,0.0003000000142492354,0.18625916600012715,42000.0,225492.25845868615,0.42329227323628216,0.42663656884875845,0.42,450.0,0.6822529224229543,0.6537678207739308,0.7133333333333334,450.0,0.4379232505643341,0.44495412844036697,0.4311111111111111,450.0,0.3557046979865772,0.3581081081081081,0.35333333333333333,450.0,0.27149321266968324,0.2764976958525346,0.26666666666666666,450.0,0.5347826086956522,0.5234042553191489,0.5466666666666666,450.0,0.2831661092530658,0.2841163310961969,0.2822222222222222,450.0,0.3157894736842105,0.3,0.3333333333333333,450.0,0.7694038245219348,0.7790432801822323,0.76,450.0,0.510822510822511,0.4978902953586498,0.5244444444444445,450.0,0.5185972369819342,0.4969450101832994,0.5422222222222223,450.0,0.44493392070484583,0.4410480349344978,0.4488888888888889,450.0,0.663716814159292,0.6607929515418502,0.6666666666666666,450.0,0.48519362186788156,0.4976635514018692,0.47333333333333333,450.0,0.5660377358490566,0.565410199556541,0.5666666666666667,450.0,0.42775881683731515,0.4382284382284382,0.4177777777777778,450.0,0.5238095238095237,0.5347222222222222,0.5133333333333333,450.0,0.46950517836593786,0.48687350835322196,0.4533333333333333,450.0,0.40276179516685845,0.41766109785202865,0.3888888888888889,450.0,0.5813692480359147,0.5873015873015873,0.5755555555555556,450.0
49,0.6066628098487854,0.8026190400123596,2.21989107131958,0.4852222204208374,0.4852222222222221,0.4854804122726241,0.0003000000142492354,0.18835279199993238,42000.0,222985.81058471955,0.42411194833153926,0.4112734864300626,0.43777777777777777,450.0,0.6882416396979504,0.6687631027253669,0.7088888888888889,450.0,0.4314994606256742,0.4192872117400419,0.4444444444444444,450.0,0.3548387096774193,0.3684210526315789,0.3422222222222222,450.0,0.2682080924855491,0.27951807228915665,0.2577777777777778,450.0,0.5421558164354322,0.5215605749486653,0.5644444444444444,450.0,0.2838137472283814,0.2831858407079646,0.28444444444444444,450.0,0.31865828092243187,0.30158730158730157,0.3377777777777778,450.0,0.7713310580204777,0.7902097902097902,0.7533333333333333,450.0,0.5145945945945946,0.5010526315789474,0.5288888888888889,450.0,0.5183585313174947,0.5042016806722689,0.5333333333333333,450.0,0.4394618834080718,0.4434389140271493,0.43555555555555553,450.0,0.6651785714285716,0.6681614349775785,0.6622222222222223,450.0,0.4921968787515006,0.5352480417754569,0.45555555555555555,450.0,0.5734104046242775,0.5975903614457831,0.5511111111111111,450.0,0.4350649350649351,0.4240506329113924,0.44666666666666666,450.0,0.510022271714922,0.5111607142857143,0.5088888888888888,450.0,0.47791619479048697,0.48729792147806006,0.4688888888888889,450.0,0.40761478163493836,0.4108352144469526,0.40444444444444444,450.0,0.5929304446978335,0.6088992974238876,0.5777777777777777,450.0
50,0.6048046946525574,0.8041190505027771,2.226832866668701,0.48311111330986023,0.48311111111111116,0.48344148926942976,0.0003000000142492354,0.19089166599997043,42000.0,220020.08196631543,0.4212910532276331,0.4295612009237875,0.41333333333333333,450.0,0.6867599569429494,0.6659707724425887,0.7088888888888889,450.0,0.42872228088701164,0.4084507042253521,0.45111111111111113,450.0,0.35267349260523323,0.3613053613053613,0.34444444444444444,450.0,0.2751895991332611,0.26849894291754756,0.2822222222222222,450.0,0.5354838709677419,0.51875,0.5533333333333333,450.0,0.28205128205128205,0.2716049382716049,0.29333333333333333,450.0,0.31091510474090406,0.3085339168490153,0.31333333333333335,450.0,0.7706214689265536,0.7839080459770115,0.7577777777777778,450.0,0.5152173913043478,0.5042553191489362,0.5266666666666666,450.0,0.5216450216450216,0.5084388185654009,0.5355555555555556,450.0,0.4444444444444444,0.4444444444444444,0.4444444444444444,450.0,0.6637069922308545,0.6629711751662971,0.6644444444444444,450.0,0.48729792147806006,0.5072115384615384,0.4688888888888889,450.0,0.5694760820045559,0.5841121495327103,0.5555555555555556,450.0,0.42586399108138245,0.4272930648769575,0.42444444444444446,450.0,0.5169300225733635,0.5252293577981652,0.5088888888888888,450.0,0.4705882352941176,0.4792626728110599,0.4622222222222222,450.0,0.4023809523809524,0.43333333333333335,0.37555555555555553,450.0,0.5875706214689267,0.5977011494252874,0.5777777777777777,450.0
51,0.6030884981155396,0.8046428561210632,2.2286558151245117,0.48266667127609253,0.48266666666666663,0.48276926743487414,0.0003000000142492354,0.1880704169998353,42000.0,223320.60868476078,0.4189636163175303,0.41575492341356673,0.4222222222222222,450.0,0.6808964781216649,0.6550308008213552,0.7088888888888889,450.0,0.4343220338983051,0.4149797570850202,0.45555555555555555,450.0,0.3565022421524664,0.3597285067873303,0.35333333333333333,450.0,0.27912087912087913,0.27608695652173915,0.2822222222222222,450.0,0.5427027027027026,0.5284210526315789,0.5577777777777778,450.0,0.27344632768361576,0.27816091954022987,0.2688888888888889,450.0,0.31567796610169496,0.3016194331983806,0.33111111111111113,450.0,0.771850170261067,0.7888631090487239,0.7555555555555555,450.0,0.5071350164654227,0.5010845986984815,0.5133333333333333,450.0,0.5184381778741866,0.5063559322033898,0.5311111111111111,450.0,0.4396082698585419,0.43070362473347545,0.4488888888888889,450.0,0.6601731601731602,0.6434599156118144,0.6777777777777778,450.0,0.4841363102232667,0.513715710723192,0.4577777777777778,450.0,0.5664739884393063,0.5903614457831325,0.5444444444444444,450.0,0.42795698924731185,0.41458333333333336,0.44222222222222224,450.0,0.5204545454545454,0.5325581395348837,0.5088888888888888,450.0,0.4744608399545971,0.48491879350348027,0.46444444444444444,450.0,0.3932038834951456,0.43315508021390375,0.36,450.0,0.5898617511520737,0.6124401913875598,0.5688888888888889,450.0
52,0.6014779806137085,0.805404782295227,2.232511281967163,0.4825555682182312,0.4825555555555555,0.48301482203138846,0.0003000000142492354,0.1780283339999187,42000.0,235917.50288478902,0.4131147540983607,0.4064516129032258,0.42,450.0,0.6838156484458735,0.660455486542443,0.7088888888888889,450.0,0.4312026002166848,0.42071881606765327,0.44222222222222224,450.0,0.35039817974971554,0.358974358974359,0.3422222222222222,450.0,0.28184892897406993,0.28604118993135014,0.2777777777777778,450.0,0.5337690631808278,0.5235042735042735,0.5444444444444444,450.0,0.28,0.28,0.28,450.0,0.31974921630094044,0.30177514792899407,0.34,450.0,0.7688838782412627,0.7803203661327232,0.7577777777777778,450.0,0.5099778270509978,0.5088495575221239,0.5111111111111111,450.0,0.5150214592274679,0.4979253112033195,0.5333333333333333,450.0,0.4417582417582418,0.4369565217391304,0.44666666666666666,450.0,0.6644295302013423,0.668918918918919,0.66,450.0,0.4878048780487805,0.5109489051094891,0.4666666666666667,450.0,0.5743473325766175,0.5870069605568445,0.5622222222222222,450.0,0.4262295081967213,0.41935483870967744,0.43333333333333335,450.0,0.5151175811870101,0.5191873589164786,0.5111111111111111,450.0,0.47392290249433106,0.4837962962962963,0.46444444444444444,450.0,0.40410958904109584,0.4154929577464789,0.3933333333333333,450.0,0.584795321637427,0.6172839506172839,0.5555555555555556,450.0
53,0.5997124910354614,0.806857168674469,2.2376949787139893,0.48277777433395386,0.48277777777777775,0.4829722516794631,0.0003000000142492354,0.18162337499961723,42000.0,231247.7675304102,0.4181818181818182,0.42790697674418604,0.4088888888888889,450.0,0.6823529411764706,0.6577319587628866,0.7088888888888889,450.0,0.43290043290043295,0.4219409282700422,0.4444444444444444,450.0,0.3569794050343249,0.36792452830188677,0.3466666666666667,450.0,0.2757871878393051,0.26963906581740976,0.2822222222222222,450.0,0.5331882480957563,0.5223880597014925,0.5444444444444444,450.0,0.2847682119205298,0.28289473684210525,0.2866666666666667,450.0,0.31837606837606836,0.3065843621399177,0.33111111111111113,450.0,0.7741203178206583,0.7911832946635731,0.7577777777777778,450.0,0.5113759479956663,0.4989429175475687,0.5244444444444445,450.0,0.515311510031679,0.4909456740442656,0.5422222222222223,450.0,0.44295302013422816,0.44594594594594594,0.44,450.0,0.6652030735455544,0.6572668112798264,0.6733333333333333,450.0,0.488135593220339,0.496551724137931,0.48,450.0,0.5651672433679353,0.5875299760191847,0.5444444444444444,450.0,0.4228187919463087,0.42567567567567566,0.42,450.0,0.5205784204671857,0.5211581291759465,0.52,450.0,0.4694104560622914,0.46993318485523383,0.4688888888888889,450.0,0.4014167650531287,0.4282115869017632,0.37777777777777777,450.0,0.5804195804195804,0.6102941176470589,0.5533333333333333,450.0
54,0.5976846814155579,0.8069999814033508,2.2406585216522217,0.48355555534362793,0.4835555555555556,0.4835008618225506,0.0003000000142492354,0.1880329159998837,42000.0,223365.14740869083,0.4217536071032187,0.4212860310421286,0.4222222222222222,450.0,0.6751054852320675,0.642570281124498,0.7111111111111111,450.0,0.4252136752136752,0.4094650205761317,0.44222222222222224,450.0,0.36069364161849704,0.3759036144578313,0.3466666666666667,450.0,0.2662037037037037,0.2777777777777778,0.25555555555555554,450.0,0.5334773218142549,0.5189075630252101,0.5488888888888889,450.0,0.27760252365930604,0.2634730538922156,0.29333333333333333,450.0,0.3132803632236095,0.32018561484918795,0.30666666666666664,450.0,0.7704545454545455,0.7883720930232558,0.7533333333333333,450.0,0.5198711063372718,0.5031185031185031,0.5377777777777778,450.0,0.5256270447110142,0.5160599571734475,0.5355555555555556,450.0,0.44245810055865925,0.4449438202247191,0.44,450.0,0.6644444444444444,0.6644444444444444,0.6644444444444444,450.0,0.48853211009174313,0.504739336492891,0.47333333333333333,450.0,0.567816091954023,0.5880952380952381,0.5488888888888889,450.0,0.4249726177437021,0.4190064794816415,0.4311111111111111,450.0,0.5227272727272726,0.5348837209302325,0.5111111111111111,450.0,0.47231638418079097,0.4804597701149425,0.46444444444444444,450.0,0.41221374045801523,0.40471092077087795,0.42,450.0,0.5852534562211982,0.6076555023923444,0.5644444444444444,450.0
55,0.596032440662384,0.8070714473724365,2.2442333698272705,0.48322221636772156,0.48322222222222216,0.4832345740020636,0.0003000000142492354,0.1876075000000128,42000.0,223871.64692241585,0.4202586206896552,0.40794979079497906,0.43333333333333335,450.0,0.6787234042553192,0.6510204081632653,0.7088888888888889,450.0,0.4291938997821351,0.42094017094017094,0.43777777777777777,450.0,0.3541430192962543,0.3619489559164733,0.3466666666666667,450.0,0.27746947835738067,0.2771618625277162,0.2777777777777778,450.0,0.5380493033226152,0.5196687370600414,0.5577777777777778,450.0,0.27647714604236345,0.27740492170022374,0.27555555555555555,450.0,0.3154506437768241,0.3049792531120332,0.32666666666666666,450.0,0.771850170261067,0.7888631090487239,0.7555555555555555,450.0,0.514161220043573,0.5042735042735043,0.5244444444444445,450.0,0.5244831338411317,0.5138592750533049,0.5355555555555556,450.0,0.43826473859844267,0.43875278396436523,0.43777777777777777,450.0,0.6593406593406593,0.6521739130434783,0.6666666666666666,450.0,0.4873563218390805,0.5047619047619047,0.4711111111111111,450.0,0.5648679678530425,0.5843230403800475,0.5466666666666666,450.0,0.421875,0.42376681614349776,0.42,450.0,0.5203619909502262,0.5299539170506913,0.5111111111111111,450.0,0.47457627118644075,0.4827586206896552,0.4666666666666667,450.0,0.4041811846689895,0.4233576642335766,0.38666666666666666,450.0,0.5936073059360729,0.6103286384976526,0.5777777777777777,450.0
56,0.5942608714103699,0.8061428666114807,2.2491579055786133,0.48588889837265015,0.485888888888889,0.4860892011712569,0.0003000000142492354,0.17604854199998954,42000.0,238570.5642481407,0.4233409610983982,0.4363207547169811,0.4111111111111111,450.0,0.6913849509269356,0.6788008565310493,0.7044444444444444,450.0,0.4346871569703622,0.42950108459869846,0.44,450.0,0.3617747440273038,0.3706293706293706,0.35333333333333333,450.0,0.26773455377574373,0.2759433962264151,0.26,450.0,0.532030401737242,0.5201698513800425,0.5444444444444444,450.0,0.2829162132752992,0.2771855010660981,0.28888888888888886,450.0,0.31704668838219324,0.3099787685774947,0.3244444444444444,450.0,0.7711386696730552,0.782608695652174,0.76,450.0,0.5181236673773987,0.4979508196721312,0.54,450.0,0.5136268343815513,0.4861111111111111,0.5444444444444444,450.0,0.44692737430167595,0.449438202247191,0.4444444444444444,450.0,0.6704161979752531,0.6788154897494305,0.6622222222222223,450.0,0.4914675767918089,0.5034965034965035,0.48,450.0,0.57307249712313,0.594272076372315,0.5533333333333333,450.0,0.4248587570621469,0.432183908045977,0.4177777777777778,450.0,0.5200892857142857,0.5224215246636771,0.5177777777777778,450.0,0.4786516853932584,0.48409090909090907,0.47333333333333333,450.0,0.410752688172043,0.39791666666666664,0.42444444444444446,450.0,0.5917431192660549,0.6113744075829384,0.5733333333333334,450.0
57,0.5926527976989746,0.8078571557998657,2.2527670860290527,0.48311111330986023,0.48311111111111105,0.48279190518586423,0.0003000000142492354,0.17794016700008797,42000.0,236034.3968879114,0.4212860310421286,0.42035398230088494,0.4222222222222222,450.0,0.6779661016949152,0.6477732793522267,0.7111111111111111,450.0,0.43620501635768816,0.4282655246252677,0.4444444444444444,450.0,0.3494926719278467,0.35469107551487417,0.34444444444444444,450.0,0.27699018538713194,0.27194860813704497,0.2822222222222222,450.0,0.5319371727748691,0.502970297029703,0.5644444444444444,450.0,0.2784810126582279,0.28878281622911695,0.2688888888888889,450.0,0.3170212765957447,0.3040816326530612,0.33111111111111113,450.0,0.7709750566893423,0.7870370370370371,0.7555555555555555,450.0,0.5125958378970425,0.5053995680345572,0.52,450.0,0.5201305767138193,0.509594882729211,0.5311111111111111,450.0,0.44269662921348313,0.44772727272727275,0.43777777777777777,450.0,0.6629834254143646,0.6593406593406593,0.6666666666666666,450.0,0.48697621744054354,0.49653579676674364,0.4777777777777778,450.0,0.5665914221218962,0.5756880733944955,0.5577777777777778,450.0,0.425,0.43488372093023253,0.41555555555555557,450.0,0.519774011299435,0.5287356321839081,0.5111111111111111,450.0,0.4711111111111111,0.4711111111111111,0.4711111111111111,450.0,0.40046838407494145,0.42326732673267325,0.38,450.0,0.5871559633027522,0.6066350710900474,0.5688888888888889,450.0
58,0.5908939838409424,0.8084523677825928,2.256786346435547,0.4828888773918152,0.48288888888888887,0.48243118457648454,0.0003000000142492354,0.17732787500017366,42000.0,236849.39550512782,0.4144736842105263,0.4090909090909091,0.42,450.0,0.6780383795309168,0.6516393442622951,0.7066666666666667,450.0,0.4264069264069264,0.41561181434599154,0.43777777777777777,450.0,0.35921205098493625,0.37530266343825663,0.34444444444444444,450.0,0.2722159730033746,0.275626423690205,0.2688888888888889,450.0,0.5343189017951425,0.5090543259557344,0.5622222222222222,450.0,0.2799097065462754,0.28440366972477066,0.27555555555555555,450.0,0.3094170403587444,0.31221719457013575,0.30666666666666664,450.0,0.7716535433070867,0.7813211845102506,0.7622222222222222,450.0,0.5158469945355192,0.5075268817204301,0.5244444444444445,450.0,0.5166846071044133,0.5010438413361169,0.5333333333333333,450.0,0.43951165371809103,0.43902439024390244,0.44,450.0,0.6651735722284434,0.6704288939051919,0.66,450.0,0.4837962962962963,0.5048309178743962,0.46444444444444444,450.0,0.57307249712313,0.594272076372315,0.5533333333333333,450.0,0.4279475982532751,0.4206008583690987,0.43555555555555553,450.0,0.5186020293122887,0.5263157894736842,0.5111111111111111,450.0,0.4718853362734289,0.4682713347921225,0.47555555555555556,450.0,0.40397350993377484,0.40131578947368424,0.4066666666666667,450.0,0.5864833906071019,0.6052009456264775,0.5688888888888889,450.0
59,0.589271605014801,0.8091190457344055,2.2593555450439453,0.48277777433395386,0.48277777777777775,0.4830045392354564,0.0003000000142492354,0.18418479199999638,42000.0,228031.85618061683,0.4184008762322015,0.41252699784017277,0.42444444444444446,450.0,0.6856516976998905,0.6760259179265659,0.6955555555555556,450.0,0.42857142857142855,0.42391304347826086,0.43333333333333335,450.0,0.3579418344519016,0.36036036036036034,0.35555555555555557,450.0,0.2758620689655172,0.27616926503340755,0.27555555555555555,450.0,0.5351521511017838,0.5069582504970179,0.5666666666666667,450.0,0.2809734513274336,0.27973568281938327,0.2822222222222222,450.0,0.3195652173913044,0.3127659574468085,0.32666666666666666,450.0,0.7711386696730552,0.782608695652174,0.76,450.0,0.5076923076923077,0.5021739130434782,0.5133333333333333,450.0,0.5166846071044133,0.5010438413361169,0.5333333333333333,450.0,0.4384787472035794,0.44144144144144143,0.43555555555555553,450.0,0.6607929515418502,0.6550218340611353,0.6666666666666666,450.0,0.48863636363636365,0.5,0.4777777777777778,450.0,0.5677570093457944,0.5985221674876847,0.54,450.0,0.42376681614349776,0.4276018099547511,0.42,450.0,0.5174353205849268,0.5239179954441914,0.5111111111111111,450.0,0.4730941704035874,0.47737556561085975,0.4688888888888889,450.0,0.40318906605922555,0.4135514018691589,0.3933333333333333,450.0,0.5893060295790671,0.6037296037296037,0.5755555555555556,450.0
60,0.5877523422241211,0.809333324432373,2.2634644508361816,0.48366665840148926,0.4836666666666667,0.4842798342162034,0.0003000000142492354,0.1756348750000143,42000.0,239132.46159110815,0.41712403951701427,0.4121475054229935,0.4222222222222222,450.0,0.6816720257234726,0.6583850931677019,0.7066666666666667,450.0,0.43243243243243246,0.42105263157894735,0.4444444444444444,450.0,0.3541666666666667,0.3695652173913043,0.34,450.0,0.2775330396475771,0.27510917030567683,0.28,450.0,0.5345016429353779,0.5269978401727862,0.5422222222222223,450.0,0.2801724137931034,0.2719665271966527,0.28888888888888886,450.0,0.3162393162393162,0.3045267489711934,0.3288888888888889,450.0,0.7697516930022574,0.7821100917431193,0.7577777777777778,450.0,0.5273311897106109,0.5093167701863354,0.5466666666666666,450.0,0.526775956284153,0.5182795698924731,0.5355555555555556,450.0,0.43798882681564244,0.4404494382022472,0.43555555555555553,450.0,0.6629588431590656,0.6636971046770601,0.6622222222222223,450.0,0.48498845265588914,0.5048076923076923,0.4666666666666667,450.0,0.5649717514124294,0.5747126436781609,0.5555555555555556,450.0,0.4272930648769575,0.43018018018018017,0.42444444444444446,450.0,0.5243619489559165,0.5485436893203883,0.5022222222222222,450.0,0.47260273972602745,0.4859154929577465,0.46,450.0,0.4035476718403547,0.4026548672566372,0.40444444444444444,450.0,0.5891829689298045,0.6109785202863962,0.5688888888888889,450.0
61,0.5861604809761047,0.8106428384780884,2.26884126663208,0.48188889026641846,0.4818888888888889,0.4820336085540548,0.0003000000142492354,0.1763562080000156,42000.0,238154.36086035758,0.41273326015367723,0.4078091106290672,0.4177777777777778,450.0,0.6846071044133477,0.6638830897703549,0.7066666666666667,450.0,0.425764192139738,0.4184549356223176,0.43333333333333335,450.0,0.35949943117178607,0.3682983682983683,0.3511111111111111,450.0,0.2692750287686997,0.27923627684964203,0.26,450.0,0.534351145038168,0.5246252676659529,0.5444444444444444,450.0,0.28055260361317746,0.26883910386965376,0.29333333333333333,450.0,0.31215161649944256,0.3131991051454139,0.3111111111111111,450.0,0.77309007981756,0.7939110070257611,0.7533333333333333,450.0,0.5085836909871244,0.491701244813278,0.5266666666666666,450.0,0.5171673819742489,0.5,0.5355555555555556,450.0,0.43896976483762595,0.44243792325056436,0.43555555555555553,450.0,0.6659217877094972,0.6696629213483146,0.6622222222222223,450.0,0.488135593220339,0.496551724137931,0.48,450.0,0.5668934240362812,0.5787037037037037,0.5555555555555556,450.0,0.4230343300110742,0.4216335540838852,0.42444444444444446,450.0,0.5172798216276476,0.5190156599552572,0.5155555555555555,450.0,0.47469066366704166,0.4806378132118451,0.4688888888888889,450.0,0.4040632054176072,0.4105504587155963,0.3977777777777778,450.0,0.5839080459770114,0.6047619047619047,0.5644444444444444,450.0
62,0.584461510181427,0.8101190328598022,2.2736759185791016,0.4824444353580475,0.48244444444444445,0.4819024459557827,0.0003000000142492354,0.1766311660003339,42000.0,237783.63100383204,0.41755888650963596,0.40289256198347106,0.43333333333333335,450.0,0.6773162939297125,0.6503067484662577,0.7066666666666667,450.0,0.425945945945946,0.4147368421052632,0.43777777777777777,450.0,0.35944700460829493,0.37320574162679426,0.3466666666666667,450.0,0.2718006795016987,0.27713625866050806,0.26666666666666666,450.0,0.5336225596529285,0.5211864406779662,0.5466666666666666,450.0,0.2811791383219955,0.28703703703703703,0.27555555555555555,450.0,0.30700778642936594,0.30734966592427615,0.30666666666666664,450.0,0.7720090293453723,0.7844036697247706,0.76,450.0,0.5109170305676856,0.5021459227467812,0.52,450.0,0.5127659574468085,0.49183673469387756,0.5355555555555556,450.0,0.43572984749455335,0.42735042735042733,0.4444444444444444,450.0,0.6666666666666667,0.668903803131991,0.6644444444444444,450.0,0.4897025171624715,0.5047169811320755,0.47555555555555556,450.0,0.5678733031674208,0.5783410138248848,0.5577777777777778,450.0,0.42505592841163314,0.42792792792792794,0.4222222222222222,450.0,0.5195968645016797,0.5237020316027088,0.5155555555555555,450.0,0.4725643896976484,0.4762979683972912,0.4688888888888889,450.0,0.3995459704880817,0.40835266821345706,0.39111111111111113,450.0,0.5917431192660549,0.6113744075829384,0.5733333333333334,450.0
63,0.583106279373169,0.8104047775268555,2.2733919620513916,0.4824444353580475,0.48244444444444445,0.4825404585142284,0.0003000000142492354,0.18765808300031495,42000.0,223811.30260149526,0.4166666666666667,0.41125541125541126,0.4222222222222222,450.0,0.6758474576271187,0.645748987854251,0.7088888888888889,450.0,0.4279475982532751,0.4206008583690987,0.43555555555555553,450.0,0.3638392857142857,0.3654708520179372,0.3622222222222222,450.0,0.26622662266226627,0.2636165577342048,0.2688888888888889,450.0,0.5330444203683641,0.5200845665961945,0.5466666666666666,450.0,0.2813186813186813,0.2782608695652174,0.28444444444444444,450.0,0.3142857142857143,0.3108695652173913,0.31777777777777777,450.0,0.7702702702702703,0.7808219178082192,0.76,450.0,0.5119305856832972,0.5,0.5244444444444445,450.0,0.5166846071044133,0.5010438413361169,0.5333333333333333,450.0,0.4431818181818182,0.45348837209302323,0.43333333333333335,450.0,0.6593406593406593,0.6521739130434783,0.6666666666666666,450.0,0.488425925925926,0.5096618357487923,0.4688888888888889,450.0,0.5664739884393063,0.5903614457831325,0.5444444444444444,450.0,0.42954545454545456,0.43953488372093025,0.42,450.0,0.5206703910614524,0.5235955056179775,0.5177777777777778,450.0,0.4697833523375143,0.48243559718969553,0.4577777777777778,450.0,0.40222222222222226,0.4022222222222222,0.4022222222222222,450.0,0.5931034482758621,0.6142857142857143,0.5733333333333334,450.0
64,0.5813992023468018,0.81121426820755,2.2784037590026855,0.48277777433395386,0.48277777777777786,0.48256188931124233,0.0003000000142492354,0.177254124999763,42000.0,236947.94126825625,0.4176795580110497,0.4153846153846154,0.42,450.0,0.684723726977248,0.6680761099365751,0.7022222222222222,450.0,0.425531914893617,0.40816326530612246,0.4444444444444444,450.0,0.3616317530319736,0.3588621444201313,0.36444444444444446,450.0,0.2761692650334076,0.2767857142857143,0.27555555555555555,450.0,0.5354497354497354,0.5111111111111111,0.5622222222222222,450.0,0.2684869169510808,0.27505827505827507,0.26222222222222225,450.0,0.3162486368593239,0.31049250535331907,0.32222222222222224,450.0,0.7690582959641256,0.7760180995475113,0.7622222222222222,450.0,0.5101123595505618,0.5159090909090909,0.5044444444444445,450.0,0.5160599571734474,0.49793388429752067,0.5355555555555556,450.0,0.4394618834080718,0.4434389140271493,0.43555555555555553,450.0,0.6614872364039956,0.6607538802660754,0.6622222222222223,450.0,0.48853211009174313,0.504739336492891,0.47333333333333333,450.0,0.5659526493799324,0.5743707093821511,0.5577777777777778,450.0,0.4293659621802002,0.4298440979955457,0.4288888888888889,450.0,0.5199543899657925,0.5339578454332553,0.5066666666666667,450.0,0.4711111111111111,0.4711111111111111,0.4711111111111111,450.0,0.4046511627906976,0.424390243902439,0.38666666666666666,450.0,0.5895691609977324,0.6018518518518519,0.5777777777777777,450.0
65,0.5798144340515137,0.8115000128746033,2.2847883701324463,0.4825555682182312,0.4825555555555555,0.4822803239168431,0.0003000000142492354,0.1752118330000485,42000.0,239709.8374057212,0.41318681318681316,0.40869565217391307,0.4177777777777778,450.0,0.6758474576271187,0.645748987854251,0.7088888888888889,450.0,0.4298245614035088,0.42424242424242425,0.43555555555555553,450.0,0.3585746102449889,0.359375,0.35777777777777775,450.0,0.2799552071668533,0.28216704288939054,0.2777777777777778,450.0,0.535031847133758,0.5121951219512195,0.56,450.0,0.27064220183486243,0.2796208530805687,0.26222222222222225,450.0,0.3130990415335463,0.3006134969325153,0.32666666666666666,450.0,0.7666290868094702,0.7780320366132724,0.7555555555555555,450.0,0.5111607142857143,0.5134529147982063,0.5088888888888888,450.0,0.5218340611353712,0.5128755364806867,0.5311111111111111,450.0,0.43777777777777777,0.43777777777777777,0.43777777777777777,450.0,0.6629464285714286,0.6659192825112108,0.66,450.0,0.4907407407407408,0.5120772946859904,0.4711111111111111,450.0,0.5643896976483762,0.5688487584650113,0.56,450.0,0.4310722100656455,0.4245689655172414,0.43777777777777777,450.0,0.5230078563411897,0.528344671201814,0.5177777777777778,450.0,0.47045707915273133,0.4720357941834452,0.4688888888888889,450.0,0.39675174013921105,0.41504854368932037,0.38,450.0,0.5926773455377575,0.6108490566037735,0.5755555555555556,450.0
66,0.5778176188468933,0.8119523525238037,2.2883143424987793,0.4821110963821411,0.48211111111111116,0.48104852898798917,0.0003000000142492354,0.1768837090003217,42000.0,237444.1390751458,0.41340782122905023,0.4157303370786517,0.4111111111111111,450.0,0.6802139037433156,0.6556701030927835,0.7066666666666667,450.0,0.42887029288702927,0.4051383399209486,0.45555555555555555,450.0,0.36076662908680945,0.36613272311212813,0.35555555555555557,450.0,0.2743764172335601,0.2800925925925926,0.2688888888888889,450.0,0.5351812366737739,0.514344262295082,0.5577777777777778,450.0,0.26558891454965355,0.2764423076923077,0.25555555555555554,450.0,0.309070548712206,0.3115124153498871,0.30666666666666664,450.0,0.7706214689265536,0.7839080459770115,0.7577777777777778,450.0,0.5143464399574921,0.49287169042769857,0.5377777777777778,450.0,0.5165421558164354,0.49691991786447637,0.5377777777777778,450.0,0.4396843291995491,0.4462242562929062,0.43333333333333335,450.0,0.6615214994487321,0.6564551422319475,0.6666666666666666,450.0,0.48873873873873874,0.4954337899543379,0.4822222222222222,450.0,0.5681818181818183,0.5813953488372093,0.5555555555555556,450.0,0.4254835039817975,0.4358974358974359,0.41555555555555557,450.0,0.5169769989047097,0.509719222462203,0.5244444444444445,450.0,0.47019867549668876,0.46710526315789475,0.47333333333333333,450.0,0.39583333333333337,0.41304347826086957,0.38,450.0,0.5853658536585366,0.6131386861313869,0.56,450.0
67,0.5765991806983948,0.8131666779518127,2.2932305335998535,0.48088890314102173,0.4808888888888889,0.4814093752349219,0.0003000000142492354,0.19184025000004112,42000.0,218932.15839736967,0.4084821428571429,0.4103139013452915,0.4066666666666667,450.0,0.6803455723542116,0.6617647058823529,0.7,450.0,0.4293659621802002,0.4298440979955457,0.4288888888888889,450.0,0.3574766355140187,0.3768472906403941,0.34,450.0,0.27783669141039236,0.2657200811359026,0.2911111111111111,450.0,0.5336179295624333,0.5133470225872689,0.5555555555555556,450.0,0.2795232936078007,0.2727272727272727,0.2866666666666667,450.0,0.3132530120481928,0.30885529157667385,0.31777777777777777,450.0,0.7668161434977578,0.7737556561085973,0.76,450.0,0.5082508250825083,0.5032679738562091,0.5133333333333333,450.0,0.5177228786251342,0.501039501039501,0.5355555555555556,450.0,0.43680709534368073,0.4358407079646018,0.43777777777777777,450.0,0.6563535911602211,0.6527472527472528,0.66,450.0,0.4895591647331787,0.5121359223300971,0.4688888888888889,450.0,0.571753986332574,0.5864485981308412,0.5577777777777778,450.0,0.42430939226519343,0.421978021978022,0.4266666666666667,450.0,0.5221339387060159,0.5336426914153132,0.5111111111111111,450.0,0.4689966178128523,0.4759725400457666,0.4622222222222222,450.0,0.4008958566629339,0.4040632054176072,0.3977777777777778,450.0,0.5846867749419954,0.6116504854368932,0.56,450.0
68,0.5750534534454346,0.8139761686325073,2.2968950271606445,0.4821110963821411,0.48211111111111105,0.48242616229433527,0.0003000000142492354,0.18677449999995588,42000.0,224870.09736345123,0.41065482796892344,0.41019955654101997,0.4111111111111111,450.0,0.6818181818181818,0.6645569620253164,0.7,450.0,0.4313725490196078,0.4230769230769231,0.44,450.0,0.3595505617977528,0.36363636363636365,0.35555555555555557,450.0,0.270391061452514,0.27191011235955054,0.2688888888888889,450.0,0.5304812834224598,0.511340206185567,0.5511111111111111,450.0,0.27926960257787325,0.2702702702702703,0.28888888888888886,450.0,0.3112078346028292,0.3049040511727079,0.31777777777777777,450.0,0.7701019252548131,0.7852193995381063,0.7555555555555555,450.0,0.5213675213675214,0.5020576131687243,0.5422222222222223,450.0,0.5204301075268817,0.5041666666666667,0.5377777777777778,450.0,0.43924191750278707,0.4407158836689038,0.43777777777777777,450.0,0.6607341490545051,0.6614699331848553,0.66,450.0,0.48883928571428575,0.4910313901345291,0.4866666666666667,450.0,0.5671981776765375,0.5817757009345794,0.5533333333333333,450.0,0.4247374562427071,0.44717444717444715,0.40444444444444444,450.0,0.5231116121758738,0.5308924485125858,0.5155555555555555,450.0,0.4715083798882682,0.47415730337078654,0.4688888888888889,450.0,0.4004602991944764,0.4152744630071599,0.38666666666666666,450.0,0.586046511627907,0.6146341463414634,0.56,450.0
69,0.5730690360069275,0.8148571252822876,2.2998993396759033,0.48266667127609253,0.48266666666666663,0.4828761151342329,0.0003000000142492354,0.19119774999990113,42000.0,219667.85697018777,0.4147665580890336,0.40552016985138006,0.42444444444444446,450.0,0.6845493562231759,0.6618257261410788,0.7088888888888889,450.0,0.4301075268817204,0.4166666666666667,0.4444444444444444,450.0,0.35986159169550175,0.37410071942446044,0.3466666666666667,450.0,0.27722772277227725,0.27450980392156865,0.28,450.0,0.537473233404711,0.518595041322314,0.5577777777777778,450.0,0.2689265536723164,0.2735632183908046,0.2644444444444444,450.0,0.3083604777415852,0.30148619957537154,0.31555555555555553,450.0,0.77309007981756,0.7939110070257611,0.7533333333333333,450.0,0.5205183585313176,0.5063025210084033,0.5355555555555556,450.0,0.5281767955801105,0.5252747252747253,0.5311111111111111,450.0,0.43841807909604524,0.4459770114942529,0.4311111111111111,450.0,0.6629086809470124,0.6727688787185355,0.6533333333333333,450.0,0.48387096774193544,0.5023923444976076,0.4666666666666667,450.0,0.5659090909090909,0.5790697674418605,0.5533333333333333,450.0,0.42329227323628216,0.42663656884875845,0.42,450.0,0.5146067415730337,0.5204545454545455,0.5088888888888888,450.0,0.4699453551912568,0.46236559139784944,0.4777777777777778,450.0,0.4084821428571429,0.4103139013452915,0.4066666666666667,450.0,0.5870307167235496,0.6013986013986014,0.5733333333333334,450.0
70,0.5718451738357544,0.8152381181716919,2.3028035163879395,0.4825555682182312,0.4825555555555555,0.48316023029743055,0.0003000000142492354,0.18588637500033656,42000.0,225944.4781788012,0.41721854304635764,0.4144736842105263,0.42,450.0,0.6832971800433839,0.6673728813559322,0.7,450.0,0.4353448275862069,0.4225941422594142,0.4488888888888889,450.0,0.35674470457079155,0.3579418344519016,0.35555555555555557,450.0,0.2769230769230769,0.27391304347826084,0.28,450.0,0.5350877192982456,0.5281385281385281,0.5422222222222223,450.0,0.28295819935691324,0.2732919254658385,0.29333333333333333,450.0,0.30976430976430974,0.3129251700680272,0.30666666666666664,450.0,0.7690582959641256,0.7760180995475113,0.7622222222222222,450.0,0.5233441910966341,0.5116772823779193,0.5355555555555556,450.0,0.5248070562293274,0.5207877461706784,0.5288888888888889,450.0,0.4429378531073446,0.45057471264367815,0.43555555555555553,450.0,0.6614872364039956,0.6607538802660754,0.6622222222222223,450.0,0.4790011350737798,0.4895591647331787,0.4688888888888889,450.0,0.565864833906071,0.5839243498817966,0.5488888888888889,450.0,0.4254385964912281,0.4199134199134199,0.4311111111111111,450.0,0.5228310502283104,0.5375586854460094,0.5088888888888888,450.0,0.46813186813186813,0.46304347826086956,0.47333333333333333,450.0,0.39322033898305087,0.4,0.38666666666666666,450.0,0.5897435897435898,0.6200980392156863,0.5622222222222222,450.0
71,0.5700716376304626,0.8150714039802551,2.311866283416748,0.48188889026641846,0.4818888888888889,0.48195894161510583,0.0003000000142492354,0.1760064169998259,42000.0,238627.66321776522,0.4151785714285714,0.4170403587443946,0.41333333333333333,450.0,0.6759061833688699,0.6495901639344263,0.7044444444444444,450.0,0.43029637760702527,0.42516268980477223,0.43555555555555553,450.0,0.3515715948777649,0.3691931540342298,0.33555555555555555,450.0,0.27232142857142855,0.273542600896861,0.27111111111111114,450.0,0.5340314136125655,0.504950495049505,0.5666666666666667,450.0,0.27741935483870966,0.26875,0.2866666666666667,450.0,0.3122270742358078,0.30686695278969955,0.31777777777777777,450.0,0.7695800227014756,0.7865429234338747,0.7533333333333333,450.0,0.5244161358811041,0.5020325203252033,0.5488888888888889,450.0,0.5227765726681128,0.510593220338983,0.5355555555555556,450.0,0.4367567567567568,0.42526315789473684,0.4488888888888889,450.0,0.6570155902004455,0.6584821428571429,0.6555555555555556,450.0,0.48220436280137774,0.498812351543943,0.4666666666666667,450.0,0.5685164212910533,0.5796766743648961,0.5577777777777778,450.0,0.42761692650334077,0.42857142857142855,0.4266666666666667,450.0,0.5247410817031071,0.5441527446300716,0.5066666666666667,450.0,0.4704519119351101,0.4915254237288136,0.45111111111111113,450.0,0.3995459704880817,0.40835266821345706,0.39111111111111113,450.0,0.5866050808314087,0.6105769230769231,0.5644444444444444,450.0
72,0.5689002275466919,0.8162857294082642,2.3135807514190674,0.48133334517478943,0.48133333333333334,0.48184022026892376,0.0003000000142492354,0.18564458399987416,42000.0,226238.75738830317,0.41107561235356765,0.3946830265848671,0.4288888888888889,450.0,0.6766275346851655,0.6509240246406571,0.7044444444444444,450.0,0.42888888888888893,0.4288888888888889,0.4288888888888889,450.0,0.36036036036036034,0.365296803652968,0.35555555555555557,450.0,0.271412680756396,0.2717149220489978,0.27111111111111114,450.0,0.5377049180327869,0.5290322580645161,0.5466666666666666,450.0,0.276013143483023,0.27213822894168466,0.28,450.0,0.3055254604550379,0.29809725158562367,0.31333333333333335,450.0,0.7692307692307693,0.783410138248848,0.7555555555555555,450.0,0.5250800426894343,0.5051334702258727,0.5466666666666666,450.0,0.5280528052805281,0.5228758169934641,0.5333333333333333,450.0,0.43439911797133407,0.4310722100656455,0.43777777777777777,450.0,0.6599326599326599,0.6666666666666666,0.6533333333333333,450.0,0.4797136038186158,0.5180412371134021,0.44666666666666666,450.0,0.5691428571428572,0.5858823529411765,0.5533333333333333,450.0,0.43318965517241376,0.4205020920502092,0.44666666666666666,450.0,0.518018018018018,0.5251141552511416,0.5111111111111111,450.0,0.47163515016685204,0.47216035634743875,0.4711111111111111,450.0,0.39215686274509803,0.407673860911271,0.37777777777777777,450.0,0.5886442641946696,0.6150121065375302,0.5644444444444444,450.0
73,0.5671710968017578,0.815761923789978,2.315645933151245,0.48233333230018616,0.48233333333333334,0.4824969615595484,0.0003000000142492354,0.17570362499964176,42000.0,239038.89290892906,0.4119601328903654,0.4105960264900662,0.41333333333333333,450.0,0.6817204301075268,0.6604166666666667,0.7044444444444444,450.0,0.4285714285714286,0.4011627906976744,0.46,450.0,0.3574766355140187,0.3768472906403941,0.34,450.0,0.2795232936078007,0.2727272727272727,0.2866666666666667,450.0,0.5313496280552603,0.5091649694501018,0.5555555555555556,450.0,0.26506024096385544,0.2613390928725702,0.2688888888888889,450.0,0.30957683741648107,0.31026785714285715,0.3088888888888889,450.0,0.768361581920904,0.7816091954022989,0.7555555555555555,450.0,0.5241675617615467,0.5072765072765073,0.5422222222222223,450.0,0.5245901639344263,0.5161290322580645,0.5333333333333333,450.0,0.4403669724770642,0.4549763033175355,0.4266666666666667,450.0,0.6629464285714286,0.6659192825112108,0.66,450.0,0.4837625979843225,0.48758465011286684,0.48,450.0,0.5701254275940707,0.585480093676815,0.5555555555555556,450.0,0.4269141531322506,0.44660194174757284,0.4088888888888889,450.0,0.5225225225225224,0.5296803652968036,0.5155555555555555,450.0,0.4666666666666667,0.4666666666666667,0.4666666666666667,450.0,0.4049493813273341,0.41002277904328016,0.4,450.0,0.5893271461716938,0.616504854368932,0.5644444444444444,450.0
74,0.5656143426895142,0.8165000081062317,2.3224732875823975,0.4803333282470703,0.4803333333333333,0.4803201824115398,0.0003000000142492354,0.1854436670000723,42000.0,226483.87340174644,0.4097452934662237,0.4083885209713024,0.4111111111111111,450.0,0.6723044397463003,0.6411290322580645,0.7066666666666667,450.0,0.425531914893617,0.4288939051918736,0.4222222222222222,450.0,0.36027713625866054,0.375,0.3466666666666667,450.0,0.26787741203178206,0.2737819025522042,0.26222222222222225,450.0,0.5367965367965368,0.5232067510548524,0.5511111111111111,450.0,0.2781875658587987,0.26452905811623245,0.29333333333333333,450.0,0.3137254901960784,0.3076923076923077,0.32,450.0,0.7690557451649602,0.7878787878787878,0.7511111111111111,450.0,0.5162689804772235,0.5042372881355932,0.5288888888888889,450.0,0.5211726384364821,0.5095541401273885,0.5333333333333333,450.0,0.44048943270300334,0.44097995545657015,0.44,450.0,0.6557734204793028,0.6431623931623932,0.6688888888888889,450.0,0.48081264108352145,0.48853211009174313,0.47333333333333333,450.0,0.5598141695702671,0.5863746958637469,0.5355555555555556,450.0,0.42538975501113585,0.4263392857142857,0.42444444444444446,450.0,0.5208568207440812,0.528604118993135,0.5133333333333333,450.0,0.4675028506271379,0.48009367681498827,0.45555555555555555,450.0,0.40044994375703036,0.4054669703872437,0.39555555555555555,450.0,0.5843714609286523,0.5958429561200924,0.5733333333333334,450.0
75,0.5642920732498169,0.8172857165336609,2.3220973014831543,0.4825555682182312,0.4825555555555555,0.48229714922621064,0.0003000000142492354,0.17610737499990137,42000.0,238490.8638836024,0.4124168514412417,0.41150442477876104,0.41333333333333333,450.0,0.681081081081081,0.6631578947368421,0.7,450.0,0.42888402625820565,0.4224137931034483,0.43555555555555553,450.0,0.35072142064372913,0.35033259423503327,0.3511111111111111,450.0,0.27322404371584696,0.26881720430107525,0.2777777777777778,450.0,0.5306553911205075,0.5060483870967742,0.5577777777777778,450.0,0.26383981154299174,0.2807017543859649,0.24888888888888888,450.0,0.31725616291532693,0.3064182194616977,0.3288888888888889,450.0,0.7702702702702703,0.7808219178082192,0.76,450.0,0.5269978401727862,0.5126050420168067,0.5422222222222223,450.0,0.5235487404162104,0.5161987041036717,0.5311111111111111,450.0,0.44,0.44,0.44,450.0,0.6570155902004455,0.6584821428571429,0.6555555555555556,450.0,0.4885844748858448,0.5023474178403756,0.47555555555555556,450.0,0.5685164212910533,0.5796766743648961,0.5577777777777778,450.0,0.42973286875725897,0.45012165450121655,0.4111111111111111,450.0,0.5245535714285714,0.5269058295964125,0.5222222222222223,450.0,0.4707233065442021,0.48693586698337293,0.45555555555555555,450.0,0.40393013100436675,0.3969957081545064,0.4111111111111111,450.0,0.5839909808342728,0.5926773455377574,0.5755555555555556,450.0
76,0.5625878572463989,0.8170475959777832,2.331606149673462,0.48088890314102173,0.4808888888888888,0.4802385785727896,0.0003000000142492354,0.18728983299979518,42000.0,224251.36125806643,0.4065217391304348,0.39787234042553193,0.41555555555555557,450.0,0.676659528907923,0.6528925619834711,0.7022222222222222,450.0,0.42841530054644805,0.421505376344086,0.43555555555555553,450.0,0.35431235431235436,0.37254901960784315,0.3377777777777778,450.0,0.27384960718294055,0.2766439909297052,0.27111111111111114,450.0,0.5289256198347108,0.4942084942084942,0.5688888888888889,450.0,0.2799552071668533,0.28216704288939054,0.2777777777777778,450.0,0.3087400681044268,0.31554524361948955,0.3022222222222222,450.0,0.7720090293453723,0.7844036697247706,0.76,450.0,0.5087336244541484,0.5,0.5177777777777778,450.0,0.5172413793103449,0.502092050209205,0.5333333333333333,450.0,0.4342245989304814,0.41855670103092785,0.45111111111111113,450.0,0.6621923937360179,0.6666666666666666,0.6577777777777778,450.0,0.48135593220338985,0.4896551724137931,0.47333333333333333,450.0,0.5694760820045559,0.5841121495327103,0.5555555555555556,450.0,0.42744656917885265,0.4328018223234624,0.4222222222222222,450.0,0.5182648401826484,0.5328638497652582,0.5044444444444445,450.0,0.46913580246913583,0.47392290249433106,0.46444444444444444,450.0,0.4045454545454545,0.413953488372093,0.39555555555555555,450.0,0.5827664399092971,0.5949074074074074,0.5711111111111111,450.0
77,0.5609735250473022,0.8184047341346741,2.3321070671081543,0.48133334517478943,0.4813333333333333,0.48129191921209485,0.0003000000142492354,0.1754733750003652,42000.0,239352.55134810388,0.4075723830734967,0.40848214285714285,0.4066666666666667,450.0,0.6767241379310345,0.6569037656903766,0.6977777777777778,450.0,0.4260869565217391,0.41702127659574467,0.43555555555555553,450.0,0.35722411831626844,0.36596736596736595,0.3488888888888889,450.0,0.2775330396475771,0.27510917030567683,0.28,450.0,0.5283422459893048,0.5092783505154639,0.5488888888888889,450.0,0.2702702702702703,0.273972602739726,0.26666666666666666,450.0,0.31174533479692645,0.3080260303687636,0.31555555555555553,450.0,0.7708095781071835,0.7915690866510539,0.7511111111111111,450.0,0.5187637969094923,0.5153508771929824,0.5222222222222223,450.0,0.5173160173160173,0.5042194092827004,0.5311111111111111,450.0,0.44150110375275936,0.43859649122807015,0.4444444444444444,450.0,0.6578073089700996,0.6556291390728477,0.66,450.0,0.4891922639362912,0.5011655011655012,0.4777777777777778,450.0,0.5622857142857143,0.5788235294117647,0.5466666666666666,450.0,0.43224299065420557,0.45566502463054187,0.4111111111111111,450.0,0.5200892857142857,0.5224215246636771,0.5177777777777778,450.0,0.4732142857142857,0.47533632286995514,0.4711111111111111,450.0,0.40740740740740744,0.3995726495726496,0.41555555555555557,450.0,0.5797101449275361,0.5816554809843401,0.5777777777777777,450.0
78,0.559801459312439,0.8188809752464294,2.3385565280914307,0.47955554723739624,0.47955555555555557,0.4801216278605448,0.0003000000142492354,0.18900062499960768,42000.0,222221.48736326763,0.40748898678414097,0.4039301310043668,0.4111111111111111,450.0,0.6781115879828327,0.6556016597510373,0.7022222222222222,450.0,0.4347826086956522,0.4158215010141988,0.45555555555555555,450.0,0.3573033707865169,0.3613636363636364,0.35333333333333333,450.0,0.2736156351791531,0.267515923566879,0.28,450.0,0.5368421052631579,0.51,0.5666666666666667,450.0,0.2701475595913734,0.27610208816705334,0.2644444444444444,450.0,0.3143459915611815,0.2991967871485944,0.33111111111111113,450.0,0.7706422018348623,0.7962085308056872,0.7466666666666667,450.0,0.5147864184008762,0.5075593952483801,0.5222222222222223,450.0,0.5229759299781181,0.5150862068965517,0.5311111111111111,450.0,0.43167028199566165,0.4216101694915254,0.44222222222222224,450.0,0.6576576576576575,0.6666666666666666,0.6488888888888888,450.0,0.48101265822784806,0.4988066825775656,0.46444444444444444,450.0,0.5697940503432495,0.5872641509433962,0.5533333333333333,450.0,0.42524916943521596,0.423841059602649,0.4266666666666667,450.0,0.5164835164835165,0.5108695652173914,0.5222222222222223,450.0,0.46828143021914653,0.486810551558753,0.45111111111111113,450.0,0.3865546218487395,0.42036553524804177,0.35777777777777775,450.0,0.5846867749419954,0.6116504854368932,0.56,450.0
79,0.557854413986206,0.8190714120864868,2.34287166595459,0.48055556416511536,0.4805555555555555,0.4810854841176437,0.0003000000142492354,0.18874712500019086,42000.0,222519.9456678216,0.4044692737430168,0.4067415730337079,0.4022222222222222,450.0,0.6788793103448276,0.6589958158995816,0.7,450.0,0.43307943416757344,0.42430703624733473,0.44222222222222224,450.0,0.3530778164924507,0.36982968369829683,0.3377777777777778,450.0,0.2793650793650793,0.26666666666666666,0.29333333333333333,450.0,0.5264270613107823,0.5020161290322581,0.5533333333333333,450.0,0.2746400885935769,0.2737306843267108,0.27555555555555555,450.0,0.31242873432155077,0.32084309133489464,0.30444444444444446,450.0,0.7708095781071835,0.7915690866510539,0.7511111111111111,450.0,0.5133928571428572,0.515695067264574,0.5111111111111111,450.0,0.5201305767138193,0.509594882729211,0.5311111111111111,450.0,0.4421997755331089,0.4467120181405896,0.43777777777777777,450.0,0.6606129398410896,0.6751740139211136,0.6466666666666666,450.0,0.4820627802690583,0.48642533936651583,0.4777777777777778,450.0,0.5672316384180791,0.5770114942528736,0.5577777777777778,450.0,0.42744656917885265,0.4328018223234624,0.4222222222222222,450.0,0.5224215246636772,0.5271493212669683,0.5177777777777778,450.0,0.4675615212527965,0.47072072072072074,0.46444444444444444,450.0,0.4012806830309499,0.3860369609856263,0.4177777777777778,450.0,0.5841924398625429,0.6028368794326241,0.5666666666666667,450.0
80,0.5566578507423401,0.8196428418159485,2.3439691066741943,0.48044443130493164,0.4804444444444445,0.47999006612556305,0.0003000000142492354,0.1769925419998799,42000.0,237298.13429103978,0.4103671706263499,0.39915966386554624,0.4222222222222222,450.0,0.6759956942949409,0.6555323590814196,0.6977777777777778,450.0,0.4291938997821351,0.42094017094017094,0.43777777777777777,450.0,0.3532110091743119,0.36492890995260663,0.3422222222222222,450.0,0.2773393461104848,0.2814645308924485,0.2733333333333333,450.0,0.5353319057815845,0.5165289256198347,0.5555555555555556,450.0,0.26940639269406397,0.27699530516431925,0.26222222222222225,450.0,0.3086816720257235,0.2981366459627329,0.32,450.0,0.7688838782412627,0.7803203661327232,0.7577777777777778,450.0,0.5254054054054054,0.511578947368421,0.54,450.0,0.5253863134657837,0.5219298245614035,0.5288888888888889,450.0,0.4360086767895878,0.4258474576271186,0.44666666666666666,450.0,0.6562500000000001,0.6591928251121076,0.6533333333333333,450.0,0.48135593220338985,0.4896551724137931,0.47333333333333333,450.0,0.5665914221218962,0.5756880733944955,0.5577777777777778,450.0,0.4244521337946943,0.4412470023980815,0.4088888888888889,450.0,0.5181918412348402,0.5142231947483589,0.5222222222222223,450.0,0.46808510638297873,0.4717832957110609,0.46444444444444444,450.0,0.3885057471264368,0.4023809523809524,0.37555555555555553,450.0,0.5811577752553915,0.5939675174013921,0.5688888888888889,450.0
81,0.5554715394973755,0.8199762105941772,2.349256753921509,0.48088890314102173,0.4808888888888888,0.4812787046840287,0.0003000000142492354,0.17959541700020054,42000.0,233858.9742518491,0.40224719101123596,0.4068181818181818,0.3977777777777778,450.0,0.6752136752136753,0.6502057613168725,0.7022222222222222,450.0,0.4298056155507559,0.4180672268907563,0.44222222222222224,450.0,0.35770528683914515,0.3621867881548975,0.35333333333333333,450.0,0.2767567567567567,0.2694736842105263,0.28444444444444444,450.0,0.5363735070575462,0.524416135881104,0.5488888888888889,450.0,0.2733333333333333,0.2733333333333333,0.2733333333333333,450.0,0.311804008908686,0.3125,0.3111111111111111,450.0,0.7706422018348623,0.7962085308056872,0.7466666666666667,450.0,0.5226019845644984,0.5185995623632386,0.5266666666666666,450.0,0.5213581599123768,0.5140388768898488,0.5288888888888889,450.0,0.44247787610619466,0.44052863436123346,0.4444444444444444,450.0,0.658454647256439,0.6636568848758465,0.6533333333333333,450.0,0.47552447552447547,0.5,0.4533333333333333,450.0,0.5646794150731158,0.571753986332574,0.5577777777777778,450.0,0.4346871569703622,0.42950108459869846,0.44,450.0,0.5223214285714285,0.5246636771300448,0.52,450.0,0.4695459579180509,0.46799116997792495,0.4711111111111111,450.0,0.39595050618672667,0.4009111617312073,0.39111111111111113,450.0,0.5840909090909091,0.5976744186046512,0.5711111111111111,450.0
82,0.5536187887191772,0.8209523558616638,2.353837251663208,0.47866666316986084,0.47866666666666663,0.47887286559513875,0.0003000000142492354,0.1741030410003077,42000.0,241236.45261271324,0.40356744704570796,0.40492170022371365,0.4022222222222222,450.0,0.6774891774891775,0.6603375527426161,0.6955555555555556,450.0,0.43260869565217397,0.42340425531914894,0.44222222222222224,450.0,0.3537414965986394,0.3611111111111111,0.3466666666666667,450.0,0.2769230769230769,0.27391304347826084,0.28,450.0,0.5329153605015675,0.5029585798816568,0.5666666666666667,450.0,0.26953567383918453,0.2748267898383372,0.2644444444444444,450.0,0.30992196209587514,0.31096196868008946,0.3088888888888889,450.0,0.7685290763968073,0.7892271662763466,0.7488888888888889,450.0,0.5088495575221238,0.5066079295154186,0.5111111111111111,450.0,0.5090521831735889,0.4887525562372188,0.5311111111111111,450.0,0.43902439024390244,0.43805309734513276,0.44,450.0,0.6540178571428572,0.6569506726457399,0.6511111111111111,450.0,0.48,0.49411764705882355,0.4666666666666667,450.0,0.556844547563805,0.5825242718446602,0.5333333333333333,450.0,0.4307692307692308,0.4260869565217391,0.43555555555555553,450.0,0.5230078563411897,0.528344671201814,0.5177777777777778,450.0,0.4668911335578002,0.47165532879818595,0.4622222222222222,450.0,0.4004352557127312,0.39232409381663114,0.4088888888888889,450.0,0.5833333333333334,0.6086956521739131,0.56,450.0
83,0.5519443154335022,0.8217142820358276,2.3526086807250977,0.48011112213134766,0.4801111111111111,0.4802085460416114,0.0003000000142492354,0.17437950000021374,42000.0,240853.99946638523,0.4036281179138322,0.41203703703703703,0.39555555555555555,450.0,0.6774193548387096,0.65625,0.7,450.0,0.4293304994686504,0.41140529531568226,0.4488888888888889,450.0,0.35560588901472256,0.3625866050808314,0.3488888888888889,450.0,0.27685492801771877,0.27593818984547464,0.2777777777777778,450.0,0.5295358649789029,0.5040160642570282,0.5577777777777778,450.0,0.2647058823529412,0.2695852534562212,0.26,450.0,0.3106796116504854,0.3018867924528302,0.32,450.0,0.7701019252548131,0.7852193995381063,0.7555555555555555,450.0,0.5177777777777778,0.5177777777777778,0.5177777777777778,450.0,0.5163398692810457,0.5064102564102564,0.5266666666666666,450.0,0.4429378531073446,0.45057471264367815,0.43555555555555553,450.0,0.6614525139664804,0.6651685393258427,0.6577777777777778,450.0,0.48008849557522126,0.4779735682819383,0.4822222222222222,450.0,0.5635103926096998,0.5865384615384616,0.5422222222222223,450.0,0.4264538198403649,0.4379391100702576,0.41555555555555557,450.0,0.5229050279329609,0.5258426966292135,0.52,450.0,0.46808510638297873,0.4717832957110609,0.46444444444444444,450.0,0.39999999999999997,0.39565217391304347,0.40444444444444444,450.0,0.5867579908675798,0.6032863849765259,0.5711111111111111,450.0
84,0.5507087707519531,0.8218095302581787,2.3604624271392822,0.47999998927116394,0.4800000000000001,0.4806115070256287,0.0003000000142492354,0.17442045799998596,42000.0,240797.44131851426,0.40439560439560435,0.4,0.4088888888888889,450.0,0.6766917293233081,0.6548856548856549,0.7,450.0,0.4323144104803493,0.4248927038626609,0.44,450.0,0.3646532438478747,0.36711711711711714,0.3622222222222222,450.0,0.2733333333333333,0.2733333333333333,0.2733333333333333,450.0,0.5360602798708288,0.5198329853862212,0.5533333333333333,450.0,0.2748917748917749,0.2679324894514768,0.2822222222222222,450.0,0.3108695652173913,0.30425531914893617,0.31777777777777777,450.0,0.7681818181818182,0.786046511627907,0.7511111111111111,450.0,0.5159817351598173,0.5305164319248826,0.5022222222222222,450.0,0.5126582278481013,0.4879518072289157,0.54,450.0,0.4439511653718091,0.4434589800443459,0.4444444444444444,450.0,0.6561797752808989,0.6636363636363637,0.6488888888888888,450.0,0.47928331466965285,0.48306997742663654,0.47555555555555556,450.0,0.5659090909090909,0.5790697674418605,0.5533333333333333,450.0,0.4269406392694064,0.43896713615023475,0.41555555555555557,450.0,0.5231116121758738,0.5308924485125858,0.5155555555555555,450.0,0.4662162162162162,0.4726027397260274,0.46,450.0,0.3927765237020316,0.39908256880733944,0.38666666666666666,450.0,0.5878300803673938,0.6080760095011877,0.5688888888888889,450.0
85,0.5493080615997314,0.8227857351303101,2.362790822982788,0.4803333282470703,0.48033333333333345,0.4800421638358231,0.0003000000142492354,0.1752168329999222,42000.0,239702.99702893643,0.40744797371303393,0.4017278617710583,0.41333333333333333,450.0,0.6796536796536797,0.6624472573839663,0.6977777777777778,450.0,0.4279661016949152,0.4089068825910931,0.4488888888888889,450.0,0.3568281938325991,0.3537117903930131,0.36,450.0,0.2746878547105562,0.28074245939675174,0.2688888888888889,450.0,0.5380493033226152,0.5196687370600414,0.5577777777777778,450.0,0.2634032634032634,0.2769607843137255,0.2511111111111111,450.0,0.31023102310231027,0.30718954248366015,0.31333333333333335,450.0,0.7701019252548131,0.7852193995381063,0.7555555555555555,450.0,0.525974025974026,0.5126582278481012,0.54,450.0,0.5191675794085433,0.5118790496760259,0.5266666666666666,450.0,0.43680709534368073,0.4358407079646018,0.43777777777777777,450.0,0.6569832402234637,0.6606741573033708,0.6533333333333333,450.0,0.47663551401869153,0.5024630541871922,0.4533333333333333,450.0,0.5619266055045873,0.580568720379147,0.5444444444444444,450.0,0.4334433443344335,0.42919389978213507,0.43777777777777777,450.0,0.5193370165745856,0.5164835164835165,0.5222222222222223,450.0,0.4690265486725664,0.4669603524229075,0.4711111111111111,450.0,0.39193729003359457,0.39503386004514673,0.3888888888888889,450.0,0.5812356979405034,0.5990566037735849,0.5644444444444444,450.0
86,0.5481076836585999,0.8222857117652893,2.3722779750823975,0.4784444570541382,0.47844444444444445,0.4786099983267055,0.0003000000142492354,0.18738758300014524,42000.0,224134.38141185397,0.4038876889848812,0.39285714285714285,0.41555555555555557,450.0,0.6811279826464208,0.6652542372881356,0.6977777777777778,450.0,0.4287245444801715,0.4140786749482402,0.4444444444444444,450.0,0.3605823068309071,0.36343115124153497,0.35777777777777775,450.0,0.26953567383918453,0.2748267898383372,0.2644444444444444,450.0,0.5329018338727077,0.5178197064989518,0.5488888888888889,450.0,0.27363737486095663,0.2739420935412027,0.2733333333333333,450.0,0.30965005302226933,0.2961460446247465,0.3244444444444444,450.0,0.7695800227014756,0.7865429234338747,0.7533333333333333,450.0,0.5142857142857142,0.508695652173913,0.52,450.0,0.5144076840981857,0.4948665297741273,0.5355555555555556,450.0,0.43859649122807015,0.4329004329004329,0.4444444444444444,450.0,0.6563876651982379,0.6506550218340611,0.6622222222222223,450.0,0.4798206278026906,0.4841628959276018,0.47555555555555556,450.0,0.5632183908045977,0.5833333333333334,0.5444444444444444,450.0,0.4268156424581006,0.42921348314606744,0.42444444444444446,450.0,0.5190156599552572,0.5225225225225225,0.5155555555555555,450.0,0.461361014994233,0.47961630695443647,0.4444444444444444,450.0,0.38571428571428573,0.4153846153846154,0.36,450.0,0.5829493087557605,0.6052631578947368,0.5622222222222222,450.0
87,0.5461941957473755,0.8228809237480164,2.37384033203125,0.48044443130493164,0.4804444444444445,0.4798627668318334,0.0003000000142492354,0.1873817919999965,42000.0,224141.30824408375,0.4035476718403547,0.4026548672566372,0.40444444444444444,450.0,0.6781485468245425,0.6576200417536534,0.7,450.0,0.4271631982475356,0.42116630669546434,0.43333333333333335,450.0,0.354577056778679,0.3704600484261501,0.34,450.0,0.27867095391211144,0.2691511387163561,0.28888888888888886,450.0,0.5337620578778135,0.515527950310559,0.5533333333333333,450.0,0.2735632183908046,0.2833333333333333,0.2644444444444444,450.0,0.30465116279069765,0.3195121951219512,0.2911111111111111,450.0,0.7702702702702703,0.7808219178082192,0.76,450.0,0.5232432432432432,0.5094736842105263,0.5377777777777778,450.0,0.5207877461706785,0.5129310344827587,0.5288888888888889,450.0,0.44004400440044,0.4357298474945534,0.4444444444444444,450.0,0.6555555555555556,0.6555555555555556,0.6555555555555556,450.0,0.4758620689655173,0.4928571428571429,0.46,450.0,0.5675675675675674,0.5753424657534246,0.56,450.0,0.4318936877076412,0.4304635761589404,0.43333333333333335,450.0,0.5155555555555555,0.5155555555555555,0.5155555555555555,450.0,0.46444444444444444,0.46444444444444444,0.46444444444444444,450.0,0.39869989165763814,0.3890063424947146,0.4088888888888889,450.0,0.5792474344355758,0.594847775175644,0.5644444444444444,450.0
88,0.5451444387435913,0.8238095045089722,2.3749899864196777,0.4797777831554413,0.47977777777777775,0.48010974632729697,0.0003000000142492354,0.2314247089998389,42000.0,181484.51036846387,0.40178571428571436,0.40358744394618834,0.4,450.0,0.6811279826464208,0.6652542372881356,0.6977777777777778,450.0,0.43260869565217397,0.42340425531914894,0.44222222222222224,450.0,0.3594266813671445,0.35667396061269147,0.3622222222222222,450.0,0.2785636561479869,0.27292110874200426,0.28444444444444444,450.0,0.534351145038168,0.5246252676659529,0.5444444444444444,450.0,0.27111111111111114,0.27111111111111114,0.27111111111111114,450.0,0.3136818687430478,0.31403118040089084,0.31333333333333335,450.0,0.7707865168539326,0.7795454545454545,0.7622222222222222,450.0,0.5241228070175439,0.5173160173160173,0.5311111111111111,450.0,0.5202185792349726,0.5118279569892473,0.5288888888888889,450.0,0.44618834080717495,0.4502262443438914,0.44222222222222224,450.0,0.6519337016574586,0.6483516483516484,0.6555555555555556,450.0,0.476409666283084,0.49403341288782815,0.46,450.0,0.5596330275229359,0.5781990521327014,0.5422222222222223,450.0,0.4282560706401766,0.42543859649122806,0.4311111111111111,450.0,0.5167785234899329,0.5202702702702703,0.5133333333333333,450.0,0.46770601336302897,0.46875,0.4666666666666667,450.0,0.38752783964365256,0.38839285714285715,0.38666666666666666,450.0,0.5799769850402763,0.6014319809069213,0.56,450.0
89,0.543332040309906,0.8237857222557068,2.3827342987060547,0.47866666316986084,0.47866666666666663,0.4785468113682919,0.0003000000142492354,0.18479758300009053,42000.0,227275.69981247766,0.40543601359003395,0.4133949191685912,0.3977777777777778,450.0,0.6795284030010719,0.6563146997929606,0.7044444444444444,450.0,0.43191489361702134,0.4142857142857143,0.45111111111111113,450.0,0.34553775743707094,0.3561320754716981,0.33555555555555555,450.0,0.2751895991332611,0.26849894291754756,0.2822222222222222,450.0,0.5305263157894737,0.504,0.56,450.0,0.26237054085155354,0.2720763723150358,0.25333333333333335,450.0,0.30965005302226933,0.2961460446247465,0.3244444444444444,450.0,0.7704545454545455,0.7883720930232558,0.7533333333333333,450.0,0.527542372881356,0.5040485829959515,0.5533333333333333,450.0,0.5238623751387348,0.5232815964523282,0.5244444444444445,450.0,0.4456404736275565,0.4321503131524008,0.46,450.0,0.6547884187082404,0.65625,0.6533333333333333,450.0,0.47457627118644075,0.4827586206896552,0.4666666666666667,450.0,0.5630630630630631,0.5707762557077626,0.5555555555555556,450.0,0.425,0.43488372093023253,0.41555555555555557,450.0,0.5145413870246085,0.5180180180180181,0.5111111111111111,450.0,0.4668192219679634,0.4811320754716981,0.4533333333333333,450.0,0.38407494145199067,0.40594059405940597,0.36444444444444446,450.0,0.5804195804195804,0.6102941176470589,0.5533333333333333,450.0
90,0.5421236753463745,0.8241666555404663,2.3849306106567383,0.4784444570541382,0.47844444444444445,0.478560119411938,0.0003000000142492354,0.18728887499992197,42000.0,224252.50832446667,0.4035476718403547,0.4026548672566372,0.40444444444444444,450.0,0.6781485468245425,0.6576200417536534,0.7,450.0,0.42626480086114105,0.4133611691022965,0.44,450.0,0.3538812785388128,0.36384976525821594,0.34444444444444444,450.0,0.27400215749730306,0.2662473794549266,0.2822222222222222,450.0,0.5310853530031612,0.5050100200400801,0.56,450.0,0.2622576966932725,0.2693208430913349,0.25555555555555554,450.0,0.3057324840764331,0.2926829268292683,0.32,450.0,0.7704545454545455,0.7883720930232558,0.7533333333333333,450.0,0.5293489861259338,0.5092402464065708,0.5511111111111111,450.0,0.5220264317180616,0.517467248908297,0.5266666666666666,450.0,0.4417314095449501,0.44124168514412415,0.44222222222222224,450.0,0.6554809843400446,0.6599099099099099,0.6511111111111111,450.0,0.4800910125142207,0.49184149184149184,0.4688888888888889,450.0,0.5694915254237288,0.5793103448275863,0.56,450.0,0.4305239179954442,0.441588785046729,0.42,450.0,0.5152542372881357,0.5241379310344828,0.5066666666666667,450.0,0.4617117117117117,0.4680365296803653,0.45555555555555555,450.0,0.3841676367869616,0.4034229828850856,0.36666666666666664,450.0,0.5760000000000001,0.5929411764705882,0.56,450.0
91,0.5407587885856628,0.8246904611587524,2.3883631229400635,0.4771111011505127,0.4771111111111111,0.4768157765491369,0.0003000000142492354,0.17640108399973542,42000.0,238093.7749796537,0.40358744394618834,0.4072398190045249,0.4,450.0,0.6745182012847964,0.6508264462809917,0.7,450.0,0.43035107587768967,0.4387990762124711,0.4222222222222222,450.0,0.346636259977195,0.3559718969555035,0.3377777777777778,450.0,0.2690992018244014,0.27634660421545665,0.26222222222222225,450.0,0.5300950369588173,0.5050301810865191,0.5577777777777778,450.0,0.27149321266968324,0.2764976958525346,0.26666666666666666,450.0,0.30800821355236135,0.2862595419847328,0.3333333333333333,450.0,0.768361581920904,0.7816091954022989,0.7555555555555555,450.0,0.5150501672240803,0.5167785234899329,0.5133333333333333,450.0,0.5200433369447454,0.507399577167019,0.5333333333333333,450.0,0.4439511653718091,0.4434589800443459,0.4444444444444444,450.0,0.649890590809628,0.6400862068965517,0.66,450.0,0.47801578354002255,0.4851258581235698,0.4711111111111111,450.0,0.5565819861431871,0.5793269230769231,0.5355555555555556,450.0,0.43333333333333335,0.43333333333333335,0.43333333333333335,450.0,0.5138427464008859,0.5121412803532008,0.5155555555555555,450.0,0.463963963963964,0.4703196347031963,0.4577777777777778,450.0,0.384180790960452,0.39080459770114945,0.37777777777777777,450.0,0.5753114382785957,0.5866050808314087,0.5644444444444444,450.0
92,0.5389328598976135,0.8255714178085327,2.3922903537750244,0.4785555601119995,0.4785555555555555,0.47901904266983014,0.0003000000142492354,0.17467629099974147,42000.0,240444.76648557966,0.40732265446224253,0.419811320754717,0.39555555555555555,450.0,0.6789989118607183,0.6652452025586354,0.6933333333333334,450.0,0.4252998909487459,0.41755888650963596,0.43333333333333335,450.0,0.3573033707865169,0.3613636363636364,0.35333333333333333,450.0,0.27144408251900104,0.2653927813163482,0.2777777777777778,450.0,0.5387131952017448,0.5289079229122056,0.5488888888888889,450.0,0.2684268426842685,0.2657952069716776,0.27111111111111114,450.0,0.3028953229398664,0.30357142857142855,0.3022222222222222,450.0,0.771850170261067,0.7888631090487239,0.7555555555555555,450.0,0.5228031145717464,0.5233853006681515,0.5222222222222223,450.0,0.5218340611353712,0.5128755364806867,0.5311111111111111,450.0,0.4429824561403509,0.43722943722943725,0.4488888888888889,450.0,0.6524663677130045,0.6583710407239819,0.6466666666666666,450.0,0.47597254004576656,0.49056603773584906,0.4622222222222222,450.0,0.5626423690205011,0.5771028037383178,0.5488888888888889,450.0,0.4271412680756396,0.42761692650334077,0.4266666666666667,450.0,0.5185185185185185,0.5238095238095238,0.5133333333333333,450.0,0.4656652360515021,0.45020746887966806,0.4822222222222222,450.0,0.39057239057239057,0.3945578231292517,0.38666666666666666,450.0,0.5775280898876405,0.5840909090909091,0.5711111111111111,450.0
93,0.537908136844635,0.8260475993156433,2.3944315910339355,0.4797777831554413,0.47977777777777775,0.4800786399923462,0.0003000000142492354,0.1855592090000755,42000.0,226342.84887463014,0.40044994375703036,0.4054669703872437,0.39555555555555555,450.0,0.6810344827586207,0.6610878661087866,0.7022222222222222,450.0,0.4332603938730854,0.4267241379310345,0.44,450.0,0.3544303797468354,0.36754176610978523,0.3422222222222222,450.0,0.27472527472527475,0.2717391304347826,0.2777777777777778,450.0,0.5361702127659574,0.5142857142857142,0.56,450.0,0.2707423580786026,0.26609442060085836,0.27555555555555555,450.0,0.3140676117775355,0.3083511777301927,0.32,450.0,0.7702702702702703,0.7808219178082192,0.76,450.0,0.5214521452145214,0.5163398692810458,0.5266666666666666,450.0,0.5207877461706785,0.5129310344827587,0.5288888888888889,450.0,0.44245810055865925,0.4449438202247191,0.44,450.0,0.6546681664791901,0.662870159453303,0.6466666666666666,450.0,0.4793577981651376,0.495260663507109,0.46444444444444444,450.0,0.5625717566016074,0.5819477434679335,0.5444444444444444,450.0,0.42905788876276957,0.4385150812064965,0.42,450.0,0.5210643015521064,0.5199115044247787,0.5222222222222223,450.0,0.4703296703296704,0.4652173913043478,0.47555555555555556,450.0,0.3863885839736554,0.38177874186550975,0.39111111111111113,450.0,0.5782857142857144,0.5952941176470589,0.5622222222222222,450.0
94,0.5363154411315918,0.8270238041877747,2.403280019760132,0.47733333706855774,0.47733333333333333,0.47777292986302233,0.0003000000142492354,0.19098199999962162,42000.0,219916.01302784143,0.40543601359003395,0.4133949191685912,0.3977777777777778,450.0,0.6818181818181818,0.6645569620253164,0.7,450.0,0.42962962962962964,0.4101010101010101,0.45111111111111113,450.0,0.3620309050772627,0.35964912280701755,0.36444444444444446,450.0,0.2741228070175439,0.27056277056277056,0.2777777777777778,450.0,0.5339074273412272,0.5177453027139874,0.5511111111111111,450.0,0.26725082146768897,0.2634989200863931,0.27111111111111114,450.0,0.3032873806998939,0.29006085192697767,0.31777777777777777,450.0,0.7655719139297847,0.7806004618937644,0.7511111111111111,450.0,0.5250800426894343,0.5051334702258727,0.5466666666666666,450.0,0.5191675794085433,0.5118790496760259,0.5266666666666666,450.0,0.4446902654867257,0.44273127753303965,0.44666666666666666,450.0,0.6527929901423878,0.6436285097192225,0.6622222222222223,450.0,0.4703247480403136,0.47404063205417607,0.4666666666666667,450.0,0.5569620253164558,0.5775656324582339,0.5377777777777778,450.0,0.42792792792792794,0.4337899543378995,0.4222222222222222,450.0,0.5158371040723982,0.5253456221198156,0.5066666666666667,450.0,0.4581005586592179,0.4606741573033708,0.45555555555555555,450.0,0.37897310513447435,0.421195652173913,0.34444444444444444,450.0,0.5825471698113207,0.6206030150753769,0.5488888888888889,450.0
95,0.5351150035858154,0.8270476460456848,2.405224323272705,0.4794444441795349,0.4794444444444445,0.4789873867965553,0.0003000000142492354,0.1765033750002658,42000.0,237955.78979686223,0.40534521158129183,0.40625,0.40444444444444444,450.0,0.6774193548387096,0.65625,0.7,450.0,0.4301075268817204,0.4166666666666667,0.4444444444444444,450.0,0.3590308370044053,0.3558951965065502,0.3622222222222222,450.0,0.275,0.2813953488372093,0.2688888888888889,450.0,0.5366379310344827,0.5209205020920502,0.5533333333333333,450.0,0.2648401826484018,0.27230046948356806,0.2577777777777778,450.0,0.3071965628356606,0.2972972972972973,0.31777777777777777,450.0,0.7702702702702703,0.7808219178082192,0.76,450.0,0.5203073545554336,0.5140997830802603,0.5266666666666666,450.0,0.5209903121636167,0.5052192066805845,0.5377777777777778,450.0,0.44571428571428573,0.4588235294117647,0.43333333333333335,450.0,0.6541850220264317,0.648471615720524,0.66,450.0,0.4744608399545971,0.48491879350348027,0.46444444444444444,450.0,0.5609195402298851,0.580952380952381,0.5422222222222223,450.0,0.428078250863061,0.4439140811455847,0.41333333333333333,450.0,0.5194228634850167,0.5188470066518847,0.52,450.0,0.46471226927252984,0.4543524416135881,0.47555555555555556,450.0,0.38687782805429866,0.39400921658986177,0.38,450.0,0.5782312925170068,0.5902777777777778,0.5666666666666667,450.0
96,0.5333105325698853,0.8272619247436523,2.4090328216552734,0.47833332419395447,0.47833333333333333,0.4788916428599994,0.0003000000142492354,0.17683691699994597,42000.0,237506.9680728082,0.4048672566371682,0.40308370044052866,0.4066666666666667,450.0,0.6848418756815704,0.6723768736616702,0.6977777777777778,450.0,0.4270386266094421,0.41286307053941906,0.44222222222222224,450.0,0.36223929747530187,0.3579175704989154,0.36666666666666664,450.0,0.27421109902067464,0.26865671641791045,0.28,450.0,0.5323435843054083,0.5091277890466531,0.5577777777777778,450.0,0.26681870011402503,0.27400468384074944,0.26,450.0,0.31082529474812437,0.3002070393374741,0.32222222222222224,450.0,0.7714932126696832,0.7857142857142857,0.7577777777777778,450.0,0.516629711751663,0.5154867256637168,0.5177777777777778,450.0,0.5140997830802603,0.5021186440677966,0.5266666666666666,450.0,0.4429967426710098,0.43312101910828027,0.4533333333333333,450.0,0.6553672316384181,0.6666666666666666,0.6444444444444445,450.0,0.47716894977168944,0.49061032863849763,0.46444444444444444,450.0,0.5628476084538375,0.5634743875278396,0.5622222222222222,450.0,0.4260089686098655,0.4298642533936652,0.4222222222222222,450.0,0.5153234960272418,0.5266821345707656,0.5044444444444445,450.0,0.4608399545970488,0.4709976798143852,0.45111111111111113,450.0,0.38747099767981436,0.4053398058252427,0.3711111111111111,450.0,0.5844004656577416,0.6136919315403423,0.5577777777777778,450.0
97,0.5317639112472534,0.826880931854248,2.4171793460845947,0.4793333411216736,0.4793333333333332,0.47864509272366595,0.0003000000142492354,0.17476795799984757,42000.0,240318.65154616404,0.39999999999999997,0.39565217391304347,0.40444444444444444,450.0,0.6773847802786709,0.6542443064182195,0.7022222222222222,450.0,0.4247787610619469,0.42290748898678415,0.4266666666666667,450.0,0.3569794050343249,0.36792452830188677,0.3466666666666667,450.0,0.2753950338600452,0.2798165137614679,0.27111111111111114,450.0,0.5331928345626975,0.5070140280561122,0.5622222222222222,450.0,0.2690992018244014,0.27634660421545665,0.26222222222222225,450.0,0.3083700440528634,0.3056768558951965,0.3111111111111111,450.0,0.7669683257918551,0.7811059907834101,0.7533333333333333,450.0,0.5247629083245522,0.49899799599198397,0.5533333333333333,450.0,0.5236523652365236,0.5185185185185185,0.5288888888888889,450.0,0.4456521739130435,0.43617021276595747,0.45555555555555555,450.0,0.654627539503386,0.6651376146788991,0.6444444444444445,450.0,0.4799081515499426,0.49643705463182897,0.46444444444444444,450.0,0.5574516496018201,0.5710955710955711,0.5444444444444444,450.0,0.4264538198403649,0.4379391100702576,0.41555555555555557,450.0,0.5086956521739131,0.4978723404255319,0.52,450.0,0.46322722283205264,0.45770065075921906,0.4688888888888889,450.0,0.3977142857142857,0.40941176470588236,0.38666666666666666,450.0,0.5785876993166286,0.5934579439252337,0.5644444444444444,450.0
98,0.5309341549873352,0.8281905055046082,2.4182116985321045,0.4772222340106964,0.4772222222222222,0.4777145771502814,0.0003000000142492354,0.176404249999905,42000.0,238089.50181201767,0.3991179713340683,0.39606126914660833,0.4022222222222222,450.0,0.6759358288770053,0.6515463917525773,0.7022222222222222,450.0,0.426550598476605,0.417910447761194,0.43555555555555553,450.0,0.3532110091743119,0.36492890995260663,0.3422222222222222,450.0,0.26550598476605003,0.2601279317697228,0.27111111111111114,450.0,0.5324813631522897,0.5112474437627812,0.5555555555555556,450.0,0.26726057906458794,0.26785714285714285,0.26666666666666666,450.0,0.3091684434968017,0.29713114754098363,0.32222222222222224,450.0,0.7647058823529411,0.7788018433179723,0.7511111111111111,450.0,0.5215469613259668,0.5186813186813187,0.5244444444444445,450.0,0.5225027442371021,0.5162689804772235,0.5288888888888889,450.0,0.44124168514412415,0.44026548672566373,0.44222222222222224,450.0,0.6523216308040769,0.6651270207852193,0.64,450.0,0.4808362369337979,0.5036496350364964,0.46,450.0,0.5592635212888377,0.5799522673031027,0.54,450.0,0.42873176206509533,0.4331065759637188,0.42444444444444446,450.0,0.5142231947483589,0.5064655172413793,0.5222222222222223,450.0,0.47005649717514125,0.4781609195402299,0.4622222222222222,450.0,0.3887640449438202,0.3931818181818182,0.3844444444444444,450.0,0.580865603644647,0.5957943925233645,0.5666666666666667,450.0
99,0.5289608240127563,0.8290476202964783,2.4229626655578613,0.47866666316986084,0.47866666666666663,0.4782933020383372,0.0003000000142492354,0.177445333000378,42000.0,236692.61563453195,0.40567066521264994,0.39828693790149894,0.41333333333333333,450.0,0.6752688172043012,0.6541666666666667,0.6977777777777778,450.0,0.4271631982475356,0.42116630669546434,0.43333333333333335,450.0,0.35119726339794755,0.36065573770491804,0.3422222222222222,450.0,0.2753950338600452,0.2798165137614679,0.27111111111111114,450.0,0.5306971904266389,0.49902152641878667,0.5666666666666667,450.0,0.26712328767123283,0.2746478873239437,0.26,450.0,0.31763417305585984,0.31317494600431967,0.32222222222222224,450.0,0.7671541057367829,0.7767653758542141,0.7577777777777778,450.0,0.5164113785557988,0.5086206896551724,0.5244444444444445,450.0,0.5225027442371021,0.5162689804772235,0.5288888888888889,450.0,0.44269662921348313,0.44772727272727275,0.43777777777777777,450.0,0.6569178852643419,0.6651480637813212,0.6488888888888888,450.0,0.47729918509895225,0.5012224938875306,0.45555555555555555,450.0,0.5615650172612199,0.5823389021479713,0.5422222222222223,450.0,0.4295154185022027,0.425764192139738,0.43333333333333335,450.0,0.5093715545755237,0.5054704595185996,0.5133333333333333,450.0,0.46794150731158607,0.47380410022779046,0.4622222222222222,450.0,0.3864628820960699,0.3798283261802575,0.3933333333333333,450.0,0.5778781038374717,0.5871559633027523,0.5688888888888889,450.0
100,0.5276098847389221,0.8293571472167969,2.4290664196014404,0.47699999809265137,0.477,0.4773811087394412,0.0003000000142492354,0.17668441699970572,42000.0,237711.96528367273,0.39999999999999997,0.3894736842105263,0.4111111111111111,450.0,0.6796536796536797,0.6624472573839663,0.6977777777777778,450.0,0.42337375964718854,0.4201312910284464,0.4266666666666667,450.0,0.35616438356164387,0.36619718309859156,0.3466666666666667,450.0,0.2663706992230855,0.2660753880266075,0.26666666666666666,450.0,0.5363247863247863,0.5164609053497943,0.5577777777777778,450.0,0.2683982683982684,0.2616033755274262,0.27555555555555555,450.0,0.3054626532887403,0.30648769574944074,0.30444444444444446,450.0,0.7678369195922989,0.7829099307159353,0.7533333333333333,450.0,0.5250544662309369,0.5149572649572649,0.5355555555555556,450.0,0.5212649945474372,0.5117773019271948,0.5311111111111111,450.0,0.44420368364030344,0.4334038054968288,0.45555555555555555,450.0,0.6554433221099887,0.6621315192743764,0.6488888888888888,450.0,0.4784130688448075,0.5036855036855037,0.45555555555555555,450.0,0.5504587155963302,0.5687203791469194,0.5333333333333333,450.0,0.42505592841163314,0.42792792792792794,0.4222222222222222,450.0,0.5144124168514412,0.5132743362831859,0.5155555555555555,450.0,0.4639289678135406,0.4634146341463415,0.46444444444444444,450.0,0.3900789177001127,0.39588100686498856,0.3844444444444444,450.0,0.5757225433526012,0.6,0.5533333333333333,450.0
