epoch,loss,accuracy,val_loss,val_accuracy,val_balanced_accuracy,val_macro_f1,learning_rate,epoch_seconds,train_examples,train_examples_per_second,val_class_0_f1,val_class_0_precision,val_class_0_recall,val_class_0_support,val_class_10_f1,val_class_10_precision,val_class_10_recall,val_class_10_support,val_class_11_f1,val_class_11_precision,val_class_11_recall,val_class_11_support,val_class_12_f1,val_class_12_precision,val_class_12_recall,val_class_12_support,val_class_13_f1,val_class_13_precision,val_class_13_recall,val_class_13_support,val_class_14_f1,val_class_14_precision,val_class_14_recall,val_class_14_support,val_class_15_f1,val_class_15_precision,val_class_15_recall,val_class_15_support,val_class_16_f1,val_class_16_precision,val_class_16_recall,val_class_16_support,val_class_17_f1,val_class_17_precision,val_class_17_recall,val_class_17_support,val_class_18_f1,val_class_18_precision,val_class_18_recall,val_class_18_support,val_class_19_f1,val_class_19_precision,val_class_19_recall,val_class_19_support,val_class_1_f1,val_class_1_precision,val_class_1_recall,val_class_1_support,val_class_20_f1,val_class_20_precision,val_class_20_recall,val_class_20_support,val_class_21_f1,val_class_21_precision,val_class_21_recall,val_class_21_support,val_class_22_f1,val_class_22_precision,val_class_22_recall,val_class_22_support,val_class_23_f1,val_class_23_precision,val_class_23_recall,val_class_23_support,val_class_24_f1,val_class_24_precision,val_class_24_recall,val_class_24_support,val_class_25_f1,val_class_25_precision,val_class_25_recall,val_class_25_support,val_class_26_f1,val_class_26_precision,val_class_26_recall,val_class_26_support,val_class_27_f1,val_class_27_precision,val_class_27_recall,val_class_27_support,val_class_28_f1,val_class_28_precision,val_class_28_recall,val_class_28_support,val_class_29_f1,val_class_29_precision,val_class_29_recall,val_class_29_support,val_class_2_f1,val_class_2_precision,val_class_2_recall,val_class_2_support,val_class_30_f1,val_class_30_precision,val_class_30_recall,val_class_30_support,val_class_31_f1,val_class_31_precision,val_class_31_recall,val_class_31_support,val_class_32_f1,val_class_32_precision,val_class_32_recall,val_class_32_support,val_class_33_f1,val_class_33_precision,val_class_33_recall,val_class_33_support,val_class_34_f1,val_class_34_precision,val_class_34_recall,val_class_34_support,val_class_35_f1,val_class_35_precision,val_class_35_recall,val_class_35_support,val_class_36_f1,val_class_36_precision,val_class_36_recall,val_class_36_support,val_class_37_f1,val_class_37_precision,val_class_37_recall,val_class_37_support,val_class_38_f1,val_class_38_precision,val_class_38_recall,val_class_38_support,val_class_39_f1,val_class_39_precision,val_class_39_recall,val_class_39_support,val_class_3_f1,val_class_3_precision,val_class_3_recall,val_class_3_support,val_class_40_f1,val_class_40_precision,val_class_40_recall,val_class_40_support,val_class_41_f1,val_class_41_precision,val_class_41_recall,val_class_41_support,val_class_42_f1,val_class_42_precision,val_class_42_recall,val_class_42_support,val_class_4_f1,val_class_4_precision,val_class_4_recall,val_class_4_support,val_class_5_f1,val_class_5_precision,val_class_5_recall,val_class_5_support,val_class_6_f1,val_class_6_precision,val_class_6_recall,val_class_6_support,val_class_7_f1,val_class_7_precision,val_class_7_recall,val_class_7_support,val_class_8_f1,val_class_8_precision,val_class_8_recall,val_class_8_support,val_class_9_f1,val_class_9_precision,val_class_9_recall,val_class_9_support
1,2.7918894290924072,0.5635708570480347,1.8837727308273315,0.79458087682724,0.5034168201545772,0.4828013235808697,0.0003000000142492354,0.4113561670001218,27489.0,66825.3017828024,0.0,0.0,0.0,32.0,0.9292307692307692,0.867816091954023,1.0,302.0,0.8074534161490684,0.6842105263157895,0.9848484848484849,198.0,0.9117221418234442,0.8377659574468085,1.0,315.0,0.8972222222222223,0.8156565656565656,0.9969135802469136,324.0,0.7920792079207921,1.0,0.6557377049180327,122.0,0.4473684210526315,0.38345864661654133,0.5368421052631579,95.0,0.0,0.0,0.0,68.0,0.9940476190476192,0.9881656804733728,1.0,167.0,0.9518716577540107,0.9175257731958762,0.9888888888888889,180.0,0.0,0.0,0.0,32.0,0.9386590584878745,0.8940217391304348,0.987987987987988,333.0,0.0,0.0,0.0,50.0,0.4931506849315068,0.782608695652174,0.36,50.0,0.3611111111111111,1.0,0.22033898305084745,59.0,0.5045045045045046,0.8235294117647058,0.36363636363636365,77.0,0.0,0.0,0.0,41.0,0.7223113964686998,0.5653266331658291,1.0,225.0,0.0,0.0,0.0,90.0,0.0,0.0,0.0,36.0,0.7480916030534351,0.9074074074074074,0.6363636363636364,77.0,0.5357142857142857,1.0,0.36585365853658536,41.0,0.96987087517934,0.9415041782729805,1.0,338.0,0.0,0.0,0.0,68.0,0.8500000000000001,0.7531645569620253,0.9754098360655737,122.0,0.0,0.0,0.0,36.0,0.2222222222222222,1.0,0.125,104.0,0.0,0.0,0.0,63.0,0.8530805687203791,0.743801652892562,1.0,180.0,0.0,0.0,0.0,59.0,0.0,0.0,0.0,32.0,0.8041775456919059,0.676923076923077,0.9903536977491961,311.0,0.0,0.0,0.0,45.0,0.9174311926605505,0.8928571428571429,0.9433962264150944,212.0,0.7012987012987013,1.0,0.54,50.0,0.0,0.0,0.0,36.0,0.0,0.0,0.0,41.0,0.9124423963133641,0.8389830508474576,1.0,297.0,0.869701726844584,0.7847025495750708,0.9753521126760564,284.0,0.0,0.0,0.0,68.0,0.8045540796963947,0.6730158730158731,1.0,212.0,0.8945147679324894,0.8091603053435115,1.0,212.0,0.9266247379454927,0.86328125,1.0,221.0
2,1.3612340688705444,0.8606351613998413,0.9917305707931519,0.8973751068115234,0.6986664232712658,0.6797626447652506,0.0003000000142492354,0.12041233399986595,27489.0,228290.56697821838,0.0,0.0,0.0,32.0,0.9869281045751634,0.9741935483870968,1.0,302.0,0.8571428571428571,0.7587548638132295,0.9848484848484849,198.0,0.9984101748807631,1.0,0.9968253968253968,315.0,0.9294964028776979,0.8706199460916442,0.9969135802469136,324.0,0.9959183673469388,0.991869918699187,1.0,122.0,0.9215686274509803,0.8623853211009175,0.9894736842105263,95.0,0.8661417322834646,0.9322033898305084,0.8088235294117647,68.0,0.9970149253731343,0.9940476190476191,1.0,167.0,0.9944134078212291,1.0,0.9888888888888889,180.0,0.0,0.0,0.0,32.0,0.987987987987988,0.987987987987988,0.987987987987988,333.0,0.0,0.0,0.0,50.0,0.6111111111111112,0.5689655172413793,0.66,50.0,0.9074074074074074,1.0,0.8305084745762712,59.0,0.9125,0.8795180722891566,0.948051948051948,77.0,0.0,0.0,0.0,41.0,0.8333333333333333,0.7142857142857143,1.0,225.0,0.983050847457627,1.0,0.9666666666666667,90.0,0.0,0.0,0.0,36.0,0.8735632183908045,0.7835051546391752,0.987012987012987,77.0,0.9069767441860465,0.8666666666666667,0.9512195121951219,41.0,0.9941176470588234,0.9883040935672515,1.0,338.0,0.13698630136986303,1.0,0.07352941176470588,68.0,0.8621908127208481,0.7577639751552795,1.0,122.0,0.0,0.0,0.0,36.0,0.9417475728155339,0.9509803921568627,0.9326923076923077,104.0,0.0,0.0,0.0,63.0,0.9625668449197862,0.9278350515463918,1.0,180.0,0.8640000000000001,0.8181818181818182,0.9152542372881356,59.0,0.0,0.0,0.0,32.0,0.8898426323319027,0.8015463917525774,1.0,311.0,0.0,0.0,0.0,45.0,0.9330357142857143,0.885593220338983,0.9858490566037735,212.0,0.9795918367346939,1.0,0.96,50.0,0.8387096774193548,1.0,0.7222222222222222,36.0,0.0,0.0,0.0,41.0,0.9354330708661417,0.878698224852071,1.0,297.0,0.9155844155844155,0.8493975903614458,0.9929577464788732,284.0,0.49019607843137264,0.7352941176470589,0.36764705882352944,68.0,0.9791183294663572,0.9634703196347032,0.9952830188679245,212.0,0.9658314350797266,0.933920704845815,1.0,212.0,0.9778761061946903,0.9567099567099567,1.0,221.0
3,0.7661829590797424,0.9169849753379822,0.6144643425941467,0.929043173789978,0.7697787518626563,0.74885371251293,0.0003000000142492354,0.12254083299967533,27489.0,224325.22553582472,0.0,0.0,0.0,32.0,1.0,1.0,1.0,302.0,0.9680589680589681,0.9425837320574163,0.9949494949494949,198.0,0.9984101748807631,1.0,0.9968253968253968,315.0,0.952802359882006,0.9124293785310734,0.9969135802469136,324.0,0.9959183673469388,0.991869918699187,1.0,122.0,0.9494949494949495,0.912621359223301,0.9894736842105263,95.0,0.9496402877697842,0.9295774647887324,0.9705882352941176,68.0,0.9970149253731343,0.9940476190476191,1.0,167.0,0.9916897506925207,0.988950276243094,0.9944444444444445,180.0,0.0,0.0,0.0,32.0,0.9835575485799701,0.9791666666666666,0.987987987987988,333.0,0.7058823529411764,0.8571428571428571,0.6,50.0,0.736842105263158,0.65625,0.84,50.0,1.0,1.0,1.0,59.0,0.8888888888888888,0.8085106382978723,0.987012987012987,77.0,0.0,0.0,0.0,41.0,0.8928571428571428,0.8064516129032258,1.0,225.0,0.994475138121547,0.989010989010989,1.0,90.0,0.0,0.0,0.0,36.0,0.8651685393258427,0.7623762376237624,1.0,77.0,0.9876543209876543,1.0,0.975609756097561,41.0,0.9941176470588234,0.9883040935672515,1.0,338.0,0.9206349206349206,1.0,0.8529411764705882,68.0,0.9644268774703557,0.9312977099236641,1.0,122.0,0.0,0.0,0.0,36.0,0.8571428571428572,0.7611940298507462,0.9807692307692307,104.0,0.0,0.0,0.0,63.0,0.989010989010989,0.9782608695652174,1.0,180.0,0.8111888111888111,0.6904761904761905,0.9830508474576272,59.0,0.0,0.0,0.0,32.0,0.9174041297935103,0.8474114441416893,1.0,311.0,0.0,0.0,0.0,45.0,0.9589041095890412,0.9292035398230089,0.9905660377358491,212.0,0.98989898989899,1.0,0.98,50.0,0.9411764705882353,1.0,0.8888888888888888,36.0,0.2553191489361702,1.0,0.14634146341463414,41.0,0.9398734177215191,0.8865671641791045,1.0,297.0,0.9757785467128027,0.9591836734693877,0.9929577464788732,284.0,0.8552631578947368,0.7738095238095238,0.9558823529411765,68.0,0.9906103286384976,0.985981308411215,0.9952830188679245,212.0,0.9883449883449883,0.9769585253456221,1.0,212.0,0.9932584269662922,0.9866071428571429,1.0,221.0
4,0.49331989884376526,0.9408490657806396,0.4193095564842224,0.9488568902015686,0.8277679629885617,0.8190667735939585,0.0003000000142492354,0.12152654100009386,27489.0,226197.50199241473,0.0,0.0,0.0,32.0,0.9983471074380166,0.9966996699669967,1.0,302.0,0.9752475247524751,0.9563106796116505,0.9949494949494949,198.0,0.9984101748807631,1.0,0.9968253968253968,315.0,0.9670658682634732,0.938953488372093,0.9969135802469136,324.0,0.9959183673469388,0.991869918699187,1.0,122.0,0.9947089947089947,1.0,0.9894736842105263,95.0,0.9784172661870503,0.9577464788732394,1.0,68.0,0.9970149253731343,0.9940476190476191,1.0,167.0,0.994475138121547,0.989010989010989,1.0,180.0,0.0,0.0,0.0,32.0,0.982089552238806,0.9762611275964391,0.987987987987988,333.0,0.8598130841121495,0.8070175438596491,0.92,50.0,0.9215686274509804,0.9038461538461539,0.94,50.0,1.0,1.0,1.0,59.0,0.8901734104046243,0.8020833333333334,1.0,77.0,0.047619047619047616,1.0,0.024390243902439025,41.0,0.9375,0.8823529411764706,1.0,225.0,0.994475138121547,0.989010989010989,1.0,90.0,0.2857142857142857,1.0,0.16666666666666666,36.0,0.846153846153846,0.7333333333333333,1.0,77.0,0.9876543209876543,1.0,0.975609756097561,41.0,0.9941176470588234,0.9883040935672515,1.0,338.0,0.9705882352941176,0.9705882352941176,0.9705882352941176,68.0,0.9959183673469388,0.991869918699187,1.0,122.0,0.4347826086956522,1.0,0.2777777777777778,36.0,0.859504132231405,0.7536231884057971,1.0,104.0,0.14705882352941177,1.0,0.07936507936507936,63.0,0.994475138121547,0.989010989010989,1.0,180.0,0.8194444444444444,0.6941176470588235,1.0,59.0,0.06060606060606061,1.0,0.03125,32.0,0.9598765432098766,0.9228486646884273,1.0,311.0,0.7671232876712328,1.0,0.6222222222222222,45.0,0.9929411764705881,0.9906103286384976,0.9952830188679245,212.0,0.98,0.98,0.98,50.0,0.9714285714285714,1.0,0.9444444444444444,36.0,0.8285714285714285,1.0,0.7073170731707317,41.0,0.945859872611465,0.8972809667673716,1.0,297.0,0.9860139860139859,0.9791666666666666,0.9929577464788732,284.0,0.8662420382165604,0.7640449438202247,1.0,68.0,0.9953051643192489,0.9906542056074766,1.0,212.0,0.9976470588235293,0.9953051643192489,1.0,212.0,1.0,1.0,1.0,221.0
5,0.34026867151260376,0.965586245059967,0.30069297552108765,0.9751058220863342,0.9185224966038609,0.9239196752088966,0.0003000000142492354,0.12160929200035753,27489.0,226043.5822611251,0.6530612244897959,0.9411764705882353,0.5,32.0,0.9983471074380166,0.9966996699669967,1.0,302.0,0.9949494949494949,0.9949494949494949,0.9949494949494949,198.0,0.9984101748807631,1.0,0.9968253968253968,315.0,0.9817629179331306,0.9670658682634731,0.9969135802469136,324.0,0.9959183673469388,0.991869918699187,1.0,122.0,0.9947089947089947,1.0,0.9894736842105263,95.0,0.9927007299270074,0.9855072463768116,1.0,68.0,0.9970149253731343,0.9940476190476191,1.0,167.0,0.9972299168975068,0.994475138121547,1.0,180.0,0.0,0.0,0.0,32.0,0.9865067466266867,0.9850299401197605,0.987987987987988,333.0,0.8421052631578947,0.75,0.96,50.0,0.9504950495049505,0.9411764705882353,0.96,50.0,1.0,1.0,1.0,59.0,0.911242603550296,0.8369565217391305,1.0,77.0,0.6984126984126985,1.0,0.5365853658536586,41.0,0.989010989010989,0.9782608695652174,1.0,225.0,1.0,1.0,1.0,90.0,0.9565217391304348,1.0,0.9166666666666666,36.0,0.9005847953216375,0.8191489361702128,1.0,77.0,0.9876543209876543,1.0,0.975609756097561,41.0,0.9941176470588234,0.9883040935672515,1.0,338.0,0.9710144927536232,0.9571428571428572,0.9852941176470589,68.0,0.9959183673469388,0.991869918699187,1.0,122.0,0.9565217391304348,1.0,0.9166666666666666,36.0,0.9162995594713657,0.8455284552845529,1.0,104.0,0.6595744680851063,1.0,0.49206349206349204,63.0,0.9972299168975068,0.994475138121547,1.0,180.0,0.8939393939393939,0.8082191780821918,1.0,59.0,0.6938775510204082,1.0,0.53125,32.0,0.9857369255150555,0.971875,1.0,311.0,0.9411764705882353,1.0,0.8888888888888888,45.0,0.9952830188679245,0.9952830188679245,0.9952830188679245,212.0,0.98989898989899,1.0,0.98,50.0,0.9859154929577464,1.0,0.9722222222222222,36.0,0.9620253164556963,1.0,0.926829268292683,41.0,0.9818181818181818,0.9642857142857143,1.0,297.0,0.9912126537785588,0.9894736842105263,0.9929577464788732,284.0,0.9927007299270074,0.9855072463768116,1.0,68.0,1.0,1.0,1.0,212.0,0.9976470588235293,0.9953051643192489,1.0,212.0,1.0,1.0,1.0,221.0
6,0.2435247153043747,0.9864309430122375,0.22304140031337738,0.9876375794410706,0.9621346292559821,0.9648780733102398,0.0003000000142492354,0.1199185839996062,27489.0,229230.52527113122,0.9508196721311475,1.0,0.90625,32.0,0.9983471074380166,0.9966996699669967,1.0,302.0,0.9949494949494949,0.9949494949494949,0.9949494949494949,198.0,1.0,1.0,1.0,315.0,0.9953775038520801,0.9938461538461538,0.9969135802469136,324.0,0.9959183673469388,0.991869918699187,1.0,122.0,0.9947089947089947,1.0,0.9894736842105263,95.0,1.0,1.0,1.0,68.0,0.9970149253731343,0.9940476190476191,1.0,167.0,0.9944444444444445,0.9944444444444445,0.9944444444444445,180.0,0.3157894736842105,1.0,0.1875,32.0,0.9939577039274925,1.0,0.987987987987988,333.0,0.8521739130434782,0.7538461538461538,0.98,50.0,0.9696969696969697,0.9795918367346939,0.96,50.0,1.0,1.0,1.0,59.0,0.9333333333333333,0.875,1.0,77.0,0.9620253164556963,1.0,0.926829268292683,41.0,0.9933481152993349,0.9911504424778761,0.9955555555555555,225.0,1.0,1.0,1.0,90.0,0.9577464788732395,0.9714285714285714,0.9444444444444444,36.0,0.980891719745223,0.9625,1.0,77.0,0.9876543209876543,1.0,0.975609756097561,41.0,0.9941176470588234,0.9883040935672515,1.0,338.0,0.9710144927536232,0.9571428571428572,0.9852941176470589,68.0,0.9959183673469388,0.991869918699187,1.0,122.0,1.0,1.0,1.0,36.0,0.9493087557603687,0.911504424778761,0.9903846153846154,104.0,0.8869565217391304,0.9807692307692307,0.8095238095238095,63.0,0.9972299168975068,0.994475138121547,1.0,180.0,0.9752066115702479,0.9516129032258065,1.0,59.0,0.9333333333333333,1.0,0.875,32.0,0.9952,0.9904458598726115,1.0,311.0,0.9772727272727273,1.0,0.9555555555555556,45.0,0.9952830188679245,0.9952830188679245,0.9952830188679245,212.0,0.98989898989899,1.0,0.98,50.0,0.9859154929577464,1.0,0.9722222222222222,36.0,0.9876543209876543,1.0,0.975609756097561,41.0,0.9966442953020134,0.9933110367892977,1.0,297.0,0.9929577464788732,0.9929577464788732,0.9929577464788732,284.0,1.0,1.0,1.0,68.0,1.0,1.0,1.0,212.0,0.9976470588235293,0.9953051643192489,1.0,212.0,1.0,1.0,1.0,221.0
7,0.1793830692768097,0.9947251677513123,0.17045922577381134,0.9920406341552734,0.9776885867058556,0.9803696314727254,0.0003000000142492354,0.11976370799993674,27489.0,229526.9615400896,0.9523809523809523,0.967741935483871,0.9375,32.0,0.9983471074380166,0.9966996699669967,1.0,302.0,0.9974683544303797,1.0,0.9949494949494949,198.0,1.0,1.0,1.0,315.0,0.9984544049459042,1.0,0.9969135802469136,324.0,1.0,1.0,1.0,122.0,0.9947089947089947,1.0,0.9894736842105263,95.0,1.0,1.0,1.0,68.0,0.9970149253731343,0.9940476190476191,1.0,167.0,0.9944444444444445,0.9944444444444445,0.9944444444444445,180.0,0.6938775510204082,1.0,0.53125,32.0,0.9939577039274925,1.0,0.987987987987988,333.0,0.882882882882883,0.8032786885245902,0.98,50.0,0.9696969696969697,0.9795918367346939,0.96,50.0,1.0,1.0,1.0,59.0,0.9746835443037974,0.9506172839506173,1.0,77.0,0.9629629629629629,0.975,0.9512195121951219,41.0,0.9955555555555555,0.9955555555555555,0.9955555555555555,225.0,1.0,1.0,1.0,90.0,0.9863013698630138,0.972972972972973,1.0,36.0,0.9935483870967742,0.9871794871794872,1.0,77.0,1.0,1.0,1.0,41.0,0.9941176470588234,0.9883040935672515,1.0,338.0,0.9710144927536232,0.9571428571428572,0.9852941176470589,68.0,0.9959183673469388,0.991869918699187,1.0,122.0,1.0,1.0,1.0,36.0,0.976303317535545,0.9626168224299065,0.9903846153846154,104.0,0.9593495934959351,0.9833333333333333,0.9365079365079365,63.0,1.0,1.0,1.0,180.0,0.9833333333333333,0.9672131147540983,1.0,59.0,0.967741935483871,1.0,0.9375,32.0,0.9952,0.9904458598726115,1.0,311.0,0.9772727272727273,1.0,0.9555555555555556,45.0,0.9952830188679245,0.9952830188679245,0.9952830188679245,212.0,0.98989898989899,1.0,0.98,50.0,0.9859154929577464,1.0,0.9722222222222222,36.0,0.9876543209876543,1.0,0.975609756097561,41.0,1.0,1.0,1.0,297.0,0.9929577464788732,0.9929577464788732,0.9929577464788732,284.0,1.0,1.0,1.0,68.0,1.0,1.0,1.0,212.0,0.9976470588235293,0.9953051643192489,1.0,212.0,1.0,1.0,1.0,221.0
8,0.1354633867740631,0.9981811046600342,0.13379168510437012,0.994580864906311,0.9871171288733371,0.9888517084327794,0.0003000000142492354,0.12039520799999082,27489.0,228323.04089712686,0.9841269841269841,1.0,0.96875,32.0,0.9983471074380166,0.9966996699669967,1.0,302.0,0.9974683544303797,1.0,0.9949494949494949,198.0,1.0,1.0,1.0,315.0,0.9984544049459042,1.0,0.9969135802469136,324.0,1.0,1.0,1.0,122.0,0.9947089947089947,1.0,0.9894736842105263,95.0,1.0,1.0,1.0,68.0,0.9970149253731343,0.9940476190476191,1.0,167.0,0.9944444444444445,0.9944444444444445,0.9944444444444445,180.0,0.8363636363636363,1.0,0.71875,32.0,0.9939577039274925,1.0,0.987987987987988,333.0,0.9074074074074074,0.8448275862068966,0.98,50.0,0.9696969696969697,0.9795918367346939,0.96,50.0,1.0,1.0,1.0,59.0,0.9935483870967742,0.9871794871794872,1.0,77.0,1.0,1.0,1.0,41.0,0.9955555555555555,0.9955555555555555,0.9955555555555555,225.0,1.0,1.0,1.0,90.0,0.9863013698630138,0.972972972972973,1.0,36.0,1.0,1.0,1.0,77.0,1.0,1.0,1.0,41.0,0.9941176470588234,0.9883040935672515,1.0,338.0,0.9710144927536232,0.9571428571428572,0.9852941176470589,68.0,0.9959183673469388,0.991869918699187,1.0,122.0,1.0,1.0,1.0,36.0,0.9903846153846154,0.9903846153846154,0.9903846153846154,104.0,0.9841269841269841,0.9841269841269841,0.9841269841269841,63.0,1.0,1.0,1.0,180.0,1.0,1.0,1.0,59.0,1.0,1.0,1.0,32.0,0.9952,0.9904458598726115,1.0,311.0,0.9772727272727273,1.0,0.9555555555555556,45.0,0.9952830188679245,0.9952830188679245,0.9952830188679245,212.0,0.98989898989899,1.0,0.98,50.0,1.0,1.0,1.0,36.0,0.9876543209876543,1.0,0.975609756097561,41.0,1.0,1.0,1.0,297.0,0.9947089947089947,0.9964664310954063,0.9929577464788732,284.0,1.0,1.0,1.0,68.0,1.0,1.0,1.0,212.0,0.9976470588235293,0.9953051643192489,1.0,212.0,1.0,1.0,1.0,221.0
9,0.10473219305276871,0.9989814162254333,0.10749561339616776,0.995766282081604,0.9917831810571147,0.9928468892438144,0.0003000000142492354,0.12088637499982724,27489.0,227395.3536950652,0.9841269841269841,1.0,0.96875,32.0,0.9983471074380166,0.9966996699669967,1.0,302.0,0.9974683544303797,1.0,0.9949494949494949,198.0,1.0,1.0,1.0,315.0,0.9984544049459042,1.0,0.9969135802469136,324.0,1.0,1.0,1.0,122.0,0.9947089947089947,1.0,0.9894736842105263,95.0,1.0,1.0,1.0,68.0,0.9970149253731343,0.9940476190476191,1.0,167.0,0.9944444444444445,0.9944444444444445,0.9944444444444445,180.0,0.9333333333333333,1.0,0.875,32.0,0.9939577039274925,1.0,0.987987987987988,333.0,0.9514563106796116,0.9245283018867925,0.98,50.0,0.98,0.98,0.98,50.0,1.0,1.0,1.0,59.0,0.9935483870967742,0.9871794871794872,1.0,77.0,1.0,1.0,1.0,41.0,0.9955555555555555,0.9955555555555555,0.9955555555555555,225.0,1.0,1.0,1.0,90.0,0.9863013698630138,0.972972972972973,1.0,36.0,1.0,1.0,1.0,77.0,1.0,1.0,1.0,41.0,0.9941176470588234,0.9883040935672515,1.0,338.0,0.9852941176470589,0.9852941176470589,0.9852941176470589,68.0,0.9959183673469388,0.991869918699187,1.0,122.0,1.0,1.0,1.0,36.0,0.9903846153846154,0.9903846153846154,0.9903846153846154,104.0,0.9763779527559054,0.96875,0.9841269841269841,63.0,1.0,1.0,1.0,180.0,1.0,1.0,1.0,59.0,1.0,1.0,1.0,32.0,0.9967948717948718,0.9936102236421726,1.0,311.0,0.9772727272727273,1.0,0.9555555555555556,45.0,0.9952830188679245,0.9952830188679245,0.9952830188679245,212.0,0.98989898989899,1.0,0.98,50.0,1.0,1.0,1.0,36.0,1.0,1.0,1.0,41.0,1.0,1.0,1.0,297.0,0.9947089947089947,0.9964664310954063,0.9929577464788732,284.0,1.0,1.0,1.0,68.0,1.0,1.0,1.0,212.0,0.9976470588235293,0.9953051643192489,1.0,212.0,1.0,1.0,1.0,221.0
10,0.08277184516191483,0.9992360472679138,0.08847364038228989,0.9961050152778625,0.9932366694292077,0.9940852455501842,0.0003000000142492354,0.11916912499964383,27489.0,230672.1644560381,0.9841269841269841,1.0,0.96875,32.0,0.9983471074380166,0.9966996699669967,1.0,302.0,0.9974683544303797,1.0,0.9949494949494949,198.0,1.0,1.0,1.0,315.0,0.9984544049459042,1.0,0.9969135802469136,324.0,1.0,1.0,1.0,122.0,0.9947089947089947,1.0,0.9894736842105263,95.0,1.0,1.0,1.0,68.0,0.9970149253731343,0.9940476190476191,1.0,167.0,0.9944444444444445,0.9944444444444445,0.9944444444444445,180.0,0.967741935483871,1.0,0.9375,32.0,0.9939577039274925,1.0,0.987987987987988,333.0,0.9702970297029702,0.9607843137254902,0.98,50.0,0.98,0.98,0.98,50.0,1.0,1.0,1.0,59.0,0.9935483870967742,0.9871794871794872,1.0,77.0,1.0,1.0,1.0,41.0,0.9955555555555555,0.9955555555555555,0.9955555555555555,225.0,1.0,1.0,1.0,90.0,0.9863013698630138,0.972972972972973,1.0,36.0,1.0,1.0,1.0,77.0,1.0,1.0,1.0,41.0,0.9941176470588234,0.9883040935672515,1.0,338.0,0.9852941176470589,0.9852941176470589,0.9852941176470589,68.0,0.9959183673469388,0.991869918699187,1.0,122.0,1.0,1.0,1.0,36.0,0.9903846153846154,0.9903846153846154,0.9903846153846154,104.0,0.9763779527559054,0.96875,0.9841269841269841,63.0,1.0,1.0,1.0,180.0,1.0,1.0,1.0,59.0,1.0,1.0,1.0,32.0,0.9967948717948718,0.9936102236421726,1.0,311.0,0.9772727272727273,1.0,0.9555555555555556,45.0,0.9952830188679245,0.9952830188679245,0.9952830188679245,212.0,0.98989898989899,1.0,0.98,50.0,1.0,1.0,1.0,36.0,1.0,1.0,1.0,41.0,1.0,1.0,1.0,297.0,0.9947089947089947,0.9964664310954063,0.9929577464788732,284.0,1.0,1.0,1.0,68.0,1.0,1.0,1.0,212.0,0.9976470588235293,0.9953051643192489,1.0,212.0,1.0,1.0,1.0,221.0
11,0.06672670692205429,0.9994543194770813,0.07426618784666061,0.9962743520736694,0.9939634136152542,0.9944928248161143,0.0003000000142492354,0.12198225000020102,27489.0,225352.45906641908,1.0,1.0,1.0,32.0,1.0,1.0,1.0,302.0,0.9974683544303797,1.0,0.9949494949494949,198.0,1.0,1.0,1.0,315.0,0.9984544049459042,1.0,0.9969135802469136,324.0,1.0,1.0,1.0,122.0,0.9947089947089947,1.0,0.9894736842105263,95.0,1.0,1.0,1.0,68.0,0.9970149253731343,0.9940476190476191,1.0,167.0,0.9944444444444445,0.9944444444444445,0.9944444444444445,180.0,0.967741935483871,1.0,0.9375,32.0,0.9939577039274925,1.0,0.987987987987988,333.0,0.9702970297029702,0.9607843137254902,0.98,50.0,0.98,0.98,0.98,50.0,1.0,1.0,1.0,59.0,0.9935483870967742,0.9871794871794872,1.0,77.0,1.0,1.0,1.0,41.0,0.9955555555555555,0.9955555555555555,0.9955555555555555,225.0,1.0,1.0,1.0,90.0,0.9863013698630138,0.972972972972973,1.0,36.0,1.0,1.0,1.0,77.0,1.0,1.0,1.0,41.0,0.9941176470588234,0.9883040935672515,1.0,338.0,0.9852941176470589,0.9852941176470589,0.9852941176470589,68.0,0.9959183673469388,0.991869918699187,1.0,122.0,1.0,1.0,1.0,36.0,0.9903846153846154,0.9903846153846154,0.9903846153846154,104.0,0.9763779527559054,0.96875,0.9841269841269841,63.0,1.0,1.0,1.0,180.0,1.0,1.0,1.0,59.0,1.0,1.0,1.0,32.0,0.9967948717948718,0.9936102236421726,1.0,311.0,0.9772727272727273,1.0,0.9555555555555556,45.0,0.9952830188679245,0.9952830188679245,0.9952830188679245,212.0,0.98989898989899,1.0,0.98,50.0,1.0,1.0,1.0,36.0,1.0,1.0,1.0,41.0,1.0,1.0,1.0,297.0,0.9947089947089947,0.9964664310954063,0.9929577464788732,284.0,1.0,1.0,1.0,68.0,1.0,1.0,1.0,212.0,0.9976470588235293,0.9953051643192489,1.0,212.0,1.0,1.0,1.0,221.0
12,0.05469759553670883,0.9996362328529358,0.06347865611314774,0.9961050152778625,0.9942886255764073,0.9947281090549843,0.0003000000142492354,0.11988795800016305,27489.0,229289.08339537,1.0,1.0,1.0,32.0,1.0,1.0,1.0,302.0,0.9974683544303797,1.0,0.9949494949494949,198.0,1.0,1.0,1.0,315.0,0.9984544049459042,1.0,0.9969135802469136,324.0,1.0,1.0,1.0,122.0,0.9947089947089947,1.0,0.9894736842105263,95.0,1.0,1.0,1.0,68.0,0.9970149253731343,0.9940476190476191,1.0,167.0,0.9944444444444445,0.9944444444444445,0.9944444444444445,180.0,0.967741935483871,1.0,0.9375,32.0,0.9939577039274925,1.0,0.987987987987988,333.0,0.9702970297029702,0.9607843137254902,0.98,50.0,0.98,0.98,0.98,50.0,1.0,1.0,1.0,59.0,0.9935483870967742,0.9871794871794872,1.0,77.0,1.0,1.0,1.0,41.0,0.9955555555555555,0.9955555555555555,0.9955555555555555,225.0,1.0,1.0,1.0,90.0,0.9863013698630138,0.972972972972973,1.0,36.0,1.0,1.0,1.0,77.0,1.0,1.0,1.0,41.0,0.9926578560939794,0.9854227405247813,1.0,338.0,0.9852941176470589,0.9852941176470589,0.9852941176470589,68.0,0.9959183673469388,0.991869918699187,1.0,122.0,1.0,1.0,1.0,36.0,0.9903846153846154,0.9903846153846154,0.9903846153846154,104.0,0.9841269841269841,0.9841269841269841,0.9841269841269841,63.0,0.9972299168975068,0.994475138121547,1.0,180.0,1.0,1.0,1.0,59.0,1.0,1.0,1.0,32.0,0.9983948635634029,0.9967948717948718,1.0,311.0,0.9887640449438202,1.0,0.9777777777777777,45.0,0.9929078014184397,0.995260663507109,0.9905660377358491,212.0,0.98989898989899,1.0,0.98,50.0,1.0,1.0,1.0,36.0,1.0,1.0,1.0,41.0,1.0,1.0,1.0,297.0,0.9929328621908127,0.9964539007092199,0.9894366197183099,284.0,1.0,1.0,1.0,68.0,1.0,1.0,1.0,212.0,0.9953051643192489,0.9906542056074766,1.0,212.0,1.0,1.0,1.0,221.0
13,0.045494258403778076,0.9997089505195618,0.05495921149849892,0.9961050152778625,0.9943179534549917,0.9948869486817136,0.0003000000142492354,0.12197783400006301,27489.0,225360.617569138,1.0,1.0,1.0,32.0,1.0,1.0,1.0,302.0,0.9949494949494949,0.9949494949494949,0.9949494949494949,198.0,1.0,1.0,1.0,315.0,0.9984544049459042,1.0,0.9969135802469136,324.0,1.0,1.0,1.0,122.0,0.9947089947089947,1.0,0.9894736842105263,95.0,1.0,1.0,1.0,68.0,0.9970149253731343,0.9940476190476191,1.0,167.0,0.9916897506925207,0.988950276243094,0.9944444444444445,180.0,0.9841269841269841,1.0,0.96875,32.0,0.9939577039274925,1.0,0.987987987987988,333.0,0.9696969696969697,0.9795918367346939,0.96,50.0,0.98,0.98,0.98,50.0,1.0,1.0,1.0,59.0,0.9935483870967742,0.9871794871794872,1.0,77.0,1.0,1.0,1.0,41.0,0.9955555555555555,0.9955555555555555,0.9955555555555555,225.0,1.0,1.0,1.0,90.0,0.9863013698630138,0.972972972972973,1.0,36.0,1.0,1.0,1.0,77.0,1.0,1.0,1.0,41.0,0.9941176470588234,0.9883040935672515,1.0,338.0,0.9777777777777777,0.9850746268656716,0.9705882352941176,68.0,0.9959183673469388,0.991869918699187,1.0,122.0,1.0,1.0,1.0,36.0,0.9903846153846154,0.9903846153846154,0.9903846153846154,104.0,0.9841269841269841,0.9841269841269841,0.9841269841269841,63.0,0.9972299168975068,0.994475138121547,1.0,180.0,1.0,1.0,1.0,59.0,1.0,1.0,1.0,32.0,0.9983948635634029,0.9967948717948718,1.0,311.0,0.9887640449438202,1.0,0.9777777777777777,45.0,0.9952830188679245,0.9952830188679245,0.9952830188679245,212.0,0.98989898989899,1.0,0.98,50.0,1.0,1.0,1.0,36.0,1.0,1.0,1.0,41.0,1.0,1.0,1.0,297.0,0.9929328621908127,0.9964539007092199,0.9894366197183099,284.0,1.0,1.0,1.0,68.0,1.0,1.0,1.0,212.0,0.9953051643192489,0.9906542056074766,1.0,212.0,1.0,1.0,1.0,221.0
14,0.03824453800916672,0.9998180866241455,0.048473846167325974,0.9961050152778625,0.9944985738968207,0.9949145686185179,0.0003000000142492354,0.12101358300014908,27489.0,227156.31847679557,1.0,1.0,1.0,32.0,1.0,1.0,1.0,302.0,0.9974683544303797,1.0,0.9949494949494949,198.0,1.0,1.0,1.0,315.0,0.9984544049459042,1.0,0.9969135802469136,324.0,1.0,1.0,1.0,122.0,0.9947089947089947,1.0,0.9894736842105263,95.0,1.0,1.0,1.0,68.0,0.9970149253731343,0.9940476190476191,1.0,167.0,0.9944444444444445,0.9944444444444445,0.9944444444444445,180.0,0.9841269841269841,1.0,0.96875,32.0,0.9939577039274925,1.0,0.987987987987988,333.0,0.98,0.98,0.98,50.0,0.98,0.98,0.98,50.0,1.0,1.0,1.0,59.0,0.9935483870967742,0.9871794871794872,1.0,77.0,1.0,1.0,1.0,41.0,0.9955555555555555,0.9955555555555555,0.9955555555555555,225.0,1.0,1.0,1.0,90.0,0.9863013698630138,0.972972972972973,1.0,36.0,1.0,1.0,1.0,77.0,1.0,1.0,1.0,41.0,0.9926578560939794,0.9854227405247813,1.0,338.0,0.9852941176470589,0.9852941176470589,0.9852941176470589,68.0,0.9959183673469388,0.991869918699187,1.0,122.0,1.0,1.0,1.0,36.0,0.9903846153846154,0.9903846153846154,0.9903846153846154,104.0,0.9763779527559054,0.96875,0.9841269841269841,63.0,1.0,1.0,1.0,180.0,1.0,1.0,1.0,59.0,1.0,1.0,1.0,32.0,0.9967948717948718,0.9936102236421726,1.0,311.0,0.9772727272727273,1.0,0.9555555555555556,45.0,0.9929078014184397,0.995260663507109,0.9905660377358491,212.0,0.98989898989899,1.0,0.98,50.0,1.0,1.0,1.0,36.0,1.0,1.0,1.0,41.0,1.0,1.0,1.0,297.0,0.9929328621908127,0.9964539007092199,0.9894366197183099,284.0,1.0,1.0,1.0,68.0,1.0,1.0,1.0,212.0,0.9953051643192489,0.9906542056074766,1.0,212.0,1.0,1.0,1.0,221.0
15,0.03250647708773613,0.9998545050621033,0.04284399375319481,0.9961050152778625,0.9949350004054085,0.9953970155304673,0.0003000000142492354,0.12344674999985727,27489.0,222679.00937069452,1.0,1.0,1.0,32.0,1.0,1.0,1.0,302.0,0.9949494949494949,0.9949494949494949,0.9949494949494949,198.0,1.0,1.0,1.0,315.0,0.9984544049459042,1.0,0.9969135802469136,324.0,1.0,1.0,1.0,122.0,0.9947089947089947,1.0,0.9894736842105263,95.0,1.0,1.0,1.0,68.0,0.9970149253731343,0.9940476190476191,1.0,167.0,0.9916897506925207,0.988950276243094,0.9944444444444445,180.0,1.0,1.0,1.0,32.0,0.9939577039274925,1.0,0.987987987987988,333.0,0.9795918367346939,1.0,0.96,50.0,0.98,0.98,0.98,50.0,1.0,1.0,1.0,59.0,0.9935483870967742,0.9871794871794872,1.0,77.0,1.0,1.0,1.0,41.0,0.9955555555555555,0.9955555555555555,0.9955555555555555,225.0,1.0,1.0,1.0,90.0,0.9863013698630138,0.972972972972973,1.0,36.0,1.0,1.0,1.0,77.0,1.0,1.0,1.0,41.0,0.9926578560939794,0.9854227405247813,1.0,338.0,0.9777777777777777,0.9850746268656716,0.9705882352941176,68.0,0.9959183673469388,0.991869918699187,1.0,122.0,1.0,1.0,1.0,36.0,0.9903846153846154,0.9903846153846154,0.9903846153846154,104.0,0.9841269841269841,0.9841269841269841,0.9841269841269841,63.0,0.9972299168975068,0.994475138121547,1.0,180.0,1.0,1.0,1.0,59.0,1.0,1.0,1.0,32.0,0.9983948635634029,0.9967948717948718,1.0,311.0,0.9887640449438202,1.0,0.9777777777777777,45.0,0.9929078014184397,0.995260663507109,0.9905660377358491,212.0,0.98989898989899,1.0,0.98,50.0,1.0,1.0,1.0,36.0,1.0,1.0,1.0,41.0,1.0,1.0,1.0,297.0,0.9929328621908127,0.9964539007092199,0.9894366197183099,284.0,1.0,1.0,1.0,68.0,1.0,1.0,1.0,212.0,0.9953051643192489,0.9906542056074766,1.0,212.0,1.0,1.0,1.0,221.0
16,0.02783055044710636,0.9998180866241455,0.038461118936538696,0.9961050152778625,0.9945502534833839,0.9950311391685936,0.0003000000142492354,0.12076066600002378,27489.0,227632.06688504506,1.0,1.0,1.0,32.0,1.0,1.0,1.0,302.0,0.9974683544303797,1.0,0.9949494949494949,198.0,1.0,1.0,1.0,315.0,0.9984544049459042,1.0,0.9969135802469136,324.0,1.0,1.0,1.0,122.0,0.9947089947089947,1.0,0.9894736842105263,95.0,1.0,1.0,1.0,68.0,0.9970149253731343,0.9940476190476191,1.0,167.0,0.9916897506925207,0.988950276243094,0.9944444444444445,180.0,0.9841269841269841,1.0,0.96875,32.0,0.9939577039274925,1.0,0.987987987987988,333.0,0.9696969696969697,0.9795918367346939,0.96,50.0,0.98,0.98,0.98,50.0,1.0,1.0,1.0,59.0,0.9935483870967742,0.9871794871794872,1.0,77.0,1.0,1.0,1.0,41.0,0.9955555555555555,0.9955555555555555,0.9955555555555555,225.0,1.0,1.0,1.0,90.0,0.9863013698630138,0.972972972972973,1.0,36.0,1.0,1.0,1.0,77.0,1.0,1.0,1.0,41.0,0.9926578560939794,0.9854227405247813,1.0,338.0,0.9852941176470589,0.9852941176470589,0.9852941176470589,68.0,0.9959183673469388,0.991869918699187,1.0,122.0,1.0,1.0,1.0,36.0,0.9903846153846154,0.9903846153846154,0.9903846153846154,104.0,0.9841269841269841,0.9841269841269841,0.9841269841269841,63.0,0.9972299168975068,0.994475138121547,1.0,180.0,1.0,1.0,1.0,59.0,1.0,1.0,1.0,32.0,0.9983948635634029,0.9967948717948718,1.0,311.0,0.9887640449438202,1.0,0.9777777777777777,45.0,0.9929078014184397,0.995260663507109,0.9905660377358491,212.0,0.98989898989899,1.0,0.98,50.0,1.0,1.0,1.0,36.0,1.0,1.0,1.0,41.0,1.0,1.0,1.0,297.0,0.9929328621908127,0.9964539007092199,0.9894366197183099,284.0,1.0,1.0,1.0,68.0,1.0,1.0,1.0,212.0,0.9953051643192489,0.9906542056074766,1.0,212.0,1.0,1.0,1.0,221.0
17,0.02398804947733879,0.9998908638954163,0.03470958396792412,0.9964436888694763,0.9954820033533288,0.9957965474825297,0.0003000000142492354,0.1202505419996669,27489.0,228597.72224624275,1.0,1.0,1.0,32.0,1.0,1.0,1.0,302.0,0.9949494949494949,0.9949494949494949,0.9949494949494949,198.0,1.0,1.0,1.0,315.0,0.9984544049459042,1.0,0.9969135802469136,324.0,1.0,1.0,1.0,122.0,0.9947089947089947,1.0,0.9894736842105263,95.0,1.0,1.0,1.0,68.0,0.9970149253731343,0.9940476190476191,1.0,167.0,0.9944444444444445,0.9944444444444445,0.9944444444444445,180.0,1.0,1.0,1.0,32.0,0.9939577039274925,1.0,0.987987987987988,333.0,0.98989898989899,1.0,0.98,50.0,0.98,0.98,0.98,50.0,1.0,1.0,1.0,59.0,0.9935483870967742,0.9871794871794872,1.0,77.0,1.0,1.0,1.0,41.0,0.9955555555555555,0.9955555555555555,0.9955555555555555,225.0,1.0,1.0,1.0,90.0,0.9863013698630138,0.972972972972973,1.0,36.0,1.0,1.0,1.0,77.0,1.0,1.0,1.0,41.0,0.9926578560939794,0.9854227405247813,1.0,338.0,0.9777777777777777,0.9850746268656716,0.9705882352941176,68.0,0.9959183673469388,0.991869918699187,1.0,122.0,1.0,1.0,1.0,36.0,0.9903846153846154,0.9903846153846154,0.9903846153846154,104.0,0.9841269841269841,0.9841269841269841,0.9841269841269841,63.0,0.9972299168975068,0.994475138121547,1.0,180.0,1.0,1.0,1.0,59.0,1.0,1.0,1.0,32.0,0.9983948635634029,0.9967948717948718,1.0,311.0,0.9887640449438202,1.0,0.9777777777777777,45.0,0.9929078014184397,0.995260663507109,0.9905660377358491,212.0,0.98989898989899,1.0,0.98,50.0,1.0,1.0,1.0,36.0,1.0,1.0,1.0,41.0,1.0,1.0,1.0,297.0,0.9947089947089947,0.9964664310954063,0.9929577464788732,284.0,1.0,1.0,1.0,68.0,1.0,1.0,1.0,212.0,0.9976470588235293,0.9953051643192489,1.0,212.0,1.0,1.0,1.0,221.0
18,0.02080663852393627,0.9999272227287292,0.03176718205213547,0.9961050152778625,0.9949350004054085,0.9953970155304673,0.0003000000142492354,0.12230924999994386,27489.0,224749.96780711695,1.0,1.0,1.0,32.0,1.0,1.0,1.0,302.0,0.9949494949494949,0.9949494949494949,0.9949494949494949,198.0,1.0,1.0,1.0,315.0,0.9984544049459042,1.0,0.9969135802469136,324.0,1.0,1.0,1.0,122.0,0.9947089947089947,1.0,0.9894736842105263,95.0,1.0,1.0,1.0,68.0,0.9970149253731343,0.9940476190476191,1.0,167.0,0.9916897506925207,0.988950276243094,0.9944444444444445,180.0,1.0,1.0,1.0,32.0,0.9939577039274925,1.0,0.987987987987988,333.0,0.9795918367346939,1.0,0.96,50.0,0.98,0.98,0.98,50.0,1.0,1.0,1.0,59.0,0.9935483870967742,0.9871794871794872,1.0,77.0,1.0,1.0,1.0,41.0,0.9955555555555555,0.9955555555555555,0.9955555555555555,225.0,1.0,1.0,1.0,90.0,0.9863013698630138,0.972972972972973,1.0,36.0,1.0,1.0,1.0,77.0,1.0,1.0,1.0,41.0,0.9926578560939794,0.9854227405247813,1.0,338.0,0.9777777777777777,0.9850746268656716,0.9705882352941176,68.0,0.9959183673469388,0.991869918699187,1.0,122.0,1.0,1.0,1.0,36.0,0.9903846153846154,0.9903846153846154,0.9903846153846154,104.0,0.9841269841269841,0.9841269841269841,0.9841269841269841,63.0,0.9972299168975068,0.994475138121547,1.0,180.0,1.0,1.0,1.0,59.0,1.0,1.0,1.0,32.0,0.9983948635634029,0.9967948717948718,1.0,311.0,0.9887640449438202,1.0,0.9777777777777777,45.0,0.9929078014184397,0.995260663507109,0.9905660377358491,212.0,0.98989898989899,1.0,0.98,50.0,1.0,1.0,1.0,36.0,1.0,1.0,1.0,41.0,1.0,1.0,1.0,297.0,0.9929328621908127,0.9964539007092199,0.9894366197183099,284.0,1.0,1.0,1.0,68.0,1.0,1.0,1.0,212.0,0.9953051643192489,0.9906542056074766,1.0,212.0,1.0,1.0,1.0,221.0
19,0.01814655028283596,0.9998545050621033,0.02903790771961212,0.9962743520736694,0.9954001166844784,0.9957007794122398,0.0003000000142492354,0.12289183299981232,27489.0,223684.51449529588,1.0,1.0,1.0,32.0,1.0,1.0,1.0,302.0,0.9949494949494949,0.9949494949494949,0.9949494949494949,198.0,1.0,1.0,1.0,315.0,0.9984544049459042,1.0,0.9969135802469136,324.0,1.0,1.0,1.0,122.0,0.9947089947089947,1.0,0.9894736842105263,95.0,1.0,1.0,1.0,68.0,0.9970149253731343,0.9940476190476191,1.0,167.0,0.9944444444444445,0.9944444444444445,0.9944444444444445,180.0,1.0,1.0,1.0,32.0,0.9939577039274925,1.0,0.987987987987988,333.0,0.98989898989899,1.0,0.98,50.0,0.98,0.98,0.98,50.0,1.0,1.0,1.0,59.0,0.9935483870967742,0.9871794871794872,1.0,77.0,1.0,1.0,1.0,41.0,0.9955555555555555,0.9955555555555555,0.9955555555555555,225.0,1.0,1.0,1.0,90.0,0.9863013698630138,0.972972972972973,1.0,36.0,1.0,1.0,1.0,77.0,1.0,1.0,1.0,41.0,0.9926578560939794,0.9854227405247813,1.0,338.0,0.9777777777777777,0.9850746268656716,0.9705882352941176,68.0,0.9959183673469388,0.991869918699187,1.0,122.0,1.0,1.0,1.0,36.0,0.9903846153846154,0.9903846153846154,0.9903846153846154,104.0,0.9841269841269841,0.9841269841269841,0.9841269841269841,63.0,0.9972299168975068,0.994475138121547,1.0,180.0,1.0,1.0,1.0,59.0,1.0,1.0,1.0,32.0,0.9983948635634029,0.9967948717948718,1.0,311.0,0.9887640449438202,1.0,0.9777777777777777,45.0,0.9929078014184397,0.995260663507109,0.9905660377358491,212.0,0.98989898989899,1.0,0.98,50.0,1.0,1.0,1.0,36.0,1.0,1.0,1.0,41.0,1.0,1.0,1.0,297.0,0.9929328621908127,0.9964539007092199,0.9894366197183099,284.0,1.0,1.0,1.0,68.0,1.0,1.0,1.0,212.0,0.9953051643192489,0.9906542056074766,1.0,212.0,1.0,1.0,1.0,221.0
20,0.0158716831356287,0.9999272227287292,0.026726387441158295,0.9961050152778625,0.9949350004054085,0.9953970155304673,0.0003000000142492354,0.12353570799996305,27489.0,222518.65833001275,1.0,1.0,1.0,32.0,1.0,1.0,1.0,302.0,0.9949494949494949,0.9949494949494949,0.9949494949494949,198.0,1.0,1.0,1.0,315.0,0.9984544049459042,1.0,0.9969135802469136,324.0,1.0,1.0,1.0,122.0,0.9947089947089947,1.0,0.9894736842105263,95.0,1.0,1.0,1.0,68.0,0.9970149253731343,0.9940476190476191,1.0,167.0,0.9916897506925207,0.988950276243094,0.9944444444444445,180.0,1.0,1.0,1.0,32.0,0.9939577039274925,1.0,0.987987987987988,333.0,0.9795918367346939,1.0,0.96,50.0,0.98,0.98,0.98,50.0,1.0,1.0,1.0,59.0,0.9935483870967742,0.9871794871794872,1.0,77.0,1.0,1.0,1.0,41.0,0.9955555555555555,0.9955555555555555,0.9955555555555555,225.0,1.0,1.0,1.0,90.0,0.9863013698630138,0.972972972972973,1.0,36.0,1.0,1.0,1.0,77.0,1.0,1.0,1.0,41.0,0.9926578560939794,0.9854227405247813,1.0,338.0,0.9777777777777777,0.9850746268656716,0.9705882352941176,68.0,0.9959183673469388,0.991869918699187,1.0,122.0,1.0,1.0,1.0,36.0,0.9903846153846154,0.9903846153846154,0.9903846153846154,104.0,0.9841269841269841,0.9841269841269841,0.9841269841269841,63.0,0.9972299168975068,0.994475138121547,1.0,180.0,1.0,1.0,1.0,59.0,1.0,1.0,1.0,32.0,0.9983948635634029,0.9967948717948718,1.0,311.0,0.9887640449438202,1.0,0.9777777777777777,45.0,0.9929078014184397,0.995260663507109,0.9905660377358491,212.0,0.98989898989899,1.0,0.98,50.0,1.0,1.0,1.0,36.0,1.0,1.0,1.0,41.0,1.0,1.0,1.0,297.0,0.9929328621908127,0.9964539007092199,0.9894366197183099,284.0,1.0,1.0,1.0,68.0,1.0,1.0,1.0,212.0,0.9953051643192489,0.9906542056074766,1.0,212.0,1.0,1.0,1.0,221.0
21,0.013938323594629765,0.999963641166687,0.024776222184300423,0.9964436888694763,0.9955336829398921,0.995791413635473,0.0003000000142492354,0.1185093340000094,27489.0,231956.41281722012,1.0,1.0,1.0,32.0,1.0,1.0,1.0,302.0,0.9949494949494949,0.9949494949494949,0.9949494949494949,198.0,1.0,1.0,1.0,315.0,0.9984544049459042,1.0,0.9969135802469136,324.0,1.0,1.0,1.0,122.0,0.9947089947089947,1.0,0.9894736842105263,95.0,1.0,1.0,1.0,68.0,0.9970149253731343,0.9940476190476191,1.0,167.0,0.9916897506925207,0.988950276243094,0.9944444444444445,180.0,1.0,1.0,1.0,32.0,0.9939577039274925,1.0,0.987987987987988,333.0,0.9795918367346939,1.0,0.96,50.0,0.98,0.98,0.98,50.0,1.0,1.0,1.0,59.0,0.9935483870967742,0.9871794871794872,1.0,77.0,1.0,1.0,1.0,41.0,0.9955555555555555,0.9955555555555555,0.9955555555555555,225.0,1.0,1.0,1.0,90.0,0.9863013698630138,0.972972972972973,1.0,36.0,1.0,1.0,1.0,77.0,1.0,1.0,1.0,41.0,0.9926578560939794,0.9854227405247813,1.0,338.0,0.9777777777777777,0.9850746268656716,0.9705882352941176,68.0,0.9959183673469388,0.991869918699187,1.0,122.0,1.0,1.0,1.0,36.0,0.9903846153846154,0.9903846153846154,0.9903846153846154,104.0,0.9841269841269841,0.9841269841269841,0.9841269841269841,63.0,0.9972299168975068,0.994475138121547,1.0,180.0,1.0,1.0,1.0,59.0,1.0,1.0,1.0,32.0,1.0,1.0,1.0,311.0,1.0,1.0,1.0,45.0,0.9929078014184397,0.995260663507109,0.9905660377358491,212.0,0.98989898989899,1.0,0.98,50.0,1.0,1.0,1.0,36.0,1.0,1.0,1.0,41.0,1.0,1.0,1.0,297.0,0.9947089947089947,0.9964664310954063,0.9929577464788732,284.0,1.0,1.0,1.0,68.0,1.0,1.0,1.0,212.0,0.9976470588235293,0.9953051643192489,1.0,212.0,1.0,1.0,1.0,221.0
22,0.012302503921091557,0.9999272227287292,0.02330469898879528,0.9964436888694763,0.9954820033533288,0.9957965474825297,0.0003000000142492354,0.12214849999963917,27489.0,225045.74350140363,1.0,1.0,1.0,32.0,1.0,1.0,1.0,302.0,0.9949494949494949,0.9949494949494949,0.9949494949494949,198.0,1.0,1.0,1.0,315.0,0.9984544049459042,1.0,0.9969135802469136,324.0,1.0,1.0,1.0,122.0,0.9947089947089947,1.0,0.9894736842105263,95.0,1.0,1.0,1.0,68.0,0.9970149253731343,0.9940476190476191,1.0,167.0,0.9944444444444445,0.9944444444444445,0.9944444444444445,180.0,1.0,1.0,1.0,32.0,0.9939577039274925,1.0,0.987987987987988,333.0,0.98989898989899,1.0,0.98,50.0,0.98,0.98,0.98,50.0,1.0,1.0,1.0,59.0,0.9935483870967742,0.9871794871794872,1.0,77.0,1.0,1.0,1.0,41.0,0.9955555555555555,0.9955555555555555,0.9955555555555555,225.0,1.0,1.0,1.0,90.0,0.9863013698630138,0.972972972972973,1.0,36.0,1.0,1.0,1.0,77.0,1.0,1.0,1.0,41.0,0.9926578560939794,0.9854227405247813,1.0,338.0,0.9777777777777777,0.9850746268656716,0.9705882352941176,68.0,0.9959183673469388,0.991869918699187,1.0,122.0,1.0,1.0,1.0,36.0,0.9903846153846154,0.9903846153846154,0.9903846153846154,104.0,0.9841269841269841,0.9841269841269841,0.9841269841269841,63.0,0.9972299168975068,0.994475138121547,1.0,180.0,1.0,1.0,1.0,59.0,1.0,1.0,1.0,32.0,0.9983948635634029,0.9967948717948718,1.0,311.0,0.9887640449438202,1.0,0.9777777777777777,45.0,0.9929078014184397,0.995260663507109,0.9905660377358491,212.0,0.98989898989899,1.0,0.98,50.0,1.0,1.0,1.0,36.0,1.0,1.0,1.0,41.0,1.0,1.0,1.0,297.0,0.9947089947089947,0.9964664310954063,0.9929577464788732,284.0,1.0,1.0,1.0,68.0,1.0,1.0,1.0,212.0,0.9976470588235293,0.9953051643192489,1.0,212.0,1.0,1.0,1.0,221.0
23,0.010856828652322292,0.999963641166687,0.021742606535553932,0.9964436888694763,0.9951202462473856,0.9956946152855816,0.0003000000142492354,0.12094937500023661,27489.0,227276.90821011868,1.0,1.0,1.0,32.0,1.0,1.0,1.0,302.0,0.9949494949494949,0.9949494949494949,0.9949494949494949,198.0,1.0,1.0,1.0,315.0,0.9984544049459042,1.0,0.9969135802469136,324.0,1.0,1.0,1.0,122.0,0.9947089947089947,1.0,0.9894736842105263,95.0,1.0,1.0,1.0,68.0,0.9970149253731343,0.9940476190476191,1.0,167.0,0.9916897506925207,0.988950276243094,0.9944444444444445,180.0,1.0,1.0,1.0,32.0,0.9939577039274925,1.0,0.987987987987988,333.0,0.9795918367346939,1.0,0.96,50.0,0.98,0.98,0.98,50.0,1.0,1.0,1.0,59.0,1.0,1.0,1.0,77.0,1.0,1.0,1.0,41.0,0.9977827050997783,0.995575221238938,1.0,225.0,1.0,1.0,1.0,90.0,0.9863013698630138,0.972972972972973,1.0,36.0,1.0,1.0,1.0,77.0,1.0,1.0,1.0,41.0,0.9926578560939794,0.9854227405247813,1.0,338.0,0.9777777777777777,0.9850746268656716,0.9705882352941176,68.0,0.9959183673469388,0.991869918699187,1.0,122.0,1.0,1.0,1.0,36.0,0.9903846153846154,0.9903846153846154,0.9903846153846154,104.0,0.9841269841269841,0.9841269841269841,0.9841269841269841,63.0,0.9972299168975068,0.994475138121547,1.0,180.0,1.0,1.0,1.0,59.0,1.0,1.0,1.0,32.0,0.9983948635634029,0.9967948717948718,1.0,311.0,0.9887640449438202,1.0,0.9777777777777777,45.0,0.9929078014184397,0.995260663507109,0.9905660377358491,212.0,0.98989898989899,1.0,0.98,50.0,1.0,1.0,1.0,36.0,1.0,1.0,1.0,41.0,1.0,1.0,1.0,297.0,0.9947089947089947,0.9964664310954063,0.9929577464788732,284.0,1.0,1.0,1.0,68.0,1.0,1.0,1.0,212.0,0.9976470588235293,0.9953051643192489,1.0,212.0,1.0,1.0,1.0,221.0
24,0.009600214660167694,0.999963641166687,0.02033592388033867,0.9962743520736694,0.9954517962710416,0.9956956455651831,0.0003000000142492354,0.12233874999992622,27489.0,224695.77300746148,1.0,1.0,1.0,32.0,1.0,1.0,1.0,302.0,0.9949494949494949,0.9949494949494949,0.9949494949494949,198.0,1.0,1.0,1.0,315.0,0.9984544049459042,1.0,0.9969135802469136,324.0,1.0,1.0,1.0,122.0,0.9947089947089947,1.0,0.9894736842105263,95.0,1.0,1.0,1.0,68.0,0.9970149253731343,0.9940476190476191,1.0,167.0,0.9916897506925207,0.988950276243094,0.9944444444444445,180.0,1.0,1.0,1.0,32.0,0.9939577039274925,1.0,0.987987987987988,333.0,0.9795918367346939,1.0,0.96,50.0,0.98,0.98,0.98,50.0,1.0,1.0,1.0,59.0,0.9935483870967742,0.9871794871794872,1.0,77.0,1.0,1.0,1.0,41.0,0.9955555555555555,0.9955555555555555,0.9955555555555555,225.0,1.0,1.0,1.0,90.0,0.9863013698630138,0.972972972972973,1.0,36.0,1.0,1.0,1.0,77.0,1.0,1.0,1.0,41.0,0.9926578560939794,0.9854227405247813,1.0,338.0,0.9777777777777777,0.9850746268656716,0.9705882352941176,68.0,0.9959183673469388,0.991869918699187,1.0,122.0,1.0,1.0,1.0,36.0,0.9903846153846154,0.9903846153846154,0.9903846153846154,104.0,0.9841269841269841,0.9841269841269841,0.9841269841269841,63.0,0.9972299168975068,0.994475138121547,1.0,180.0,1.0,1.0,1.0,59.0,1.0,1.0,1.0,32.0,1.0,1.0,1.0,311.0,1.0,1.0,1.0,45.0,0.9929078014184397,0.995260663507109,0.9905660377358491,212.0,0.98989898989899,1.0,0.98,50.0,1.0,1.0,1.0,36.0,1.0,1.0,1.0,41.0,1.0,1.0,1.0,297.0,0.9929328621908127,0.9964539007092199,0.9894366197183099,284.0,1.0,1.0,1.0,68.0,1.0,1.0,1.0,212.0,0.9953051643192489,0.9906542056074766,1.0,212.0,1.0,1.0,1.0,221.0
25,0.008535352535545826,0.999963641166687,0.0194681566208601,0.9966130256652832,0.9955853625264554,0.9960292382115665,0.0003000000142492354,0.12112412500027858,27489.0,226949.0078870479,1.0,1.0,1.0,32.0,1.0,1.0,1.0,302.0,0.9949494949494949,0.9949494949494949,0.9949494949494949,198.0,1.0,1.0,1.0,315.0,0.9984544049459042,1.0,0.9969135802469136,324.0,1.0,1.0,1.0,122.0,0.9947089947089947,1.0,0.9894736842105263,95.0,1.0,1.0,1.0,68.0,0.9970149253731343,0.9940476190476191,1.0,167.0,0.9916897506925207,0.988950276243094,0.9944444444444445,180.0,1.0,1.0,1.0,32.0,0.9939577039274925,1.0,0.987987987987988,333.0,0.98989898989899,1.0,0.98,50.0,0.98,0.98,0.98,50.0,1.0,1.0,1.0,59.0,1.0,1.0,1.0,77.0,1.0,1.0,1.0,41.0,0.9977827050997783,0.995575221238938,1.0,225.0,1.0,1.0,1.0,90.0,0.9863013698630138,0.972972972972973,1.0,36.0,1.0,1.0,1.0,77.0,1.0,1.0,1.0,41.0,0.9926578560939794,0.9854227405247813,1.0,338.0,0.9777777777777777,0.9850746268656716,0.9705882352941176,68.0,1.0,1.0,1.0,122.0,1.0,1.0,1.0,36.0,0.9903846153846154,0.9903846153846154,0.9903846153846154,104.0,0.9841269841269841,0.9841269841269841,0.9841269841269841,63.0,0.9972299168975068,0.994475138121547,1.0,180.0,1.0,1.0,1.0,59.0,1.0,1.0,1.0,32.0,0.9983948635634029,0.9967948717948718,1.0,311.0,0.9887640449438202,1.0,0.9777777777777777,45.0,0.9929078014184397,0.995260663507109,0.9905660377358491,212.0,0.98989898989899,1.0,0.98,50.0,1.0,1.0,1.0,36.0,1.0,1.0,1.0,41.0,1.0,1.0,1.0,297.0,0.9947089947089947,0.9964664310954063,0.9929577464788732,284.0,1.0,1.0,1.0,68.0,1.0,1.0,1.0,212.0,0.9976470588235293,0.9953051643192489,1.0,212.0,1.0,1.0,1.0,221.0
26,0.007580533158034086,1.0,0.018332835286855698,0.9969517588615417,0.9965672746711582,0.9966268381033272,0.0003000000142492354,0.1201015409997126,27489.0,228881.32634422884,1.0,1.0,1.0,32.0,1.0,1.0,1.0,302.0,0.9949494949494949,0.9949494949494949,0.9949494949494949,198.0,1.0,1.0,1.0,315.0,0.9984544049459042,1.0,0.9969135802469136,324.0,1.0,1.0,1.0,122.0,0.9947089947089947,1.0,0.9894736842105263,95.0,1.0,1.0,1.0,68.0,0.9970149253731343,0.9940476190476191,1.0,167.0,0.9944444444444445,0.9944444444444445,0.9944444444444445,180.0,1.0,1.0,1.0,32.0,0.9939577039274925,1.0,0.987987987987988,333.0,1.0,1.0,1.0,50.0,0.98,0.98,0.98,50.0,1.0,1.0,1.0,59.0,1.0,1.0,1.0,77.0,1.0,1.0,1.0,41.0,0.9977827050997783,0.995575221238938,1.0,225.0,1.0,1.0,1.0,90.0,0.9863013698630138,0.972972972972973,1.0,36.0,1.0,1.0,1.0,77.0,1.0,1.0,1.0,41.0,0.9926578560939794,0.9854227405247813,1.0,338.0,0.9777777777777777,0.9850746268656716,0.9705882352941176,68.0,1.0,1.0,1.0,122.0,1.0,1.0,1.0,36.0,0.9903846153846154,0.9903846153846154,0.9903846153846154,104.0,0.9841269841269841,0.9841269841269841,0.9841269841269841,63.0,0.9972299168975068,0.994475138121547,1.0,180.0,1.0,1.0,1.0,59.0,1.0,1.0,1.0,32.0,1.0,1.0,1.0,311.0,1.0,1.0,1.0,45.0,0.9929078014184397,0.995260663507109,0.9905660377358491,212.0,0.98989898989899,1.0,0.98,50.0,1.0,1.0,1.0,36.0,1.0,1.0,1.0,41.0,1.0,1.0,1.0,297.0,0.9947089947089947,0.9964664310954063,0.9929577464788732,284.0,1.0,1.0,1.0,68.0,1.0,1.0,1.0,212.0,0.9976470588235293,0.9953051643192489,1.0,212.0,1.0,1.0,1.0,221.0
27,0.006766668055206537,1.0,0.017553362995386124,0.9967823624610901,0.9960504788055251,0.9963282080686114,0.0003000000142492354,0.12102816600008737,27489.0,227128.9478184785,1.0,1.0,1.0,32.0,1.0,1.0,1.0,302.0,0.9949494949494949,0.9949494949494949,0.9949494949494949,198.0,1.0,1.0,1.0,315.0,0.9984544049459042,1.0,0.9969135802469136,324.0,1.0,1.0,1.0,122.0,0.9947089947089947,1.0,0.9894736842105263,95.0,1.0,1.0,1.0,68.0,0.9970149253731343,0.9940476190476191,1.0,167.0,0.9944444444444445,0.9944444444444445,0.9944444444444445,180.0,1.0,1.0,1.0,32.0,0.9939577039274925,1.0,0.987987987987988,333.0,1.0,1.0,1.0,50.0,0.98,0.98,0.98,50.0,1.0,1.0,1.0,59.0,1.0,1.0,1.0,77.0,1.0,1.0,1.0,41.0,0.9977827050997783,0.995575221238938,1.0,225.0,1.0,1.0,1.0,90.0,0.9863013698630138,0.972972972972973,1.0,36.0,1.0,1.0,1.0,77.0,1.0,1.0,1.0,41.0,0.9926578560939794,0.9854227405247813,1.0,338.0,0.9777777777777777,0.9850746268656716,0.9705882352941176,68.0,1.0,1.0,1.0,122.0,1.0,1.0,1.0,36.0,0.9903846153846154,0.9903846153846154,0.9903846153846154,104.0,0.9841269841269841,0.9841269841269841,0.9841269841269841,63.0,0.9972299168975068,0.994475138121547,1.0,180.0,1.0,1.0,1.0,59.0,1.0,1.0,1.0,32.0,0.9983948635634029,0.9967948717948718,1.0,311.0,0.9887640449438202,1.0,0.9777777777777777,45.0,0.9929078014184397,0.995260663507109,0.9905660377358491,212.0,0.98989898989899,1.0,0.98,50.0,1.0,1.0,1.0,36.0,1.0,1.0,1.0,41.0,1.0,1.0,1.0,297.0,0.9947089947089947,0.9964664310954063,0.9929577464788732,284.0,1.0,1.0,1.0,68.0,1.0,1.0,1.0,212.0,0.9976470588235293,0.9953051643192489,1.0,212.0,1.0,1.0,1.0,221.0
28,0.006020151544362307,1.0,0.016939178109169006,0.9969517588615417,0.996392476069547,0.9965615847976852,0.0003000000142492354,0.12003566600014892,27489.0,229006.9353217559,1.0,1.0,1.0,32.0,1.0,1.0,1.0,302.0,0.9974683544303797,1.0,0.9949494949494949,198.0,1.0,1.0,1.0,315.0,0.9984544049459042,1.0,0.9969135802469136,324.0,1.0,1.0,1.0,122.0,0.9947089947089947,1.0,0.9894736842105263,95.0,1.0,1.0,1.0,68.0,0.9970149253731343,0.9940476190476191,1.0,167.0,0.9944444444444445,0.9944444444444445,0.9944444444444445,180.0,1.0,1.0,1.0,32.0,0.9939577039274925,1.0,0.987987987987988,333.0,1.0,1.0,1.0,50.0,0.98,0.98,0.98,50.0,1.0,1.0,1.0,59.0,1.0,1.0,1.0,77.0,1.0,1.0,1.0,41.0,0.9977827050997783,0.995575221238938,1.0,225.0,1.0,1.0,1.0,90.0,0.9863013698630138,0.972972972972973,1.0,36.0,1.0,1.0,1.0,77.0,1.0,1.0,1.0,41.0,0.9926578560939794,0.9854227405247813,1.0,338.0,0.9852941176470589,0.9852941176470589,0.9852941176470589,68.0,1.0,1.0,1.0,122.0,1.0,1.0,1.0,36.0,0.9903846153846154,0.9903846153846154,0.9903846153846154,104.0,0.9841269841269841,0.9841269841269841,0.9841269841269841,63.0,0.9972299168975068,0.994475138121547,1.0,180.0,1.0,1.0,1.0,59.0,1.0,1.0,1.0,32.0,0.9983948635634029,0.9967948717948718,1.0,311.0,0.9887640449438202,1.0,0.9777777777777777,45.0,0.9929078014184397,0.995260663507109,0.9905660377358491,212.0,0.98989898989899,1.0,0.98,50.0,1.0,1.0,1.0,36.0,1.0,1.0,1.0,41.0,1.0,1.0,1.0,297.0,0.9947089947089947,0.9964664310954063,0.9929577464788732,284.0,1.0,1.0,1.0,68.0,1.0,1.0,1.0,212.0,0.9976470588235293,0.9953051643192489,1.0,212.0,1.0,1.0,1.0,221.0
29,0.005378679372370243,1.0,0.016055064275860786,0.9969517588615417,0.9961719956712282,0.9964040274458426,0.0003000000142492354,0.12057687499964231,27489.0,227979.03826983031,1.0,1.0,1.0,32.0,1.0,1.0,1.0,302.0,0.9949494949494949,0.9949494949494949,0.9949494949494949,198.0,1.0,1.0,1.0,315.0,0.9984544049459042,1.0,0.9969135802469136,324.0,1.0,1.0,1.0,122.0,0.9947089947089947,1.0,0.9894736842105263,95.0,1.0,1.0,1.0,68.0,0.9970149253731343,0.9940476190476191,1.0,167.0,0.9916897506925207,0.988950276243094,0.9944444444444445,180.0,1.0,1.0,1.0,32.0,0.9954751131221719,1.0,0.990990990990991,333.0,0.98989898989899,1.0,0.98,50.0,0.98,0.98,0.98,50.0,1.0,1.0,1.0,59.0,1.0,1.0,1.0,77.0,1.0,1.0,1.0,41.0,0.9977827050997783,0.995575221238938,1.0,225.0,1.0,1.0,1.0,90.0,0.9863013698630138,0.972972972972973,1.0,36.0,1.0,1.0,1.0,77.0,1.0,1.0,1.0,41.0,0.9926578560939794,0.9854227405247813,1.0,338.0,0.9777777777777777,0.9850746268656716,0.9705882352941176,68.0,1.0,1.0,1.0,122.0,1.0,1.0,1.0,36.0,0.9903846153846154,0.9903846153846154,0.9903846153846154,104.0,0.9841269841269841,0.9841269841269841,0.9841269841269841,63.0,0.9972299168975068,0.994475138121547,1.0,180.0,1.0,1.0,1.0,59.0,1.0,1.0,1.0,32.0,1.0,1.0,1.0,311.0,1.0,1.0,1.0,45.0,0.9929078014184397,0.995260663507109,0.9905660377358491,212.0,0.98989898989899,1.0,0.98,50.0,1.0,1.0,1.0,36.0,1.0,1.0,1.0,41.0,1.0,1.0,1.0,297.0,0.9964664310954063,1.0,0.9929577464788732,284.0,1.0,1.0,1.0,68.0,1.0,1.0,1.0,212.0,0.9976470588235293,0.9953051643192489,1.0,212.0,1.0,1.0,1.0,221.0
30,0.004823693539947271,1.0,0.015420187264680862,0.9971210956573486,0.9966371119502978,0.9967029973028876,0.0003000000142492354,0.11950200000001132,27489.0,230029.62293515922,1.0,1.0,1.0,32.0,1.0,1.0,1.0,302.0,0.9949494949494949,0.9949494949494949,0.9949494949494949,198.0,1.0,1.0,1.0,315.0,0.9984544049459042,1.0,0.9969135802469136,324.0,1.0,1.0,1.0,122.0,0.9947089947089947,1.0,0.9894736842105263,95.0,1.0,1.0,1.0,68.0,0.9970149253731343,0.9940476190476191,1.0,167.0,0.9944444444444445,0.9944444444444445,0.9944444444444445,180.0,1.0,1.0,1.0,32.0,0.9954751131221719,1.0,0.990990990990991,333.0,1.0,1.0,1.0,50.0,0.98,0.98,0.98,50.0,1.0,1.0,1.0,59.0,1.0,1.0,1.0,77.0,1.0,1.0,1.0,41.0,0.9977827050997783,0.995575221238938,1.0,225.0,1.0,1.0,1.0,90.0,0.9863013698630138,0.972972972972973,1.0,36.0,1.0,1.0,1.0,77.0,1.0,1.0,1.0,41.0,0.9926578560939794,0.9854227405247813,1.0,338.0,0.9777777777777777,0.9850746268656716,0.9705882352941176,68.0,1.0,1.0,1.0,122.0,1.0,1.0,1.0,36.0,0.9903846153846154,0.9903846153846154,0.9903846153846154,104.0,0.9841269841269841,0.9841269841269841,0.9841269841269841,63.0,0.9972299168975068,0.994475138121547,1.0,180.0,1.0,1.0,1.0,59.0,1.0,1.0,1.0,32.0,1.0,1.0,1.0,311.0,1.0,1.0,1.0,45.0,0.9929078014184397,0.995260663507109,0.9905660377358491,212.0,0.98989898989899,1.0,0.98,50.0,1.0,1.0,1.0,36.0,1.0,1.0,1.0,41.0,1.0,1.0,1.0,297.0,0.9964664310954063,1.0,0.9929577464788732,284.0,1.0,1.0,1.0,68.0,1.0,1.0,1.0,212.0,0.9976470588235293,0.9953051643192489,1.0,212.0,1.0,1.0,1.0,221.0
31,0.004308060277253389,1.0,0.014917436987161636,0.9971210956573486,0.9966371119502978,0.9967029973028876,0.0003000000142492354,0.12195816600024045,27489.0,225396.96111817393,1.0,1.0,1.0,32.0,1.0,1.0,1.0,302.0,0.9949494949494949,0.9949494949494949,0.9949494949494949,198.0,1.0,1.0,1.0,315.0,0.9984544049459042,1.0,0.9969135802469136,324.0,1.0,1.0,1.0,122.0,0.9947089947089947,1.0,0.9894736842105263,95.0,1.0,1.0,1.0,68.0,0.9970149253731343,0.9940476190476191,1.0,167.0,0.9944444444444445,0.9944444444444445,0.9944444444444445,180.0,1.0,1.0,1.0,32.0,0.9954751131221719,1.0,0.990990990990991,333.0,1.0,1.0,1.0,50.0,0.98,0.98,0.98,50.0,1.0,1.0,1.0,59.0,1.0,1.0,1.0,77.0,1.0,1.0,1.0,41.0,0.9977827050997783,0.995575221238938,1.0,225.0,1.0,1.0,1.0,90.0,0.9863013698630138,0.972972972972973,1.0,36.0,1.0,1.0,1.0,77.0,1.0,1.0,1.0,41.0,0.9926578560939794,0.9854227405247813,1.0,338.0,0.9777777777777777,0.9850746268656716,0.9705882352941176,68.0,1.0,1.0,1.0,122.0,1.0,1.0,1.0,36.0,0.9903846153846154,0.9903846153846154,0.9903846153846154,104.0,0.9841269841269841,0.9841269841269841,0.9841269841269841,63.0,0.9972299168975068,0.994475138121547,1.0,180.0,1.0,1.0,1.0,59.0,1.0,1.0,1.0,32.0,1.0,1.0,1.0,311.0,1.0,1.0,1.0,45.0,0.9929078014184397,0.995260663507109,0.9905660377358491,212.0,0.98989898989899,1.0,0.98,50.0,1.0,1.0,1.0,36.0,1.0,1.0,1.0,41.0,1.0,1.0,1.0,297.0,0.9964664310954063,1.0,0.9929577464788732,284.0,1.0,1.0,1.0,68.0,1.0,1.0,1.0,212.0,0.9976470588235293,0.9953051643192489,1.0,212.0,1.0,1.0,1.0,221.0
32,0.0038440730422735214,1.0,0.014615724794566631,0.9971210956573486,0.9966371119502978,0.9967029973028876,0.0003000000142492354,0.12224537500014776,27489.0,224867.40295873585,1.0,1.0,1.0,32.0,1.0,1.0,1.0,302.0,0.9949494949494949,0.9949494949494949,0.9949494949494949,198.0,1.0,1.0,1.0,315.0,0.9984544049459042,1.0,0.9969135802469136,324.0,1.0,1.0,1.0,122.0,0.9947089947089947,1.0,0.9894736842105263,95.0,1.0,1.0,1.0,68.0,0.9970149253731343,0.9940476190476191,1.0,167.0,0.9944444444444445,0.9944444444444445,0.9944444444444445,180.0,1.0,1.0,1.0,32.0,0.9954751131221719,1.0,0.990990990990991,333.0,1.0,1.0,1.0,50.0,0.98,0.98,0.98,50.0,1.0,1.0,1.0,59.0,1.0,1.0,1.0,77.0,1.0,1.0,1.0,41.0,0.9977827050997783,0.995575221238938,1.0,225.0,1.0,1.0,1.0,90.0,0.9863013698630138,0.972972972972973,1.0,36.0,1.0,1.0,1.0,77.0,1.0,1.0,1.0,41.0,0.9926578560939794,0.9854227405247813,1.0,338.0,0.9777777777777777,0.9850746268656716,0.9705882352941176,68.0,1.0,1.0,1.0,122.0,1.0,1.0,1.0,36.0,0.9903846153846154,0.9903846153846154,0.9903846153846154,104.0,0.9841269841269841,0.9841269841269841,0.9841269841269841,63.0,0.9972299168975068,0.994475138121547,1.0,180.0,1.0,1.0,1.0,59.0,1.0,1.0,1.0,32.0,1.0,1.0,1.0,311.0,1.0,1.0,1.0,45.0,0.9929078014184397,0.995260663507109,0.9905660377358491,212.0,0.98989898989899,1.0,0.98,50.0,1.0,1.0,1.0,36.0,1.0,1.0,1.0,41.0,1.0,1.0,1.0,297.0,0.9964664310954063,1.0,0.9929577464788732,284.0,1.0,1.0,1.0,68.0,1.0,1.0,1.0,212.0,0.9976470588235293,0.9953051643192489,1.0,212.0,1.0,1.0,1.0,221.0
33,0.0034581150393933058,1.0,0.014322935603559017,0.9969517588615417,0.9961203160846647,0.9964043672681718,0.0003000000142492354,0.12005320900016159,27489.0,228973.4712544252,1.0,1.0,1.0,32.0,1.0,1.0,1.0,302.0,0.9949494949494949,0.9949494949494949,0.9949494949494949,198.0,1.0,1.0,1.0,315.0,0.9984544049459042,1.0,0.9969135802469136,324.0,1.0,1.0,1.0,122.0,0.9947089947089947,1.0,0.9894736842105263,95.0,1.0,1.0,1.0,68.0,0.9970149253731343,0.9940476190476191,1.0,167.0,0.9944444444444445,0.9944444444444445,0.9944444444444445,180.0,1.0,1.0,1.0,32.0,0.9954751131221719,1.0,0.990990990990991,333.0,1.0,1.0,1.0,50.0,0.98,0.98,0.98,50.0,1.0,1.0,1.0,59.0,1.0,1.0,1.0,77.0,1.0,1.0,1.0,41.0,0.9977827050997783,0.995575221238938,1.0,225.0,1.0,1.0,1.0,90.0,0.9863013698630138,0.972972972972973,1.0,36.0,1.0,1.0,1.0,77.0,1.0,1.0,1.0,41.0,0.9926578560939794,0.9854227405247813,1.0,338.0,0.9777777777777777,0.9850746268656716,0.9705882352941176,68.0,1.0,1.0,1.0,122.0,1.0,1.0,1.0,36.0,0.9903846153846154,0.9903846153846154,0.9903846153846154,104.0,0.9841269841269841,0.9841269841269841,0.9841269841269841,63.0,0.9972299168975068,0.994475138121547,1.0,180.0,1.0,1.0,1.0,59.0,1.0,1.0,1.0,32.0,0.9983948635634029,0.9967948717948718,1.0,311.0,0.9887640449438202,1.0,0.9777777777777777,45.0,0.9929078014184397,0.995260663507109,0.9905660377358491,212.0,0.98989898989899,1.0,0.98,50.0,1.0,1.0,1.0,36.0,1.0,1.0,1.0,41.0,1.0,1.0,1.0,297.0,0.9964664310954063,1.0,0.9929577464788732,284.0,1.0,1.0,1.0,68.0,1.0,1.0,1.0,212.0,0.9976470588235293,0.9953051643192489,1.0,212.0,1.0,1.0,1.0,221.0
34,0.0031062981579452753,1.0,0.01375763863325119,0.9971210956573486,0.9966371119502978,0.9967029973028876,0.0003000000142492354,0.12073212500035879,27489.0,227685.8789648431,1.0,1.0,1.0,32.0,1.0,1.0,1.0,302.0,0.9949494949494949,0.9949494949494949,0.9949494949494949,198.0,1.0,1.0,1.0,315.0,0.9984544049459042,1.0,0.9969135802469136,324.0,1.0,1.0,1.0,122.0,0.9947089947089947,1.0,0.9894736842105263,95.0,1.0,1.0,1.0,68.0,0.9970149253731343,0.9940476190476191,1.0,167.0,0.9944444444444445,0.9944444444444445,0.9944444444444445,180.0,1.0,1.0,1.0,32.0,0.9954751131221719,1.0,0.990990990990991,333.0,1.0,1.0,1.0,50.0,0.98,0.98,0.98,50.0,1.0,1.0,1.0,59.0,1.0,1.0,1.0,77.0,1.0,1.0,1.0,41.0,0.9977827050997783,0.995575221238938,1.0,225.0,1.0,1.0,1.0,90.0,0.9863013698630138,0.972972972972973,1.0,36.0,1.0,1.0,1.0,77.0,1.0,1.0,1.0,41.0,0.9926578560939794,0.9854227405247813,1.0,338.0,0.9777777777777777,0.9850746268656716,0.9705882352941176,68.0,1.0,1.0,1.0,122.0,1.0,1.0,1.0,36.0,0.9903846153846154,0.9903846153846154,0.9903846153846154,104.0,0.9841269841269841,0.9841269841269841,0.9841269841269841,63.0,0.9972299168975068,0.994475138121547,1.0,180.0,1.0,1.0,1.0,59.0,1.0,1.0,1.0,32.0,1.0,1.0,1.0,311.0,1.0,1.0,1.0,45.0,0.9929078014184397,0.995260663507109,0.9905660377358491,212.0,0.98989898989899,1.0,0.98,50.0,1.0,1.0,1.0,36.0,1.0,1.0,1.0,41.0,1.0,1.0,1.0,297.0,0.9964664310954063,1.0,0.9929577464788732,284.0,1.0,1.0,1.0,68.0,1.0,1.0,1.0,212.0,0.9976470588235293,0.9953051643192489,1.0,212.0,1.0,1.0,1.0,221.0
35,0.002783971605822444,1.0,0.013219611719250679,0.9969517588615417,0.9965683077670037,0.9966336811397838,0.0003000000142492354,0.11864204099993003,27489.0,231696.9580792715,1.0,1.0,1.0,32.0,1.0,1.0,1.0,302.0,0.9949494949494949,0.9949494949494949,0.9949494949494949,198.0,1.0,1.0,1.0,315.0,0.9984544049459042,1.0,0.9969135802469136,324.0,1.0,1.0,1.0,122.0,0.9947089947089947,1.0,0.9894736842105263,95.0,1.0,1.0,1.0,68.0,0.9970149253731343,0.9940476190476191,1.0,167.0,0.9944444444444445,0.9944444444444445,0.9944444444444445,180.0,1.0,1.0,1.0,32.0,0.9939759036144578,0.9969788519637462,0.990990990990991,333.0,1.0,1.0,1.0,50.0,0.98,0.98,0.98,50.0,1.0,1.0,1.0,59.0,1.0,1.0,1.0,77.0,1.0,1.0,1.0,41.0,0.9977827050997783,0.995575221238938,1.0,225.0,1.0,1.0,1.0,90.0,0.9863013698630138,0.972972972972973,1.0,36.0,1.0,1.0,1.0,77.0,1.0,1.0,1.0,41.0,0.9911764705882354,0.9853801169590644,0.9970414201183432,338.0,0.9777777777777777,0.9850746268656716,0.9705882352941176,68.0,1.0,1.0,1.0,122.0,1.0,1.0,1.0,36.0,0.9903846153846154,0.9903846153846154,0.9903846153846154,104.0,0.9841269841269841,0.9841269841269841,0.9841269841269841,63.0,0.9972299168975068,0.994475138121547,1.0,180.0,1.0,1.0,1.0,59.0,1.0,1.0,1.0,32.0,1.0,1.0,1.0,311.0,1.0,1.0,1.0,45.0,0.9929078014184397,0.995260663507109,0.9905660377358491,212.0,0.98989898989899,1.0,0.98,50.0,1.0,1.0,1.0,36.0,1.0,1.0,1.0,41.0,1.0,1.0,1.0,297.0,0.9964664310954063,1.0,0.9929577464788732,284.0,1.0,1.0,1.0,68.0,1.0,1.0,1.0,212.0,0.9976470588235293,0.9953051643192489,1.0,212.0,1.0,1.0,1.0,221.0
36,0.0025008530355989933,1.0,0.013056950643658638,0.9969517588615417,0.9965683077670037,0.9966336811397838,0.0003000000142492354,0.12001299999974435,27489.0,229050.186230313,1.0,1.0,1.0,32.0,1.0,1.0,1.0,302.0,0.9949494949494949,0.9949494949494949,0.9949494949494949,198.0,1.0,1.0,1.0,315.0,0.9984544049459042,1.0,0.9969135802469136,324.0,1.0,1.0,1.0,122.0,0.9947089947089947,1.0,0.9894736842105263,95.0,1.0,1.0,1.0,68.0,0.9970149253731343,0.9940476190476191,1.0,167.0,0.9944444444444445,0.9944444444444445,0.9944444444444445,180.0,1.0,1.0,1.0,32.0,0.9939759036144578,0.9969788519637462,0.990990990990991,333.0,1.0,1.0,1.0,50.0,0.98,0.98,0.98,50.0,1.0,1.0,1.0,59.0,1.0,1.0,1.0,77.0,1.0,1.0,1.0,41.0,0.9977827050997783,0.995575221238938,1.0,225.0,1.0,1.0,1.0,90.0,0.9863013698630138,0.972972972972973,1.0,36.0,1.0,1.0,1.0,77.0,1.0,1.0,1.0,41.0,0.9911764705882354,0.9853801169590644,0.9970414201183432,338.0,0.9777777777777777,0.9850746268656716,0.9705882352941176,68.0,1.0,1.0,1.0,122.0,1.0,1.0,1.0,36.0,0.9903846153846154,0.9903846153846154,0.9903846153846154,104.0,0.9841269841269841,0.9841269841269841,0.9841269841269841,63.0,0.9972299168975068,0.994475138121547,1.0,180.0,1.0,1.0,1.0,59.0,1.0,1.0,1.0,32.0,1.0,1.0,1.0,311.0,1.0,1.0,1.0,45.0,0.9929078014184397,0.995260663507109,0.9905660377358491,212.0,0.98989898989899,1.0,0.98,50.0,1.0,1.0,1.0,36.0,1.0,1.0,1.0,41.0,1.0,1.0,1.0,297.0,0.9964664310954063,1.0,0.9929577464788732,284.0,1.0,1.0,1.0,68.0,1.0,1.0,1.0,212.0,0.9976470588235293,0.9953051643192489,1.0,212.0,1.0,1.0,1.0,221.0
37,0.0022482878994196653,1.0,0.012761407531797886,0.9972904324531555,0.9967663109167062,0.9970863485259119,0.0003000000142492354,0.11893162500018661,27489.0,231132.8042474562,1.0,1.0,1.0,32.0,1.0,1.0,1.0,302.0,0.9949494949494949,0.9949494949494949,0.9949494949494949,198.0,1.0,1.0,1.0,315.0,0.9984544049459042,1.0,0.9969135802469136,324.0,1.0,1.0,1.0,122.0,0.9947089947089947,1.0,0.9894736842105263,95.0,1.0,1.0,1.0,68.0,0.9970149253731343,0.9940476190476191,1.0,167.0,0.9972299168975068,0.994475138121547,1.0,180.0,1.0,1.0,1.0,32.0,0.9954751131221719,1.0,0.990990990990991,333.0,1.0,1.0,1.0,50.0,0.98,0.98,0.98,50.0,1.0,1.0,1.0,59.0,1.0,1.0,1.0,77.0,1.0,1.0,1.0,41.0,0.9977827050997783,0.995575221238938,1.0,225.0,1.0,1.0,1.0,90.0,1.0,1.0,1.0,36.0,1.0,1.0,1.0,77.0,1.0,1.0,1.0,41.0,0.9926578560939794,0.9854227405247813,1.0,338.0,0.9777777777777777,0.9850746268656716,0.9705882352941176,68.0,1.0,1.0,1.0,122.0,1.0,1.0,1.0,36.0,0.9903846153846154,0.9903846153846154,0.9903846153846154,104.0,0.9841269841269841,0.9841269841269841,0.9841269841269841,63.0,0.9972299168975068,0.994475138121547,1.0,180.0,1.0,1.0,1.0,59.0,1.0,1.0,1.0,32.0,1.0,1.0,1.0,311.0,1.0,1.0,1.0,45.0,0.9929078014184397,0.995260663507109,0.9905660377358491,212.0,0.98989898989899,1.0,0.98,50.0,1.0,1.0,1.0,36.0,1.0,1.0,1.0,41.0,1.0,1.0,1.0,297.0,0.9964664310954063,1.0,0.9929577464788732,284.0,1.0,1.0,1.0,68.0,1.0,1.0,1.0,212.0,0.9976470588235293,0.9953051643192489,1.0,212.0,1.0,1.0,1.0,221.0
38,0.00202093250118196,1.0,0.012442401610314846,0.9971210956573486,0.9969103050310254,0.9968670578688575,0.0003000000142492354,0.12011266699983025,27489.0,228860.12513600124,1.0,1.0,1.0,32.0,1.0,1.0,1.0,302.0,0.9974683544303797,1.0,0.9949494949494949,198.0,1.0,1.0,1.0,315.0,0.9984544049459042,1.0,0.9969135802469136,324.0,1.0,1.0,1.0,122.0,0.9947089947089947,1.0,0.9894736842105263,95.0,1.0,1.0,1.0,68.0,0.9970149253731343,0.9940476190476191,1.0,167.0,0.9944444444444445,0.9944444444444445,0.9944444444444445,180.0,1.0,1.0,1.0,32.0,0.9939759036144578,0.9969788519637462,0.990990990990991,333.0,1.0,1.0,1.0,50.0,0.98,0.98,0.98,50.0,1.0,1.0,1.0,59.0,1.0,1.0,1.0,77.0,1.0,1.0,1.0,41.0,0.9977827050997783,0.995575221238938,1.0,225.0,1.0,1.0,1.0,90.0,0.9863013698630138,0.972972972972973,1.0,36.0,1.0,1.0,1.0,77.0,1.0,1.0,1.0,41.0,0.9911764705882354,0.9853801169590644,0.9970414201183432,338.0,0.9852941176470589,0.9852941176470589,0.9852941176470589,68.0,1.0,1.0,1.0,122.0,1.0,1.0,1.0,36.0,0.9903846153846154,0.9903846153846154,0.9903846153846154,104.0,0.9841269841269841,0.9841269841269841,0.9841269841269841,63.0,0.9972299168975068,0.994475138121547,1.0,180.0,1.0,1.0,1.0,59.0,1.0,1.0,1.0,32.0,1.0,1.0,1.0,311.0,1.0,1.0,1.0,45.0,0.9929078014184397,0.995260663507109,0.9905660377358491,212.0,0.98989898989899,1.0,0.98,50.0,1.0,1.0,1.0,36.0,1.0,1.0,1.0,41.0,1.0,1.0,1.0,297.0,0.9964664310954063,1.0,0.9929577464788732,284.0,1.0,1.0,1.0,68.0,1.0,1.0,1.0,212.0,0.9976470588235293,0.9953051643192489,1.0,212.0,1.0,1.0,1.0,221.0
39,0.0018263300880789757,1.0,0.012230033054947853,0.9969517588615417,0.9965683077670037,0.9966336811397838,0.0003000000142492354,0.12022733300000255,27489.0,228641.8513500538,1.0,1.0,1.0,32.0,1.0,1.0,1.0,302.0,0.9949494949494949,0.9949494949494949,0.9949494949494949,198.0,1.0,1.0,1.0,315.0,0.9984544049459042,1.0,0.9969135802469136,324.0,1.0,1.0,1.0,122.0,0.9947089947089947,1.0,0.9894736842105263,95.0,1.0,1.0,1.0,68.0,0.9970149253731343,0.9940476190476191,1.0,167.0,0.9944444444444445,0.9944444444444445,0.9944444444444445,180.0,1.0,1.0,1.0,32.0,0.9939759036144578,0.9969788519637462,0.990990990990991,333.0,1.0,1.0,1.0,50.0,0.98,0.98,0.98,50.0,1.0,1.0,1.0,59.0,1.0,1.0,1.0,77.0,1.0,1.0,1.0,41.0,0.9977827050997783,0.995575221238938,1.0,225.0,1.0,1.0,1.0,90.0,0.9863013698630138,0.972972972972973,1.0,36.0,1.0,1.0,1.0,77.0,1.0,1.0,1.0,41.0,0.9911764705882354,0.9853801169590644,0.9970414201183432,338.0,0.9777777777777777,0.9850746268656716,0.9705882352941176,68.0,1.0,1.0,1.0,122.0,1.0,1.0,1.0,36.0,0.9903846153846154,0.9903846153846154,0.9903846153846154,104.0,0.9841269841269841,0.9841269841269841,0.9841269841269841,63.0,0.9972299168975068,0.994475138121547,1.0,180.0,1.0,1.0,1.0,59.0,1.0,1.0,1.0,32.0,1.0,1.0,1.0,311.0,1.0,1.0,1.0,45.0,0.9929078014184397,0.995260663507109,0.9905660377358491,212.0,0.98989898989899,1.0,0.98,50.0,1.0,1.0,1.0,36.0,1.0,1.0,1.0,41.0,1.0,1.0,1.0,297.0,0.9964664310954063,1.0,0.9929577464788732,284.0,1.0,1.0,1.0,68.0,1.0,1.0,1.0,212.0,0.9976470588235293,0.9953051643192489,1.0,212.0,1.0,1.0,1.0,221.0
40,0.001634353306144476,1.0,0.012005520984530449,0.9971210956573486,0.9969103050310254,0.9968670578688575,0.0003000000142492354,0.12025008299997353,27489.0,228598.59481349424,1.0,1.0,1.0,32.0,1.0,1.0,1.0,302.0,0.9974683544303797,1.0,0.9949494949494949,198.0,1.0,1.0,1.0,315.0,0.9984544049459042,1.0,0.9969135802469136,324.0,1.0,1.0,1.0,122.0,0.9947089947089947,1.0,0.9894736842105263,95.0,1.0,1.0,1.0,68.0,0.9970149253731343,0.9940476190476191,1.0,167.0,0.9944444444444445,0.9944444444444445,0.9944444444444445,180.0,1.0,1.0,1.0,32.0,0.9939759036144578,0.9969788519637462,0.990990990990991,333.0,1.0,1.0,1.0,50.0,0.98,0.98,0.98,50.0,1.0,1.0,1.0,59.0,1.0,1.0,1.0,77.0,1.0,1.0,1.0,41.0,0.9977827050997783,0.995575221238938,1.0,225.0,1.0,1.0,1.0,90.0,0.9863013698630138,0.972972972972973,1.0,36.0,1.0,1.0,1.0,77.0,1.0,1.0,1.0,41.0,0.9911764705882354,0.9853801169590644,0.9970414201183432,338.0,0.9852941176470589,0.9852941176470589,0.9852941176470589,68.0,1.0,1.0,1.0,122.0,1.0,1.0,1.0,36.0,0.9903846153846154,0.9903846153846154,0.9903846153846154,104.0,0.9841269841269841,0.9841269841269841,0.9841269841269841,63.0,0.9972299168975068,0.994475138121547,1.0,180.0,1.0,1.0,1.0,59.0,1.0,1.0,1.0,32.0,1.0,1.0,1.0,311.0,1.0,1.0,1.0,45.0,0.9929078014184397,0.995260663507109,0.9905660377358491,212.0,0.98989898989899,1.0,0.98,50.0,1.0,1.0,1.0,36.0,1.0,1.0,1.0,41.0,1.0,1.0,1.0,297.0,0.9964664310954063,1.0,0.9929577464788732,284.0,1.0,1.0,1.0,68.0,1.0,1.0,1.0,212.0,0.9976470588235293,0.9953051643192489,1.0,212.0,1.0,1.0,1.0,221.0
41,0.0014706061920151114,1.0,0.01210620068013668,0.9969517588615417,0.9965683077670037,0.9966336811397838,0.0003000000142492354,0.12015362500005722,27489.0,228782.11123457082,1.0,1.0,1.0,32.0,1.0,1.0,1.0,302.0,0.9949494949494949,0.9949494949494949,0.9949494949494949,198.0,1.0,1.0,1.0,315.0,0.9984544049459042,1.0,0.9969135802469136,324.0,1.0,1.0,1.0,122.0,0.9947089947089947,1.0,0.9894736842105263,95.0,1.0,1.0,1.0,68.0,0.9970149253731343,0.9940476190476191,1.0,167.0,0.9944444444444445,0.9944444444444445,0.9944444444444445,180.0,1.0,1.0,1.0,32.0,0.9939759036144578,0.9969788519637462,0.990990990990991,333.0,1.0,1.0,1.0,50.0,0.98,0.98,0.98,50.0,1.0,1.0,1.0,59.0,1.0,1.0,1.0,77.0,1.0,1.0,1.0,41.0,0.9977827050997783,0.995575221238938,1.0,225.0,1.0,1.0,1.0,90.0,0.9863013698630138,0.972972972972973,1.0,36.0,1.0,1.0,1.0,77.0,1.0,1.0,1.0,41.0,0.9911764705882354,0.9853801169590644,0.9970414201183432,338.0,0.9777777777777777,0.9850746268656716,0.9705882352941176,68.0,1.0,1.0,1.0,122.0,1.0,1.0,1.0,36.0,0.9903846153846154,0.9903846153846154,0.9903846153846154,104.0,0.9841269841269841,0.9841269841269841,0.9841269841269841,63.0,0.9972299168975068,0.994475138121547,1.0,180.0,1.0,1.0,1.0,59.0,1.0,1.0,1.0,32.0,1.0,1.0,1.0,311.0,1.0,1.0,1.0,45.0,0.9929078014184397,0.995260663507109,0.9905660377358491,212.0,0.98989898989899,1.0,0.98,50.0,1.0,1.0,1.0,36.0,1.0,1.0,1.0,41.0,1.0,1.0,1.0,297.0,0.9964664310954063,1.0,0.9929577464788732,284.0,1.0,1.0,1.0,68.0,1.0,1.0,1.0,212.0,0.9976470588235293,0.9953051643192489,1.0,212.0,1.0,1.0,1.0,221.0
42,0.0013257054379209876,1.0,0.011830954812467098,0.9971210956573486,0.9966975067334118,0.9970170323628081,0.0003000000142492354,0.12111841699970682,27489.0,226959.70341212882,1.0,1.0,1.0,32.0,1.0,1.0,1.0,302.0,0.9949494949494949,0.9949494949494949,0.9949494949494949,198.0,1.0,1.0,1.0,315.0,0.9984544049459042,1.0,0.9969135802469136,324.0,1.0,1.0,1.0,122.0,0.9947089947089947,1.0,0.9894736842105263,95.0,1.0,1.0,1.0,68.0,0.9970149253731343,0.9940476190476191,1.0,167.0,0.9972299168975068,0.994475138121547,1.0,180.0,1.0,1.0,1.0,32.0,0.9939759036144578,0.9969788519637462,0.990990990990991,333.0,1.0,1.0,1.0,50.0,0.98,0.98,0.98,50.0,1.0,1.0,1.0,59.0,1.0,1.0,1.0,77.0,1.0,1.0,1.0,41.0,0.9977827050997783,0.995575221238938,1.0,225.0,1.0,1.0,1.0,90.0,1.0,1.0,1.0,36.0,1.0,1.0,1.0,77.0,1.0,1.0,1.0,41.0,0.9911764705882354,0.9853801169590644,0.9970414201183432,338.0,0.9777777777777777,0.9850746268656716,0.9705882352941176,68.0,1.0,1.0,1.0,122.0,1.0,1.0,1.0,36.0,0.9903846153846154,0.9903846153846154,0.9903846153846154,104.0,0.9841269841269841,0.9841269841269841,0.9841269841269841,63.0,0.9972299168975068,0.994475138121547,1.0,180.0,1.0,1.0,1.0,59.0,1.0,1.0,1.0,32.0,1.0,1.0,1.0,311.0,1.0,1.0,1.0,45.0,0.9929078014184397,0.995260663507109,0.9905660377358491,212.0,0.98989898989899,1.0,0.98,50.0,1.0,1.0,1.0,36.0,1.0,1.0,1.0,41.0,1.0,1.0,1.0,297.0,0.9964664310954063,1.0,0.9929577464788732,284.0,1.0,1.0,1.0,68.0,1.0,1.0,1.0,212.0,0.9976470588235293,0.9953051643192489,1.0,212.0,1.0,1.0,1.0,221.0
43,0.001198187586851418,1.0,0.011700192466378212,0.9971210956573486,0.9966975067334118,0.9970170323628081,0.0003000000142492354,0.11922029199968165,27489.0,230573.1645085503,1.0,1.0,1.0,32.0,1.0,1.0,1.0,302.0,0.9949494949494949,0.9949494949494949,0.9949494949494949,198.0,1.0,1.0,1.0,315.0,0.9984544049459042,1.0,0.9969135802469136,324.0,1.0,1.0,1.0,122.0,0.9947089947089947,1.0,0.9894736842105263,95.0,1.0,1.0,1.0,68.0,0.9970149253731343,0.9940476190476191,1.0,167.0,0.9972299168975068,0.994475138121547,1.0,180.0,1.0,1.0,1.0,32.0,0.9939759036144578,0.9969788519637462,0.990990990990991,333.0,1.0,1.0,1.0,50.0,0.98,0.98,0.98,50.0,1.0,1.0,1.0,59.0,1.0,1.0,1.0,77.0,1.0,1.0,1.0,41.0,0.9977827050997783,0.995575221238938,1.0,225.0,1.0,1.0,1.0,90.0,1.0,1.0,1.0,36.0,1.0,1.0,1.0,77.0,1.0,1.0,1.0,41.0,0.9911764705882354,0.9853801169590644,0.9970414201183432,338.0,0.9777777777777777,0.9850746268656716,0.9705882352941176,68.0,1.0,1.0,1.0,122.0,1.0,1.0,1.0,36.0,0.9903846153846154,0.9903846153846154,0.9903846153846154,104.0,0.9841269841269841,0.9841269841269841,0.9841269841269841,63.0,0.9972299168975068,0.994475138121547,1.0,180.0,1.0,1.0,1.0,59.0,1.0,1.0,1.0,32.0,1.0,1.0,1.0,311.0,1.0,1.0,1.0,45.0,0.9929078014184397,0.995260663507109,0.9905660377358491,212.0,0.98989898989899,1.0,0.98,50.0,1.0,1.0,1.0,36.0,1.0,1.0,1.0,41.0,1.0,1.0,1.0,297.0,0.9964664310954063,1.0,0.9929577464788732,284.0,1.0,1.0,1.0,68.0,1.0,1.0,1.0,212.0,0.9976470588235293,0.9953051643192489,1.0,212.0,1.0,1.0,1.0,221.0
44,0.001077104825526476,1.0,0.011577117256820202,0.9971210956573486,0.9966780050026334,0.9967228666423624,0.0003000000142492354,0.11865549999993164,27489.0,231670.67687562597,1.0,1.0,1.0,32.0,1.0,1.0,1.0,302.0,0.9949494949494949,0.9949494949494949,0.9949494949494949,198.0,1.0,1.0,1.0,315.0,0.9984544049459042,1.0,0.9969135802469136,324.0,1.0,1.0,1.0,122.0,0.9947089947089947,1.0,0.9894736842105263,95.0,1.0,1.0,1.0,68.0,0.9970149253731343,0.9940476190476191,1.0,167.0,0.9944444444444445,0.9944444444444445,0.9944444444444445,180.0,1.0,1.0,1.0,32.0,0.9939759036144578,0.9969788519637462,0.990990990990991,333.0,1.0,1.0,1.0,50.0,0.98,0.98,0.98,50.0,1.0,1.0,1.0,59.0,1.0,1.0,1.0,77.0,1.0,1.0,1.0,41.0,0.9977827050997783,0.995575221238938,1.0,225.0,1.0,1.0,1.0,90.0,0.9863013698630138,0.972972972972973,1.0,36.0,1.0,1.0,1.0,77.0,1.0,1.0,1.0,41.0,0.9926362297496318,0.9882697947214076,0.9970414201183432,338.0,0.9777777777777777,0.9850746268656716,0.9705882352941176,68.0,1.0,1.0,1.0,122.0,1.0,1.0,1.0,36.0,0.9903846153846154,0.9903846153846154,0.9903846153846154,104.0,0.9841269841269841,0.9841269841269841,0.9841269841269841,63.0,0.9972299168975068,0.994475138121547,1.0,180.0,1.0,1.0,1.0,59.0,1.0,1.0,1.0,32.0,1.0,1.0,1.0,311.0,1.0,1.0,1.0,45.0,0.9952830188679245,0.9952830188679245,0.9952830188679245,212.0,0.98989898989899,1.0,0.98,50.0,1.0,1.0,1.0,36.0,1.0,1.0,1.0,41.0,1.0,1.0,1.0,297.0,0.9964664310954063,1.0,0.9929577464788732,284.0,1.0,1.0,1.0,68.0,1.0,1.0,1.0,212.0,0.9976470588235293,0.9953051643192489,1.0,212.0,1.0,1.0,1.0,221.0
45,0.000971726723946631,1.0,0.011358970776200294,0.9972904324531555,0.9970200022666551,0.9969562433714362,0.0003000000142492354,0.11949070900027436,27489.0,230051.35905534614,1.0,1.0,1.0,32.0,1.0,1.0,1.0,302.0,0.9974683544303797,1.0,0.9949494949494949,198.0,1.0,1.0,1.0,315.0,0.9984544049459042,1.0,0.9969135802469136,324.0,1.0,1.0,1.0,122.0,0.9947089947089947,1.0,0.9894736842105263,95.0,1.0,1.0,1.0,68.0,0.9970149253731343,0.9940476190476191,1.0,167.0,0.9944444444444445,0.9944444444444445,0.9944444444444445,180.0,1.0,1.0,1.0,32.0,0.9939759036144578,0.9969788519637462,0.990990990990991,333.0,1.0,1.0,1.0,50.0,0.98,0.98,0.98,50.0,1.0,1.0,1.0,59.0,1.0,1.0,1.0,77.0,1.0,1.0,1.0,41.0,0.9977827050997783,0.995575221238938,1.0,225.0,1.0,1.0,1.0,90.0,0.9863013698630138,0.972972972972973,1.0,36.0,1.0,1.0,1.0,77.0,1.0,1.0,1.0,41.0,0.9926362297496318,0.9882697947214076,0.9970414201183432,338.0,0.9852941176470589,0.9852941176470589,0.9852941176470589,68.0,1.0,1.0,1.0,122.0,1.0,1.0,1.0,36.0,0.9903846153846154,0.9903846153846154,0.9903846153846154,104.0,0.9841269841269841,0.9841269841269841,0.9841269841269841,63.0,0.9972299168975068,0.994475138121547,1.0,180.0,1.0,1.0,1.0,59.0,1.0,1.0,1.0,32.0,1.0,1.0,1.0,311.0,1.0,1.0,1.0,45.0,0.9952830188679245,0.9952830188679245,0.9952830188679245,212.0,0.98989898989899,1.0,0.98,50.0,1.0,1.0,1.0,36.0,1.0,1.0,1.0,41.0,1.0,1.0,1.0,297.0,0.9964664310954063,1.0,0.9929577464788732,284.0,1.0,1.0,1.0,68.0,1.0,1.0,1.0,212.0,0.9976470588235293,0.9953051643192489,1.0,212.0,1.0,1.0,1.0,221.0
46,0.0008779166382737458,1.0,0.011591613292694092,0.9974597692489624,0.9971763438730651,0.9971004456016155,0.0003000000142492354,0.12268541699995694,27489.0,224060.85965383847,0.9846153846153847,0.9696969696969697,1.0,32.0,1.0,1.0,1.0,302.0,0.9949494949494949,0.9949494949494949,0.9949494949494949,198.0,1.0,1.0,1.0,315.0,0.9984544049459042,1.0,0.9969135802469136,324.0,1.0,1.0,1.0,122.0,0.9947089947089947,1.0,0.9894736842105263,95.0,1.0,1.0,1.0,68.0,0.9970149253731343,0.9940476190476191,1.0,167.0,0.9972299168975068,0.994475138121547,1.0,180.0,1.0,1.0,1.0,32.0,0.9939759036144578,0.9969788519637462,0.990990990990991,333.0,1.0,1.0,1.0,50.0,0.98,0.98,0.98,50.0,1.0,1.0,1.0,59.0,1.0,1.0,1.0,77.0,1.0,1.0,1.0,41.0,0.9977827050997783,0.995575221238938,1.0,225.0,1.0,1.0,1.0,90.0,1.0,1.0,1.0,36.0,1.0,1.0,1.0,77.0,1.0,1.0,1.0,41.0,0.9926362297496318,0.9882697947214076,0.9970414201183432,338.0,0.9777777777777777,0.9850746268656716,0.9705882352941176,68.0,1.0,1.0,1.0,122.0,1.0,1.0,1.0,36.0,0.9951690821256038,1.0,0.9903846153846154,104.0,0.9921259842519685,0.984375,1.0,63.0,0.9972299168975068,0.994475138121547,1.0,180.0,1.0,1.0,1.0,59.0,1.0,1.0,1.0,32.0,1.0,1.0,1.0,311.0,1.0,1.0,1.0,45.0,0.9952830188679245,0.9952830188679245,0.9952830188679245,212.0,0.98989898989899,1.0,0.98,50.0,1.0,1.0,1.0,36.0,1.0,1.0,1.0,41.0,1.0,1.0,1.0,297.0,0.9964664310954063,1.0,0.9929577464788732,284.0,1.0,1.0,1.0,68.0,1.0,1.0,1.0,212.0,1.0,1.0,1.0,212.0,1.0,1.0,1.0,221.0
47,0.000795859145000577,1.0,0.011446159332990646,0.9972904324531555,0.9968072039690415,0.9971062178653868,0.0003000000142492354,0.11975116699977661,27489.0,229550.99886459793,1.0,1.0,1.0,32.0,1.0,1.0,1.0,302.0,0.9949494949494949,0.9949494949494949,0.9949494949494949,198.0,1.0,1.0,1.0,315.0,0.9984544049459042,1.0,0.9969135802469136,324.0,1.0,1.0,1.0,122.0,0.9947089947089947,1.0,0.9894736842105263,95.0,1.0,1.0,1.0,68.0,0.9970149253731343,0.9940476190476191,1.0,167.0,0.9972299168975068,0.994475138121547,1.0,180.0,1.0,1.0,1.0,32.0,0.9939759036144578,0.9969788519637462,0.990990990990991,333.0,1.0,1.0,1.0,50.0,0.98,0.98,0.98,50.0,1.0,1.0,1.0,59.0,1.0,1.0,1.0,77.0,1.0,1.0,1.0,41.0,0.9977827050997783,0.995575221238938,1.0,225.0,1.0,1.0,1.0,90.0,1.0,1.0,1.0,36.0,1.0,1.0,1.0,77.0,1.0,1.0,1.0,41.0,0.9926362297496318,0.9882697947214076,0.9970414201183432,338.0,0.9777777777777777,0.9850746268656716,0.9705882352941176,68.0,1.0,1.0,1.0,122.0,1.0,1.0,1.0,36.0,0.9903846153846154,0.9903846153846154,0.9903846153846154,104.0,0.9841269841269841,0.9841269841269841,0.9841269841269841,63.0,0.9972299168975068,0.994475138121547,1.0,180.0,1.0,1.0,1.0,59.0,1.0,1.0,1.0,32.0,1.0,1.0,1.0,311.0,1.0,1.0,1.0,45.0,0.9952830188679245,0.9952830188679245,0.9952830188679245,212.0,0.98989898989899,1.0,0.98,50.0,1.0,1.0,1.0,36.0,1.0,1.0,1.0,41.0,1.0,1.0,1.0,297.0,0.9964664310954063,1.0,0.9929577464788732,284.0,1.0,1.0,1.0,68.0,1.0,1.0,1.0,212.0,0.9976470588235293,0.9953051643192489,1.0,212.0,1.0,1.0,1.0,221.0
48,0.0007140652160160244,1.0,0.011244225315749645,0.9972904324531555,0.9970395039974336,0.9972504090918819,0.0003000000142492354,0.1191226670002834,27489.0,230762.12690851357,1.0,1.0,1.0,32.0,1.0,1.0,1.0,302.0,0.9974683544303797,1.0,0.9949494949494949,198.0,1.0,1.0,1.0,315.0,0.9984544049459042,1.0,0.9969135802469136,324.0,1.0,1.0,1.0,122.0,0.9947089947089947,1.0,0.9894736842105263,95.0,1.0,1.0,1.0,68.0,0.9970149253731343,0.9940476190476191,1.0,167.0,0.9972299168975068,0.994475138121547,1.0,180.0,1.0,1.0,1.0,32.0,0.9939759036144578,0.9969788519637462,0.990990990990991,333.0,1.0,1.0,1.0,50.0,0.98,0.98,0.98,50.0,1.0,1.0,1.0,59.0,1.0,1.0,1.0,77.0,1.0,1.0,1.0,41.0,0.9977827050997783,0.995575221238938,1.0,225.0,1.0,1.0,1.0,90.0,1.0,1.0,1.0,36.0,1.0,1.0,1.0,77.0,1.0,1.0,1.0,41.0,0.9911764705882354,0.9853801169590644,0.9970414201183432,338.0,0.9852941176470589,0.9852941176470589,0.9852941176470589,68.0,1.0,1.0,1.0,122.0,1.0,1.0,1.0,36.0,0.9903846153846154,0.9903846153846154,0.9903846153846154,104.0,0.9841269841269841,0.9841269841269841,0.9841269841269841,63.0,0.9972299168975068,0.994475138121547,1.0,180.0,1.0,1.0,1.0,59.0,1.0,1.0,1.0,32.0,1.0,1.0,1.0,311.0,1.0,1.0,1.0,45.0,0.9929078014184397,0.995260663507109,0.9905660377358491,212.0,0.98989898989899,1.0,0.98,50.0,1.0,1.0,1.0,36.0,1.0,1.0,1.0,41.0,1.0,1.0,1.0,297.0,0.9964664310954063,1.0,0.9929577464788732,284.0,1.0,1.0,1.0,68.0,1.0,1.0,1.0,212.0,0.9976470588235293,0.9953051643192489,1.0,212.0,1.0,1.0,1.0,221.0
49,0.0006447234773077071,1.0,0.011131202802062035,0.9971210956573486,0.9966975067334118,0.9967139701719211,0.0003000000142492354,0.11960262499997043,27489.0,229836.09264434452,0.9846153846153847,0.9696969696969697,1.0,32.0,1.0,1.0,1.0,302.0,0.9949494949494949,0.9949494949494949,0.9949494949494949,198.0,1.0,1.0,1.0,315.0,0.9984544049459042,1.0,0.9969135802469136,324.0,1.0,1.0,1.0,122.0,0.9947089947089947,1.0,0.9894736842105263,95.0,1.0,1.0,1.0,68.0,0.9970149253731343,0.9940476190476191,1.0,167.0,0.9972299168975068,0.994475138121547,1.0,180.0,1.0,1.0,1.0,32.0,0.9939759036144578,0.9969788519637462,0.990990990990991,333.0,1.0,1.0,1.0,50.0,0.98,0.98,0.98,50.0,1.0,1.0,1.0,59.0,1.0,1.0,1.0,77.0,1.0,1.0,1.0,41.0,0.9977827050997783,0.995575221238938,1.0,225.0,1.0,1.0,1.0,90.0,1.0,1.0,1.0,36.0,1.0,1.0,1.0,77.0,1.0,1.0,1.0,41.0,0.9911764705882354,0.9853801169590644,0.9970414201183432,338.0,0.9777777777777777,0.9850746268656716,0.9705882352941176,68.0,1.0,1.0,1.0,122.0,1.0,1.0,1.0,36.0,0.9903846153846154,0.9903846153846154,0.9903846153846154,104.0,0.9841269841269841,0.9841269841269841,0.9841269841269841,63.0,0.9972299168975068,0.994475138121547,1.0,180.0,1.0,1.0,1.0,59.0,1.0,1.0,1.0,32.0,1.0,1.0,1.0,311.0,1.0,1.0,1.0,45.0,0.9929078014184397,0.995260663507109,0.9905660377358491,212.0,0.98989898989899,1.0,0.98,50.0,1.0,1.0,1.0,36.0,1.0,1.0,1.0,41.0,1.0,1.0,1.0,297.0,0.9964664310954063,1.0,0.9929577464788732,284.0,1.0,1.0,1.0,68.0,1.0,1.0,1.0,212.0,1.0,1.0,1.0,212.0,1.0,1.0,1.0,221.0
50,0.0005825624684803188,1.0,0.011130142956972122,0.9972904324531555,0.9970395039974336,0.9972504090918819,0.0003000000142492354,0.11844525000014983,27489.0,232081.91126250508,1.0,1.0,1.0,32.0,1.0,1.0,1.0,302.0,0.9974683544303797,1.0,0.9949494949494949,198.0,1.0,1.0,1.0,315.0,0.9984544049459042,1.0,0.9969135802469136,324.0,1.0,1.0,1.0,122.0,0.9947089947089947,1.0,0.9894736842105263,95.0,1.0,1.0,1.0,68.0,0.9970149253731343,0.9940476190476191,1.0,167.0,0.9972299168975068,0.994475138121547,1.0,180.0,1.0,1.0,1.0,32.0,0.9939759036144578,0.9969788519637462,0.990990990990991,333.0,1.0,1.0,1.0,50.0,0.98,0.98,0.98,50.0,1.0,1.0,1.0,59.0,1.0,1.0,1.0,77.0,1.0,1.0,1.0,41.0,0.9977827050997783,0.995575221238938,1.0,225.0,1.0,1.0,1.0,90.0,1.0,1.0,1.0,36.0,1.0,1.0,1.0,77.0,1.0,1.0,1.0,41.0,0.9911764705882354,0.9853801169590644,0.9970414201183432,338.0,0.9852941176470589,0.9852941176470589,0.9852941176470589,68.0,1.0,1.0,1.0,122.0,1.0,1.0,1.0,36.0,0.9903846153846154,0.9903846153846154,0.9903846153846154,104.0,0.9841269841269841,0.9841269841269841,0.9841269841269841,63.0,0.9972299168975068,0.994475138121547,1.0,180.0,1.0,1.0,1.0,59.0,1.0,1.0,1.0,32.0,1.0,1.0,1.0,311.0,1.0,1.0,1.0,45.0,0.9929078014184397,0.995260663507109,0.9905660377358491,212.0,0.98989898989899,1.0,0.98,50.0,1.0,1.0,1.0,36.0,1.0,1.0,1.0,41.0,1.0,1.0,1.0,297.0,0.9964664310954063,1.0,0.9929577464788732,284.0,1.0,1.0,1.0,68.0,1.0,1.0,1.0,212.0,0.9976470588235293,0.9953051643192489,1.0,212.0,1.0,1.0,1.0,221.0
51,0.0005271067493595183,1.0,0.011163407936692238,0.9974597692489624,0.9971492012330633,0.9973395945944605,0.0003000000142492354,0.12096795799971005,27489.0,227241.99411604425,1.0,1.0,1.0,32.0,1.0,1.0,1.0,302.0,0.9974683544303797,1.0,0.9949494949494949,198.0,1.0,1.0,1.0,315.0,0.9984544049459042,1.0,0.9969135802469136,324.0,1.0,1.0,1.0,122.0,0.9947089947089947,1.0,0.9894736842105263,95.0,1.0,1.0,1.0,68.0,0.9970149253731343,0.9940476190476191,1.0,167.0,0.9972299168975068,0.994475138121547,1.0,180.0,1.0,1.0,1.0,32.0,0.9939759036144578,0.9969788519637462,0.990990990990991,333.0,1.0,1.0,1.0,50.0,0.98,0.98,0.98,50.0,1.0,1.0,1.0,59.0,1.0,1.0,1.0,77.0,1.0,1.0,1.0,41.0,0.9977827050997783,0.995575221238938,1.0,225.0,1.0,1.0,1.0,90.0,1.0,1.0,1.0,36.0,1.0,1.0,1.0,77.0,1.0,1.0,1.0,41.0,0.9926362297496318,0.9882697947214076,0.9970414201183432,338.0,0.9852941176470589,0.9852941176470589,0.9852941176470589,68.0,1.0,1.0,1.0,122.0,1.0,1.0,1.0,36.0,0.9903846153846154,0.9903846153846154,0.9903846153846154,104.0,0.9841269841269841,0.9841269841269841,0.9841269841269841,63.0,0.9972299168975068,0.994475138121547,1.0,180.0,1.0,1.0,1.0,59.0,1.0,1.0,1.0,32.0,1.0,1.0,1.0,311.0,1.0,1.0,1.0,45.0,0.9952830188679245,0.9952830188679245,0.9952830188679245,212.0,0.98989898989899,1.0,0.98,50.0,1.0,1.0,1.0,36.0,1.0,1.0,1.0,41.0,1.0,1.0,1.0,297.0,0.9964664310954063,1.0,0.9929577464788732,284.0,1.0,1.0,1.0,68.0,1.0,1.0,1.0,212.0,0.9976470588235293,0.9953051643192489,1.0,212.0,1.0,1.0,1.0,221.0
52,0.00047517329221591353,1.0,0.011195804923772812,0.9972904324531555,0.9970395039974336,0.9969473469009948,0.0003000000142492354,0.11972537500014369,27489.0,229600.45019668562,0.9846153846153847,0.9696969696969697,1.0,32.0,1.0,1.0,1.0,302.0,0.9974683544303797,1.0,0.9949494949494949,198.0,1.0,1.0,1.0,315.0,0.9984544049459042,1.0,0.9969135802469136,324.0,1.0,1.0,1.0,122.0,0.9947089947089947,1.0,0.9894736842105263,95.0,1.0,1.0,1.0,68.0,0.9970149253731343,0.9940476190476191,1.0,167.0,0.9972299168975068,0.994475138121547,1.0,180.0,1.0,1.0,1.0,32.0,0.9939759036144578,0.9969788519637462,0.990990990990991,333.0,1.0,1.0,1.0,50.0,0.98,0.98,0.98,50.0,1.0,1.0,1.0,59.0,1.0,1.0,1.0,77.0,1.0,1.0,1.0,41.0,0.9977827050997783,0.995575221238938,1.0,225.0,1.0,1.0,1.0,90.0,1.0,1.0,1.0,36.0,1.0,1.0,1.0,77.0,1.0,1.0,1.0,41.0,0.9911764705882354,0.9853801169590644,0.9970414201183432,338.0,0.9852941176470589,0.9852941176470589,0.9852941176470589,68.0,1.0,1.0,1.0,122.0,1.0,1.0,1.0,36.0,0.9903846153846154,0.9903846153846154,0.9903846153846154,104.0,0.9841269841269841,0.9841269841269841,0.9841269841269841,63.0,0.9972299168975068,0.994475138121547,1.0,180.0,1.0,1.0,1.0,59.0,1.0,1.0,1.0,32.0,1.0,1.0,1.0,311.0,1.0,1.0,1.0,45.0,0.9929078014184397,0.995260663507109,0.9905660377358491,212.0,0.98989898989899,1.0,0.98,50.0,1.0,1.0,1.0,36.0,1.0,1.0,1.0,41.0,1.0,1.0,1.0,297.0,0.9964664310954063,1.0,0.9929577464788732,284.0,1.0,1.0,1.0,68.0,1.0,1.0,1.0,212.0,1.0,1.0,1.0,212.0,1.0,1.0,1.0,221.0
53,0.0004288599011488259,1.0,0.011281413026154041,0.9974597692489624,0.9974086439014573,0.9972446368281104,0.0003000000142492354,0.1173612080001476,27489.0,234225.6054484837,0.9846153846153847,0.9696969696969697,1.0,32.0,1.0,1.0,1.0,302.0,0.9974683544303797,1.0,0.9949494949494949,198.0,1.0,1.0,1.0,315.0,0.9984544049459042,1.0,0.9969135802469136,324.0,1.0,1.0,1.0,122.0,0.9947089947089947,1.0,0.9894736842105263,95.0,1.0,1.0,1.0,68.0,0.9970149253731343,0.9940476190476191,1.0,167.0,0.9972299168975068,0.994475138121547,1.0,180.0,1.0,1.0,1.0,32.0,0.9939759036144578,0.9969788519637462,0.990990990990991,333.0,1.0,1.0,1.0,50.0,0.98,0.98,0.98,50.0,1.0,1.0,1.0,59.0,1.0,1.0,1.0,77.0,1.0,1.0,1.0,41.0,0.9977827050997783,0.995575221238938,1.0,225.0,1.0,1.0,1.0,90.0,1.0,1.0,1.0,36.0,1.0,1.0,1.0,77.0,1.0,1.0,1.0,41.0,0.9911764705882354,0.9853801169590644,0.9970414201183432,338.0,0.9852941176470589,0.9852941176470589,0.9852941176470589,68.0,1.0,1.0,1.0,122.0,1.0,1.0,1.0,36.0,0.9951690821256038,1.0,0.9903846153846154,104.0,0.9921259842519685,0.984375,1.0,63.0,0.9972299168975068,0.994475138121547,1.0,180.0,1.0,1.0,1.0,59.0,1.0,1.0,1.0,32.0,1.0,1.0,1.0,311.0,1.0,1.0,1.0,45.0,0.9929078014184397,0.995260663507109,0.9905660377358491,212.0,0.98989898989899,1.0,0.98,50.0,1.0,1.0,1.0,36.0,1.0,1.0,1.0,41.0,1.0,1.0,1.0,297.0,0.9964664310954063,1.0,0.9929577464788732,284.0,1.0,1.0,1.0,68.0,1.0,1.0,1.0,212.0,1.0,1.0,1.0,212.0,1.0,1.0,1.0,221.0
54,0.00038792655686847866,1.0,0.011014267802238464,0.9974597692489624,0.9971492012330633,0.9973395945944605,0.0003000000142492354,0.11941312499993728,27489.0,230200.82591435773,1.0,1.0,1.0,32.0,1.0,1.0,1.0,302.0,0.9974683544303797,1.0,0.9949494949494949,198.0,1.0,1.0,1.0,315.0,0.9984544049459042,1.0,0.9969135802469136,324.0,1.0,1.0,1.0,122.0,0.9947089947089947,1.0,0.9894736842105263,95.0,1.0,1.0,1.0,68.0,0.9970149253731343,0.9940476190476191,1.0,167.0,0.9972299168975068,0.994475138121547,1.0,180.0,1.0,1.0,1.0,32.0,0.9939759036144578,0.9969788519637462,0.990990990990991,333.0,1.0,1.0,1.0,50.0,0.98,0.98,0.98,50.0,1.0,1.0,1.0,59.0,1.0,1.0,1.0,77.0,1.0,1.0,1.0,41.0,0.9977827050997783,0.995575221238938,1.0,225.0,1.0,1.0,1.0,90.0,1.0,1.0,1.0,36.0,1.0,1.0,1.0,77.0,1.0,1.0,1.0,41.0,0.9926362297496318,0.9882697947214076,0.9970414201183432,338.0,0.9852941176470589,0.9852941176470589,0.9852941176470589,68.0,1.0,1.0,1.0,122.0,1.0,1.0,1.0,36.0,0.9903846153846154,0.9903846153846154,0.9903846153846154,104.0,0.9841269841269841,0.9841269841269841,0.9841269841269841,63.0,0.9972299168975068,0.994475138121547,1.0,180.0,1.0,1.0,1.0,59.0,1.0,1.0,1.0,32.0,1.0,1.0,1.0,311.0,1.0,1.0,1.0,45.0,0.9952830188679245,0.9952830188679245,0.9952830188679245,212.0,0.98989898989899,1.0,0.98,50.0,1.0,1.0,1.0,36.0,1.0,1.0,1.0,41.0,1.0,1.0,1.0,297.0,0.9964664310954063,1.0,0.9929577464788732,284.0,1.0,1.0,1.0,68.0,1.0,1.0,1.0,212.0,0.9976470588235293,0.9953051643192489,1.0,212.0,1.0,1.0,1.0,221.0
55,0.0003498539444990456,1.0,0.011235767044126987,0.9974597692489624,0.9974086439014573,0.9975476990189976,0.0003000000142492354,0.1204678750000312,27489.0,228185.3149646151,1.0,1.0,1.0,32.0,1.0,1.0,1.0,302.0,0.9974683544303797,1.0,0.9949494949494949,198.0,1.0,1.0,1.0,315.0,0.9984544049459042,1.0,0.9969135802469136,324.0,1.0,1.0,1.0,122.0,0.9947089947089947,1.0,0.9894736842105263,95.0,1.0,1.0,1.0,68.0,0.9970149253731343,0.9940476190476191,1.0,167.0,0.9972299168975068,0.994475138121547,1.0,180.0,1.0,1.0,1.0,32.0,0.9939759036144578,0.9969788519637462,0.990990990990991,333.0,1.0,1.0,1.0,50.0,0.98,0.98,0.98,50.0,1.0,1.0,1.0,59.0,1.0,1.0,1.0,77.0,1.0,1.0,1.0,41.0,0.9977827050997783,0.995575221238938,1.0,225.0,1.0,1.0,1.0,90.0,1.0,1.0,1.0,36.0,1.0,1.0,1.0,77.0,1.0,1.0,1.0,41.0,0.9911764705882354,0.9853801169590644,0.9970414201183432,338.0,0.9852941176470589,0.9852941176470589,0.9852941176470589,68.0,1.0,1.0,1.0,122.0,1.0,1.0,1.0,36.0,0.9951690821256038,1.0,0.9903846153846154,104.0,0.9921259842519685,0.984375,1.0,63.0,0.9972299168975068,0.994475138121547,1.0,180.0,1.0,1.0,1.0,59.0,1.0,1.0,1.0,32.0,1.0,1.0,1.0,311.0,1.0,1.0,1.0,45.0,0.9929078014184397,0.995260663507109,0.9905660377358491,212.0,0.98989898989899,1.0,0.98,50.0,1.0,1.0,1.0,36.0,1.0,1.0,1.0,41.0,1.0,1.0,1.0,297.0,0.9964664310954063,1.0,0.9929577464788732,284.0,1.0,1.0,1.0,68.0,1.0,1.0,1.0,212.0,0.9976470588235293,0.9953051643192489,1.0,212.0,1.0,1.0,1.0,221.0
56,0.0003173035802319646,1.0,0.011150128208100796,0.9974597692489624,0.9974086439014573,0.9972446368281104,0.0003000000142492354,0.11993191600004138,27489.0,229205.043301322,0.9846153846153847,0.9696969696969697,1.0,32.0,1.0,1.0,1.0,302.0,0.9974683544303797,1.0,0.9949494949494949,198.0,1.0,1.0,1.0,315.0,0.9984544049459042,1.0,0.9969135802469136,324.0,1.0,1.0,1.0,122.0,0.9947089947089947,1.0,0.9894736842105263,95.0,1.0,1.0,1.0,68.0,0.9970149253731343,0.9940476190476191,1.0,167.0,0.9972299168975068,0.994475138121547,1.0,180.0,1.0,1.0,1.0,32.0,0.9939759036144578,0.9969788519637462,0.990990990990991,333.0,1.0,1.0,1.0,50.0,0.98,0.98,0.98,50.0,1.0,1.0,1.0,59.0,1.0,1.0,1.0,77.0,1.0,1.0,1.0,41.0,0.9977827050997783,0.995575221238938,1.0,225.0,1.0,1.0,1.0,90.0,1.0,1.0,1.0,36.0,1.0,1.0,1.0,77.0,1.0,1.0,1.0,41.0,0.9911764705882354,0.9853801169590644,0.9970414201183432,338.0,0.9852941176470589,0.9852941176470589,0.9852941176470589,68.0,1.0,1.0,1.0,122.0,1.0,1.0,1.0,36.0,0.9951690821256038,1.0,0.9903846153846154,104.0,0.9921259842519685,0.984375,1.0,63.0,0.9972299168975068,0.994475138121547,1.0,180.0,1.0,1.0,1.0,59.0,1.0,1.0,1.0,32.0,1.0,1.0,1.0,311.0,1.0,1.0,1.0,45.0,0.9929078014184397,0.995260663507109,0.9905660377358491,212.0,0.98989898989899,1.0,0.98,50.0,1.0,1.0,1.0,36.0,1.0,1.0,1.0,41.0,1.0,1.0,1.0,297.0,0.9964664310954063,1.0,0.9929577464788732,284.0,1.0,1.0,1.0,68.0,1.0,1.0,1.0,212.0,1.0,1.0,1.0,212.0,1.0,1.0,1.0,221.0
57,0.00028671653126366436,1.0,0.01093678642064333,0.9974597692489624,0.9971492012330633,0.9973395945944605,0.0003000000142492354,0.12109416700013753,27489.0,227005.15376573656,1.0,1.0,1.0,32.0,1.0,1.0,1.0,302.0,0.9974683544303797,1.0,0.9949494949494949,198.0,1.0,1.0,1.0,315.0,0.9984544049459042,1.0,0.9969135802469136,324.0,1.0,1.0,1.0,122.0,0.9947089947089947,1.0,0.9894736842105263,95.0,1.0,1.0,1.0,68.0,0.9970149253731343,0.9940476190476191,1.0,167.0,0.9972299168975068,0.994475138121547,1.0,180.0,1.0,1.0,1.0,32.0,0.9939759036144578,0.9969788519637462,0.990990990990991,333.0,1.0,1.0,1.0,50.0,0.98,0.98,0.98,50.0,1.0,1.0,1.0,59.0,1.0,1.0,1.0,77.0,1.0,1.0,1.0,41.0,0.9977827050997783,0.995575221238938,1.0,225.0,1.0,1.0,1.0,90.0,1.0,1.0,1.0,36.0,1.0,1.0,1.0,77.0,1.0,1.0,1.0,41.0,0.9926362297496318,0.9882697947214076,0.9970414201183432,338.0,0.9852941176470589,0.9852941176470589,0.9852941176470589,68.0,1.0,1.0,1.0,122.0,1.0,1.0,1.0,36.0,0.9903846153846154,0.9903846153846154,0.9903846153846154,104.0,0.9841269841269841,0.9841269841269841,0.9841269841269841,63.0,0.9972299168975068,0.994475138121547,1.0,180.0,1.0,1.0,1.0,59.0,1.0,1.0,1.0,32.0,1.0,1.0,1.0,311.0,1.0,1.0,1.0,45.0,0.9952830188679245,0.9952830188679245,0.9952830188679245,212.0,0.98989898989899,1.0,0.98,50.0,1.0,1.0,1.0,36.0,1.0,1.0,1.0,41.0,1.0,1.0,1.0,297.0,0.9964664310954063,1.0,0.9929577464788732,284.0,1.0,1.0,1.0,68.0,1.0,1.0,1.0,212.0,0.9976470588235293,0.9953051643192489,1.0,212.0,1.0,1.0,1.0,221.0
58,0.00025845348136499524,1.0,0.010892986319959164,0.9974597692489624,0.9971492012330633,0.9973395945944605,0.0003000000142492354,0.1182656659998429,27489.0,232434.32290853135,1.0,1.0,1.0,32.0,1.0,1.0,1.0,302.0,0.9974683544303797,1.0,0.9949494949494949,198.0,1.0,1.0,1.0,315.0,0.9984544049459042,1.0,0.9969135802469136,324.0,1.0,1.0,1.0,122.0,0.9947089947089947,1.0,0.9894736842105263,95.0,1.0,1.0,1.0,68.0,0.9970149253731343,0.9940476190476191,1.0,167.0,0.9972299168975068,0.994475138121547,1.0,180.0,1.0,1.0,1.0,32.0,0.9939759036144578,0.9969788519637462,0.990990990990991,333.0,1.0,1.0,1.0,50.0,0.98,0.98,0.98,50.0,1.0,1.0,1.0,59.0,1.0,1.0,1.0,77.0,1.0,1.0,1.0,41.0,0.9977827050997783,0.995575221238938,1.0,225.0,1.0,1.0,1.0,90.0,1.0,1.0,1.0,36.0,1.0,1.0,1.0,77.0,1.0,1.0,1.0,41.0,0.9926362297496318,0.9882697947214076,0.9970414201183432,338.0,0.9852941176470589,0.9852941176470589,0.9852941176470589,68.0,1.0,1.0,1.0,122.0,1.0,1.0,1.0,36.0,0.9903846153846154,0.9903846153846154,0.9903846153846154,104.0,0.9841269841269841,0.9841269841269841,0.9841269841269841,63.0,0.9972299168975068,0.994475138121547,1.0,180.0,1.0,1.0,1.0,59.0,1.0,1.0,1.0,32.0,1.0,1.0,1.0,311.0,1.0,1.0,1.0,45.0,0.9952830188679245,0.9952830188679245,0.9952830188679245,212.0,0.98989898989899,1.0,0.98,50.0,1.0,1.0,1.0,36.0,1.0,1.0,1.0,41.0,1.0,1.0,1.0,297.0,0.9964664310954063,1.0,0.9929577464788732,284.0,1.0,1.0,1.0,68.0,1.0,1.0,1.0,212.0,0.9976470588235293,0.9953051643192489,1.0,212.0,1.0,1.0,1.0,221.0
59,0.00023403744853567332,1.0,0.011043423786759377,0.9972904324531555,0.9970395039974336,0.9969473469009948,0.0003000000142492354,0.11868295900012527,27489.0,231617.07655073705,0.9846153846153847,0.9696969696969697,1.0,32.0,1.0,1.0,1.0,302.0,0.9974683544303797,1.0,0.9949494949494949,198.0,1.0,1.0,1.0,315.0,0.9984544049459042,1.0,0.9969135802469136,324.0,1.0,1.0,1.0,122.0,0.9947089947089947,1.0,0.9894736842105263,95.0,1.0,1.0,1.0,68.0,0.9970149253731343,0.9940476190476191,1.0,167.0,0.9972299168975068,0.994475138121547,1.0,180.0,1.0,1.0,1.0,32.0,0.9939759036144578,0.9969788519637462,0.990990990990991,333.0,1.0,1.0,1.0,50.0,0.98,0.98,0.98,50.0,1.0,1.0,1.0,59.0,1.0,1.0,1.0,77.0,1.0,1.0,1.0,41.0,0.9977827050997783,0.995575221238938,1.0,225.0,1.0,1.0,1.0,90.0,1.0,1.0,1.0,36.0,1.0,1.0,1.0,77.0,1.0,1.0,1.0,41.0,0.9911764705882354,0.9853801169590644,0.9970414201183432,338.0,0.9852941176470589,0.9852941176470589,0.9852941176470589,68.0,1.0,1.0,1.0,122.0,1.0,1.0,1.0,36.0,0.9903846153846154,0.9903846153846154,0.9903846153846154,104.0,0.9841269841269841,0.9841269841269841,0.9841269841269841,63.0,0.9972299168975068,0.994475138121547,1.0,180.0,1.0,1.0,1.0,59.0,1.0,1.0,1.0,32.0,1.0,1.0,1.0,311.0,1.0,1.0,1.0,45.0,0.9929078014184397,0.995260663507109,0.9905660377358491,212.0,0.98989898989899,1.0,0.98,50.0,1.0,1.0,1.0,36.0,1.0,1.0,1.0,41.0,1.0,1.0,1.0,297.0,0.9964664310954063,1.0,0.9929577464788732,284.0,1.0,1.0,1.0,68.0,1.0,1.0,1.0,212.0,1.0,1.0,1.0,212.0,1.0,1.0,1.0,221.0
60,0.00021136764553375542,1.0,0.011144589632749557,0.9972904324531555,0.9970395039974336,0.9969473469009948,0.0003000000142492354,0.11895445800018933,27489.0,231088.43890454486,0.9846153846153847,0.9696969696969697,1.0,32.0,1.0,1.0,1.0,302.0,0.9974683544303797,1.0,0.9949494949494949,198.0,1.0,1.0,1.0,315.0,0.9984544049459042,1.0,0.9969135802469136,324.0,1.0,1.0,1.0,122.0,0.9947089947089947,1.0,0.9894736842105263,95.0,1.0,1.0,1.0,68.0,0.9970149253731343,0.9940476190476191,1.0,167.0,0.9972299168975068,0.994475138121547,1.0,180.0,1.0,1.0,1.0,32.0,0.9939759036144578,0.9969788519637462,0.990990990990991,333.0,1.0,1.0,1.0,50.0,0.98,0.98,0.98,50.0,1.0,1.0,1.0,59.0,1.0,1.0,1.0,77.0,1.0,1.0,1.0,41.0,0.9977827050997783,0.995575221238938,1.0,225.0,1.0,1.0,1.0,90.0,1.0,1.0,1.0,36.0,1.0,1.0,1.0,77.0,1.0,1.0,1.0,41.0,0.9911764705882354,0.9853801169590644,0.9970414201183432,338.0,0.9852941176470589,0.9852941176470589,0.9852941176470589,68.0,1.0,1.0,1.0,122.0,1.0,1.0,1.0,36.0,0.9903846153846154,0.9903846153846154,0.9903846153846154,104.0,0.9841269841269841,0.9841269841269841,0.9841269841269841,63.0,0.9972299168975068,0.994475138121547,1.0,180.0,1.0,1.0,1.0,59.0,1.0,1.0,1.0,32.0,1.0,1.0,1.0,311.0,1.0,1.0,1.0,45.0,0.9929078014184397,0.995260663507109,0.9905660377358491,212.0,0.98989898989899,1.0,0.98,50.0,1.0,1.0,1.0,36.0,1.0,1.0,1.0,41.0,1.0,1.0,1.0,297.0,0.9964664310954063,1.0,0.9929577464788732,284.0,1.0,1.0,1.0,68.0,1.0,1.0,1.0,212.0,1.0,1.0,1.0,212.0,1.0,1.0,1.0,221.0
61,0.00019078863260801882,1.0,0.011153965257108212,0.9972904324531555,0.9970395039974336,0.9969473469009948,0.0003000000142492354,0.1183272080002098,27489.0,232313.4337789096,0.9846153846153847,0.9696969696969697,1.0,32.0,1.0,1.0,1.0,302.0,0.9974683544303797,1.0,0.9949494949494949,198.0,1.0,1.0,1.0,315.0,0.9984544049459042,1.0,0.9969135802469136,324.0,1.0,1.0,1.0,122.0,0.9947089947089947,1.0,0.9894736842105263,95.0,1.0,1.0,1.0,68.0,0.9970149253731343,0.9940476190476191,1.0,167.0,0.9972299168975068,0.994475138121547,1.0,180.0,1.0,1.0,1.0,32.0,0.9939759036144578,0.9969788519637462,0.990990990990991,333.0,1.0,1.0,1.0,50.0,0.98,0.98,0.98,50.0,1.0,1.0,1.0,59.0,1.0,1.0,1.0,77.0,1.0,1.0,1.0,41.0,0.9977827050997783,0.995575221238938,1.0,225.0,1.0,1.0,1.0,90.0,1.0,1.0,1.0,36.0,1.0,1.0,1.0,77.0,1.0,1.0,1.0,41.0,0.9911764705882354,0.9853801169590644,0.9970414201183432,338.0,0.9852941176470589,0.9852941176470589,0.9852941176470589,68.0,1.0,1.0,1.0,122.0,1.0,1.0,1.0,36.0,0.9903846153846154,0.9903846153846154,0.9903846153846154,104.0,0.9841269841269841,0.9841269841269841,0.9841269841269841,63.0,0.9972299168975068,0.994475138121547,1.0,180.0,1.0,1.0,1.0,59.0,1.0,1.0,1.0,32.0,1.0,1.0,1.0,311.0,1.0,1.0,1.0,45.0,0.9929078014184397,0.995260663507109,0.9905660377358491,212.0,0.98989898989899,1.0,0.98,50.0,1.0,1.0,1.0,36.0,1.0,1.0,1.0,41.0,1.0,1.0,1.0,297.0,0.9964664310954063,1.0,0.9929577464788732,284.0,1.0,1.0,1.0,68.0,1.0,1.0,1.0,212.0,1.0,1.0,1.0,212.0,1.0,1.0,1.0,221.0
62,0.0001722523884382099,1.0,0.011061286553740501,0.9974597692489624,0.9971492012330633,0.9973395945944605,0.0003000000142492354,0.12002133300029527,27489.0,229034.28342969972,1.0,1.0,1.0,32.0,1.0,1.0,1.0,302.0,0.9974683544303797,1.0,0.9949494949494949,198.0,1.0,1.0,1.0,315.0,0.9984544049459042,1.0,0.9969135802469136,324.0,1.0,1.0,1.0,122.0,0.9947089947089947,1.0,0.9894736842105263,95.0,1.0,1.0,1.0,68.0,0.9970149253731343,0.9940476190476191,1.0,167.0,0.9972299168975068,0.994475138121547,1.0,180.0,1.0,1.0,1.0,32.0,0.9939759036144578,0.9969788519637462,0.990990990990991,333.0,1.0,1.0,1.0,50.0,0.98,0.98,0.98,50.0,1.0,1.0,1.0,59.0,1.0,1.0,1.0,77.0,1.0,1.0,1.0,41.0,0.9977827050997783,0.995575221238938,1.0,225.0,1.0,1.0,1.0,90.0,1.0,1.0,1.0,36.0,1.0,1.0,1.0,77.0,1.0,1.0,1.0,41.0,0.9926362297496318,0.9882697947214076,0.9970414201183432,338.0,0.9852941176470589,0.9852941176470589,0.9852941176470589,68.0,1.0,1.0,1.0,122.0,1.0,1.0,1.0,36.0,0.9903846153846154,0.9903846153846154,0.9903846153846154,104.0,0.9841269841269841,0.9841269841269841,0.9841269841269841,63.0,0.9972299168975068,0.994475138121547,1.0,180.0,1.0,1.0,1.0,59.0,1.0,1.0,1.0,32.0,1.0,1.0,1.0,311.0,1.0,1.0,1.0,45.0,0.9952830188679245,0.9952830188679245,0.9952830188679245,212.0,0.98989898989899,1.0,0.98,50.0,1.0,1.0,1.0,36.0,1.0,1.0,1.0,41.0,1.0,1.0,1.0,297.0,0.9964664310954063,1.0,0.9929577464788732,284.0,1.0,1.0,1.0,68.0,1.0,1.0,1.0,212.0,0.9976470588235293,0.9953051643192489,1.0,212.0,1.0,1.0,1.0,221.0
63,0.00015602751227561384,1.0,0.011079980060458183,0.9974597692489624,0.9971492012330633,0.9970365324035734,0.0003000000142492354,0.12009520900028292,27489.0,228893.39407315775,0.9846153846153847,0.9696969696969697,1.0,32.0,1.0,1.0,1.0,302.0,0.9974683544303797,1.0,0.9949494949494949,198.0,1.0,1.0,1.0,315.0,0.9984544049459042,1.0,0.9969135802469136,324.0,1.0,1.0,1.0,122.0,0.9947089947089947,1.0,0.9894736842105263,95.0,1.0,1.0,1.0,68.0,0.9970149253731343,0.9940476190476191,1.0,167.0,0.9972299168975068,0.994475138121547,1.0,180.0,1.0,1.0,1.0,32.0,0.9939759036144578,0.9969788519637462,0.990990990990991,333.0,1.0,1.0,1.0,50.0,0.98,0.98,0.98,50.0,1.0,1.0,1.0,59.0,1.0,1.0,1.0,77.0,1.0,1.0,1.0,41.0,0.9977827050997783,0.995575221238938,1.0,225.0,1.0,1.0,1.0,90.0,1.0,1.0,1.0,36.0,1.0,1.0,1.0,77.0,1.0,1.0,1.0,41.0,0.9926362297496318,0.9882697947214076,0.9970414201183432,338.0,0.9852941176470589,0.9852941176470589,0.9852941176470589,68.0,1.0,1.0,1.0,122.0,1.0,1.0,1.0,36.0,0.9903846153846154,0.9903846153846154,0.9903846153846154,104.0,0.9841269841269841,0.9841269841269841,0.9841269841269841,63.0,0.9972299168975068,0.994475138121547,1.0,180.0,1.0,1.0,1.0,59.0,1.0,1.0,1.0,32.0,1.0,1.0,1.0,311.0,1.0,1.0,1.0,45.0,0.9952830188679245,0.9952830188679245,0.9952830188679245,212.0,0.98989898989899,1.0,0.98,50.0,1.0,1.0,1.0,36.0,1.0,1.0,1.0,41.0,1.0,1.0,1.0,297.0,0.9964664310954063,1.0,0.9929577464788732,284.0,1.0,1.0,1.0,68.0,1.0,1.0,1.0,212.0,1.0,1.0,1.0,212.0,1.0,1.0,1.0,221.0
64,0.00014113298675511032,1.0,0.011389164254069328,0.9974597692489624,0.9971492012330633,0.9970365324035734,0.0003000000142492354,0.11755333300015991,27489.0,233842.79542259008,0.9846153846153847,0.9696969696969697,1.0,32.0,1.0,1.0,1.0,302.0,0.9974683544303797,1.0,0.9949494949494949,198.0,1.0,1.0,1.0,315.0,0.9984544049459042,1.0,0.9969135802469136,324.0,1.0,1.0,1.0,122.0,0.9947089947089947,1.0,0.9894736842105263,95.0,1.0,1.0,1.0,68.0,0.9970149253731343,0.9940476190476191,1.0,167.0,0.9972299168975068,0.994475138121547,1.0,180.0,1.0,1.0,1.0,32.0,0.9939759036144578,0.9969788519637462,0.990990990990991,333.0,1.0,1.0,1.0,50.0,0.98,0.98,0.98,50.0,1.0,1.0,1.0,59.0,1.0,1.0,1.0,77.0,1.0,1.0,1.0,41.0,0.9977827050997783,0.995575221238938,1.0,225.0,1.0,1.0,1.0,90.0,1.0,1.0,1.0,36.0,1.0,1.0,1.0,77.0,1.0,1.0,1.0,41.0,0.9926362297496318,0.9882697947214076,0.9970414201183432,338.0,0.9852941176470589,0.9852941176470589,0.9852941176470589,68.0,1.0,1.0,1.0,122.0,1.0,1.0,1.0,36.0,0.9903846153846154,0.9903846153846154,0.9903846153846154,104.0,0.9841269841269841,0.9841269841269841,0.9841269841269841,63.0,0.9972299168975068,0.994475138121547,1.0,180.0,1.0,1.0,1.0,59.0,1.0,1.0,1.0,32.0,1.0,1.0,1.0,311.0,1.0,1.0,1.0,45.0,0.9952830188679245,0.9952830188679245,0.9952830188679245,212.0,0.98989898989899,1.0,0.98,50.0,1.0,1.0,1.0,36.0,1.0,1.0,1.0,41.0,1.0,1.0,1.0,297.0,0.9964664310954063,1.0,0.9929577464788732,284.0,1.0,1.0,1.0,68.0,1.0,1.0,1.0,212.0,1.0,1.0,1.0,212.0,1.0,1.0,1.0,221.0
65,0.00012769359454978257,1.0,0.011315520852804184,0.9974597692489624,0.9971492012330633,0.9973395945944605,0.0003000000142492354,0.1194486669996877,27489.0,230132.32956439664,1.0,1.0,1.0,32.0,1.0,1.0,1.0,302.0,0.9974683544303797,1.0,0.9949494949494949,198.0,1.0,1.0,1.0,315.0,0.9984544049459042,1.0,0.9969135802469136,324.0,1.0,1.0,1.0,122.0,0.9947089947089947,1.0,0.9894736842105263,95.0,1.0,1.0,1.0,68.0,0.9970149253731343,0.9940476190476191,1.0,167.0,0.9972299168975068,0.994475138121547,1.0,180.0,1.0,1.0,1.0,32.0,0.9939759036144578,0.9969788519637462,0.990990990990991,333.0,1.0,1.0,1.0,50.0,0.98,0.98,0.98,50.0,1.0,1.0,1.0,59.0,1.0,1.0,1.0,77.0,1.0,1.0,1.0,41.0,0.9977827050997783,0.995575221238938,1.0,225.0,1.0,1.0,1.0,90.0,1.0,1.0,1.0,36.0,1.0,1.0,1.0,77.0,1.0,1.0,1.0,41.0,0.9926362297496318,0.9882697947214076,0.9970414201183432,338.0,0.9852941176470589,0.9852941176470589,0.9852941176470589,68.0,1.0,1.0,1.0,122.0,1.0,1.0,1.0,36.0,0.9903846153846154,0.9903846153846154,0.9903846153846154,104.0,0.9841269841269841,0.9841269841269841,0.9841269841269841,63.0,0.9972299168975068,0.994475138121547,1.0,180.0,1.0,1.0,1.0,59.0,1.0,1.0,1.0,32.0,1.0,1.0,1.0,311.0,1.0,1.0,1.0,45.0,0.9952830188679245,0.9952830188679245,0.9952830188679245,212.0,0.98989898989899,1.0,0.98,50.0,1.0,1.0,1.0,36.0,1.0,1.0,1.0,41.0,1.0,1.0,1.0,297.0,0.9964664310954063,1.0,0.9929577464788732,284.0,1.0,1.0,1.0,68.0,1.0,1.0,1.0,212.0,0.9976470588235293,0.9953051643192489,1.0,212.0,1.0,1.0,1.0,221.0
66,0.00011551164061529562,1.0,0.011315569281578064,0.9974597692489624,0.9971492012330633,0.9970365324035734,0.0003000000142492354,0.12132091600005879,27489.0,226580.8807443119,0.9846153846153847,0.9696969696969697,1.0,32.0,1.0,1.0,1.0,302.0,0.9974683544303797,1.0,0.9949494949494949,198.0,1.0,1.0,1.0,315.0,0.9984544049459042,1.0,0.9969135802469136,324.0,1.0,1.0,1.0,122.0,0.9947089947089947,1.0,0.9894736842105263,95.0,1.0,1.0,1.0,68.0,0.9970149253731343,0.9940476190476191,1.0,167.0,0.9972299168975068,0.994475138121547,1.0,180.0,1.0,1.0,1.0,32.0,0.9939759036144578,0.9969788519637462,0.990990990990991,333.0,1.0,1.0,1.0,50.0,0.98,0.98,0.98,50.0,1.0,1.0,1.0,59.0,1.0,1.0,1.0,77.0,1.0,1.0,1.0,41.0,0.9977827050997783,0.995575221238938,1.0,225.0,1.0,1.0,1.0,90.0,1.0,1.0,1.0,36.0,1.0,1.0,1.0,77.0,1.0,1.0,1.0,41.0,0.9926362297496318,0.9882697947214076,0.9970414201183432,338.0,0.9852941176470589,0.9852941176470589,0.9852941176470589,68.0,1.0,1.0,1.0,122.0,1.0,1.0,1.0,36.0,0.9903846153846154,0.9903846153846154,0.9903846153846154,104.0,0.9841269841269841,0.9841269841269841,0.9841269841269841,63.0,0.9972299168975068,0.994475138121547,1.0,180.0,1.0,1.0,1.0,59.0,1.0,1.0,1.0,32.0,1.0,1.0,1.0,311.0,1.0,1.0,1.0,45.0,0.9952830188679245,0.9952830188679245,0.9952830188679245,212.0,0.98989898989899,1.0,0.98,50.0,1.0,1.0,1.0,36.0,1.0,1.0,1.0,41.0,1.0,1.0,1.0,297.0,0.9964664310954063,1.0,0.9929577464788732,284.0,1.0,1.0,1.0,68.0,1.0,1.0,1.0,212.0,1.0,1.0,1.0,212.0,1.0,1.0,1.0,221.0
67,0.00010415661381557584,1.0,0.011478633619844913,0.9974597692489624,0.9974086439014573,0.9972446368281104,0.0003000000142492354,0.11835474999998041,27489.0,232259.37277552907,0.9846153846153847,0.9696969696969697,1.0,32.0,1.0,1.0,1.0,302.0,0.9974683544303797,1.0,0.9949494949494949,198.0,1.0,1.0,1.0,315.0,0.9984544049459042,1.0,0.9969135802469136,324.0,1.0,1.0,1.0,122.0,0.9947089947089947,1.0,0.9894736842105263,95.0,1.0,1.0,1.0,68.0,0.9970149253731343,0.9940476190476191,1.0,167.0,0.9972299168975068,0.994475138121547,1.0,180.0,1.0,1.0,1.0,32.0,0.9939759036144578,0.9969788519637462,0.990990990990991,333.0,1.0,1.0,1.0,50.0,0.98,0.98,0.98,50.0,1.0,1.0,1.0,59.0,1.0,1.0,1.0,77.0,1.0,1.0,1.0,41.0,0.9977827050997783,0.995575221238938,1.0,225.0,1.0,1.0,1.0,90.0,1.0,1.0,1.0,36.0,1.0,1.0,1.0,77.0,1.0,1.0,1.0,41.0,0.9911764705882354,0.9853801169590644,0.9970414201183432,338.0,0.9852941176470589,0.9852941176470589,0.9852941176470589,68.0,1.0,1.0,1.0,122.0,1.0,1.0,1.0,36.0,0.9951690821256038,1.0,0.9903846153846154,104.0,0.9921259842519685,0.984375,1.0,63.0,0.9972299168975068,0.994475138121547,1.0,180.0,1.0,1.0,1.0,59.0,1.0,1.0,1.0,32.0,1.0,1.0,1.0,311.0,1.0,1.0,1.0,45.0,0.9929078014184397,0.995260663507109,0.9905660377358491,212.0,0.98989898989899,1.0,0.98,50.0,1.0,1.0,1.0,36.0,1.0,1.0,1.0,41.0,1.0,1.0,1.0,297.0,0.9964664310954063,1.0,0.9929577464788732,284.0,1.0,1.0,1.0,68.0,1.0,1.0,1.0,212.0,1.0,1.0,1.0,212.0,1.0,1.0,1.0,221.0
68,9.455240797251463e-05,1.0,0.011414323933422565,0.9972904324531555,0.9970395039974336,0.9969473469009948,0.0003000000142492354,0.12037908399997832,27489.0,228353.62329227352,0.9846153846153847,0.9696969696969697,1.0,32.0,1.0,1.0,1.0,302.0,0.9974683544303797,1.0,0.9949494949494949,198.0,1.0,1.0,1.0,315.0,0.9984544049459042,1.0,0.9969135802469136,324.0,1.0,1.0,1.0,122.0,0.9947089947089947,1.0,0.9894736842105263,95.0,1.0,1.0,1.0,68.0,0.9970149253731343,0.9940476190476191,1.0,167.0,0.9972299168975068,0.994475138121547,1.0,180.0,1.0,1.0,1.0,32.0,0.9939759036144578,0.9969788519637462,0.990990990990991,333.0,1.0,1.0,1.0,50.0,0.98,0.98,0.98,50.0,1.0,1.0,1.0,59.0,1.0,1.0,1.0,77.0,1.0,1.0,1.0,41.0,0.9977827050997783,0.995575221238938,1.0,225.0,1.0,1.0,1.0,90.0,1.0,1.0,1.0,36.0,1.0,1.0,1.0,77.0,1.0,1.0,1.0,41.0,0.9911764705882354,0.9853801169590644,0.9970414201183432,338.0,0.9852941176470589,0.9852941176470589,0.9852941176470589,68.0,1.0,1.0,1.0,122.0,1.0,1.0,1.0,36.0,0.9903846153846154,0.9903846153846154,0.9903846153846154,104.0,0.9841269841269841,0.9841269841269841,0.9841269841269841,63.0,0.9972299168975068,0.994475138121547,1.0,180.0,1.0,1.0,1.0,59.0,1.0,1.0,1.0,32.0,1.0,1.0,1.0,311.0,1.0,1.0,1.0,45.0,0.9929078014184397,0.995260663507109,0.9905660377358491,212.0,0.98989898989899,1.0,0.98,50.0,1.0,1.0,1.0,36.0,1.0,1.0,1.0,41.0,1.0,1.0,1.0,297.0,0.9964664310954063,1.0,0.9929577464788732,284.0,1.0,1.0,1.0,68.0,1.0,1.0,1.0,212.0,1.0,1.0,1.0,212.0,1.0,1.0,1.0,221.0
69,8.523338328814134e-05,1.0,0.01143646240234375,0.9974597692489624,0.9971492012330633,0.9970365324035734,0.0003000000142492354,0.11975687499989363,27489.0,229540.05772131594,0.9846153846153847,0.9696969696969697,1.0,32.0,1.0,1.0,1.0,302.0,0.9974683544303797,1.0,0.9949494949494949,198.0,1.0,1.0,1.0,315.0,0.9984544049459042,1.0,0.9969135802469136,324.0,1.0,1.0,1.0,122.0,0.9947089947089947,1.0,0.9894736842105263,95.0,1.0,1.0,1.0,68.0,0.9970149253731343,0.9940476190476191,1.0,167.0,0.9972299168975068,0.994475138121547,1.0,180.0,1.0,1.0,1.0,32.0,0.9939759036144578,0.9969788519637462,0.990990990990991,333.0,1.0,1.0,1.0,50.0,0.98,0.98,0.98,50.0,1.0,1.0,1.0,59.0,1.0,1.0,1.0,77.0,1.0,1.0,1.0,41.0,0.9977827050997783,0.995575221238938,1.0,225.0,1.0,1.0,1.0,90.0,1.0,1.0,1.0,36.0,1.0,1.0,1.0,77.0,1.0,1.0,1.0,41.0,0.9926362297496318,0.9882697947214076,0.9970414201183432,338.0,0.9852941176470589,0.9852941176470589,0.9852941176470589,68.0,1.0,1.0,1.0,122.0,1.0,1.0,1.0,36.0,0.9903846153846154,0.9903846153846154,0.9903846153846154,104.0,0.9841269841269841,0.9841269841269841,0.9841269841269841,63.0,0.9972299168975068,0.994475138121547,1.0,180.0,1.0,1.0,1.0,59.0,1.0,1.0,1.0,32.0,1.0,1.0,1.0,311.0,1.0,1.0,1.0,45.0,0.9952830188679245,0.9952830188679245,0.9952830188679245,212.0,0.98989898989899,1.0,0.98,50.0,1.0,1.0,1.0,36.0,1.0,1.0,1.0,41.0,1.0,1.0,1.0,297.0,0.9964664310954063,1.0,0.9929577464788732,284.0,1.0,1.0,1.0,68.0,1.0,1.0,1.0,212.0,1.0,1.0,1.0,212.0,1.0,1.0,1.0,221.0
70,7.706275937380269e-05,1.0,0.011692124418914318,0.9974597692489624,0.9974086439014573,0.9972446368281104,0.0003000000142492354,0.12052279199997429,27489.0,228081.34083058633,0.9846153846153847,0.9696969696969697,1.0,32.0,1.0,1.0,1.0,302.0,0.9974683544303797,1.0,0.9949494949494949,198.0,1.0,1.0,1.0,315.0,0.9984544049459042,1.0,0.9969135802469136,324.0,1.0,1.0,1.0,122.0,0.9947089947089947,1.0,0.9894736842105263,95.0,1.0,1.0,1.0,68.0,0.9970149253731343,0.9940476190476191,1.0,167.0,0.9972299168975068,0.994475138121547,1.0,180.0,1.0,1.0,1.0,32.0,0.9939759036144578,0.9969788519637462,0.990990990990991,333.0,1.0,1.0,1.0,50.0,0.98,0.98,0.98,50.0,1.0,1.0,1.0,59.0,1.0,1.0,1.0,77.0,1.0,1.0,1.0,41.0,0.9977827050997783,0.995575221238938,1.0,225.0,1.0,1.0,1.0,90.0,1.0,1.0,1.0,36.0,1.0,1.0,1.0,77.0,1.0,1.0,1.0,41.0,0.9911764705882354,0.9853801169590644,0.9970414201183432,338.0,0.9852941176470589,0.9852941176470589,0.9852941176470589,68.0,1.0,1.0,1.0,122.0,1.0,1.0,1.0,36.0,0.9951690821256038,1.0,0.9903846153846154,104.0,0.9921259842519685,0.984375,1.0,63.0,0.9972299168975068,0.994475138121547,1.0,180.0,1.0,1.0,1.0,59.0,1.0,1.0,1.0,32.0,1.0,1.0,1.0,311.0,1.0,1.0,1.0,45.0,0.9929078014184397,0.995260663507109,0.9905660377358491,212.0,0.98989898989899,1.0,0.98,50.0,1.0,1.0,1.0,36.0,1.0,1.0,1.0,41.0,1.0,1.0,1.0,297.0,0.9964664310954063,1.0,0.9929577464788732,284.0,1.0,1.0,1.0,68.0,1.0,1.0,1.0,212.0,1.0,1.0,1.0,212.0,1.0,1.0,1.0,221.0
71,6.991931149968877e-05,1.0,0.011533352546393871,0.9972904324531555,0.9970395039974336,0.9969473469009948,0.0003000000142492354,0.12037016699969172,27489.0,228370.539687549,0.9846153846153847,0.9696969696969697,1.0,32.0,1.0,1.0,1.0,302.0,0.9974683544303797,1.0,0.9949494949494949,198.0,1.0,1.0,1.0,315.0,0.9984544049459042,1.0,0.9969135802469136,324.0,1.0,1.0,1.0,122.0,0.9947089947089947,1.0,0.9894736842105263,95.0,1.0,1.0,1.0,68.0,0.9970149253731343,0.9940476190476191,1.0,167.0,0.9972299168975068,0.994475138121547,1.0,180.0,1.0,1.0,1.0,32.0,0.9939759036144578,0.9969788519637462,0.990990990990991,333.0,1.0,1.0,1.0,50.0,0.98,0.98,0.98,50.0,1.0,1.0,1.0,59.0,1.0,1.0,1.0,77.0,1.0,1.0,1.0,41.0,0.9977827050997783,0.995575221238938,1.0,225.0,1.0,1.0,1.0,90.0,1.0,1.0,1.0,36.0,1.0,1.0,1.0,77.0,1.0,1.0,1.0,41.0,0.9911764705882354,0.9853801169590644,0.9970414201183432,338.0,0.9852941176470589,0.9852941176470589,0.9852941176470589,68.0,1.0,1.0,1.0,122.0,1.0,1.0,1.0,36.0,0.9903846153846154,0.9903846153846154,0.9903846153846154,104.0,0.9841269841269841,0.9841269841269841,0.9841269841269841,63.0,0.9972299168975068,0.994475138121547,1.0,180.0,1.0,1.0,1.0,59.0,1.0,1.0,1.0,32.0,1.0,1.0,1.0,311.0,1.0,1.0,1.0,45.0,0.9929078014184397,0.995260663507109,0.9905660377358491,212.0,0.98989898989899,1.0,0.98,50.0,1.0,1.0,1.0,36.0,1.0,1.0,1.0,41.0,1.0,1.0,1.0,297.0,0.9964664310954063,1.0,0.9929577464788732,284.0,1.0,1.0,1.0,68.0,1.0,1.0,1.0,212.0,1.0,1.0,1.0,212.0,1.0,1.0,1.0,221.0
72,6.311972538242117e-05,1.0,0.011795267462730408,0.9974597692489624,0.9974086439014573,0.9972446368281104,0.0003000000142492354,0.12155129199982184,27489.0,226151.44230667898,0.9846153846153847,0.9696969696969697,1.0,32.0,1.0,1.0,1.0,302.0,0.9974683544303797,1.0,0.9949494949494949,198.0,1.0,1.0,1.0,315.0,0.9984544049459042,1.0,0.9969135802469136,324.0,1.0,1.0,1.0,122.0,0.9947089947089947,1.0,0.9894736842105263,95.0,1.0,1.0,1.0,68.0,0.9970149253731343,0.9940476190476191,1.0,167.0,0.9972299168975068,0.994475138121547,1.0,180.0,1.0,1.0,1.0,32.0,0.9939759036144578,0.9969788519637462,0.990990990990991,333.0,1.0,1.0,1.0,50.0,0.98,0.98,0.98,50.0,1.0,1.0,1.0,59.0,1.0,1.0,1.0,77.0,1.0,1.0,1.0,41.0,0.9977827050997783,0.995575221238938,1.0,225.0,1.0,1.0,1.0,90.0,1.0,1.0,1.0,36.0,1.0,1.0,1.0,77.0,1.0,1.0,1.0,41.0,0.9911764705882354,0.9853801169590644,0.9970414201183432,338.0,0.9852941176470589,0.9852941176470589,0.9852941176470589,68.0,1.0,1.0,1.0,122.0,1.0,1.0,1.0,36.0,0.9951690821256038,1.0,0.9903846153846154,104.0,0.9921259842519685,0.984375,1.0,63.0,0.9972299168975068,0.994475138121547,1.0,180.0,1.0,1.0,1.0,59.0,1.0,1.0,1.0,32.0,1.0,1.0,1.0,311.0,1.0,1.0,1.0,45.0,0.9929078014184397,0.995260663507109,0.9905660377358491,212.0,0.98989898989899,1.0,0.98,50.0,1.0,1.0,1.0,36.0,1.0,1.0,1.0,41.0,1.0,1.0,1.0,297.0,0.9964664310954063,1.0,0.9929577464788732,284.0,1.0,1.0,1.0,68.0,1.0,1.0,1.0,212.0,1.0,1.0,1.0,212.0,1.0,1.0,1.0,221.0
73,5.706232332158834e-05,1.0,0.011676088906824589,0.9976291060447693,0.9975183411370868,0.9976368845215761,0.0003000000142492354,0.12102191700023468,27489.0,227140.67568394818,1.0,1.0,1.0,32.0,1.0,1.0,1.0,302.0,0.9974683544303797,1.0,0.9949494949494949,198.0,1.0,1.0,1.0,315.0,0.9984544049459042,1.0,0.9969135802469136,324.0,1.0,1.0,1.0,122.0,0.9947089947089947,1.0,0.9894736842105263,95.0,1.0,1.0,1.0,68.0,0.9970149253731343,0.9940476190476191,1.0,167.0,0.9972299168975068,0.994475138121547,1.0,180.0,1.0,1.0,1.0,32.0,0.9939759036144578,0.9969788519637462,0.990990990990991,333.0,1.0,1.0,1.0,50.0,0.98,0.98,0.98,50.0,1.0,1.0,1.0,59.0,1.0,1.0,1.0,77.0,1.0,1.0,1.0,41.0,0.9977827050997783,0.995575221238938,1.0,225.0,1.0,1.0,1.0,90.0,1.0,1.0,1.0,36.0,1.0,1.0,1.0,77.0,1.0,1.0,1.0,41.0,0.9926362297496318,0.9882697947214076,0.9970414201183432,338.0,0.9852941176470589,0.9852941176470589,0.9852941176470589,68.0,1.0,1.0,1.0,122.0,1.0,1.0,1.0,36.0,0.9951690821256038,1.0,0.9903846153846154,104.0,0.9921259842519685,0.984375,1.0,63.0,0.9972299168975068,0.994475138121547,1.0,180.0,1.0,1.0,1.0,59.0,1.0,1.0,1.0,32.0,1.0,1.0,1.0,311.0,1.0,1.0,1.0,45.0,0.9952830188679245,0.9952830188679245,0.9952830188679245,212.0,0.98989898989899,1.0,0.98,50.0,1.0,1.0,1.0,36.0,1.0,1.0,1.0,41.0,1.0,1.0,1.0,297.0,0.9964664310954063,1.0,0.9929577464788732,284.0,1.0,1.0,1.0,68.0,1.0,1.0,1.0,212.0,0.9976470588235293,0.9953051643192489,1.0,212.0,1.0,1.0,1.0,221.0
74,5.167645576875657e-05,1.0,0.011737615801393986,0.9974597692489624,0.9974086439014573,0.9972446368281104,0.0003000000142492354,0.12111566699968535,27489.0,226964.85666112392,0.9846153846153847,0.9696969696969697,1.0,32.0,1.0,1.0,1.0,302.0,0.9974683544303797,1.0,0.9949494949494949,198.0,1.0,1.0,1.0,315.0,0.9984544049459042,1.0,0.9969135802469136,324.0,1.0,1.0,1.0,122.0,0.9947089947089947,1.0,0.9894736842105263,95.0,1.0,1.0,1.0,68.0,0.9970149253731343,0.9940476190476191,1.0,167.0,0.9972299168975068,0.994475138121547,1.0,180.0,1.0,1.0,1.0,32.0,0.9939759036144578,0.9969788519637462,0.990990990990991,333.0,1.0,1.0,1.0,50.0,0.98,0.98,0.98,50.0,1.0,1.0,1.0,59.0,1.0,1.0,1.0,77.0,1.0,1.0,1.0,41.0,0.9977827050997783,0.995575221238938,1.0,225.0,1.0,1.0,1.0,90.0,1.0,1.0,1.0,36.0,1.0,1.0,1.0,77.0,1.0,1.0,1.0,41.0,0.9911764705882354,0.9853801169590644,0.9970414201183432,338.0,0.9852941176470589,0.9852941176470589,0.9852941176470589,68.0,1.0,1.0,1.0,122.0,1.0,1.0,1.0,36.0,0.9951690821256038,1.0,0.9903846153846154,104.0,0.9921259842519685,0.984375,1.0,63.0,0.9972299168975068,0.994475138121547,1.0,180.0,1.0,1.0,1.0,59.0,1.0,1.0,1.0,32.0,1.0,1.0,1.0,311.0,1.0,1.0,1.0,45.0,0.9929078014184397,0.995260663507109,0.9905660377358491,212.0,0.98989898989899,1.0,0.98,50.0,1.0,1.0,1.0,36.0,1.0,1.0,1.0,41.0,1.0,1.0,1.0,297.0,0.9964664310954063,1.0,0.9929577464788732,284.0,1.0,1.0,1.0,68.0,1.0,1.0,1.0,212.0,1.0,1.0,1.0,212.0,1.0,1.0,1.0,221.0
75,4.67493555333931e-05,1.0,0.011637142859399319,0.9974597692489624,0.9971492012330633,0.9973395945944605,0.0003000000142492354,0.1200104160002411,27489.0,229055.1180152961,1.0,1.0,1.0,32.0,1.0,1.0,1.0,302.0,0.9974683544303797,1.0,0.9949494949494949,198.0,1.0,1.0,1.0,315.0,0.9984544049459042,1.0,0.9969135802469136,324.0,1.0,1.0,1.0,122.0,0.9947089947089947,1.0,0.9894736842105263,95.0,1.0,1.0,1.0,68.0,0.9970149253731343,0.9940476190476191,1.0,167.0,0.9972299168975068,0.994475138121547,1.0,180.0,1.0,1.0,1.0,32.0,0.9939759036144578,0.9969788519637462,0.990990990990991,333.0,1.0,1.0,1.0,50.0,0.98,0.98,0.98,50.0,1.0,1.0,1.0,59.0,1.0,1.0,1.0,77.0,1.0,1.0,1.0,41.0,0.9977827050997783,0.995575221238938,1.0,225.0,1.0,1.0,1.0,90.0,1.0,1.0,1.0,36.0,1.0,1.0,1.0,77.0,1.0,1.0,1.0,41.0,0.9926362297496318,0.9882697947214076,0.9970414201183432,338.0,0.9852941176470589,0.9852941176470589,0.9852941176470589,68.0,1.0,1.0,1.0,122.0,1.0,1.0,1.0,36.0,0.9903846153846154,0.9903846153846154,0.9903846153846154,104.0,0.9841269841269841,0.9841269841269841,0.9841269841269841,63.0,0.9972299168975068,0.994475138121547,1.0,180.0,1.0,1.0,1.0,59.0,1.0,1.0,1.0,32.0,1.0,1.0,1.0,311.0,1.0,1.0,1.0,45.0,0.9952830188679245,0.9952830188679245,0.9952830188679245,212.0,0.98989898989899,1.0,0.98,50.0,1.0,1.0,1.0,36.0,1.0,1.0,1.0,41.0,1.0,1.0,1.0,297.0,0.9964664310954063,1.0,0.9929577464788732,284.0,1.0,1.0,1.0,68.0,1.0,1.0,1.0,212.0,0.9976470588235293,0.9953051643192489,1.0,212.0,1.0,1.0,1.0,221.0
76,4.233142317389138e-05,1.0,0.011793452315032482,0.9976291060447693,0.9975183411370868,0.9973338223306892,0.0003000000142492354,0.11950058299999,27489.0,230032.35055348894,0.9846153846153847,0.9696969696969697,1.0,32.0,1.0,1.0,1.0,302.0,0.9974683544303797,1.0,0.9949494949494949,198.0,1.0,1.0,1.0,315.0,0.9984544049459042,1.0,0.9969135802469136,324.0,1.0,1.0,1.0,122.0,0.9947089947089947,1.0,0.9894736842105263,95.0,1.0,1.0,1.0,68.0,0.9970149253731343,0.9940476190476191,1.0,167.0,0.9972299168975068,0.994475138121547,1.0,180.0,1.0,1.0,1.0,32.0,0.9939759036144578,0.9969788519637462,0.990990990990991,333.0,1.0,1.0,1.0,50.0,0.98,0.98,0.98,50.0,1.0,1.0,1.0,59.0,1.0,1.0,1.0,77.0,1.0,1.0,1.0,41.0,0.9977827050997783,0.995575221238938,1.0,225.0,1.0,1.0,1.0,90.0,1.0,1.0,1.0,36.0,1.0,1.0,1.0,77.0,1.0,1.0,1.0,41.0,0.9926362297496318,0.9882697947214076,0.9970414201183432,338.0,0.9852941176470589,0.9852941176470589,0.9852941176470589,68.0,1.0,1.0,1.0,122.0,1.0,1.0,1.0,36.0,0.9951690821256038,1.0,0.9903846153846154,104.0,0.9921259842519685,0.984375,1.0,63.0,0.9972299168975068,0.994475138121547,1.0,180.0,1.0,1.0,1.0,59.0,1.0,1.0,1.0,32.0,1.0,1.0,1.0,311.0,1.0,1.0,1.0,45.0,0.9952830188679245,0.9952830188679245,0.9952830188679245,212.0,0.98989898989899,1.0,0.98,50.0,1.0,1.0,1.0,36.0,1.0,1.0,1.0,41.0,1.0,1.0,1.0,297.0,0.9964664310954063,1.0,0.9929577464788732,284.0,1.0,1.0,1.0,68.0,1.0,1.0,1.0,212.0,1.0,1.0,1.0,212.0,1.0,1.0,1.0,221.0
77,3.827018736046739e-05,1.0,0.011931078508496284,0.9976291060447693,0.9975183411370868,0.9973338223306892,0.0003000000142492354,0.12010604199986119,27489.0,228872.74896654882,0.9846153846153847,0.9696969696969697,1.0,32.0,1.0,1.0,1.0,302.0,0.9974683544303797,1.0,0.9949494949494949,198.0,1.0,1.0,1.0,315.0,0.9984544049459042,1.0,0.9969135802469136,324.0,1.0,1.0,1.0,122.0,0.9947089947089947,1.0,0.9894736842105263,95.0,1.0,1.0,1.0,68.0,0.9970149253731343,0.9940476190476191,1.0,167.0,0.9972299168975068,0.994475138121547,1.0,180.0,1.0,1.0,1.0,32.0,0.9939759036144578,0.9969788519637462,0.990990990990991,333.0,1.0,1.0,1.0,50.0,0.98,0.98,0.98,50.0,1.0,1.0,1.0,59.0,1.0,1.0,1.0,77.0,1.0,1.0,1.0,41.0,0.9977827050997783,0.995575221238938,1.0,225.0,1.0,1.0,1.0,90.0,1.0,1.0,1.0,36.0,1.0,1.0,1.0,77.0,1.0,1.0,1.0,41.0,0.9926362297496318,0.9882697947214076,0.9970414201183432,338.0,0.9852941176470589,0.9852941176470589,0.9852941176470589,68.0,1.0,1.0,1.0,122.0,1.0,1.0,1.0,36.0,0.9951690821256038,1.0,0.9903846153846154,104.0,0.9921259842519685,0.984375,1.0,63.0,0.9972299168975068,0.994475138121547,1.0,180.0,1.0,1.0,1.0,59.0,1.0,1.0,1.0,32.0,1.0,1.0,1.0,311.0,1.0,1.0,1.0,45.0,0.9952830188679245,0.9952830188679245,0.9952830188679245,212.0,0.98989898989899,1.0,0.98,50.0,1.0,1.0,1.0,36.0,1.0,1.0,1.0,41.0,1.0,1.0,1.0,297.0,0.9964664310954063,1.0,0.9929577464788732,284.0,1.0,1.0,1.0,68.0,1.0,1.0,1.0,212.0,1.0,1.0,1.0,212.0,1.0,1.0,1.0,221.0
78,3.465688132564537e-05,1.0,0.011928784660995007,0.9974597692489624,0.9971492012330633,0.9973395945944605,0.0003000000142492354,0.12054824999995617,27489.0,228033.17343893417,1.0,1.0,1.0,32.0,1.0,1.0,1.0,302.0,0.9974683544303797,1.0,0.9949494949494949,198.0,1.0,1.0,1.0,315.0,0.9984544049459042,1.0,0.9969135802469136,324.0,1.0,1.0,1.0,122.0,0.9947089947089947,1.0,0.9894736842105263,95.0,1.0,1.0,1.0,68.0,0.9970149253731343,0.9940476190476191,1.0,167.0,0.9972299168975068,0.994475138121547,1.0,180.0,1.0,1.0,1.0,32.0,0.9939759036144578,0.9969788519637462,0.990990990990991,333.0,1.0,1.0,1.0,50.0,0.98,0.98,0.98,50.0,1.0,1.0,1.0,59.0,1.0,1.0,1.0,77.0,1.0,1.0,1.0,41.0,0.9977827050997783,0.995575221238938,1.0,225.0,1.0,1.0,1.0,90.0,1.0,1.0,1.0,36.0,1.0,1.0,1.0,77.0,1.0,1.0,1.0,41.0,0.9926362297496318,0.9882697947214076,0.9970414201183432,338.0,0.9852941176470589,0.9852941176470589,0.9852941176470589,68.0,1.0,1.0,1.0,122.0,1.0,1.0,1.0,36.0,0.9903846153846154,0.9903846153846154,0.9903846153846154,104.0,0.9841269841269841,0.9841269841269841,0.9841269841269841,63.0,0.9972299168975068,0.994475138121547,1.0,180.0,1.0,1.0,1.0,59.0,1.0,1.0,1.0,32.0,1.0,1.0,1.0,311.0,1.0,1.0,1.0,45.0,0.9952830188679245,0.9952830188679245,0.9952830188679245,212.0,0.98989898989899,1.0,0.98,50.0,1.0,1.0,1.0,36.0,1.0,1.0,1.0,41.0,1.0,1.0,1.0,297.0,0.9964664310954063,1.0,0.9929577464788732,284.0,1.0,1.0,1.0,68.0,1.0,1.0,1.0,212.0,0.9976470588235293,0.9953051643192489,1.0,212.0,1.0,1.0,1.0,221.0
79,3.141957495245151e-05,1.0,0.012008007615804672,0.9974597692489624,0.9974086439014573,0.9975476990189976,0.0003000000142492354,0.11906116699992708,27489.0,230881.325058882,1.0,1.0,1.0,32.0,1.0,1.0,1.0,302.0,0.9974683544303797,1.0,0.9949494949494949,198.0,1.0,1.0,1.0,315.0,0.9984544049459042,1.0,0.9969135802469136,324.0,1.0,1.0,1.0,122.0,0.9947089947089947,1.0,0.9894736842105263,95.0,1.0,1.0,1.0,68.0,0.9970149253731343,0.9940476190476191,1.0,167.0,0.9972299168975068,0.994475138121547,1.0,180.0,1.0,1.0,1.0,32.0,0.9939759036144578,0.9969788519637462,0.990990990990991,333.0,1.0,1.0,1.0,50.0,0.98,0.98,0.98,50.0,1.0,1.0,1.0,59.0,1.0,1.0,1.0,77.0,1.0,1.0,1.0,41.0,0.9977827050997783,0.995575221238938,1.0,225.0,1.0,1.0,1.0,90.0,1.0,1.0,1.0,36.0,1.0,1.0,1.0,77.0,1.0,1.0,1.0,41.0,0.9911764705882354,0.9853801169590644,0.9970414201183432,338.0,0.9852941176470589,0.9852941176470589,0.9852941176470589,68.0,1.0,1.0,1.0,122.0,1.0,1.0,1.0,36.0,0.9951690821256038,1.0,0.9903846153846154,104.0,0.9921259842519685,0.984375,1.0,63.0,0.9972299168975068,0.994475138121547,1.0,180.0,1.0,1.0,1.0,59.0,1.0,1.0,1.0,32.0,1.0,1.0,1.0,311.0,1.0,1.0,1.0,45.0,0.9929078014184397,0.995260663507109,0.9905660377358491,212.0,0.98989898989899,1.0,0.98,50.0,1.0,1.0,1.0,36.0,1.0,1.0,1.0,41.0,1.0,1.0,1.0,297.0,0.9964664310954063,1.0,0.9929577464788732,284.0,1.0,1.0,1.0,68.0,1.0,1.0,1.0,212.0,0.9976470588235293,0.9953051643192489,1.0,212.0,1.0,1.0,1.0,221.0
80,2.8414260668796487e-05,1.0,0.012012596242129803,0.9974597692489624,0.9971492012330633,0.9973395945944605,0.0003000000142492354,0.11917987500009986,27489.0,230651.35787377667,1.0,1.0,1.0,32.0,1.0,1.0,1.0,302.0,0.9974683544303797,1.0,0.9949494949494949,198.0,1.0,1.0,1.0,315.0,0.9984544049459042,1.0,0.9969135802469136,324.0,1.0,1.0,1.0,122.0,0.9947089947089947,1.0,0.9894736842105263,95.0,1.0,1.0,1.0,68.0,0.9970149253731343,0.9940476190476191,1.0,167.0,0.9972299168975068,0.994475138121547,1.0,180.0,1.0,1.0,1.0,32.0,0.9939759036144578,0.9969788519637462,0.990990990990991,333.0,1.0,1.0,1.0,50.0,0.98,0.98,0.98,50.0,1.0,1.0,1.0,59.0,1.0,1.0,1.0,77.0,1.0,1.0,1.0,41.0,0.9977827050997783,0.995575221238938,1.0,225.0,1.0,1.0,1.0,90.0,1.0,1.0,1.0,36.0,1.0,1.0,1.0,77.0,1.0,1.0,1.0,41.0,0.9926362297496318,0.9882697947214076,0.9970414201183432,338.0,0.9852941176470589,0.9852941176470589,0.9852941176470589,68.0,1.0,1.0,1.0,122.0,1.0,1.0,1.0,36.0,0.9903846153846154,0.9903846153846154,0.9903846153846154,104.0,0.9841269841269841,0.9841269841269841,0.9841269841269841,63.0,0.9972299168975068,0.994475138121547,1.0,180.0,1.0,1.0,1.0,59.0,1.0,1.0,1.0,32.0,1.0,1.0,1.0,311.0,1.0,1.0,1.0,45.0,0.9952830188679245,0.9952830188679245,0.9952830188679245,212.0,0.98989898989899,1.0,0.98,50.0,1.0,1.0,1.0,36.0,1.0,1.0,1.0,41.0,1.0,1.0,1.0,297.0,0.9964664310954063,1.0,0.9929577464788732,284.0,1.0,1.0,1.0,68.0,1.0,1.0,1.0,212.0,0.9976470588235293,0.9953051643192489,1.0,212.0,1.0,1.0,1.0,221.0
81,2.5783225282793865e-05,1.0,0.012148160487413406,0.9976291060447693,0.9975183411370868,0.9976368845215761,0.0003000000142492354,0.11866029199973127,27489.0,231661.32104295053,1.0,1.0,1.0,32.0,1.0,1.0,1.0,302.0,0.9974683544303797,1.0,0.9949494949494949,198.0,1.0,1.0,1.0,315.0,0.9984544049459042,1.0,0.9969135802469136,324.0,1.0,1.0,1.0,122.0,0.9947089947089947,1.0,0.9894736842105263,95.0,1.0,1.0,1.0,68.0,0.9970149253731343,0.9940476190476191,1.0,167.0,0.9972299168975068,0.994475138121547,1.0,180.0,1.0,1.0,1.0,32.0,0.9939759036144578,0.9969788519637462,0.990990990990991,333.0,1.0,1.0,1.0,50.0,0.98,0.98,0.98,50.0,1.0,1.0,1.0,59.0,1.0,1.0,1.0,77.0,1.0,1.0,1.0,41.0,0.9977827050997783,0.995575221238938,1.0,225.0,1.0,1.0,1.0,90.0,1.0,1.0,1.0,36.0,1.0,1.0,1.0,77.0,1.0,1.0,1.0,41.0,0.9926362297496318,0.9882697947214076,0.9970414201183432,338.0,0.9852941176470589,0.9852941176470589,0.9852941176470589,68.0,1.0,1.0,1.0,122.0,1.0,1.0,1.0,36.0,0.9951690821256038,1.0,0.9903846153846154,104.0,0.9921259842519685,0.984375,1.0,63.0,0.9972299168975068,0.994475138121547,1.0,180.0,1.0,1.0,1.0,59.0,1.0,1.0,1.0,32.0,1.0,1.0,1.0,311.0,1.0,1.0,1.0,45.0,0.9952830188679245,0.9952830188679245,0.9952830188679245,212.0,0.98989898989899,1.0,0.98,50.0,1.0,1.0,1.0,36.0,1.0,1.0,1.0,41.0,1.0,1.0,1.0,297.0,0.9964664310954063,1.0,0.9929577464788732,284.0,1.0,1.0,1.0,68.0,1.0,1.0,1.0,212.0,0.9976470588235293,0.9953051643192489,1.0,212.0,1.0,1.0,1.0,221.0
82,2.3289334421860985e-05,1.0,0.01209629699587822,0.9974597692489624,0.9971492012330633,0.9973395945944605,0.0003000000142492354,0.11920037500021863,27489.0,230611.69060877184,1.0,1.0,1.0,32.0,1.0,1.0,1.0,302.0,0.9974683544303797,1.0,0.9949494949494949,198.0,1.0,1.0,1.0,315.0,0.9984544049459042,1.0,0.9969135802469136,324.0,1.0,1.0,1.0,122.0,0.9947089947089947,1.0,0.9894736842105263,95.0,1.0,1.0,1.0,68.0,0.9970149253731343,0.9940476190476191,1.0,167.0,0.9972299168975068,0.994475138121547,1.0,180.0,1.0,1.0,1.0,32.0,0.9939759036144578,0.9969788519637462,0.990990990990991,333.0,1.0,1.0,1.0,50.0,0.98,0.98,0.98,50.0,1.0,1.0,1.0,59.0,1.0,1.0,1.0,77.0,1.0,1.0,1.0,41.0,0.9977827050997783,0.995575221238938,1.0,225.0,1.0,1.0,1.0,90.0,1.0,1.0,1.0,36.0,1.0,1.0,1.0,77.0,1.0,1.0,1.0,41.0,0.9926362297496318,0.9882697947214076,0.9970414201183432,338.0,0.9852941176470589,0.9852941176470589,0.9852941176470589,68.0,1.0,1.0,1.0,122.0,1.0,1.0,1.0,36.0,0.9903846153846154,0.9903846153846154,0.9903846153846154,104.0,0.9841269841269841,0.9841269841269841,0.9841269841269841,63.0,0.9972299168975068,0.994475138121547,1.0,180.0,1.0,1.0,1.0,59.0,1.0,1.0,1.0,32.0,1.0,1.0,1.0,311.0,1.0,1.0,1.0,45.0,0.9952830188679245,0.9952830188679245,0.9952830188679245,212.0,0.98989898989899,1.0,0.98,50.0,1.0,1.0,1.0,36.0,1.0,1.0,1.0,41.0,1.0,1.0,1.0,297.0,0.9964664310954063,1.0,0.9929577464788732,284.0,1.0,1.0,1.0,68.0,1.0,1.0,1.0,212.0,0.9976470588235293,0.9953051643192489,1.0,212.0,1.0,1.0,1.0,221.0
83,2.1107360225869343e-05,1.0,0.012279732152819633,0.9976291060447693,0.9975183411370868,0.9973338223306892,0.0003000000142492354,0.11759687500034488,27489.0,233756.21163333958,0.9846153846153847,0.9696969696969697,1.0,32.0,1.0,1.0,1.0,302.0,0.9974683544303797,1.0,0.9949494949494949,198.0,1.0,1.0,1.0,315.0,0.9984544049459042,1.0,0.9969135802469136,324.0,1.0,1.0,1.0,122.0,0.9947089947089947,1.0,0.9894736842105263,95.0,1.0,1.0,1.0,68.0,0.9970149253731343,0.9940476190476191,1.0,167.0,0.9972299168975068,0.994475138121547,1.0,180.0,1.0,1.0,1.0,32.0,0.9939759036144578,0.9969788519637462,0.990990990990991,333.0,1.0,1.0,1.0,50.0,0.98,0.98,0.98,50.0,1.0,1.0,1.0,59.0,1.0,1.0,1.0,77.0,1.0,1.0,1.0,41.0,0.9977827050997783,0.995575221238938,1.0,225.0,1.0,1.0,1.0,90.0,1.0,1.0,1.0,36.0,1.0,1.0,1.0,77.0,1.0,1.0,1.0,41.0,0.9926362297496318,0.9882697947214076,0.9970414201183432,338.0,0.9852941176470589,0.9852941176470589,0.9852941176470589,68.0,1.0,1.0,1.0,122.0,1.0,1.0,1.0,36.0,0.9951690821256038,1.0,0.9903846153846154,104.0,0.9921259842519685,0.984375,1.0,63.0,0.9972299168975068,0.994475138121547,1.0,180.0,1.0,1.0,1.0,59.0,1.0,1.0,1.0,32.0,1.0,1.0,1.0,311.0,1.0,1.0,1.0,45.0,0.9952830188679245,0.9952830188679245,0.9952830188679245,212.0,0.98989898989899,1.0,0.98,50.0,1.0,1.0,1.0,36.0,1.0,1.0,1.0,41.0,1.0,1.0,1.0,297.0,0.9964664310954063,1.0,0.9929577464788732,284.0,1.0,1.0,1.0,68.0,1.0,1.0,1.0,212.0,1.0,1.0,1.0,212.0,1.0,1.0,1.0,221.0
84,1.9152192180627026e-05,1.0,0.012173430994153023,0.9976291060447693,0.9975183411370868,0.9976368845215761,0.0003000000142492354,0.11808733299994856,27489.0,232785.3403210654,1.0,1.0,1.0,32.0,1.0,1.0,1.0,302.0,0.9974683544303797,1.0,0.9949494949494949,198.0,1.0,1.0,1.0,315.0,0.9984544049459042,1.0,0.9969135802469136,324.0,1.0,1.0,1.0,122.0,0.9947089947089947,1.0,0.9894736842105263,95.0,1.0,1.0,1.0,68.0,0.9970149253731343,0.9940476190476191,1.0,167.0,0.9972299168975068,0.994475138121547,1.0,180.0,1.0,1.0,1.0,32.0,0.9939759036144578,0.9969788519637462,0.990990990990991,333.0,1.0,1.0,1.0,50.0,0.98,0.98,0.98,50.0,1.0,1.0,1.0,59.0,1.0,1.0,1.0,77.0,1.0,1.0,1.0,41.0,0.9977827050997783,0.995575221238938,1.0,225.0,1.0,1.0,1.0,90.0,1.0,1.0,1.0,36.0,1.0,1.0,1.0,77.0,1.0,1.0,1.0,41.0,0.9926362297496318,0.9882697947214076,0.9970414201183432,338.0,0.9852941176470589,0.9852941176470589,0.9852941176470589,68.0,1.0,1.0,1.0,122.0,1.0,1.0,1.0,36.0,0.9951690821256038,1.0,0.9903846153846154,104.0,0.9921259842519685,0.984375,1.0,63.0,0.9972299168975068,0.994475138121547,1.0,180.0,1.0,1.0,1.0,59.0,1.0,1.0,1.0,32.0,1.0,1.0,1.0,311.0,1.0,1.0,1.0,45.0,0.9952830188679245,0.9952830188679245,0.9952830188679245,212.0,0.98989898989899,1.0,0.98,50.0,1.0,1.0,1.0,36.0,1.0,1.0,1.0,41.0,1.0,1.0,1.0,297.0,0.9964664310954063,1.0,0.9929577464788732,284.0,1.0,1.0,1.0,68.0,1.0,1.0,1.0,212.0,0.9976470588235293,0.9953051643192489,1.0,212.0,1.0,1.0,1.0,221.0
85,1.736806007102132e-05,1.0,0.012347068637609482,0.9976291060447693,0.9975183411370868,0.9976368845215761,0.0003000000142492354,0.11795620799966855,27489.0,233044.1141349444,1.0,1.0,1.0,32.0,1.0,1.0,1.0,302.0,0.9974683544303797,1.0,0.9949494949494949,198.0,1.0,1.0,1.0,315.0,0.9984544049459042,1.0,0.9969135802469136,324.0,1.0,1.0,1.0,122.0,0.9947089947089947,1.0,0.9894736842105263,95.0,1.0,1.0,1.0,68.0,0.9970149253731343,0.9940476190476191,1.0,167.0,0.9972299168975068,0.994475138121547,1.0,180.0,1.0,1.0,1.0,32.0,0.9939759036144578,0.9969788519637462,0.990990990990991,333.0,1.0,1.0,1.0,50.0,0.98,0.98,0.98,50.0,1.0,1.0,1.0,59.0,1.0,1.0,1.0,77.0,1.0,1.0,1.0,41.0,0.9977827050997783,0.995575221238938,1.0,225.0,1.0,1.0,1.0,90.0,1.0,1.0,1.0,36.0,1.0,1.0,1.0,77.0,1.0,1.0,1.0,41.0,0.9926362297496318,0.9882697947214076,0.9970414201183432,338.0,0.9852941176470589,0.9852941176470589,0.9852941176470589,68.0,1.0,1.0,1.0,122.0,1.0,1.0,1.0,36.0,0.9951690821256038,1.0,0.9903846153846154,104.0,0.9921259842519685,0.984375,1.0,63.0,0.9972299168975068,0.994475138121547,1.0,180.0,1.0,1.0,1.0,59.0,1.0,1.0,1.0,32.0,1.0,1.0,1.0,311.0,1.0,1.0,1.0,45.0,0.9952830188679245,0.9952830188679245,0.9952830188679245,212.0,0.98989898989899,1.0,0.98,50.0,1.0,1.0,1.0,36.0,1.0,1.0,1.0,41.0,1.0,1.0,1.0,297.0,0.9964664310954063,1.0,0.9929577464788732,284.0,1.0,1.0,1.0,68.0,1.0,1.0,1.0,212.0,0.9976470588235293,0.9953051643192489,1.0,212.0,1.0,1.0,1.0,221.0
86,1.5730374798295088e-05,1.0,0.01249811239540577,0.9976291060447693,0.9975183411370868,0.9976368845215761,0.0003000000142492354,0.12064804100009496,27489.0,227844.56152071597,1.0,1.0,1.0,32.0,1.0,1.0,1.0,302.0,0.9974683544303797,1.0,0.9949494949494949,198.0,1.0,1.0,1.0,315.0,0.9984544049459042,1.0,0.9969135802469136,324.0,1.0,1.0,1.0,122.0,0.9947089947089947,1.0,0.9894736842105263,95.0,1.0,1.0,1.0,68.0,0.9970149253731343,0.9940476190476191,1.0,167.0,0.9972299168975068,0.994475138121547,1.0,180.0,1.0,1.0,1.0,32.0,0.9939759036144578,0.9969788519637462,0.990990990990991,333.0,1.0,1.0,1.0,50.0,0.98,0.98,0.98,50.0,1.0,1.0,1.0,59.0,1.0,1.0,1.0,77.0,1.0,1.0,1.0,41.0,0.9977827050997783,0.995575221238938,1.0,225.0,1.0,1.0,1.0,90.0,1.0,1.0,1.0,36.0,1.0,1.0,1.0,77.0,1.0,1.0,1.0,41.0,0.9926362297496318,0.9882697947214076,0.9970414201183432,338.0,0.9852941176470589,0.9852941176470589,0.9852941176470589,68.0,1.0,1.0,1.0,122.0,1.0,1.0,1.0,36.0,0.9951690821256038,1.0,0.9903846153846154,104.0,0.9921259842519685,0.984375,1.0,63.0,0.9972299168975068,0.994475138121547,1.0,180.0,1.0,1.0,1.0,59.0,1.0,1.0,1.0,32.0,1.0,1.0,1.0,311.0,1.0,1.0,1.0,45.0,0.9952830188679245,0.9952830188679245,0.9952830188679245,212.0,0.98989898989899,1.0,0.98,50.0,1.0,1.0,1.0,36.0,1.0,1.0,1.0,41.0,1.0,1.0,1.0,297.0,0.9964664310954063,1.0,0.9929577464788732,284.0,1.0,1.0,1.0,68.0,1.0,1.0,1.0,212.0,0.9976470588235293,0.9953051643192489,1.0,212.0,1.0,1.0,1.0,221.0
87,1.4266136531659868e-05,1.0,0.012365058995783329,0.9976291060447693,0.9975183411370868,0.9976368845215761,0.0003000000142492354,0.11926470900016284,27489.0,230487.29360470304,1.0,1.0,1.0,32.0,1.0,1.0,1.0,302.0,0.9974683544303797,1.0,0.9949494949494949,198.0,1.0,1.0,1.0,315.0,0.9984544049459042,1.0,0.9969135802469136,324.0,1.0,1.0,1.0,122.0,0.9947089947089947,1.0,0.9894736842105263,95.0,1.0,1.0,1.0,68.0,0.9970149253731343,0.9940476190476191,1.0,167.0,0.9972299168975068,0.994475138121547,1.0,180.0,1.0,1.0,1.0,32.0,0.9939759036144578,0.9969788519637462,0.990990990990991,333.0,1.0,1.0,1.0,50.0,0.98,0.98,0.98,50.0,1.0,1.0,1.0,59.0,1.0,1.0,1.0,77.0,1.0,1.0,1.0,41.0,0.9977827050997783,0.995575221238938,1.0,225.0,1.0,1.0,1.0,90.0,1.0,1.0,1.0,36.0,1.0,1.0,1.0,77.0,1.0,1.0,1.0,41.0,0.9926362297496318,0.9882697947214076,0.9970414201183432,338.0,0.9852941176470589,0.9852941176470589,0.9852941176470589,68.0,1.0,1.0,1.0,122.0,1.0,1.0,1.0,36.0,0.9951690821256038,1.0,0.9903846153846154,104.0,0.9921259842519685,0.984375,1.0,63.0,0.9972299168975068,0.994475138121547,1.0,180.0,1.0,1.0,1.0,59.0,1.0,1.0,1.0,32.0,1.0,1.0,1.0,311.0,1.0,1.0,1.0,45.0,0.9952830188679245,0.9952830188679245,0.9952830188679245,212.0,0.98989898989899,1.0,0.98,50.0,1.0,1.0,1.0,36.0,1.0,1.0,1.0,41.0,1.0,1.0,1.0,297.0,0.9964664310954063,1.0,0.9929577464788732,284.0,1.0,1.0,1.0,68.0,1.0,1.0,1.0,212.0,0.9976470588235293,0.9953051643192489,1.0,212.0,1.0,1.0,1.0,221.0
88,1.2939580301463138e-05,1.0,0.01252146065235138,0.9976291060447693,0.9975183411370868,0.9976368845215761,0.0003000000142492354,0.11880612499999188,27489.0,231376.95973167947,1.0,1.0,1.0,32.0,1.0,1.0,1.0,302.0,0.9974683544303797,1.0,0.9949494949494949,198.0,1.0,1.0,1.0,315.0,0.9984544049459042,1.0,0.9969135802469136,324.0,1.0,1.0,1.0,122.0,0.9947089947089947,1.0,0.9894736842105263,95.0,1.0,1.0,1.0,68.0,0.9970149253731343,0.9940476190476191,1.0,167.0,0.9972299168975068,0.994475138121547,1.0,180.0,1.0,1.0,1.0,32.0,0.9939759036144578,0.9969788519637462,0.990990990990991,333.0,1.0,1.0,1.0,50.0,0.98,0.98,0.98,50.0,1.0,1.0,1.0,59.0,1.0,1.0,1.0,77.0,1.0,1.0,1.0,41.0,0.9977827050997783,0.995575221238938,1.0,225.0,1.0,1.0,1.0,90.0,1.0,1.0,1.0,36.0,1.0,1.0,1.0,77.0,1.0,1.0,1.0,41.0,0.9926362297496318,0.9882697947214076,0.9970414201183432,338.0,0.9852941176470589,0.9852941176470589,0.9852941176470589,68.0,1.0,1.0,1.0,122.0,1.0,1.0,1.0,36.0,0.9951690821256038,1.0,0.9903846153846154,104.0,0.9921259842519685,0.984375,1.0,63.0,0.9972299168975068,0.994475138121547,1.0,180.0,1.0,1.0,1.0,59.0,1.0,1.0,1.0,32.0,1.0,1.0,1.0,311.0,1.0,1.0,1.0,45.0,0.9952830188679245,0.9952830188679245,0.9952830188679245,212.0,0.98989898989899,1.0,0.98,50.0,1.0,1.0,1.0,36.0,1.0,1.0,1.0,41.0,1.0,1.0,1.0,297.0,0.9964664310954063,1.0,0.9929577464788732,284.0,1.0,1.0,1.0,68.0,1.0,1.0,1.0,212.0,0.9976470588235293,0.9953051643192489,1.0,212.0,1.0,1.0,1.0,221.0
89,1.1743073628167622e-05,1.0,0.0125716682523489,0.9976291060447693,0.9975183411370868,0.9976368845215761,0.0003000000142492354,0.12083704199994827,27489.0,227488.19025222224,1.0,1.0,1.0,32.0,1.0,1.0,1.0,302.0,0.9974683544303797,1.0,0.9949494949494949,198.0,1.0,1.0,1.0,315.0,0.9984544049459042,1.0,0.9969135802469136,324.0,1.0,1.0,1.0,122.0,0.9947089947089947,1.0,0.9894736842105263,95.0,1.0,1.0,1.0,68.0,0.9970149253731343,0.9940476190476191,1.0,167.0,0.9972299168975068,0.994475138121547,1.0,180.0,1.0,1.0,1.0,32.0,0.9939759036144578,0.9969788519637462,0.990990990990991,333.0,1.0,1.0,1.0,50.0,0.98,0.98,0.98,50.0,1.0,1.0,1.0,59.0,1.0,1.0,1.0,77.0,1.0,1.0,1.0,41.0,0.9977827050997783,0.995575221238938,1.0,225.0,1.0,1.0,1.0,90.0,1.0,1.0,1.0,36.0,1.0,1.0,1.0,77.0,1.0,1.0,1.0,41.0,0.9926362297496318,0.9882697947214076,0.9970414201183432,338.0,0.9852941176470589,0.9852941176470589,0.9852941176470589,68.0,1.0,1.0,1.0,122.0,1.0,1.0,1.0,36.0,0.9951690821256038,1.0,0.9903846153846154,104.0,0.9921259842519685,0.984375,1.0,63.0,0.9972299168975068,0.994475138121547,1.0,180.0,1.0,1.0,1.0,59.0,1.0,1.0,1.0,32.0,1.0,1.0,1.0,311.0,1.0,1.0,1.0,45.0,0.9952830188679245,0.9952830188679245,0.9952830188679245,212.0,0.98989898989899,1.0,0.98,50.0,1.0,1.0,1.0,36.0,1.0,1.0,1.0,41.0,1.0,1.0,1.0,297.0,0.9964664310954063,1.0,0.9929577464788732,284.0,1.0,1.0,1.0,68.0,1.0,1.0,1.0,212.0,0.9976470588235293,0.9953051643192489,1.0,212.0,1.0,1.0,1.0,221.0
90,1.0665026820788626e-05,1.0,0.01277217734605074,0.9976291060447693,0.9975183411370868,0.9973338223306892,0.0003000000142492354,0.12109470799987321,27489.0,227004.13960310124,0.9846153846153847,0.9696969696969697,1.0,32.0,1.0,1.0,1.0,302.0,0.9974683544303797,1.0,0.9949494949494949,198.0,1.0,1.0,1.0,315.0,0.9984544049459042,1.0,0.9969135802469136,324.0,1.0,1.0,1.0,122.0,0.9947089947089947,1.0,0.9894736842105263,95.0,1.0,1.0,1.0,68.0,0.9970149253731343,0.9940476190476191,1.0,167.0,0.9972299168975068,0.994475138121547,1.0,180.0,1.0,1.0,1.0,32.0,0.9939759036144578,0.9969788519637462,0.990990990990991,333.0,1.0,1.0,1.0,50.0,0.98,0.98,0.98,50.0,1.0,1.0,1.0,59.0,1.0,1.0,1.0,77.0,1.0,1.0,1.0,41.0,0.9977827050997783,0.995575221238938,1.0,225.0,1.0,1.0,1.0,90.0,1.0,1.0,1.0,36.0,1.0,1.0,1.0,77.0,1.0,1.0,1.0,41.0,0.9926362297496318,0.9882697947214076,0.9970414201183432,338.0,0.9852941176470589,0.9852941176470589,0.9852941176470589,68.0,1.0,1.0,1.0,122.0,1.0,1.0,1.0,36.0,0.9951690821256038,1.0,0.9903846153846154,104.0,0.9921259842519685,0.984375,1.0,63.0,0.9972299168975068,0.994475138121547,1.0,180.0,1.0,1.0,1.0,59.0,1.0,1.0,1.0,32.0,1.0,1.0,1.0,311.0,1.0,1.0,1.0,45.0,0.9952830188679245,0.9952830188679245,0.9952830188679245,212.0,0.98989898989899,1.0,0.98,50.0,1.0,1.0,1.0,36.0,1.0,1.0,1.0,41.0,1.0,1.0,1.0,297.0,0.9964664310954063,1.0,0.9929577464788732,284.0,1.0,1.0,1.0,68.0,1.0,1.0,1.0,212.0,1.0,1.0,1.0,212.0,1.0,1.0,1.0,221.0
91,9.692132152849808e-06,1.0,0.01286463811993599,0.9976291060447693,0.9975183411370868,0.9973338223306892,0.0003000000142492354,0.1211251669997182,27489.0,226947.05552037715,0.9846153846153847,0.9696969696969697,1.0,32.0,1.0,1.0,1.0,302.0,0.9974683544303797,1.0,0.9949494949494949,198.0,1.0,1.0,1.0,315.0,0.9984544049459042,1.0,0.9969135802469136,324.0,1.0,1.0,1.0,122.0,0.9947089947089947,1.0,0.9894736842105263,95.0,1.0,1.0,1.0,68.0,0.9970149253731343,0.9940476190476191,1.0,167.0,0.9972299168975068,0.994475138121547,1.0,180.0,1.0,1.0,1.0,32.0,0.9939759036144578,0.9969788519637462,0.990990990990991,333.0,1.0,1.0,1.0,50.0,0.98,0.98,0.98,50.0,1.0,1.0,1.0,59.0,1.0,1.0,1.0,77.0,1.0,1.0,1.0,41.0,0.9977827050997783,0.995575221238938,1.0,225.0,1.0,1.0,1.0,90.0,1.0,1.0,1.0,36.0,1.0,1.0,1.0,77.0,1.0,1.0,1.0,41.0,0.9926362297496318,0.9882697947214076,0.9970414201183432,338.0,0.9852941176470589,0.9852941176470589,0.9852941176470589,68.0,1.0,1.0,1.0,122.0,1.0,1.0,1.0,36.0,0.9951690821256038,1.0,0.9903846153846154,104.0,0.9921259842519685,0.984375,1.0,63.0,0.9972299168975068,0.994475138121547,1.0,180.0,1.0,1.0,1.0,59.0,1.0,1.0,1.0,32.0,1.0,1.0,1.0,311.0,1.0,1.0,1.0,45.0,0.9952830188679245,0.9952830188679245,0.9952830188679245,212.0,0.98989898989899,1.0,0.98,50.0,1.0,1.0,1.0,36.0,1.0,1.0,1.0,41.0,1.0,1.0,1.0,297.0,0.9964664310954063,1.0,0.9929577464788732,284.0,1.0,1.0,1.0,68.0,1.0,1.0,1.0,212.0,1.0,1.0,1.0,212.0,1.0,1.0,1.0,221.0
92,8.797854206932243e-06,1.0,0.012781014665961266,0.9976291060447693,0.9975183411370868,0.9976368845215761,0.0003000000142492354,0.11719387499988443,27489.0,234560.0399340589,1.0,1.0,1.0,32.0,1.0,1.0,1.0,302.0,0.9974683544303797,1.0,0.9949494949494949,198.0,1.0,1.0,1.0,315.0,0.9984544049459042,1.0,0.9969135802469136,324.0,1.0,1.0,1.0,122.0,0.9947089947089947,1.0,0.9894736842105263,95.0,1.0,1.0,1.0,68.0,0.9970149253731343,0.9940476190476191,1.0,167.0,0.9972299168975068,0.994475138121547,1.0,180.0,1.0,1.0,1.0,32.0,0.9939759036144578,0.9969788519637462,0.990990990990991,333.0,1.0,1.0,1.0,50.0,0.98,0.98,0.98,50.0,1.0,1.0,1.0,59.0,1.0,1.0,1.0,77.0,1.0,1.0,1.0,41.0,0.9977827050997783,0.995575221238938,1.0,225.0,1.0,1.0,1.0,90.0,1.0,1.0,1.0,36.0,1.0,1.0,1.0,77.0,1.0,1.0,1.0,41.0,0.9926362297496318,0.9882697947214076,0.9970414201183432,338.0,0.9852941176470589,0.9852941176470589,0.9852941176470589,68.0,1.0,1.0,1.0,122.0,1.0,1.0,1.0,36.0,0.9951690821256038,1.0,0.9903846153846154,104.0,0.9921259842519685,0.984375,1.0,63.0,0.9972299168975068,0.994475138121547,1.0,180.0,1.0,1.0,1.0,59.0,1.0,1.0,1.0,32.0,1.0,1.0,1.0,311.0,1.0,1.0,1.0,45.0,0.9952830188679245,0.9952830188679245,0.9952830188679245,212.0,0.98989898989899,1.0,0.98,50.0,1.0,1.0,1.0,36.0,1.0,1.0,1.0,41.0,1.0,1.0,1.0,297.0,0.9964664310954063,1.0,0.9929577464788732,284.0,1.0,1.0,1.0,68.0,1.0,1.0,1.0,212.0,0.9976470588235293,0.9953051643192489,1.0,212.0,1.0,1.0,1.0,221.0
93,8.001190508366562e-06,1.0,0.013145897537469864,0.9976291060447693,0.9975183411370868,0.9976368845215761,0.0003000000142492354,0.12073487500038027,27489.0,227680.69292251655,1.0,1.0,1.0,32.0,1.0,1.0,1.0,302.0,0.9974683544303797,1.0,0.9949494949494949,198.0,1.0,1.0,1.0,315.0,0.9984544049459042,1.0,0.9969135802469136,324.0,1.0,1.0,1.0,122.0,0.9947089947089947,1.0,0.9894736842105263,95.0,1.0,1.0,1.0,68.0,0.9970149253731343,0.9940476190476191,1.0,167.0,0.9972299168975068,0.994475138121547,1.0,180.0,1.0,1.0,1.0,32.0,0.9939759036144578,0.9969788519637462,0.990990990990991,333.0,1.0,1.0,1.0,50.0,0.98,0.98,0.98,50.0,1.0,1.0,1.0,59.0,1.0,1.0,1.0,77.0,1.0,1.0,1.0,41.0,0.9977827050997783,0.995575221238938,1.0,225.0,1.0,1.0,1.0,90.0,1.0,1.0,1.0,36.0,1.0,1.0,1.0,77.0,1.0,1.0,1.0,41.0,0.9926362297496318,0.9882697947214076,0.9970414201183432,338.0,0.9852941176470589,0.9852941176470589,0.9852941176470589,68.0,1.0,1.0,1.0,122.0,1.0,1.0,1.0,36.0,0.9951690821256038,1.0,0.9903846153846154,104.0,0.9921259842519685,0.984375,1.0,63.0,0.9972299168975068,0.994475138121547,1.0,180.0,1.0,1.0,1.0,59.0,1.0,1.0,1.0,32.0,1.0,1.0,1.0,311.0,1.0,1.0,1.0,45.0,0.9952830188679245,0.9952830188679245,0.9952830188679245,212.0,0.98989898989899,1.0,0.98,50.0,1.0,1.0,1.0,36.0,1.0,1.0,1.0,41.0,1.0,1.0,1.0,297.0,0.9964664310954063,1.0,0.9929577464788732,284.0,1.0,1.0,1.0,68.0,1.0,1.0,1.0,212.0,0.9976470588235293,0.9953051643192489,1.0,212.0,1.0,1.0,1.0,221.0
94,7.274947620317107e-06,1.0,0.0130046047270298,0.9974597692489624,0.9974086439014573,0.9975476990189976,0.0003000000142492354,0.11764641700028733,27489.0,233657.7747194193,1.0,1.0,1.0,32.0,1.0,1.0,1.0,302.0,0.9974683544303797,1.0,0.9949494949494949,198.0,1.0,1.0,1.0,315.0,0.9984544049459042,1.0,0.9969135802469136,324.0,1.0,1.0,1.0,122.0,0.9947089947089947,1.0,0.9894736842105263,95.0,1.0,1.0,1.0,68.0,0.9970149253731343,0.9940476190476191,1.0,167.0,0.9972299168975068,0.994475138121547,1.0,180.0,1.0,1.0,1.0,32.0,0.9939759036144578,0.9969788519637462,0.990990990990991,333.0,1.0,1.0,1.0,50.0,0.98,0.98,0.98,50.0,1.0,1.0,1.0,59.0,1.0,1.0,1.0,77.0,1.0,1.0,1.0,41.0,0.9977827050997783,0.995575221238938,1.0,225.0,1.0,1.0,1.0,90.0,1.0,1.0,1.0,36.0,1.0,1.0,1.0,77.0,1.0,1.0,1.0,41.0,0.9911764705882354,0.9853801169590644,0.9970414201183432,338.0,0.9852941176470589,0.9852941176470589,0.9852941176470589,68.0,1.0,1.0,1.0,122.0,1.0,1.0,1.0,36.0,0.9951690821256038,1.0,0.9903846153846154,104.0,0.9921259842519685,0.984375,1.0,63.0,0.9972299168975068,0.994475138121547,1.0,180.0,1.0,1.0,1.0,59.0,1.0,1.0,1.0,32.0,1.0,1.0,1.0,311.0,1.0,1.0,1.0,45.0,0.9929078014184397,0.995260663507109,0.9905660377358491,212.0,0.98989898989899,1.0,0.98,50.0,1.0,1.0,1.0,36.0,1.0,1.0,1.0,41.0,1.0,1.0,1.0,297.0,0.9964664310954063,1.0,0.9929577464788732,284.0,1.0,1.0,1.0,68.0,1.0,1.0,1.0,212.0,0.9976470588235293,0.9953051643192489,1.0,212.0,1.0,1.0,1.0,221.0
95,6.614883204747457e-06,1.0,0.01294762920588255,0.9976291060447693,0.9975183411370868,0.9976368845215761,0.0003000000142492354,0.12121729199998299,27489.0,226774.57602339325,1.0,1.0,1.0,32.0,1.0,1.0,1.0,302.0,0.9974683544303797,1.0,0.9949494949494949,198.0,1.0,1.0,1.0,315.0,0.9984544049459042,1.0,0.9969135802469136,324.0,1.0,1.0,1.0,122.0,0.9947089947089947,1.0,0.9894736842105263,95.0,1.0,1.0,1.0,68.0,0.9970149253731343,0.9940476190476191,1.0,167.0,0.9972299168975068,0.994475138121547,1.0,180.0,1.0,1.0,1.0,32.0,0.9939759036144578,0.9969788519637462,0.990990990990991,333.0,1.0,1.0,1.0,50.0,0.98,0.98,0.98,50.0,1.0,1.0,1.0,59.0,1.0,1.0,1.0,77.0,1.0,1.0,1.0,41.0,0.9977827050997783,0.995575221238938,1.0,225.0,1.0,1.0,1.0,90.0,1.0,1.0,1.0,36.0,1.0,1.0,1.0,77.0,1.0,1.0,1.0,41.0,0.9926362297496318,0.9882697947214076,0.9970414201183432,338.0,0.9852941176470589,0.9852941176470589,0.9852941176470589,68.0,1.0,1.0,1.0,122.0,1.0,1.0,1.0,36.0,0.9951690821256038,1.0,0.9903846153846154,104.0,0.9921259842519685,0.984375,1.0,63.0,0.9972299168975068,0.994475138121547,1.0,180.0,1.0,1.0,1.0,59.0,1.0,1.0,1.0,32.0,1.0,1.0,1.0,311.0,1.0,1.0,1.0,45.0,0.9952830188679245,0.9952830188679245,0.9952830188679245,212.0,0.98989898989899,1.0,0.98,50.0,1.0,1.0,1.0,36.0,1.0,1.0,1.0,41.0,1.0,1.0,1.0,297.0,0.9964664310954063,1.0,0.9929577464788732,284.0,1.0,1.0,1.0,68.0,1.0,1.0,1.0,212.0,0.9976470588235293,0.9953051643192489,1.0,212.0,1.0,1.0,1.0,221.0
96,5.9986955420754384e-06,1.0,0.012868332676589489,0.9976291060447693,0.9975183411370868,0.9976368845215761,0.0003000000142492354,0.11808233300007487,27489.0,232795.1972288909,1.0,1.0,1.0,32.0,1.0,1.0,1.0,302.0,0.9974683544303797,1.0,0.9949494949494949,198.0,1.0,1.0,1.0,315.0,0.9984544049459042,1.0,0.9969135802469136,324.0,1.0,1.0,1.0,122.0,0.9947089947089947,1.0,0.9894736842105263,95.0,1.0,1.0,1.0,68.0,0.9970149253731343,0.9940476190476191,1.0,167.0,0.9972299168975068,0.994475138121547,1.0,180.0,1.0,1.0,1.0,32.0,0.9939759036144578,0.9969788519637462,0.990990990990991,333.0,1.0,1.0,1.0,50.0,0.98,0.98,0.98,50.0,1.0,1.0,1.0,59.0,1.0,1.0,1.0,77.0,1.0,1.0,1.0,41.0,0.9977827050997783,0.995575221238938,1.0,225.0,1.0,1.0,1.0,90.0,1.0,1.0,1.0,36.0,1.0,1.0,1.0,77.0,1.0,1.0,1.0,41.0,0.9926362297496318,0.9882697947214076,0.9970414201183432,338.0,0.9852941176470589,0.9852941176470589,0.9852941176470589,68.0,1.0,1.0,1.0,122.0,1.0,1.0,1.0,36.0,0.9951690821256038,1.0,0.9903846153846154,104.0,0.9921259842519685,0.984375,1.0,63.0,0.9972299168975068,0.994475138121547,1.0,180.0,1.0,1.0,1.0,59.0,1.0,1.0,1.0,32.0,1.0,1.0,1.0,311.0,1.0,1.0,1.0,45.0,0.9952830188679245,0.9952830188679245,0.9952830188679245,212.0,0.98989898989899,1.0,0.98,50.0,1.0,1.0,1.0,36.0,1.0,1.0,1.0,41.0,1.0,1.0,1.0,297.0,0.9964664310954063,1.0,0.9929577464788732,284.0,1.0,1.0,1.0,68.0,1.0,1.0,1.0,212.0,0.9976470588235293,0.9953051643192489,1.0,212.0,1.0,1.0,1.0,221.0
97,5.478780167322839e-06,1.0,0.013027572073042393,0.9976291060447693,0.9975183411370868,0.9976368845215761,0.0003000000142492354,0.11897212499980014,27489.0,231054.12297247088,1.0,1.0,1.0,32.0,1.0,1.0,1.0,302.0,0.9974683544303797,1.0,0.9949494949494949,198.0,1.0,1.0,1.0,315.0,0.9984544049459042,1.0,0.9969135802469136,324.0,1.0,1.0,1.0,122.0,0.9947089947089947,1.0,0.9894736842105263,95.0,1.0,1.0,1.0,68.0,0.9970149253731343,0.9940476190476191,1.0,167.0,0.9972299168975068,0.994475138121547,1.0,180.0,1.0,1.0,1.0,32.0,0.9939759036144578,0.9969788519637462,0.990990990990991,333.0,1.0,1.0,1.0,50.0,0.98,0.98,0.98,50.0,1.0,1.0,1.0,59.0,1.0,1.0,1.0,77.0,1.0,1.0,1.0,41.0,0.9977827050997783,0.995575221238938,1.0,225.0,1.0,1.0,1.0,90.0,1.0,1.0,1.0,36.0,1.0,1.0,1.0,77.0,1.0,1.0,1.0,41.0,0.9926362297496318,0.9882697947214076,0.9970414201183432,338.0,0.9852941176470589,0.9852941176470589,0.9852941176470589,68.0,1.0,1.0,1.0,122.0,1.0,1.0,1.0,36.0,0.9951690821256038,1.0,0.9903846153846154,104.0,0.9921259842519685,0.984375,1.0,63.0,0.9972299168975068,0.994475138121547,1.0,180.0,1.0,1.0,1.0,59.0,1.0,1.0,1.0,32.0,1.0,1.0,1.0,311.0,1.0,1.0,1.0,45.0,0.9952830188679245,0.9952830188679245,0.9952830188679245,212.0,0.98989898989899,1.0,0.98,50.0,1.0,1.0,1.0,36.0,1.0,1.0,1.0,41.0,1.0,1.0,1.0,297.0,0.9964664310954063,1.0,0.9929577464788732,284.0,1.0,1.0,1.0,68.0,1.0,1.0,1.0,212.0,0.9976470588235293,0.9953051643192489,1.0,212.0,1.0,1.0,1.0,221.0
98,4.986427484254818e-06,1.0,0.013182593509554863,0.9976291060447693,0.9975183411370868,0.9976368845215761,0.0003000000142492354,0.12096129200017458,27489.0,227254.5170893208,1.0,1.0,1.0,32.0,1.0,1.0,1.0,302.0,0.9974683544303797,1.0,0.9949494949494949,198.0,1.0,1.0,1.0,315.0,0.9984544049459042,1.0,0.9969135802469136,324.0,1.0,1.0,1.0,122.0,0.9947089947089947,1.0,0.9894736842105263,95.0,1.0,1.0,1.0,68.0,0.9970149253731343,0.9940476190476191,1.0,167.0,0.9972299168975068,0.994475138121547,1.0,180.0,1.0,1.0,1.0,32.0,0.9939759036144578,0.9969788519637462,0.990990990990991,333.0,1.0,1.0,1.0,50.0,0.98,0.98,0.98,50.0,1.0,1.0,1.0,59.0,1.0,1.0,1.0,77.0,1.0,1.0,1.0,41.0,0.9977827050997783,0.995575221238938,1.0,225.0,1.0,1.0,1.0,90.0,1.0,1.0,1.0,36.0,1.0,1.0,1.0,77.0,1.0,1.0,1.0,41.0,0.9926362297496318,0.9882697947214076,0.9970414201183432,338.0,0.9852941176470589,0.9852941176470589,0.9852941176470589,68.0,1.0,1.0,1.0,122.0,1.0,1.0,1.0,36.0,0.9951690821256038,1.0,0.9903846153846154,104.0,0.9921259842519685,0.984375,1.0,63.0,0.9972299168975068,0.994475138121547,1.0,180.0,1.0,1.0,1.0,59.0,1.0,1.0,1.0,32.0,1.0,1.0,1.0,311.0,1.0,1.0,1.0,45.0,0.9952830188679245,0.9952830188679245,0.9952830188679245,212.0,0.98989898989899,1.0,0.98,50.0,1.0,1.0,1.0,36.0,1.0,1.0,1.0,41.0,1.0,1.0,1.0,297.0,0.9964664310954063,1.0,0.9929577464788732,284.0,1.0,1.0,1.0,68.0,1.0,1.0,1.0,212.0,0.9976470588235293,0.9953051643192489,1.0,212.0,1.0,1.0,1.0,221.0
99,4.542595434031682e-06,1.0,0.013276305049657822,0.9976291060447693,0.9975183411370868,0.9976368845215761,0.0003000000142492354,0.11963604199991096,27489.0,229771.89432613007,1.0,1.0,1.0,32.0,1.0,1.0,1.0,302.0,0.9974683544303797,1.0,0.9949494949494949,198.0,1.0,1.0,1.0,315.0,0.9984544049459042,1.0,0.9969135802469136,324.0,1.0,1.0,1.0,122.0,0.9947089947089947,1.0,0.9894736842105263,95.0,1.0,1.0,1.0,68.0,0.9970149253731343,0.9940476190476191,1.0,167.0,0.9972299168975068,0.994475138121547,1.0,180.0,1.0,1.0,1.0,32.0,0.9939759036144578,0.9969788519637462,0.990990990990991,333.0,1.0,1.0,1.0,50.0,0.98,0.98,0.98,50.0,1.0,1.0,1.0,59.0,1.0,1.0,1.0,77.0,1.0,1.0,1.0,41.0,0.9977827050997783,0.995575221238938,1.0,225.0,1.0,1.0,1.0,90.0,1.0,1.0,1.0,36.0,1.0,1.0,1.0,77.0,1.0,1.0,1.0,41.0,0.9926362297496318,0.9882697947214076,0.9970414201183432,338.0,0.9852941176470589,0.9852941176470589,0.9852941176470589,68.0,1.0,1.0,1.0,122.0,1.0,1.0,1.0,36.0,0.9951690821256038,1.0,0.9903846153846154,104.0,0.9921259842519685,0.984375,1.0,63.0,0.9972299168975068,0.994475138121547,1.0,180.0,1.0,1.0,1.0,59.0,1.0,1.0,1.0,32.0,1.0,1.0,1.0,311.0,1.0,1.0,1.0,45.0,0.9952830188679245,0.9952830188679245,0.9952830188679245,212.0,0.98989898989899,1.0,0.98,50.0,1.0,1.0,1.0,36.0,1.0,1.0,1.0,41.0,1.0,1.0,1.0,297.0,0.9964664310954063,1.0,0.9929577464788732,284.0,1.0,1.0,1.0,68.0,1.0,1.0,1.0,212.0,0.9976470588235293,0.9953051643192489,1.0,212.0,1.0,1.0,1.0,221.0
100,4.145292678003898e-06,1.0,0.01336108148097992,0.9976291060447693,0.9975183411370868,0.9976368845215761,0.0003000000142492354,0.11736079199999949,27489.0,234226.4356907213,1.0,1.0,1.0,32.0,1.0,1.0,1.0,302.0,0.9974683544303797,1.0,0.9949494949494949,198.0,1.0,1.0,1.0,315.0,0.9984544049459042,1.0,0.9969135802469136,324.0,1.0,1.0,1.0,122.0,0.9947089947089947,1.0,0.9894736842105263,95.0,1.0,1.0,1.0,68.0,0.9970149253731343,0.9940476190476191,1.0,167.0,0.9972299168975068,0.994475138121547,1.0,180.0,1.0,1.0,1.0,32.0,0.9939759036144578,0.9969788519637462,0.990990990990991,333.0,1.0,1.0,1.0,50.0,0.98,0.98,0.98,50.0,1.0,1.0,1.0,59.0,1.0,1.0,1.0,77.0,1.0,1.0,1.0,41.0,0.9977827050997783,0.995575221238938,1.0,225.0,1.0,1.0,1.0,90.0,1.0,1.0,1.0,36.0,1.0,1.0,1.0,77.0,1.0,1.0,1.0,41.0,0.9926362297496318,0.9882697947214076,0.9970414201183432,338.0,0.9852941176470589,0.9852941176470589,0.9852941176470589,68.0,1.0,1.0,1.0,122.0,1.0,1.0,1.0,36.0,0.9951690821256038,1.0,0.9903846153846154,104.0,0.9921259842519685,0.984375,1.0,63.0,0.9972299168975068,0.994475138121547,1.0,180.0,1.0,1.0,1.0,59.0,1.0,1.0,1.0,32.0,1.0,1.0,1.0,311.0,1.0,1.0,1.0,45.0,0.9952830188679245,0.9952830188679245,0.9952830188679245,212.0,0.98989898989899,1.0,0.98,50.0,1.0,1.0,1.0,36.0,1.0,1.0,1.0,41.0,1.0,1.0,1.0,297.0,0.9964664310954063,1.0,0.9929577464788732,284.0,1.0,1.0,1.0,68.0,1.0,1.0,1.0,212.0,0.9976470588235293,0.9953051643192489,1.0,212.0,1.0,1.0,1.0,221.0
