epoch,loss,accuracy,val_loss,val_accuracy,val_balanced_accuracy,val_macro_f1,learning_rate,epoch_seconds,train_examples,train_examples_per_second,val_class_0_f1,val_class_0_precision,val_class_0_recall,val_class_0_support,val_class_10_f1,val_class_10_precision,val_class_10_recall,val_class_10_support,val_class_11_f1,val_class_11_precision,val_class_11_recall,val_class_11_support,val_class_12_f1,val_class_12_precision,val_class_12_recall,val_class_12_support,val_class_13_f1,val_class_13_precision,val_class_13_recall,val_class_13_support,val_class_14_f1,val_class_14_precision,val_class_14_recall,val_class_14_support,val_class_15_f1,val_class_15_precision,val_class_15_recall,val_class_15_support,val_class_16_f1,val_class_16_precision,val_class_16_recall,val_class_16_support,val_class_17_f1,val_class_17_precision,val_class_17_recall,val_class_17_support,val_class_18_f1,val_class_18_precision,val_class_18_recall,val_class_18_support,val_class_19_f1,val_class_19_precision,val_class_19_recall,val_class_19_support,val_class_1_f1,val_class_1_precision,val_class_1_recall,val_class_1_support,val_class_20_f1,val_class_20_precision,val_class_20_recall,val_class_20_support,val_class_21_f1,val_class_21_precision,val_class_21_recall,val_class_21_support,val_class_22_f1,val_class_22_precision,val_class_22_recall,val_class_22_support,val_class_23_f1,val_class_23_precision,val_class_23_recall,val_class_23_support,val_class_24_f1,val_class_24_precision,val_class_24_recall,val_class_24_support,val_class_25_f1,val_class_25_precision,val_class_25_recall,val_class_25_support,val_class_26_f1,val_class_26_precision,val_class_26_recall,val_class_26_support,val_class_27_f1,val_class_27_precision,val_class_27_recall,val_class_27_support,val_class_28_f1,val_class_28_precision,val_class_28_recall,val_class_28_support,val_class_29_f1,val_class_29_precision,val_class_29_recall,val_class_29_support,val_class_2_f1,val_class_2_precision,val_class_2_recall,val_class_2_support,val_class_30_f1,val_class_30_precision,val_class_30_recall,val_class_30_support,val_class_31_f1,val_class_31_precision,val_class_31_recall,val_class_31_support,val_class_32_f1,val_class_32_precision,val_class_32_recall,val_class_32_support,val_class_33_f1,val_class_33_precision,val_class_33_recall,val_class_33_support,val_class_34_f1,val_class_34_precision,val_class_34_recall,val_class_34_support,val_class_35_f1,val_class_35_precision,val_class_35_recall,val_class_35_support,val_class_36_f1,val_class_36_precision,val_class_36_recall,val_class_36_support,val_class_37_f1,val_class_37_precision,val_class_37_recall,val_class_37_support,val_class_38_f1,val_class_38_precision,val_class_38_recall,val_class_38_support,val_class_39_f1,val_class_39_precision,val_class_39_recall,val_class_39_support,val_class_3_f1,val_class_3_precision,val_class_3_recall,val_class_3_support,val_class_40_f1,val_class_40_precision,val_class_40_recall,val_class_40_support,val_class_41_f1,val_class_41_precision,val_class_41_recall,val_class_41_support,val_class_42_f1,val_class_42_precision,val_class_42_recall,val_class_42_support,val_class_43_f1,val_class_43_precision,val_class_43_recall,val_class_43_support,val_class_44_f1,val_class_44_precision,val_class_44_recall,val_class_44_support,val_class_45_f1,val_class_45_precision,val_class_45_recall,val_class_45_support,val_class_46_f1,val_class_46_precision,val_class_46_recall,val_class_46_support,val_class_4_f1,val_class_4_precision,val_class_4_recall,val_class_4_support,val_class_5_f1,val_class_5_precision,val_class_5_recall,val_class_5_support,val_class_6_f1,val_class_6_precision,val_class_6_recall,val_class_6_support,val_class_7_f1,val_class_7_precision,val_class_7_recall,val_class_7_support,val_class_8_f1,val_class_8_precision,val_class_8_recall,val_class_8_support,val_class_9_f1,val_class_9_precision,val_class_9_recall,val_class_9_support
1,3.013256072998047,0.5393617153167725,2.1947667598724365,0.7728976607322693,0.7728976697061803,0.7442561618321653,0.0003000000142492354,408.90378308299114,92120.0,225.28527201545435,0.6101295641931685,0.6037296037296037,0.6166666666666667,420.0,0.9625292740046838,0.9470046082949308,0.9785714285714285,420.0,0.8910891089108911,0.8282208588957055,0.9642857142857143,420.0,0.7214611872146118,1.0,0.5642857142857143,420.0,0.9268897149938041,0.9664082687338501,0.8904761904761904,420.0,0.9074074074074073,0.8828828828828829,0.9333333333333333,420.0,0.004651162790697674,0.1,0.002380952380952381,420.0,0.7005758157389635,0.5868167202572347,0.8690476190476191,420.0,0.9551208285385502,0.9242761692650334,0.9880952380952381,420.0,0.33766233766233766,0.7647058823529411,0.21666666666666667,420.0,0.8485639686684074,0.9393063583815029,0.7738095238095238,420.0,0.0,0.0,0.0,420.0,0.9183673469387754,0.989010989010989,0.8571428571428571,420.0,0.49898028552005436,0.3491912464319695,0.8738095238095238,420.0,0.9273743016759777,0.8736842105263158,0.9880952380952381,420.0,0.8450106157112527,0.7624521072796935,0.9476190476190476,420.0,0.656506447831184,0.6466512702078522,0.6666666666666666,420.0,0.8610478359908885,0.8253275109170306,0.9,420.0,0.7753134040501447,0.6515397082658023,0.9571428571428572,420.0,0.963572267920094,0.951276102088167,0.9761904761904762,420.0,0.8327868852459016,0.7696969696969697,0.9071428571428571,420.0,0.9279811097992915,0.9203747072599532,0.9357142857142857,420.0,0.859437751004016,0.981651376146789,0.7642857142857142,420.0,0.7573632538569425,0.9215017064846417,0.6428571428571429,420.0,0.9367396593673966,0.9577114427860697,0.9166666666666666,420.0,0.9437428243398392,0.9113082039911308,0.9785714285714285,420.0,0.9369797859690845,0.9358669833729216,0.9380952380952381,420.0,0.7796257796257796,0.6918819188191881,0.8928571428571429,420.0,0.8080808080808081,0.7017543859649122,0.9523809523809523,420.0,0.8133333333333332,0.9242424242424242,0.7261904761904762,420.0,0.028169014084507043,1.0,0.014285714285714285,420.0,0.5899490167516388,0.4249737670514166,0.9642857142857143,420.0,0.9513381995133819,0.972636815920398,0.930952380952381,420.0,0.9257142857142856,0.8901098901098901,0.9642857142857143,420.0,0.6218750000000001,0.4627906976744186,0.9476190476190476,420.0,0.23092783505154638,0.8615384615384616,0.13333333333333333,420.0,0.919454770755886,0.958656330749354,0.8833333333333333,420.0,0.8616071428571427,0.8109243697478992,0.919047619047619,420.0,0.11920529801324502,0.8181818181818182,0.06428571428571428,420.0,0.907035175879397,0.9601063829787234,0.8595238095238096,420.0,0.8483290488431876,0.9217877094972067,0.7857142857142857,420.0,0.9140811455847255,0.916267942583732,0.9119047619047619,420.0,0.902055622732769,0.9164619164619164,0.888095238095238,420.0,0.7786666666666666,0.8848484848484849,0.6952380952380952,420.0,0.9057527539779683,0.9319899244332494,0.8809523809523809,420.0,0.9397590361445782,0.9512195121951219,0.9285714285714286,420.0,0.6277955271565495,0.4723557692307692,0.9357142857142857,420.0
2,1.5831600427627563,0.8374837040901184,1.1548134088516235,0.8404255509376526,0.8404255319148937,0.8262841637606161,0.0003000000142492354,411.89109187500435,92120.0,223.65135303279501,0.6850937808489634,0.5851602023608768,0.8261904761904761,420.0,0.9610389610389609,0.9531615925058547,0.969047619047619,420.0,0.9265536723163842,0.8817204301075269,0.9761904761904762,420.0,0.9436795994993743,0.9947229551451188,0.8976190476190476,420.0,0.929782082324455,0.9458128078817734,0.9142857142857143,420.0,0.960093896713615,0.9467592592592593,0.9738095238095238,420.0,0.18846153846153846,0.49,0.11666666666666667,420.0,0.8491620111731844,0.8,0.9047619047619048,420.0,0.9720279720279721,0.952054794520548,0.9928571428571429,420.0,0.5920344456404736,0.5402750491159135,0.6547619047619048,420.0,0.8855721393034826,0.9270833333333334,0.8476190476190476,420.0,0.004672897196261683,0.125,0.002380952380952381,420.0,0.9588377723970943,0.9753694581280788,0.9428571428571428,420.0,0.5031333930170098,0.4031563845050215,0.669047619047619,420.0,0.9730363423212193,0.9584295612009238,0.9880952380952381,420.0,0.9082774049217002,0.8565400843881856,0.9666666666666667,420.0,0.5657142857142857,0.7071428571428572,0.4714285714285714,420.0,0.8820286659316428,0.8213552361396304,0.9523809523809523,420.0,0.9486260454002389,0.9520383693045563,0.9452380952380952,420.0,0.9714285714285714,0.9714285714285714,0.9714285714285714,420.0,0.8919540229885057,0.8622222222222222,0.9238095238095239,420.0,0.9200463499420626,0.8961625282167043,0.9452380952380952,420.0,0.9001233045622689,0.9335038363171355,0.8690476190476191,420.0,0.9088757396449704,0.9035294117647059,0.9142857142857143,420.0,0.9322033898305084,0.9482758620689655,0.9166666666666666,420.0,0.9747899159663865,0.9830508474576272,0.9666666666666667,420.0,0.9250288350634372,0.8970917225950783,0.9547619047619048,420.0,0.8438538205980066,0.7888198757763976,0.9071428571428571,420.0,0.902186421173763,0.8730512249443207,0.9333333333333333,420.0,0.8891595615103532,0.9102244389027432,0.8690476190476191,420.0,0.9025000000000001,0.95,0.8595238095238096,420.0,0.8861878453038674,0.8268041237113402,0.9547619047619048,420.0,0.9531812725090036,0.9612590799031477,0.9452380952380952,420.0,0.957983193277311,0.9661016949152542,0.95,420.0,0.6449957228400343,0.5033377837116155,0.8976190476190476,420.0,0.6472303206997085,0.8345864661654135,0.5285714285714286,420.0,0.9399038461538463,0.9490291262135923,0.930952380952381,420.0,0.8989547038327526,0.8775510204081632,0.9214285714285714,420.0,0.2624254473161034,0.7951807228915663,0.15714285714285714,420.0,0.9230769230769231,0.9473684210526315,0.9,420.0,0.8996372430471583,0.914004914004914,0.8857142857142857,420.0,0.910411622276029,0.9261083743842364,0.8952380952380953,420.0,0.9014423076923077,0.9101941747572816,0.8928571428571429,420.0,0.8961201501877347,0.9445910290237467,0.8523809523809524,420.0,0.9240196078431373,0.952020202020202,0.8976190476190476,420.0,0.9248826291079812,0.9120370370370371,0.9380952380952381,420.0,0.6649260226283725,0.52400548696845,0.9095238095238095,420.0
3,0.7795217633247375,0.8883630037307739,0.6594619154930115,0.8681357502937317,0.8681357649442756,0.8654048563411513,0.0003000000142492354,411.5497359590081,92120.0,223.83685846702986,0.6340326340326341,0.6210045662100456,0.6476190476190476,420.0,0.9678953626634959,0.9667458432304038,0.969047619047619,420.0,0.9410404624277456,0.9146067415730337,0.969047619047619,420.0,0.9473684210526316,0.9748110831234257,0.9214285714285714,420.0,0.9290012033694345,0.9391727493917275,0.919047619047619,420.0,0.9728453364817001,0.9648711943793911,0.9809523809523809,420.0,0.5923984272608127,0.6588921282798834,0.5380952380952381,420.0,0.9194312796208531,0.9150943396226415,0.9238095238095239,420.0,0.977725674091442,0.9630484988452656,0.9928571428571429,420.0,0.6311713455953533,0.531810766721044,0.7761904761904762,420.0,0.8907563025210085,0.8983050847457628,0.8833333333333333,420.0,0.29116117850953205,0.535031847133758,0.2,420.0,0.9627851140456183,0.9709443099273608,0.9547619047619048,420.0,0.5230078563411897,0.49469214437367304,0.5547619047619048,420.0,0.9765258215962442,0.9629629629629629,0.9904761904761905,420.0,0.9101123595505619,0.8617021276595744,0.9642857142857143,420.0,0.6514423076923077,0.6577669902912622,0.6452380952380953,420.0,0.9408983451536642,0.9342723004694836,0.9476190476190476,420.0,0.9556886227544911,0.9614457831325302,0.95,420.0,0.9772455089820359,0.983132530120482,0.9714285714285714,420.0,0.9174528301886793,0.9088785046728972,0.9261904761904762,420.0,0.927570093457944,0.9105504587155964,0.9452380952380952,420.0,0.9035409035409036,0.9273182957393483,0.8809523809523809,420.0,0.9241540256709451,0.9061784897025171,0.9428571428571428,420.0,0.9284848484848485,0.945679012345679,0.9119047619047619,420.0,0.9734299516908212,0.9877450980392157,0.9595238095238096,420.0,0.9456264775413711,0.9389671361502347,0.9523809523809523,420.0,0.8785046728971964,0.8623853211009175,0.8952380952380953,420.0,0.8993135011441648,0.8656387665198237,0.9357142857142857,420.0,0.8997613365155132,0.9019138755980861,0.8976190476190476,420.0,0.914765906362545,0.9225181598062954,0.9071428571428571,420.0,0.9421487603305784,0.9344262295081968,0.95,420.0,0.955794504181601,0.9592326139088729,0.9523809523809523,420.0,0.9711538461538461,0.9805825242718447,0.9619047619047619,420.0,0.6563876651982378,0.610655737704918,0.7095238095238096,420.0,0.7176913425345044,0.7586206896551724,0.680952380952381,420.0,0.9523809523809523,0.9523809523809523,0.9523809523809523,420.0,0.9149700598802396,0.9204819277108434,0.9095238095238095,420.0,0.6238532110091742,0.6938775510204082,0.5666666666666667,420.0,0.9267139479905437,0.92018779342723,0.9333333333333333,420.0,0.9086538461538461,0.9174757281553398,0.9,420.0,0.9241706161137441,0.9198113207547169,0.9285714285714286,420.0,0.9130434782608695,0.9264705882352942,0.9,420.0,0.9161603888213852,0.9354838709677419,0.8976190476190476,420.0,0.953995157384988,0.9704433497536946,0.9380952380952381,420.0,0.9423076923076923,0.9514563106796117,0.9333333333333333,420.0,0.7494646680942185,0.6809338521400778,0.8333333333333334,420.0
4,0.45875561237335205,0.9065349698066711,0.5035741329193115,0.8784701228141785,0.8784701114488348,0.8775804486284081,0.0003000000142492354,411.57171020898386,92120.0,223.8249075798339,0.629674306393245,0.6381418092909535,0.6214285714285714,420.0,0.9691211401425178,0.966824644549763,0.9714285714285714,420.0,0.9519343493552169,0.9376443418013857,0.9666666666666667,420.0,0.9536585365853658,0.9775,0.930952380952381,420.0,0.9404761904761905,0.9404761904761905,0.9404761904761905,420.0,0.9727164887307236,0.9692671394799054,0.9761904761904762,420.0,0.6062992125984253,0.6754385964912281,0.55,420.0,0.9225352112676057,0.9097222222222222,0.9357142857142857,420.0,0.9776733254994124,0.9651972157772621,0.9904761904761905,420.0,0.6741573033707866,0.6382978723404256,0.7142857142857143,420.0,0.9058402860548271,0.9069212410501193,0.9047619047619048,420.0,0.6135881104033971,0.553639846743295,0.6880952380952381,420.0,0.963855421686747,0.975609756097561,0.9523809523809523,420.0,0.4853801169590643,0.6287878787878788,0.3952380952380952,420.0,0.9765258215962442,0.9629629629629629,0.9904761904761905,420.0,0.9215017064846416,0.8823529411764706,0.9642857142857143,420.0,0.6666666666666666,0.6551724137931034,0.6785714285714286,420.0,0.9464922711058265,0.9453681710213777,0.9476190476190476,420.0,0.9570405727923629,0.9593301435406698,0.9547619047619048,420.0,0.9749702026221693,0.9761336515513126,0.9738095238095238,420.0,0.9259694477085781,0.91415313225058,0.9380952380952381,420.0,0.9330199764982374,0.9211136890951276,0.9452380952380952,420.0,0.9106280193236714,0.9240196078431373,0.8976190476190476,420.0,0.9268292682926829,0.9047619047619048,0.95,420.0,0.9265944645006017,0.9367396593673966,0.9166666666666666,420.0,0.9759036144578312,0.9878048780487805,0.9642857142857143,420.0,0.957983193277311,0.9661016949152542,0.95,420.0,0.8912529550827423,0.8849765258215962,0.8976190476190476,420.0,0.9130938586326768,0.8893905191873589,0.9380952380952381,420.0,0.900836320191159,0.9040767386091128,0.8976190476190476,420.0,0.9199029126213591,0.9381188118811881,0.9023809523809524,420.0,0.9471210340775559,0.9350348027842227,0.9595238095238096,420.0,0.955794504181601,0.9592326139088729,0.9523809523809523,420.0,0.98090692124105,0.9832535885167464,0.9785714285714285,420.0,0.6600221483942416,0.6169772256728778,0.7095238095238096,420.0,0.7261761158021713,0.7359413202933985,0.7166666666666667,420.0,0.9580838323353292,0.963855421686747,0.9523809523809523,420.0,0.9153754469606675,0.9164677804295943,0.9142857142857143,420.0,0.6517967781908303,0.6795865633074936,0.6261904761904762,420.0,0.9265402843601896,0.9221698113207547,0.930952380952381,420.0,0.9114832535885168,0.9158653846153846,0.9071428571428571,420.0,0.9265402843601896,0.9221698113207547,0.930952380952381,420.0,0.9115479115479116,0.9416243654822335,0.8833333333333333,420.0,0.9183922046285017,0.940149625935162,0.8976190476190476,420.0,0.9576783555018138,0.972972972972973,0.9428571428571428,420.0,0.9459783913565426,0.9539951573849879,0.9380952380952381,420.0,0.760722347629797,0.723175965665236,0.8023809523809524,420.0
5,0.34937331080436707,0.9129396677017212,0.4499528408050537,0.8822188377380371,0.8822188449848023,0.8812357886712402,0.0003000000142492354,411.8428484579781,92120.0,223.67755163144312,0.698744769874477,0.6231343283582089,0.7952380952380952,420.0,0.9691211401425178,0.966824644549763,0.9714285714285714,420.0,0.9519343493552169,0.9376443418013857,0.9666666666666667,420.0,0.953883495145631,0.9727722772277227,0.9357142857142857,420.0,0.943127962085308,0.9386792452830188,0.9476190476190476,420.0,0.976303317535545,0.9716981132075472,0.9809523809523809,420.0,0.6120218579234972,0.717948717948718,0.5333333333333333,420.0,0.9296781883194278,0.9307875894988067,0.9285714285714286,420.0,0.9799764428739695,0.9696969696969697,0.9904761904761905,420.0,0.6698113207547169,0.6635514018691588,0.6761904761904762,420.0,0.9056603773584906,0.897196261682243,0.9142857142857143,420.0,0.6283987915407855,0.5445026178010471,0.7428571428571429,420.0,0.963855421686747,0.975609756097561,0.9523809523809523,420.0,0.4844903988183161,0.6381322957198443,0.3904761904761905,420.0,0.9788235294117648,0.9674418604651163,0.9904761904761905,420.0,0.9276693455797934,0.8957871396895787,0.9619047619047619,420.0,0.6363636363636364,0.7549019607843137,0.55,420.0,0.954326923076923,0.9635922330097088,0.9452380952380952,420.0,0.9607609988109393,0.9596199524940617,0.9619047619047619,420.0,0.9785714285714285,0.9785714285714285,0.9785714285714285,420.0,0.9269461077844311,0.9325301204819277,0.9214285714285714,420.0,0.9353701527614571,0.9234338747099768,0.9476190476190476,420.0,0.9215686274509803,0.9494949494949495,0.8952380952380953,420.0,0.9207459207459208,0.9018264840182648,0.9404761904761905,420.0,0.9243697478991596,0.9322033898305084,0.9166666666666666,420.0,0.9783132530120482,0.9902439024390244,0.9666666666666667,420.0,0.9593301435406699,0.9639423076923077,0.9547619047619048,420.0,0.8960573476702509,0.8992805755395683,0.8928571428571429,420.0,0.9181818181818183,0.8782608695652174,0.9619047619047619,420.0,0.9097472924187726,0.9197080291970803,0.9,420.0,0.9240196078431373,0.952020202020202,0.8976190476190476,420.0,0.9507042253521126,0.9375,0.9642857142857143,420.0,0.9570405727923629,0.9593301435406698,0.9547619047619048,420.0,0.98090692124105,0.9832535885167464,0.9785714285714285,420.0,0.683083511777302,0.6206225680933852,0.7595238095238095,420.0,0.7204819277108435,0.7292682926829268,0.7119047619047619,420.0,0.9616306954436451,0.9685990338164251,0.9547619047619048,420.0,0.9263657957244655,0.9241706161137441,0.9285714285714286,420.0,0.6462264150943396,0.6401869158878505,0.6523809523809524,420.0,0.9289099526066351,0.9245283018867925,0.9333333333333333,420.0,0.9125748502994012,0.9180722891566265,0.9071428571428571,420.0,0.9252669039145908,0.9219858156028369,0.9285714285714286,420.0,0.9169675090252708,0.927007299270073,0.9071428571428571,420.0,0.9184652278177458,0.9251207729468599,0.9119047619047619,420.0,0.9647630619684082,0.9851116625310173,0.9452380952380952,420.0,0.9486260454002389,0.9520383693045563,0.9452380952380952,420.0,0.7578947368421053,0.7448275862068966,0.7714285714285715,420.0
6,0.30062422156333923,0.916749894618988,0.42458608746528625,0.8834346532821655,0.883434650455927,0.8825092183647275,0.0003000000142492354,411.4934925829875,92120.0,223.8674527311554,0.6867599569429493,0.6267190569744597,0.7595238095238095,420.0,0.9691211401425178,0.966824644549763,0.9714285714285714,420.0,0.9540636042402827,0.9440559440559441,0.9642857142857143,420.0,0.953883495145631,0.9727722772277227,0.9357142857142857,420.0,0.9404761904761905,0.9404761904761905,0.9404761904761905,420.0,0.9762470308788598,0.9739336492890995,0.9785714285714285,420.0,0.6002766251728908,0.7161716171617162,0.5166666666666667,420.0,0.9247058823529412,0.913953488372093,0.9357142857142857,420.0,0.9799764428739695,0.9696969696969697,0.9904761904761905,420.0,0.6785714285714286,0.6785714285714286,0.6785714285714286,420.0,0.9088757396449704,0.9035294117647059,0.9142857142857143,420.0,0.6386386386386387,0.5509499136442142,0.7595238095238095,420.0,0.9686746987951806,0.9804878048780488,0.9571428571428572,420.0,0.5043988269794721,0.6564885496183206,0.4095238095238095,420.0,0.9822904368358913,0.9742388758782201,0.9904761904761905,420.0,0.931350114416476,0.8964757709251101,0.969047619047619,420.0,0.6525759577278732,0.7329376854599406,0.5880952380952381,420.0,0.9590361445783132,0.9707317073170731,0.9476190476190476,420.0,0.9593301435406699,0.9639423076923077,0.9547619047619048,420.0,0.9773539928486293,0.9785202863961814,0.9761904761904762,420.0,0.9265944645006017,0.9367396593673966,0.9166666666666666,420.0,0.9350649350649352,0.927400468384075,0.9428571428571428,420.0,0.9156626506024096,0.926829268292683,0.9047619047619048,420.0,0.9257540603248259,0.9027149321266968,0.95,420.0,0.9265944645006017,0.9367396593673966,0.9166666666666666,420.0,0.9759615384615385,0.9854368932038835,0.9666666666666667,420.0,0.96144578313253,0.973170731707317,0.95,420.0,0.8974668275030157,0.9095354523227384,0.8857142857142857,420.0,0.917728852838934,0.8939051918735892,0.9428571428571428,420.0,0.9114832535885168,0.9158653846153846,0.9071428571428571,420.0,0.9223300970873787,0.9405940594059405,0.9047619047619048,420.0,0.9583828775267539,0.9572446555819477,0.9595238095238096,420.0,0.9558998808104887,0.9570405727923628,0.9547619047619048,420.0,0.9785202863961813,0.9808612440191388,0.9761904761904762,420.0,0.6814814814814815,0.6133333333333333,0.7666666666666667,420.0,0.7151515151515152,0.7283950617283951,0.7023809523809523,420.0,0.9572446555819478,0.9549763033175356,0.9595238095238096,420.0,0.9288299155609167,0.941320293398533,0.9166666666666666,420.0,0.652605459057072,0.6813471502590673,0.6261904761904762,420.0,0.9349112426035503,0.9294117647058824,0.9404761904761905,420.0,0.9138134592680047,0.9063231850117096,0.9214285714285714,420.0,0.9256198347107439,0.9180327868852459,0.9333333333333333,420.0,0.916267942583732,0.9206730769230769,0.9119047619047619,420.0,0.9134615384615385,0.9223300970873787,0.9047619047619048,420.0,0.9661016949152542,0.9827586206896551,0.95,420.0,0.9511323003575685,0.9522673031026253,0.95,420.0,0.7658157602663707,0.7172557172557172,0.8214285714285714,420.0
7,0.27244529128074646,0.9194529056549072,0.4108358323574066,0.8840932250022888,0.884093211752786,0.8835425465885745,0.0003000000142492354,412.0148399170139,92120.0,223.58417968283467,0.6973821989528796,0.6224299065420561,0.7928571428571428,420.0,0.9702734839476813,0.9691211401425178,0.9714285714285714,420.0,0.955607476635514,0.9380733944954128,0.9738095238095238,420.0,0.9562043795620438,0.9776119402985075,0.9357142857142857,420.0,0.9439809296781884,0.9451073985680191,0.9428571428571428,420.0,0.9774614472123369,0.9739952718676123,0.9809523809523809,420.0,0.6309067688378034,0.6804407713498623,0.5880952380952381,420.0,0.9312796208530806,0.9268867924528302,0.9357142857142857,420.0,0.9822904368358913,0.9742388758782201,0.9904761904761905,420.0,0.6754176610978521,0.6770334928229665,0.6738095238095239,420.0,0.9112426035502958,0.9058823529411765,0.9166666666666666,420.0,0.6285714285714286,0.55,0.7333333333333333,420.0,0.9699157641395908,0.9805352798053528,0.9595238095238096,420.0,0.5133991537376585,0.629757785467128,0.43333333333333335,420.0,0.9834515366430261,0.9765258215962441,0.9904761904761905,420.0,0.9324169530355098,0.8984547461368654,0.969047619047619,420.0,0.6448979591836734,0.7523809523809524,0.5642857142857143,420.0,0.9554753309265944,0.9659367396593674,0.9452380952380952,420.0,0.9570405727923629,0.9593301435406698,0.9547619047619048,420.0,0.9774078478002378,0.9762470308788599,0.9785714285714285,420.0,0.9350649350649352,0.927400468384075,0.9428571428571428,420.0,0.9374262101534828,0.9297423887587822,0.9452380952380952,420.0,0.9130434782608695,0.9264705882352942,0.9,420.0,0.9268292682926829,0.9047619047619048,0.95,420.0,0.9245508982035928,0.9301204819277108,0.919047619047619,420.0,0.9759615384615385,0.9854368932038835,0.9666666666666667,420.0,0.9627851140456183,0.9709443099273608,0.9547619047619048,420.0,0.8990384615384616,0.9077669902912622,0.8904761904761904,420.0,0.9182968929804373,0.888641425389755,0.95,420.0,0.9067296340023612,0.8992974238875878,0.9142857142857143,420.0,0.9243902439024391,0.9475,0.9023809523809524,420.0,0.9597156398104266,0.9551886792452831,0.9642857142857143,420.0,0.9593301435406699,0.9639423076923077,0.9547619047619048,420.0,0.979689366786141,0.9832134292565947,0.9761904761904762,420.0,0.6651634723788049,0.6316916488222698,0.7023809523809523,420.0,0.7225647348951911,0.7493606138107417,0.6976190476190476,420.0,0.9617224880382775,0.9663461538461539,0.9571428571428572,420.0,0.9304556354916068,0.9371980676328503,0.9238095238095239,420.0,0.6392251815980629,0.6502463054187192,0.6285714285714286,420.0,0.9303423848878395,0.9227166276346604,0.9380952380952381,420.0,0.9186602870813396,0.9230769230769231,0.9142857142857143,420.0,0.9239904988123515,0.9218009478672986,0.9261904761904762,420.0,0.9257003654080391,0.9476309226932669,0.9047619047619048,420.0,0.9184652278177458,0.9251207729468599,0.9119047619047619,420.0,0.9609756097560974,0.985,0.9380952380952381,420.0,0.9532934131736526,0.9590361445783132,0.9476190476190476,420.0,0.7584650112866818,0.721030042918455,0.8,420.0
8,0.2538336217403412,0.9222318530082703,0.4020138382911682,0.8850557208061218,0.8850557244174265,0.8840197227339083,0.0003000000142492354,412.0504807920079,92120.0,223.56484046065154,0.7029379760609358,0.6472945891783567,0.7690476190476191,420.0,0.9678953626634959,0.9667458432304038,0.969047619047619,420.0,0.9566236811254396,0.9422632794457275,0.9714285714285714,420.0,0.9572649572649572,0.9824561403508771,0.9333333333333333,420.0,0.9399293286219081,0.9300699300699301,0.95,420.0,0.9751479289940828,0.9694117647058823,0.9809523809523809,420.0,0.596931659693166,0.7205387205387206,0.5095238095238095,420.0,0.9241540256709451,0.9061784897025171,0.9428571428571428,420.0,0.9765258215962442,0.9629629629629629,0.9904761904761905,420.0,0.6713450292397661,0.6597701149425287,0.6833333333333333,420.0,0.9088785046728973,0.8922018348623854,0.9261904761904762,420.0,0.6343434343434344,0.5508771929824562,0.7476190476190476,420.0,0.9699157641395908,0.9805352798053528,0.9595238095238096,420.0,0.5022288261515602,0.6679841897233202,0.4023809523809524,420.0,0.9857819905213271,0.9811320754716981,0.9904761904761905,420.0,0.9322617680826636,0.9002217294900222,0.9666666666666667,420.0,0.6762778505897772,0.7521865889212828,0.6142857142857143,420.0,0.9554753309265944,0.9659367396593674,0.9452380952380952,420.0,0.957345971563981,0.9528301886792453,0.9619047619047619,420.0,0.9762470308788598,0.9739336492890995,0.9785714285714285,420.0,0.934445768772348,0.9355608591885441,0.9333333333333333,420.0,0.936470588235294,0.9255813953488372,0.9476190476190476,420.0,0.9170731707317075,0.94,0.8952380952380953,420.0,0.927906976744186,0.9068181818181819,0.95,420.0,0.922341696535245,0.9256594724220624,0.919047619047619,420.0,0.9783132530120482,0.9902439024390244,0.9666666666666667,420.0,0.965352449223417,0.9688249400479616,0.9619047619047619,420.0,0.9047044632086851,0.9168704156479217,0.8928571428571429,420.0,0.9163802978235969,0.8830022075055187,0.9523809523809523,420.0,0.9164677804295943,0.9186602870813397,0.9142857142857143,420.0,0.9253365973072215,0.9521410579345088,0.9,420.0,0.9666666666666667,0.9666666666666667,0.9666666666666667,420.0,0.9595238095238096,0.9595238095238096,0.9595238095238096,420.0,0.977299880525687,0.9808153477218226,0.9738095238095238,420.0,0.6834381551362684,0.6104868913857678,0.7761904761904762,420.0,0.7237163814180929,0.7437185929648241,0.7047619047619048,420.0,0.9617224880382775,0.9663461538461539,0.9571428571428572,420.0,0.9282296650717704,0.9326923076923077,0.9238095238095239,420.0,0.6422466422466423,0.6591478696741855,0.6261904761904762,420.0,0.9325443786982249,0.9270588235294117,0.9380952380952381,420.0,0.914765906362545,0.9225181598062954,0.9071428571428571,420.0,0.925089179548157,0.9239904988123515,0.9261904761904762,420.0,0.9225181598062955,0.9384236453201971,0.9071428571428571,420.0,0.9180722891566265,0.9292682926829269,0.9071428571428571,420.0,0.9660194174757282,0.9851485148514851,0.9476190476190476,420.0,0.9511323003575685,0.9522673031026253,0.95,420.0,0.7636363636363637,0.7304347826086957,0.8,420.0
9,0.240504652261734,0.9240555763244629,0.3955324590206146,0.8848530650138855,0.8848530901722392,0.8844332871061723,0.0003000000142492354,411.8427023749973,92120.0,223.67763097116017,0.7033441208198489,0.6429980276134122,0.7761904761904762,420.0,0.9702026221692491,0.9713603818615751,0.969047619047619,420.0,0.955607476635514,0.9380733944954128,0.9738095238095238,420.0,0.9576783555018138,0.972972972972973,0.9428571428571428,420.0,0.9388235294117647,0.9279069767441861,0.95,420.0,0.9774614472123369,0.9739952718676123,0.9809523809523809,420.0,0.6318471337579618,0.6794520547945205,0.5904761904761905,420.0,0.9239766081871346,0.9080459770114943,0.9404761904761905,420.0,0.9788235294117648,0.9674418604651163,0.9904761904761905,420.0,0.6674556213017752,0.6635294117647059,0.6714285714285714,420.0,0.9203329369797859,0.9192399049881235,0.9214285714285714,420.0,0.6238145416227608,0.5595463137996219,0.7047619047619048,420.0,0.96875,0.9781553398058253,0.9595238095238096,420.0,0.5287671232876713,0.6225806451612903,0.4595238095238095,420.0,0.9869513641755634,0.983451536643026,0.9904761904761905,420.0,0.9354838709677419,0.90625,0.9666666666666667,420.0,0.6666666666666665,0.75,0.6,420.0,0.9604790419161676,0.9662650602409638,0.9547619047619048,420.0,0.9606674612634089,0.9618138424821002,0.9595238095238096,420.0,0.9738717339667459,0.9715639810426541,0.9761904761904762,420.0,0.931899641577061,0.935251798561151,0.9285714285714286,420.0,0.9360189573459715,0.9316037735849056,0.9404761904761905,420.0,0.916565900846433,0.9312039312039312,0.9023809523809524,420.0,0.9313154831199068,0.9111617312072893,0.9523809523809523,420.0,0.9280575539568345,0.9347826086956522,0.9214285714285714,420.0,0.9783653846153847,0.9878640776699029,0.969047619047619,420.0,0.962874251497006,0.9686746987951808,0.9571428571428572,420.0,0.8973747016706444,0.8995215311004785,0.8952380952380953,420.0,0.9195402298850575,0.8888888888888888,0.9523809523809523,420.0,0.9101796407185628,0.9156626506024096,0.9047619047619048,420.0,0.921951219512195,0.945,0.9,420.0,0.9643705463182898,0.9620853080568721,0.9666666666666667,420.0,0.9570405727923629,0.9593301435406698,0.9547619047619048,420.0,0.9773539928486293,0.9785202863961814,0.9761904761904762,420.0,0.6621621621621621,0.6282051282051282,0.7,420.0,0.7161676646706587,0.7204819277108434,0.7119047619047619,420.0,0.960573476702509,0.9640287769784173,0.9571428571428572,420.0,0.9271206690561529,0.9304556354916067,0.9238095238095239,420.0,0.6489746682750301,0.6577017114914425,0.6404761904761904,420.0,0.9325443786982249,0.9270588235294117,0.9380952380952381,420.0,0.9184652278177458,0.9251207729468599,0.9119047619047619,420.0,0.9249106078665079,0.9260143198090692,0.9238095238095239,420.0,0.9228915662650602,0.9341463414634147,0.9119047619047619,420.0,0.9154589371980676,0.928921568627451,0.9023809523809524,420.0,0.9660194174757282,0.9851485148514851,0.9476190476190476,420.0,0.9521531100478469,0.9567307692307693,0.9476190476190476,420.0,0.7570093457943925,0.7431192660550459,0.7714285714285715,420.0
10,0.2301897555589676,0.9253473877906799,0.3925703763961792,0.8848530650138855,0.884853090172239,0.8844792627564981,0.0003000000142492354,411.7848610410001,92120.0,223.70904983519515,0.6974697469746974,0.6482617586912065,0.7547619047619047,420.0,0.9702734839476813,0.9691211401425178,0.9714285714285714,420.0,0.9577464788732395,0.9444444444444444,0.9714285714285714,420.0,0.9549330085261875,0.9775561097256857,0.9333333333333333,420.0,0.9361702127659575,0.9295774647887324,0.9428571428571428,420.0,0.9786729857819905,0.9740566037735849,0.9833333333333333,420.0,0.6484560570071258,0.6469194312796208,0.65,420.0,0.9232585596221959,0.9156908665105387,0.930952380952381,420.0,0.9765258215962442,0.9629629629629629,0.9904761904761905,420.0,0.6666666666666667,0.7037037037037037,0.6333333333333333,420.0,0.9138134592680047,0.9063231850117096,0.9214285714285714,420.0,0.6286286286286287,0.542314335060449,0.7476190476190476,420.0,0.9699879951980792,0.9782082324455206,0.9619047619047619,420.0,0.5192307692307692,0.6136363636363636,0.45,420.0,0.9834905660377359,0.9742990654205608,0.9928571428571429,420.0,0.9347079037800687,0.9006622516556292,0.9714285714285714,420.0,0.6777920410783055,0.7353760445682451,0.6285714285714286,420.0,0.9617224880382775,0.9663461538461539,0.9571428571428572,420.0,0.9606674612634089,0.9618138424821002,0.9595238095238096,420.0,0.9738717339667459,0.9715639810426541,0.9761904761904762,420.0,0.9301204819277108,0.9414634146341463,0.919047619047619,420.0,0.9380116959064327,0.9218390804597701,0.9547619047619048,420.0,0.9174757281553398,0.9356435643564357,0.9,420.0,0.9261430246189918,0.9122401847575058,0.9404761904761905,420.0,0.9203329369797859,0.9192399049881235,0.9214285714285714,420.0,0.9783653846153847,0.9878640776699029,0.969047619047619,420.0,0.9640287769784173,0.9710144927536232,0.9571428571428572,420.0,0.9093137254901961,0.9368686868686869,0.8833333333333333,420.0,0.9205983889528194,0.89086859688196,0.9523809523809523,420.0,0.9116945107398567,0.9138755980861244,0.9095238095238095,420.0,0.9253365973072215,0.9521410579345088,0.9,420.0,0.9654350417163289,0.9665871121718377,0.9642857142857143,420.0,0.9594272076372317,0.9617224880382775,0.9571428571428572,420.0,0.9739336492890995,0.9693396226415094,0.9785714285714285,420.0,0.6322115384615384,0.6383495145631068,0.6261904761904762,420.0,0.7204030226700252,0.7647058823529411,0.680952380952381,420.0,0.9594272076372317,0.9617224880382775,0.9571428571428572,420.0,0.9290012033694345,0.9391727493917275,0.919047619047619,420.0,0.6529625151148731,0.6633906633906634,0.6428571428571429,420.0,0.9316037735849058,0.9228971962616822,0.9404761904761905,420.0,0.9187878787878788,0.9358024691358025,0.9023809523809524,420.0,0.9294117647058823,0.9186046511627907,0.9404761904761905,420.0,0.9236276849642004,0.9258373205741627,0.9214285714285714,420.0,0.9210526315789473,0.9254807692307693,0.9166666666666666,420.0,0.9609756097560974,0.985,0.9380952380952381,420.0,0.9511323003575685,0.9522673031026253,0.95,420.0,0.7656250000000001,0.7205882352941176,0.8166666666666667,420.0
11,0.22218577563762665,0.9271928071975708,0.38821154832839966,0.8853597044944763,0.8853596757852075,0.8850795746188601,0.0003000000142492354,412.06651595799485,92120.0,223.55614065324954,0.6969026548672568,0.6508264462809917,0.75,420.0,0.9713603818615753,0.9736842105263158,0.969047619047619,420.0,0.960093896713615,0.9467592592592593,0.9738095238095238,420.0,0.9588377723970943,0.9753694581280788,0.9428571428571428,420.0,0.9386792452830189,0.9299065420560748,0.9476190476190476,420.0,0.9786729857819905,0.9740566037735849,0.9833333333333333,420.0,0.6310432569974554,0.6775956284153005,0.5904761904761905,420.0,0.9243498817966903,0.9178403755868545,0.930952380952381,420.0,0.9799764428739695,0.9696969696969697,0.9904761904761905,420.0,0.6649937264742786,0.7029177718832891,0.6309523809523809,420.0,0.9205219454329775,0.91725768321513,0.9238095238095239,420.0,0.6324435318275153,0.555956678700361,0.7333333333333333,420.0,0.9699157641395908,0.9805352798053528,0.9595238095238096,420.0,0.5345744680851063,0.6054216867469879,0.4785714285714286,420.0,0.9858156028368794,0.9788732394366197,0.9928571428571429,420.0,0.9330254041570438,0.905829596412556,0.9619047619047619,420.0,0.6769230769230768,0.7333333333333333,0.6285714285714286,420.0,0.9593301435406699,0.9639423076923077,0.9547619047619048,420.0,0.9595238095238096,0.9595238095238096,0.9595238095238096,420.0,0.9739336492890995,0.9693396226415094,0.9785714285714285,420.0,0.932853717026379,0.9396135265700483,0.9261904761904762,420.0,0.9327036599763872,0.9250585480093677,0.9404761904761905,420.0,0.9140811455847255,0.916267942583732,0.9119047619047619,420.0,0.9314750290360047,0.909297052154195,0.9547619047619048,420.0,0.9288299155609167,0.941320293398533,0.9166666666666666,420.0,0.9783132530120482,0.9902439024390244,0.9666666666666667,420.0,0.9641148325358851,0.96875,0.9595238095238096,420.0,0.9029940119760479,0.908433734939759,0.8976190476190476,420.0,0.9207459207459208,0.9018264840182648,0.9404761904761905,420.0,0.9084423305588586,0.9073634204275535,0.9095238095238095,420.0,0.9221411192214112,0.9427860696517413,0.9023809523809524,420.0,0.9643705463182898,0.9620853080568721,0.9666666666666667,420.0,0.9582836710369488,0.9594272076372315,0.9571428571428572,420.0,0.9761904761904762,0.9761904761904762,0.9761904761904762,420.0,0.6583710407239819,0.6271551724137931,0.6928571428571428,420.0,0.7208480565371024,0.7132867132867133,0.7285714285714285,420.0,0.962874251497006,0.9686746987951808,0.9571428571428572,420.0,0.9307875894988067,0.9330143540669856,0.9285714285714286,420.0,0.6454767726161369,0.6633165829145728,0.6285714285714286,420.0,0.9316037735849058,0.9228971962616822,0.9404761904761905,420.0,0.9164677804295943,0.9186602870813397,0.9142857142857143,420.0,0.9236276849642004,0.9258373205741627,0.9214285714285714,420.0,0.9269461077844311,0.9325301204819277,0.9214285714285714,420.0,0.9178743961352657,0.9313725490196079,0.9047619047619048,420.0,0.9622411693057247,0.9850374064837906,0.9404761904761905,420.0,0.9555822328931571,0.9636803874092009,0.9476190476190476,420.0,0.759581881533101,0.7414965986394558,0.7785714285714286,420.0
12,0.2155555635690689,0.9280937910079956,0.38781413435935974,0.8847517967224121,0.8847517730496455,0.8844825863815858,0.0003000000142492354,411.92267904098844,92120.0,223.6342029394152,0.7011866235167207,0.6410256410256411,0.7738095238095238,420.0,0.9726516052318668,0.9714964370546318,0.9738095238095238,420.0,0.955503512880562,0.9400921658986175,0.9714285714285714,420.0,0.9573690621193666,0.9800498753117207,0.9357142857142857,420.0,0.9371293001186239,0.933806146572104,0.9404761904761905,420.0,0.9797859690844234,0.9786223277909739,0.9809523809523809,420.0,0.6313193588162762,0.6547314578005116,0.6095238095238096,420.0,0.9261904761904762,0.9261904761904762,0.9261904761904762,420.0,0.9775678866587957,0.9695550351288056,0.9857142857142858,420.0,0.6675031367628607,0.7055702917771883,0.6333333333333333,420.0,0.9136094674556213,0.908235294117647,0.919047619047619,420.0,0.6396039603960396,0.5474576271186441,0.7690476190476191,420.0,0.9699157641395908,0.9805352798053528,0.9595238095238096,420.0,0.532033426183844,0.6409395973154363,0.45476190476190476,420.0,0.9858156028368794,0.9788732394366197,0.9928571428571429,420.0,0.9345579793340988,0.9024390243902439,0.969047619047619,420.0,0.6727748691099477,0.747093023255814,0.611904761904762,420.0,0.964200477326969,0.9665071770334929,0.9619047619047619,420.0,0.9619047619047619,0.9619047619047619,0.9619047619047619,420.0,0.9750889679715302,0.9716312056737588,0.9785714285714285,420.0,0.9294117647058823,0.9186046511627907,0.9404761904761905,420.0,0.9328621908127208,0.9230769230769231,0.9428571428571428,420.0,0.9141475211608222,0.9287469287469288,0.9,420.0,0.9309941520467836,0.9149425287356322,0.9476190476190476,420.0,0.9314079422382672,0.9416058394160584,0.9214285714285714,420.0,0.9771908763505402,0.9854721549636803,0.969047619047619,420.0,0.9606674612634089,0.9618138424821002,0.9595238095238096,420.0,0.9031476997578692,0.9187192118226601,0.888095238095238,420.0,0.9202312138728324,0.8943820224719101,0.9476190476190476,420.0,0.9099639855942379,0.9176755447941889,0.9023809523809524,420.0,0.9249692496924969,0.9567430025445293,0.8952380952380953,420.0,0.9631391200951248,0.9619952494061758,0.9642857142857143,420.0,0.9572446555819478,0.9549763033175356,0.9595238095238096,420.0,0.9739336492890995,0.9693396226415094,0.9785714285714285,420.0,0.6411149825783972,0.6258503401360545,0.6571428571428571,420.0,0.7195121951219512,0.7375,0.7023809523809523,420.0,0.9594272076372317,0.9617224880382775,0.9571428571428572,420.0,0.9312424607961399,0.9437652811735942,0.919047619047619,420.0,0.6480186480186481,0.634703196347032,0.6619047619047619,420.0,0.933806146572104,0.9272300469483568,0.9404761904761905,420.0,0.9171668667466986,0.9249394673123487,0.9095238095238095,420.0,0.9223529411764705,0.9116279069767442,0.9333333333333333,420.0,0.9206349206349207,0.9448621553884712,0.8976190476190476,420.0,0.927810650887574,0.9223529411764706,0.9333333333333333,420.0,0.9598051157125456,0.9825436408977556,0.9380952380952381,420.0,0.9532934131736526,0.9590361445783132,0.9476190476190476,420.0,0.751472320376914,0.7435897435897436,0.7595238095238095,420.0
13,0.2102653831243515,0.9291250705718994,0.3836323320865631,0.8864235281944275,0.8864235055724413,0.8861467988587162,0.0003000000142492354,411.8123638330144,92120.0,223.69410947883463,0.6998892580287929,0.6542443064182195,0.7523809523809524,420.0,0.9714285714285714,0.9714285714285714,0.9714285714285714,420.0,0.9543859649122807,0.9379310344827586,0.9714285714285714,420.0,0.958435207823961,0.9849246231155779,0.9333333333333333,420.0,0.9369158878504673,0.9197247706422018,0.9547619047619048,420.0,0.981042654028436,0.9764150943396226,0.9857142857142858,420.0,0.616580310880829,0.6761363636363636,0.5666666666666667,420.0,0.9268867924528302,0.9182242990654206,0.9357142857142857,420.0,0.9787234042553192,0.971830985915493,0.9857142857142858,420.0,0.6698911729141476,0.6805896805896806,0.6595238095238095,420.0,0.9158878504672897,0.8990825688073395,0.9333333333333333,420.0,0.636663007683864,0.5906313645621182,0.6904761904761905,420.0,0.9711538461538461,0.9805825242718447,0.9619047619047619,420.0,0.5590851334180432,0.5994550408719346,0.5238095238095238,420.0,0.9881516587677724,0.9834905660377359,0.9928571428571429,420.0,0.9392898052691867,0.9050772626931567,0.9761904761904762,420.0,0.6760925449871465,0.7346368715083799,0.6261904761904762,420.0,0.963226571767497,0.9598108747044918,0.9666666666666667,420.0,0.958183990442055,0.9616306954436451,0.9547619047619048,420.0,0.9774078478002378,0.9762470308788599,0.9785714285714285,420.0,0.9331742243436754,0.9354066985645934,0.930952380952381,420.0,0.9341176470588235,0.9232558139534883,0.9452380952380952,420.0,0.920245398773006,0.9493670886075949,0.8928571428571429,420.0,0.9353701527614571,0.9234338747099768,0.9476190476190476,420.0,0.9293413173652695,0.9349397590361446,0.9238095238095239,420.0,0.9807692307692307,0.9902912621359223,0.9714285714285714,420.0,0.9606674612634089,0.9618138424821002,0.9595238095238096,420.0,0.9027611044417767,0.910411622276029,0.8952380952380953,420.0,0.9234285714285714,0.8879120879120879,0.9619047619047619,420.0,0.9119420989143546,0.9242053789731052,0.9,420.0,0.9221411192214112,0.9427860696517413,0.9023809523809524,420.0,0.9607609988109393,0.9596199524940617,0.9619047619047619,420.0,0.9572446555819478,0.9549763033175356,0.9595238095238096,420.0,0.9738717339667459,0.9715639810426541,0.9761904761904762,420.0,0.6555555555555556,0.6145833333333334,0.7023809523809523,420.0,0.7274909963985595,0.7336561743341404,0.7214285714285714,420.0,0.9616306954436451,0.9685990338164251,0.9547619047619048,420.0,0.9322033898305084,0.9482758620689655,0.9166666666666666,420.0,0.6430317848410758,0.6608040201005025,0.6261904761904762,420.0,0.9355608591885441,0.937799043062201,0.9333333333333333,420.0,0.9171668667466986,0.9249394673123487,0.9095238095238095,420.0,0.9232585596221959,0.9156908665105387,0.930952380952381,420.0,0.9254807692307692,0.9344660194174758,0.9166666666666666,420.0,0.919952210274791,0.9232613908872902,0.9166666666666666,420.0,0.9635036496350364,0.9850746268656716,0.9428571428571428,420.0,0.9556886227544911,0.9614457831325302,0.95,420.0,0.7632183908045976,0.7377777777777778,0.7904761904761904,420.0
14,0.20542481541633606,0.9297872185707092,0.3828660547733307,0.8859675526618958,0.8859675785207699,0.885918266413116,0.0003000000142492354,411.79989475000184,92120.0,223.7008828181581,0.6882217090069285,0.6681614349775785,0.7095238095238096,420.0,0.9679715302491102,0.9645390070921985,0.9714285714285714,420.0,0.9543859649122807,0.9379310344827586,0.9714285714285714,420.0,0.9598051157125456,0.9825436408977556,0.9380952380952381,420.0,0.9344262295081968,0.9193548387096774,0.95,420.0,0.9798339264531436,0.9763593380614657,0.9833333333333333,420.0,0.6354679802955665,0.6581632653061225,0.6142857142857143,420.0,0.9227166276346604,0.9078341013824884,0.9380952380952381,420.0,0.9741784037558685,0.9606481481481481,0.9880952380952381,420.0,0.6737841043890866,0.6713947990543735,0.6761904761904762,420.0,0.911660777385159,0.9020979020979021,0.9214285714285714,420.0,0.6244343891402715,0.5948275862068966,0.6571428571428571,420.0,0.9686746987951806,0.9804878048780488,0.9571428571428572,420.0,0.5588972431077694,0.58994708994709,0.530952380952381,420.0,0.9893238434163701,0.9858156028368794,0.9928571428571429,420.0,0.939150401836969,0.9068736141906873,0.9738095238095238,420.0,0.6942752740560293,0.7107231920199502,0.6785714285714286,420.0,0.964200477326969,0.9665071770334929,0.9619047619047619,420.0,0.9607609988109393,0.9596199524940617,0.9619047619047619,420.0,0.9739336492890995,0.9693396226415094,0.9785714285714285,420.0,0.9312796208530806,0.9268867924528302,0.9357142857142857,420.0,0.9353701527614571,0.9234338747099768,0.9476190476190476,420.0,0.9204406364749083,0.947103274559194,0.8952380952380953,420.0,0.9345794392523364,0.9174311926605505,0.9523809523809523,420.0,0.9325301204819277,0.9439024390243902,0.9214285714285714,420.0,0.9795427196149218,0.9902676399026764,0.969047619047619,420.0,0.9595238095238096,0.9595238095238096,0.9595238095238096,420.0,0.9099756690997567,0.9303482587064676,0.8904761904761904,420.0,0.9257142857142856,0.8901098901098901,0.9642857142857143,420.0,0.9154589371980676,0.928921568627451,0.9023809523809524,420.0,0.9257003654080391,0.9476309226932669,0.9047619047619048,420.0,0.9618138424821002,0.9641148325358851,0.9595238095238096,420.0,0.9572446555819478,0.9549763033175356,0.9595238095238096,420.0,0.9751479289940828,0.9694117647058823,0.9809523809523809,420.0,0.643437862950058,0.6281179138321995,0.6595238095238095,420.0,0.724179829890644,0.739454094292804,0.7095238095238096,420.0,0.9569377990430622,0.9615384615384616,0.9523809523809523,420.0,0.932367149758454,0.946078431372549,0.919047619047619,420.0,0.6504629629629629,0.6328828828828829,0.669047619047619,420.0,0.9360189573459715,0.9316037735849056,0.9404761904761905,420.0,0.9180722891566265,0.9292682926829269,0.9071428571428571,420.0,0.9245283018867924,0.9158878504672897,0.9333333333333333,420.0,0.9212121212121211,0.9382716049382716,0.9047619047619048,420.0,0.9245508982035928,0.9301204819277108,0.919047619047619,420.0,0.9635036496350364,0.9850746268656716,0.9428571428571428,420.0,0.955794504181601,0.9592326139088729,0.9523809523809523,420.0,0.7466666666666666,0.7604938271604939,0.7333333333333333,420.0
15,0.20118948817253113,0.9302540421485901,0.37993690371513367,0.886119544506073,0.8861195542046605,0.8859076985859953,0.0003000000142492354,412.512183874991,92120.0,223.3146161518379,0.7002237136465325,0.6603375527426161,0.7452380952380953,420.0,0.9714964370546318,0.9691943127962085,0.9738095238095238,420.0,0.9578454332552693,0.9423963133640553,0.9738095238095238,420.0,0.9598051157125456,0.9825436408977556,0.9380952380952381,420.0,0.9369158878504673,0.9197247706422018,0.9547619047619048,420.0,0.9798816568047337,0.9741176470588235,0.9857142857142858,420.0,0.6325000000000001,0.6657894736842105,0.6023809523809524,420.0,0.9254437869822485,0.92,0.930952380952381,420.0,0.9776733254994124,0.9651972157772621,0.9904761904761905,420.0,0.6666666666666666,0.7007874015748031,0.6357142857142857,420.0,0.918854415274463,0.9210526315789473,0.9166666666666666,420.0,0.6381647549530761,0.5677179962894249,0.7285714285714285,420.0,0.9699157641395908,0.9805352798053528,0.9595238095238096,420.0,0.5492227979274611,0.6022727272727273,0.5047619047619047,420.0,0.9881516587677724,0.9834905660377359,0.9928571428571429,420.0,0.939150401836969,0.9068736141906873,0.9738095238095238,420.0,0.682741116751269,0.7309782608695652,0.6404761904761904,420.0,0.9655172413793104,0.9643705463182898,0.9666666666666667,420.0,0.9619047619047619,0.9619047619047619,0.9619047619047619,420.0,0.9739336492890995,0.9693396226415094,0.9785714285714285,420.0,0.9312796208530806,0.9268867924528302,0.9357142857142857,420.0,0.9328621908127208,0.9230769230769231,0.9428571428571428,420.0,0.9144893111638955,0.9123222748815166,0.9166666666666666,420.0,0.9299065420560747,0.9128440366972477,0.9476190476190476,420.0,0.9310761789600966,0.9459459459459459,0.9166666666666666,420.0,0.9784172661870504,0.9855072463768116,0.9714285714285714,420.0,0.9618138424821002,0.9641148325358851,0.9595238095238096,420.0,0.9051620648259304,0.9128329297820823,0.8976190476190476,420.0,0.9176470588235294,0.9069767441860465,0.9285714285714286,420.0,0.9088729016786571,0.9154589371980676,0.9023809523809524,420.0,0.9234507897934386,0.9429280397022333,0.9047619047619048,420.0,0.963226571767497,0.9598108747044918,0.9666666666666667,420.0,0.9596199524940618,0.957345971563981,0.9619047619047619,420.0,0.9750297265160522,0.9738717339667459,0.9761904761904762,420.0,0.646788990825688,0.6238938053097345,0.6714285714285714,420.0,0.721351025331725,0.7310513447432763,0.7119047619047619,420.0,0.9593301435406699,0.9639423076923077,0.9547619047619048,420.0,0.9310761789600966,0.9459459459459459,0.9166666666666666,420.0,0.6472727272727272,0.6592592592592592,0.6357142857142857,420.0,0.933806146572104,0.9272300469483568,0.9404761904761905,420.0,0.9158653846153846,0.9247572815533981,0.9071428571428571,420.0,0.9247311827956989,0.9280575539568345,0.9214285714285714,420.0,0.9234507897934386,0.9429280397022333,0.9047619047619048,420.0,0.9225268176400475,0.9236276849642004,0.9214285714285714,420.0,0.9624242424242424,0.980246913580247,0.9452380952380952,420.0,0.9568345323741007,0.9637681159420289,0.95,420.0,0.763341067285383,0.744343891402715,0.7833333333333333,420.0
16,0.19731660187244415,0.9319148659706116,0.3803591728210449,0.8862715363502502,0.8862715298885512,0.8861310951862635,0.0003000000142492354,411.66658354198444,92120.0,223.77332453705222,0.6962457337883958,0.6666666666666666,0.7285714285714285,420.0,0.9679715302491102,0.9645390070921985,0.9714285714285714,420.0,0.9567251461988303,0.9402298850574713,0.9738095238095238,420.0,0.9572649572649572,0.9824561403508771,0.9333333333333333,420.0,0.9353701527614571,0.9234338747099768,0.9476190476190476,420.0,0.9798339264531436,0.9763593380614657,0.9833333333333333,420.0,0.6190476190476191,0.6964285714285714,0.5571428571428572,420.0,0.9243498817966903,0.9178403755868545,0.930952380952381,420.0,0.9753231492361928,0.962877030162413,0.9880952380952381,420.0,0.662621359223301,0.6757425742574258,0.65,420.0,0.9203329369797859,0.9192399049881235,0.9214285714285714,420.0,0.6270627062706271,0.5828220858895705,0.6785714285714286,420.0,0.96875,0.9781553398058253,0.9595238095238096,420.0,0.5525000000000001,0.5815789473684211,0.5261904761904762,420.0,0.98812351543943,0.985781990521327,0.9904761904761905,420.0,0.9405034324942791,0.9052863436123348,0.9785714285714285,420.0,0.691358024691358,0.717948717948718,0.6666666666666666,420.0,0.9678188319427891,0.9689737470167065,0.9666666666666667,420.0,0.9619047619047619,0.9619047619047619,0.9619047619047619,420.0,0.9750889679715302,0.9716312056737588,0.9785714285714285,420.0,0.9331742243436754,0.9354066985645934,0.930952380952381,420.0,0.9316037735849058,0.9228971962616822,0.9404761904761905,420.0,0.9158653846153846,0.9247572815533981,0.9071428571428571,420.0,0.9316037735849058,0.9228971962616822,0.9404761904761905,420.0,0.929510155316607,0.9328537170263789,0.9261904761904762,420.0,0.9771908763505402,0.9854721549636803,0.969047619047619,420.0,0.9594272076372317,0.9617224880382775,0.9571428571428572,420.0,0.9133089133089132,0.9373433583959899,0.8904761904761904,420.0,0.9228971962616822,0.9059633027522935,0.9404761904761905,420.0,0.9134615384615385,0.9223300970873787,0.9047619047619048,420.0,0.9245742092457421,0.945273631840796,0.9047619047619048,420.0,0.9666666666666667,0.9666666666666667,0.9666666666666667,420.0,0.9607609988109393,0.9596199524940617,0.9619047619047619,420.0,0.976303317535545,0.9716981132075472,0.9809523809523809,420.0,0.6717724288840262,0.6214574898785425,0.7309523809523809,420.0,0.7246376811594202,0.7352941176470589,0.7142857142857143,420.0,0.9569377990430622,0.9615384615384616,0.9523809523809523,420.0,0.9288299155609167,0.941320293398533,0.9166666666666666,420.0,0.6471277842907386,0.6374133949191686,0.6571428571428571,420.0,0.933649289099526,0.9292452830188679,0.9380952380952381,420.0,0.9125748502994012,0.9180722891566265,0.9071428571428571,420.0,0.927810650887574,0.9223529411764706,0.9333333333333333,420.0,0.9241877256317689,0.9343065693430657,0.9142857142857143,420.0,0.9285714285714286,0.9285714285714286,0.9285714285714286,420.0,0.963855421686747,0.975609756097561,0.9523809523809523,420.0,0.9548693586698337,0.95260663507109,0.9571428571428572,420.0,0.748792270531401,0.7598039215686274,0.7380952380952381,420.0
17,0.19398248195648193,0.9320885539054871,0.3793659508228302,0.8873860239982605,0.8873860182370821,0.8869320161557542,0.0003000000142492354,412.1524302090111,92120.0,223.5095397915864,0.6983425414364641,0.6515463917525773,0.7523809523809524,420.0,0.9714964370546318,0.9691943127962085,0.9738095238095238,420.0,0.9543859649122807,0.9379310344827586,0.9714285714285714,420.0,0.9562043795620438,0.9776119402985075,0.9357142857142857,420.0,0.9303944315545244,0.9072398190045249,0.9547619047619048,420.0,0.9786729857819905,0.9740566037735849,0.9833333333333333,420.0,0.6220472440944882,0.6929824561403509,0.5642857142857143,420.0,0.9203747072599532,0.9055299539170507,0.9357142857142857,420.0,0.9742388758782201,0.9585253456221198,0.9904761904761905,420.0,0.6666666666666666,0.6950904392764858,0.6404761904761904,420.0,0.9203329369797859,0.9192399049881235,0.9214285714285714,420.0,0.6372239747634069,0.5706214689265536,0.7214285714285714,420.0,0.9699879951980792,0.9782082324455206,0.9619047619047619,420.0,0.5520833333333333,0.6091954022988506,0.5047619047619047,420.0,0.9881516587677724,0.9834905660377359,0.9928571428571429,420.0,0.9447004608294931,0.9151785714285714,0.9761904761904762,420.0,0.6803594351732991,0.7381615598885793,0.6309523809523809,420.0,0.9655172413793104,0.9643705463182898,0.9666666666666667,420.0,0.9606674612634089,0.9618138424821002,0.9595238095238096,420.0,0.9739336492890995,0.9693396226415094,0.9785714285714285,420.0,0.9274673008323424,0.9263657957244655,0.9285714285714286,420.0,0.9317647058823529,0.9209302325581395,0.9428571428571428,420.0,0.9232643118148599,0.9451371571072319,0.9023809523809524,420.0,0.936768149882904,0.9216589861751152,0.9523809523809523,420.0,0.9334945586457074,0.9484029484029484,0.919047619047619,420.0,0.9760191846522781,0.9830917874396136,0.969047619047619,420.0,0.9617224880382775,0.9663461538461539,0.9571428571428572,420.0,0.9128329297820823,0.9285714285714286,0.8976190476190476,420.0,0.9234285714285714,0.8879120879120879,0.9619047619047619,420.0,0.9138755980861243,0.9182692307692307,0.9095238095238095,420.0,0.9199029126213591,0.9381188118811881,0.9023809523809524,420.0,0.9676646706586827,0.9734939759036144,0.9619047619047619,420.0,0.9582836710369488,0.9594272076372315,0.9571428571428572,420.0,0.9775147928994082,0.971764705882353,0.9833333333333333,420.0,0.6666666666666665,0.6213991769547325,0.719047619047619,420.0,0.7248484848484847,0.7382716049382716,0.7119047619047619,420.0,0.9560047562425683,0.9548693586698337,0.9571428571428572,420.0,0.9333333333333332,0.9506172839506173,0.9166666666666666,420.0,0.6559006211180124,0.6857142857142857,0.6285714285714286,420.0,0.9382422802850356,0.9360189573459715,0.9404761904761905,420.0,0.9160671462829736,0.9227053140096618,0.9095238095238095,420.0,0.9287410926365796,0.9265402843601895,0.930952380952381,420.0,0.921968787515006,0.9297820823244553,0.9142857142857143,420.0,0.9204819277108435,0.9317073170731708,0.9095238095238095,420.0,0.9660194174757282,0.9851485148514851,0.9476190476190476,420.0,0.9546539379474941,0.9569377990430622,0.9523809523809523,420.0,0.7730900798175597,0.7417943107221007,0.8071428571428572,420.0
18,0.19107815623283386,0.9328267574310303,0.37846729159355164,0.8876899480819702,0.8876899696048631,0.8875290572482698,0.0003000000142492354,411.3045675000176,92120.0,223.9702820708308,0.7005524861878454,0.6536082474226804,0.7547619047619047,420.0,0.9702734839476813,0.9691211401425178,0.9714285714285714,420.0,0.9553990610328638,0.9421296296296297,0.969047619047619,420.0,0.9586374695863747,0.9800995024875622,0.9380952380952381,420.0,0.9347319347319347,0.9155251141552512,0.9547619047619048,420.0,0.9798339264531436,0.9763593380614657,0.9833333333333333,420.0,0.6347150259067359,0.6960227272727273,0.5833333333333334,420.0,0.9247058823529412,0.913953488372093,0.9357142857142857,420.0,0.9741176470588235,0.9627906976744186,0.9857142857142858,420.0,0.6682520808561235,0.667458432304038,0.669047619047619,420.0,0.923076923076923,0.9176470588235294,0.9285714285714286,420.0,0.6066350710900474,0.6037735849056604,0.6095238095238096,420.0,0.9686746987951806,0.9804878048780488,0.9571428571428572,420.0,0.5704142011834319,0.5670588235294117,0.5738095238095238,420.0,0.9881516587677724,0.9834905660377359,0.9928571428571429,420.0,0.9468822170900693,0.9192825112107623,0.9761904761904762,420.0,0.6787564766839379,0.7443181818181818,0.6238095238095238,420.0,0.9667458432304038,0.9644549763033176,0.969047619047619,420.0,0.9618138424821002,0.9641148325358851,0.9595238095238096,420.0,0.9750889679715302,0.9716312056737588,0.9785714285714285,420.0,0.9279811097992915,0.9203747072599532,0.9357142857142857,420.0,0.933649289099526,0.9292452830188679,0.9380952380952381,420.0,0.9193742478941036,0.9294403892944039,0.9095238095238095,420.0,0.935672514619883,0.9195402298850575,0.9523809523809523,420.0,0.934782608695652,0.9485294117647058,0.9214285714285714,420.0,0.9771908763505402,0.9854721549636803,0.969047619047619,420.0,0.965352449223417,0.9688249400479616,0.9619047619047619,420.0,0.9073405535499399,0.9172749391727494,0.8976190476190476,420.0,0.9246813441483199,0.9006772009029346,0.95,420.0,0.9110576923076924,0.9199029126213593,0.9023809523809524,420.0,0.9214026602176542,0.9361179361179361,0.9071428571428571,420.0,0.9641148325358851,0.96875,0.9595238095238096,420.0,0.9597156398104266,0.9551886792452831,0.9642857142857143,420.0,0.9740566037735848,0.9649532710280374,0.9833333333333333,420.0,0.670353982300885,0.6260330578512396,0.7214285714285714,420.0,0.7344913151364764,0.7668393782383419,0.7047619047619048,420.0,0.958183990442055,0.9616306954436451,0.9547619047619048,420.0,0.9346246973365617,0.9507389162561576,0.919047619047619,420.0,0.6553398058252428,0.6683168316831684,0.6428571428571429,420.0,0.9349112426035503,0.9294117647058824,0.9404761904761905,420.0,0.9182692307692307,0.9271844660194175,0.9095238095238095,420.0,0.9239904988123515,0.9218009478672986,0.9261904761904762,420.0,0.9210206561360875,0.9404466501240695,0.9023809523809524,420.0,0.9269461077844311,0.9325301204819277,0.9214285714285714,420.0,0.9611650485436893,0.9801980198019802,0.9428571428571428,420.0,0.9568345323741007,0.9637681159420289,0.95,420.0,0.7739032620922385,0.7334754797441365,0.819047619047619,420.0
19,0.18816576898097992,0.9330112934112549,0.3786579668521881,0.8877912759780884,0.8877912867274569,0.8872791338609767,0.0003000000142492354,411.26868095799,92120.0,223.98982530208716,0.7175732217573222,0.6399253731343284,0.8166666666666667,420.0,0.9714964370546318,0.9691943127962085,0.9738095238095238,420.0,0.960093896713615,0.9467592592592593,0.9738095238095238,420.0,0.9600000000000001,0.9777777777777777,0.9428571428571428,420.0,0.9336437718277066,0.9134396355353075,0.9547619047619048,420.0,0.9798339264531436,0.9763593380614657,0.9833333333333333,420.0,0.6457831325301204,0.6536585365853659,0.638095238095238,420.0,0.9237983587338804,0.9099307159353349,0.9380952380952381,420.0,0.971896955503513,0.956221198156682,0.9880952380952381,420.0,0.6699147381242386,0.685785536159601,0.6547619047619048,420.0,0.918854415274463,0.9210526315789473,0.9166666666666666,420.0,0.6347826086956522,0.584,0.6952380952380952,420.0,0.9710843373493976,0.9829268292682927,0.9595238095238096,420.0,0.5512010113780026,0.5876010781671159,0.5190476190476191,420.0,0.9881516587677724,0.9834905660377359,0.9928571428571429,420.0,0.9434832756632064,0.9149888143176734,0.9738095238095238,420.0,0.6583679114799447,0.7854785478547854,0.5666666666666667,420.0,0.9643705463182898,0.9620853080568721,0.9666666666666667,420.0,0.9591346153846154,0.9684466019417476,0.95,420.0,0.9727810650887575,0.9670588235294117,0.9785714285714285,420.0,0.9331742243436754,0.9354066985645934,0.930952380952381,420.0,0.9327036599763872,0.9250585480093677,0.9404761904761905,420.0,0.9153754469606675,0.9164677804295943,0.9142857142857143,420.0,0.9358226371061844,0.9176201372997712,0.9547619047619048,420.0,0.933655006031363,0.9462102689486552,0.9214285714285714,420.0,0.9771908763505402,0.9854721549636803,0.969047619047619,420.0,0.9617224880382775,0.9663461538461539,0.9571428571428572,420.0,0.9095295536791315,0.921760391198044,0.8976190476190476,420.0,0.9218203033838974,0.9038901601830663,0.9404761904761905,420.0,0.9116945107398567,0.9138755980861244,0.9095238095238095,420.0,0.9234507897934386,0.9429280397022333,0.9047619047619048,420.0,0.9665871121718377,0.9688995215311005,0.9642857142857143,420.0,0.9607609988109393,0.9596199524940617,0.9619047619047619,420.0,0.9798339264531436,0.9763593380614657,0.9833333333333333,420.0,0.6358244365361804,0.6335697399527187,0.638095238095238,420.0,0.7268292682926829,0.745,0.7095238095238096,420.0,0.9593301435406699,0.9639423076923077,0.9547619047619048,420.0,0.9333333333333332,0.9506172839506173,0.9166666666666666,420.0,0.6537467700258397,0.7146892655367232,0.6023809523809524,420.0,0.9382422802850356,0.9360189573459715,0.9404761904761905,420.0,0.9156626506024096,0.926829268292683,0.9047619047619048,420.0,0.9239904988123515,0.9218009478672986,0.9261904761904762,420.0,0.9230769230769231,0.9320388349514563,0.9142857142857143,420.0,0.9228915662650602,0.9341463414634147,0.9119047619047619,420.0,0.966346153846154,0.9757281553398058,0.9571428571428572,420.0,0.9545454545454546,0.9591346153846154,0.95,420.0,0.7887323943661972,0.7236580516898609,0.8666666666666667,420.0
20,0.18593282997608185,0.9338471293449402,0.3780064880847931,0.8875886797904968,0.8875886524822696,0.8872736701464277,0.0003000000142492354,411.11840070897597,92120.0,224.0717025585295,0.6913294797687861,0.6719101123595506,0.7119047619047619,420.0,0.9738717339667459,0.9715639810426541,0.9761904761904762,420.0,0.9588719153936545,0.9466357308584686,0.9714285714285714,420.0,0.9573690621193666,0.9800498753117207,0.9357142857142857,420.0,0.9325581395348838,0.9113636363636364,0.9547619047619048,420.0,0.9798339264531436,0.9763593380614657,0.9833333333333333,420.0,0.6338383838383838,0.6747311827956989,0.5976190476190476,420.0,0.927810650887574,0.9223529411764706,0.9333333333333333,420.0,0.9753231492361928,0.962877030162413,0.9880952380952381,420.0,0.6716981132075471,0.712,0.6357142857142857,420.0,0.9192399049881235,0.9170616113744076,0.9214285714285714,420.0,0.6505538771399798,0.5636998254799301,0.7690476190476191,420.0,0.9698431845597105,0.9828850855745721,0.9571428571428572,420.0,0.5422818791946309,0.6215384615384615,0.48095238095238096,420.0,0.98698224852071,0.9811764705882353,0.9928571428571429,420.0,0.9417142857142857,0.9054945054945055,0.9809523809523809,420.0,0.6914498141263941,0.7209302325581395,0.6642857142857143,420.0,0.9630512514898689,0.964200477326969,0.9619047619047619,420.0,0.9606674612634089,0.9618138424821002,0.9595238095238096,420.0,0.9750889679715302,0.9716312056737588,0.9785714285714285,420.0,0.930952380952381,0.930952380952381,0.930952380952381,420.0,0.9322235434007135,0.9311163895486936,0.9333333333333333,420.0,0.9184652278177458,0.9251207729468599,0.9119047619047619,420.0,0.9316037735849058,0.9228971962616822,0.9404761904761905,420.0,0.9338146811070999,0.9440389294403893,0.9238095238095239,420.0,0.9748502994011975,0.980722891566265,0.969047619047619,420.0,0.9616306954436451,0.9685990338164251,0.9547619047619048,420.0,0.9084337349397591,0.9195121951219513,0.8976190476190476,420.0,0.9250585480093676,0.9101382488479263,0.9404761904761905,420.0,0.9080047789725209,0.9112709832134293,0.9047619047619048,420.0,0.9193742478941036,0.9294403892944039,0.9095238095238095,420.0,0.9665871121718377,0.9688995215311005,0.9642857142857143,420.0,0.9584816132858838,0.9550827423167849,0.9619047619047619,420.0,0.9786729857819905,0.9740566037735849,0.9833333333333333,420.0,0.6507394766780433,0.6230936819172114,0.680952380952381,420.0,0.730478589420655,0.7754010695187166,0.6904761904761905,420.0,0.9560047562425683,0.9548693586698337,0.9571428571428572,420.0,0.9331713244228432,0.9528535980148883,0.9142857142857143,420.0,0.6517119244391971,0.6463700234192038,0.6571428571428571,420.0,0.93935790725327,0.9382422802850356,0.9404761904761905,420.0,0.9166666666666666,0.9166666666666666,0.9166666666666666,420.0,0.923076923076923,0.9176470588235294,0.9285714285714286,420.0,0.9253012048192771,0.9365853658536586,0.9142857142857143,420.0,0.9254807692307692,0.9344660194174758,0.9166666666666666,420.0,0.9674306393244874,0.980440097799511,0.9547619047619048,420.0,0.958183990442055,0.9616306954436451,0.9547619047619048,420.0,0.7727272727272727,0.7391304347826086,0.8095238095238095,420.0
21,0.18356357514858246,0.9346504807472229,0.3771384358406067,0.8879939317703247,0.8879939209726443,0.8876103909021433,0.0003000000142492354,411.17153658298776,92120.0,224.0427456763102,0.689095127610209,0.6719457013574661,0.7071428571428572,420.0,0.9727164887307236,0.9692671394799054,0.9761904761904762,420.0,0.9579439252336448,0.9403669724770642,0.9761904761904762,420.0,0.9612590799031476,0.9778325123152709,0.9452380952380952,420.0,0.9347319347319347,0.9155251141552512,0.9547619047619048,420.0,0.9787234042553192,0.971830985915493,0.9857142857142858,420.0,0.6342648845686514,0.6476426799007444,0.6214285714285714,420.0,0.927810650887574,0.9223529411764706,0.9333333333333333,420.0,0.971896955503513,0.956221198156682,0.9880952380952381,420.0,0.667496886674969,0.6997389033942559,0.638095238095238,420.0,0.9192399049881235,0.9170616113744076,0.9214285714285714,420.0,0.6406743940990517,0.5746691871455577,0.7238095238095238,420.0,0.9675090252707581,0.9781021897810219,0.9571428571428572,420.0,0.5534105534105533,0.6022408963585434,0.5119047619047619,420.0,0.9869203329369798,0.9857482185273159,0.9880952380952381,420.0,0.9478563151796061,0.9232505643340858,0.9738095238095238,420.0,0.696078431372549,0.7171717171717171,0.6761904761904762,420.0,0.9666666666666667,0.9666666666666667,0.9666666666666667,420.0,0.9620853080568721,0.9575471698113207,0.9666666666666667,420.0,0.9750889679715302,0.9716312056737588,0.9785714285714285,420.0,0.9263657957244655,0.9241706161137441,0.9285714285714286,420.0,0.9341176470588235,0.9232558139534883,0.9452380952380952,420.0,0.9153374233128834,0.9443037974683545,0.888095238095238,420.0,0.936470588235294,0.9255813953488372,0.9476190476190476,420.0,0.933655006031363,0.9462102689486552,0.9214285714285714,420.0,0.9748502994011975,0.980722891566265,0.969047619047619,420.0,0.9619047619047619,0.9619047619047619,0.9619047619047619,420.0,0.9152542372881356,0.9310344827586207,0.9,420.0,0.9236031927023945,0.8862144420131292,0.9642857142857143,420.0,0.916767189384801,0.9290953545232273,0.9047619047619048,420.0,0.9202898550724637,0.9338235294117647,0.9071428571428571,420.0,0.9665871121718377,0.9688995215311005,0.9642857142857143,420.0,0.9596199524940618,0.957345971563981,0.9619047619047619,420.0,0.9751479289940828,0.9694117647058823,0.9809523809523809,420.0,0.6297169811320755,0.6238317757009346,0.6357142857142857,420.0,0.7297633872976338,0.7650130548302873,0.6976190476190476,420.0,0.958183990442055,0.9616306954436451,0.9547619047619048,420.0,0.9291716686674669,0.937046004842615,0.9214285714285714,420.0,0.66,0.6947368421052632,0.6285714285714286,420.0,0.9382422802850356,0.9360189573459715,0.9404761904761905,420.0,0.9180722891566265,0.9292682926829269,0.9071428571428571,420.0,0.9261904761904762,0.9261904761904762,0.9261904761904762,420.0,0.9238210399032648,0.9385749385749386,0.9095238095238095,420.0,0.9284009546539379,0.930622009569378,0.9261904761904762,420.0,0.9686746987951806,0.9804878048780488,0.9571428571428572,420.0,0.9558998808104887,0.9570405727923628,0.9547619047619048,420.0,0.7801104972375691,0.7278350515463917,0.8404761904761905,420.0
22,0.18123121559619904,0.9353126287460327,0.3775565028190613,0.8875886797904968,0.8875886524822696,0.8872621814108625,0.0003000000142492354,410.9040280840127,92120.0,224.18860294347203,0.6991150442477877,0.6528925619834711,0.7523809523809524,420.0,0.9714964370546318,0.9691943127962085,0.9738095238095238,420.0,0.960093896713615,0.9467592592592593,0.9738095238095238,420.0,0.9586374695863747,0.9800995024875622,0.9380952380952381,420.0,0.9336437718277066,0.9134396355353075,0.9547619047619048,420.0,0.9798816568047337,0.9741176470588235,0.9857142857142858,420.0,0.6401925391095067,0.6472019464720195,0.6333333333333333,420.0,0.9250585480093676,0.9101382488479263,0.9404761904761905,420.0,0.9730363423212193,0.9584295612009238,0.9880952380952381,420.0,0.6642156862745099,0.6843434343434344,0.6452380952380953,420.0,0.9228944246737842,0.9196217494089834,0.9261904761904762,420.0,0.6393270241850684,0.5725047080979284,0.7238095238095238,420.0,0.9688249400479616,0.9758454106280193,0.9619047619047619,420.0,0.5459317585301837,0.6081871345029239,0.49523809523809526,420.0,0.9881516587677724,0.9834905660377359,0.9928571428571429,420.0,0.9438717067583048,0.9094922737306843,0.9809523809523809,420.0,0.682110682110682,0.742296918767507,0.6309523809523809,420.0,0.9655990510083036,0.9621749408983451,0.969047619047619,420.0,0.9593301435406699,0.9639423076923077,0.9547619047619048,420.0,0.9739336492890995,0.9693396226415094,0.9785714285714285,420.0,0.9284009546539379,0.930622009569378,0.9261904761904762,420.0,0.9353701527614571,0.9234338747099768,0.9476190476190476,420.0,0.9153754469606675,0.9164677804295943,0.9142857142857143,420.0,0.929245283018868,0.9205607476635514,0.9380952380952381,420.0,0.9315726290516207,0.9394673123486683,0.9238095238095239,420.0,0.9771908763505402,0.9854721549636803,0.969047619047619,420.0,0.9665871121718377,0.9688995215311005,0.9642857142857143,420.0,0.9141475211608222,0.9287469287469288,0.9,420.0,0.9225352112676057,0.9097222222222222,0.9357142857142857,420.0,0.9144893111638955,0.9123222748815166,0.9166666666666666,420.0,0.9221411192214112,0.9427860696517413,0.9023809523809524,420.0,0.970059880239521,0.9759036144578314,0.9642857142857143,420.0,0.9597156398104266,0.9551886792452831,0.9642857142857143,420.0,0.9798339264531436,0.9763593380614657,0.9833333333333333,420.0,0.6230677764565994,0.6223277909738717,0.6238095238095238,420.0,0.7290640394088671,0.7551020408163265,0.7047619047619048,420.0,0.9568345323741007,0.9637681159420289,0.95,420.0,0.9318734793187349,0.9527363184079602,0.9119047619047619,420.0,0.6601941747572816,0.6732673267326733,0.6476190476190476,420.0,0.9404761904761905,0.9404761904761905,0.9404761904761905,420.0,0.9163636363636364,0.9333333333333333,0.9,420.0,0.9274673008323424,0.9263657957244655,0.9285714285714286,420.0,0.9243697478991596,0.9322033898305084,0.9166666666666666,420.0,0.9307875894988067,0.9330143540669856,0.9285714285714286,420.0,0.9674306393244874,0.980440097799511,0.9547619047619048,420.0,0.9570405727923629,0.9593301435406698,0.9547619047619048,420.0,0.7743413516609393,0.7461368653421634,0.8047619047619048,420.0
23,0.1792486160993576,0.9356491565704346,0.37736624479293823,0.8870314359664917,0.8870314083080039,0.886486134996567,0.0003000000142492354,410.9969045839971,92120.0,224.13794111963455,0.696528555431131,0.6575052854122622,0.7404761904761905,420.0,0.9727164887307236,0.9692671394799054,0.9761904761904762,420.0,0.9591598599766626,0.9405034324942791,0.9785714285714285,420.0,0.959902794653706,0.9801488833746899,0.9404761904761905,420.0,0.9328703703703705,0.9076576576576577,0.9595238095238096,420.0,0.9798816568047337,0.9741176470588235,0.9857142857142858,420.0,0.6322263222632227,0.6539440203562341,0.611904761904762,420.0,0.9257950530035335,0.916083916083916,0.9357142857142857,420.0,0.9776207302709069,0.9673659673659674,0.9880952380952381,420.0,0.6691086691086691,0.6867167919799498,0.6523809523809524,420.0,0.9159763313609467,0.9105882352941177,0.9214285714285714,420.0,0.6527777777777777,0.5595238095238095,0.7833333333333333,420.0,0.9675870348139256,0.9757869249394673,0.9595238095238096,420.0,0.5392296718972895,0.6725978647686833,0.45,420.0,0.98698224852071,0.9811764705882353,0.9928571428571429,420.0,0.9459148446490219,0.9153674832962138,0.9785714285714285,420.0,0.6803069053708439,0.7348066298342542,0.6333333333333333,420.0,0.9655990510083036,0.9621749408983451,0.969047619047619,420.0,0.955794504181601,0.9592326139088729,0.9523809523809523,420.0,0.9774614472123369,0.9739952718676123,0.9809523809523809,420.0,0.9254807692307692,0.9344660194174758,0.9166666666666666,420.0,0.9347568208778173,0.9314420803782506,0.9380952380952381,420.0,0.9145607701564379,0.9245742092457421,0.9047619047619048,420.0,0.9311163895486937,0.9289099526066351,0.9333333333333333,420.0,0.9304556354916068,0.9371980676328503,0.9238095238095239,420.0,0.974910394265233,0.9784172661870504,0.9714285714285714,420.0,0.9615384615384616,0.970873786407767,0.9523809523809523,420.0,0.9117291414752117,0.9262899262899262,0.8976190476190476,420.0,0.9243306169965074,0.9043280182232346,0.9452380952380952,420.0,0.9136690647482014,0.9202898550724637,0.9071428571428571,420.0,0.9217809867629362,0.9318734793187348,0.9119047619047619,420.0,0.9689737470167064,0.9712918660287081,0.9666666666666667,420.0,0.9596199524940618,0.957345971563981,0.9619047619047619,420.0,0.9809523809523809,0.9809523809523809,0.9809523809523809,420.0,0.6339181286549707,0.6229885057471264,0.6452380952380953,420.0,0.7281437125748502,0.7325301204819277,0.7238095238095238,420.0,0.9548693586698337,0.95260663507109,0.9571428571428572,420.0,0.9344660194174756,0.9529702970297029,0.9166666666666666,420.0,0.6555423122765197,0.6563245823389021,0.6547619047619048,420.0,0.93935790725327,0.9382422802850356,0.9404761904761905,420.0,0.9164677804295943,0.9186602870813397,0.9142857142857143,420.0,0.9252669039145908,0.9219858156028369,0.9285714285714286,420.0,0.9225268176400475,0.9236276849642004,0.9214285714285714,420.0,0.9236276849642004,0.9258373205741627,0.9214285714285714,420.0,0.9685990338164251,0.9828431372549019,0.9547619047619048,420.0,0.958183990442055,0.9616306954436451,0.9547619047619048,420.0,0.756563245823389,0.7583732057416268,0.7547619047619047,420.0
24,0.17732597887516022,0.9360182285308838,0.3776698112487793,0.8887031674385071,0.8887031408308003,0.8884361237356656,0.0003000000142492354,411.2528890420217,92120.0,223.99842640518742,0.7060109289617487,0.6525252525252525,0.7690476190476191,420.0,0.9727164887307236,0.9692671394799054,0.9761904761904762,420.0,0.9602803738317756,0.9426605504587156,0.9785714285714285,420.0,0.9598051157125456,0.9825436408977556,0.9380952380952381,420.0,0.9364161849710984,0.9101123595505618,0.9642857142857143,420.0,0.9786223277909738,0.976303317535545,0.9809523809523809,420.0,0.6363636363636364,0.6774193548387096,0.6,420.0,0.9272300469483569,0.9143518518518519,0.9404761904761905,420.0,0.9741176470588235,0.9627906976744186,0.9857142857142858,420.0,0.6683354192740926,0.7044854881266491,0.6357142857142857,420.0,0.9205219454329775,0.91725768321513,0.9238095238095239,420.0,0.6328555678059538,0.5893223819301848,0.6833333333333333,420.0,0.9665071770334929,0.9711538461538461,0.9619047619047619,420.0,0.5610640870616688,0.5700245700245701,0.5523809523809524,420.0,0.9881516587677724,0.9834905660377359,0.9928571428571429,420.0,0.9471264367816092,0.9155555555555556,0.9809523809523809,420.0,0.6684350132625994,0.7544910179640718,0.6,420.0,0.9679715302491102,0.9645390070921985,0.9714285714285714,420.0,0.9617224880382775,0.9663461538461539,0.9571428571428572,420.0,0.9762470308788598,0.9739336492890995,0.9785714285714285,420.0,0.9282296650717704,0.9326923076923077,0.9238095238095239,420.0,0.9333333333333333,0.9333333333333333,0.9333333333333333,420.0,0.9169675090252708,0.927007299270073,0.9071428571428571,420.0,0.9305064782096585,0.9207459207459208,0.9404761904761905,420.0,0.9314079422382672,0.9416058394160584,0.9214285714285714,420.0,0.9748502994011975,0.980722891566265,0.969047619047619,420.0,0.9627851140456183,0.9709443099273608,0.9547619047619048,420.0,0.9126213592233011,0.9306930693069307,0.8952380952380953,420.0,0.9228971962616822,0.9059633027522935,0.9404761904761905,420.0,0.9116945107398567,0.9138755980861244,0.9095238095238095,420.0,0.9264173703256936,0.9388753056234719,0.9142857142857143,420.0,0.9712918660287081,0.9759615384615384,0.9666666666666667,420.0,0.9609467455621302,0.9552941176470588,0.9666666666666667,420.0,0.9786729857819905,0.9740566037735849,0.9833333333333333,420.0,0.6530147895335608,0.6252723311546841,0.6833333333333333,420.0,0.7328431372549019,0.7550505050505051,0.7119047619047619,420.0,0.9617224880382775,0.9663461538461539,0.9571428571428572,420.0,0.9331713244228432,0.9528535980148883,0.9142857142857143,420.0,0.6633906633906633,0.6852791878172588,0.6428571428571429,420.0,0.93935790725327,0.9382422802850356,0.9404761904761905,420.0,0.9157769869513641,0.9125295508274232,0.919047619047619,420.0,0.9301775147928995,0.9247058823529412,0.9357142857142857,420.0,0.9256594724220624,0.9323671497584541,0.919047619047619,420.0,0.9284009546539379,0.930622009569378,0.9261904761904762,420.0,0.9662650602409638,0.9780487804878049,0.9547619047619048,420.0,0.9580838323353292,0.963855421686747,0.9523809523809523,420.0,0.7755102040816325,0.7402597402597403,0.8142857142857143,420.0
25,0.17550425231456757,0.9362570643424988,0.3781077265739441,0.8878419399261475,0.8878419452887538,0.8872776084384334,0.0003000000142492354,411.1932558340486,92120.0,224.03091172579505,0.7025813692480358,0.6645435244161358,0.7452380952380953,420.0,0.9691211401425178,0.966824644549763,0.9714285714285714,420.0,0.95906432748538,0.9425287356321839,0.9761904761904762,420.0,0.9573690621193666,0.9800498753117207,0.9357142857142857,420.0,0.9351851851851852,0.9099099099099099,0.9619047619047619,420.0,0.9832935560859187,0.9856459330143541,0.9809523809523809,420.0,0.640096618357488,0.6495098039215687,0.6309523809523809,420.0,0.9232585596221959,0.9156908665105387,0.930952380952381,420.0,0.9672897196261682,0.9495412844036697,0.9857142857142858,420.0,0.6666666666666666,0.71900826446281,0.6214285714285714,420.0,0.9252669039145908,0.9219858156028369,0.9285714285714286,420.0,0.6536964980544748,0.5526315789473685,0.8,420.0,0.9723225030084236,0.9829683698296837,0.9619047619047619,420.0,0.541374474053296,0.658703071672355,0.4595238095238095,420.0,0.98698224852071,0.9811764705882353,0.9928571428571429,420.0,0.9457900807381775,0.9172259507829977,0.9761904761904762,420.0,0.6803594351732991,0.7381615598885793,0.6309523809523809,420.0,0.9668246445497629,0.9622641509433962,0.9714285714285714,420.0,0.9567307692307693,0.9660194174757282,0.9476190476190476,420.0,0.9774614472123369,0.9739952718676123,0.9809523809523809,420.0,0.9284009546539379,0.930622009569378,0.9261904761904762,420.0,0.9330199764982374,0.9211136890951276,0.9452380952380952,420.0,0.9148418491484184,0.9353233830845771,0.8952380952380953,420.0,0.9290780141843971,0.9225352112676056,0.9357142857142857,420.0,0.9272943980929679,0.9284009546539379,0.9261904761904762,420.0,0.9748502994011975,0.980722891566265,0.969047619047619,420.0,0.9665071770334929,0.9711538461538461,0.9619047619047619,420.0,0.9161603888213852,0.9354838709677419,0.8976190476190476,420.0,0.9230769230769231,0.8913525498891353,0.9571428571428572,420.0,0.9095238095238095,0.9095238095238095,0.9095238095238095,420.0,0.9253012048192771,0.9365853658536586,0.9142857142857143,420.0,0.9723225030084236,0.9829683698296837,0.9619047619047619,420.0,0.9584816132858838,0.9550827423167849,0.9619047619047619,420.0,0.9786729857819905,0.9740566037735849,0.9833333333333333,420.0,0.6241134751773049,0.6197183098591549,0.6285714285714286,420.0,0.7306273062730627,0.7557251908396947,0.7071428571428572,420.0,0.9545454545454546,0.9591346153846154,0.95,420.0,0.9356014580801943,0.9553349875930521,0.9166666666666666,420.0,0.656019656019656,0.6776649746192893,0.6357142857142857,420.0,0.9404761904761905,0.9404761904761905,0.9404761904761905,420.0,0.9180722891566265,0.9292682926829269,0.9071428571428571,420.0,0.9279811097992915,0.9203747072599532,0.9357142857142857,420.0,0.9243697478991596,0.9322033898305084,0.9166666666666666,420.0,0.9236276849642004,0.9258373205741627,0.9214285714285714,420.0,0.9662650602409638,0.9780487804878049,0.9547619047619048,420.0,0.955794504181601,0.9592326139088729,0.9523809523809523,420.0,0.7762863534675615,0.7320675105485233,0.8261904761904761,420.0
26,0.1736399382352829,0.9367455244064331,0.3787075877189636,0.886626124382019,0.886626139817629,0.8863075204187509,0.0003000000142492354,410.9742983330507,92120.0,224.15027015958697,0.7015590200445433,0.6589958158995816,0.75,420.0,0.9739336492890995,0.9693396226415094,0.9785714285714285,420.0,0.960093896713615,0.9467592592592593,0.9738095238095238,420.0,0.9600000000000001,0.9777777777777777,0.9428571428571428,420.0,0.9342560553633219,0.9060402684563759,0.9642857142857143,420.0,0.9822064056939502,0.9787234042553191,0.9857142857142858,420.0,0.636471990464839,0.6372315035799523,0.6357142857142857,420.0,0.9290780141843971,0.9225352112676056,0.9357142857142857,420.0,0.9787234042553192,0.971830985915493,0.9857142857142858,420.0,0.6615776081424937,0.7103825136612022,0.6190476190476191,420.0,0.9236276849642004,0.9258373205741627,0.9214285714285714,420.0,0.6358974358974359,0.5585585585585585,0.7380952380952381,420.0,0.9664268585131895,0.9734299516908212,0.9595238095238096,420.0,0.546875,0.603448275862069,0.5,420.0,0.9858156028368794,0.9788732394366197,0.9928571428571429,420.0,0.9459148446490219,0.9153674832962138,0.9785714285714285,420.0,0.6804123711340206,0.7415730337078652,0.6285714285714286,420.0,0.9679715302491102,0.9645390070921985,0.9714285714285714,420.0,0.9607609988109393,0.9596199524940617,0.9619047619047619,420.0,0.9774614472123369,0.9739952718676123,0.9809523809523809,420.0,0.9272943980929679,0.9284009546539379,0.9261904761904762,420.0,0.9341176470588235,0.9232558139534883,0.9452380952380952,420.0,0.9155446756425948,0.9420654911838791,0.8904761904761904,420.0,0.9290780141843971,0.9225352112676056,0.9357142857142857,420.0,0.9307875894988067,0.9330143540669856,0.9285714285714286,420.0,0.974910394265233,0.9784172661870504,0.9714285714285714,420.0,0.965186074429772,0.9733656174334141,0.9571428571428572,420.0,0.9108433734939759,0.9219512195121952,0.9,420.0,0.9236031927023945,0.8862144420131292,0.9642857142857143,420.0,0.9093078758949881,0.9114832535885168,0.9071428571428571,420.0,0.9253012048192771,0.9365853658536586,0.9142857142857143,420.0,0.96875,0.9781553398058253,0.9595238095238096,420.0,0.9596199524940618,0.957345971563981,0.9619047619047619,420.0,0.9775147928994082,0.971764705882353,0.9833333333333333,420.0,0.6146458583433374,0.6198547215496368,0.6095238095238096,420.0,0.7304347826086957,0.7636363636363637,0.7,420.0,0.9503546099290779,0.9436619718309859,0.9571428571428572,420.0,0.9279609279609279,0.9523809523809523,0.9047619047619048,420.0,0.6516052318668252,0.6508313539192399,0.6523809523809524,420.0,0.9401913875598086,0.9447115384615384,0.9357142857142857,420.0,0.9163636363636364,0.9333333333333333,0.9,420.0,0.9263657957244655,0.9241706161137441,0.9285714285714286,420.0,0.9230769230769231,0.9320388349514563,0.9142857142857143,420.0,0.9243697478991596,0.9322033898305084,0.9166666666666666,420.0,0.9662650602409638,0.9780487804878049,0.9547619047619048,420.0,0.957345971563981,0.9528301886792453,0.9619047619047619,420.0,0.7665505226480838,0.7482993197278912,0.7857142857142857,420.0
27,0.1720331609249115,0.9373860359191895,0.37931138277053833,0.8877406120300293,0.8877406281661598,0.8875971649451196,0.0003000000142492354,411.0244870840106,92120.0,224.12289996038922,0.6840317100792752,0.652267818574514,0.719047619047619,420.0,0.969047619047619,0.969047619047619,0.969047619047619,420.0,0.9601873536299766,0.9447004608294931,0.9761904761904762,420.0,0.9598051157125456,0.9825436408977556,0.9380952380952381,420.0,0.9339622641509434,0.9252336448598131,0.9428571428571428,420.0,0.9809523809523809,0.9809523809523809,0.9809523809523809,420.0,0.6347607052896725,0.6737967914438503,0.6,420.0,0.930952380952381,0.930952380952381,0.930952380952381,420.0,0.968421052631579,0.9517241379310345,0.9857142857142858,420.0,0.6522292993630574,0.7013698630136986,0.6095238095238096,420.0,0.922341696535245,0.9256594724220624,0.919047619047619,420.0,0.6361702127659575,0.575,0.7119047619047619,420.0,0.9688249400479616,0.9758454106280193,0.9619047619047619,420.0,0.5544554455445544,0.5773195876288659,0.5333333333333333,420.0,0.9857819905213271,0.9811320754716981,0.9904761904761905,420.0,0.9502890173410405,0.9235955056179775,0.9785714285714285,420.0,0.6872682323856611,0.7146529562982005,0.6619047619047619,420.0,0.9642857142857143,0.9642857142857143,0.9642857142857143,420.0,0.9583828775267539,0.9572446555819477,0.9595238095238096,420.0,0.9751479289940828,0.9694117647058823,0.9809523809523809,420.0,0.9289099526066351,0.9245283018867925,0.9333333333333333,420.0,0.933806146572104,0.9272300469483568,0.9404761904761905,420.0,0.9138755980861243,0.9182692307692307,0.9095238095238095,420.0,0.9317647058823529,0.9209302325581395,0.9428571428571428,420.0,0.9325301204819277,0.9439024390243902,0.9214285714285714,420.0,0.9760191846522781,0.9830917874396136,0.969047619047619,420.0,0.9626955475330926,0.9732360097323601,0.9523809523809523,420.0,0.9097472924187726,0.9197080291970803,0.9,420.0,0.9216374269005848,0.9057471264367816,0.9380952380952381,420.0,0.9127358490566038,0.9042056074766355,0.9214285714285714,420.0,0.9253365973072215,0.9521410579345088,0.9,420.0,0.9676646706586827,0.9734939759036144,0.9619047619047619,420.0,0.9597156398104266,0.9551886792452831,0.9642857142857143,420.0,0.9786729857819905,0.9740566037735849,0.9833333333333333,420.0,0.6485260770975056,0.6190476190476191,0.680952380952381,420.0,0.7354037267080746,0.7688311688311689,0.7047619047619048,420.0,0.9592326139088728,0.966183574879227,0.9523809523809523,420.0,0.9333333333333332,0.9506172839506173,0.9166666666666666,420.0,0.6625,0.6973684210526315,0.6309523809523809,420.0,0.9406175771971498,0.9383886255924171,0.9428571428571428,420.0,0.9145607701564379,0.9245742092457421,0.9047619047619048,420.0,0.9252669039145908,0.9219858156028369,0.9285714285714286,420.0,0.9228915662650602,0.9341463414634147,0.9119047619047619,420.0,0.936470588235294,0.9255813953488372,0.9476190476190476,420.0,0.9686746987951806,0.9804878048780488,0.9571428571428572,420.0,0.9607609988109393,0.9596199524940617,0.9619047619047619,420.0,0.7764182424916574,0.7286012526096033,0.830952380952381,420.0
28,0.17046619951725006,0.9375379681587219,0.37936434149742126,0.8885511755943298,0.8885511651469098,0.8878136479578561,0.0003000000142492354,411.0862354580313,92120.0,224.08923494448828,0.7001114827201783,0.6582809224318659,0.7476190476190476,420.0,0.9727164887307236,0.9692671394799054,0.9761904761904762,420.0,0.9624413145539906,0.9490740740740741,0.9761904761904762,420.0,0.959902794653706,0.9801488833746899,0.9404761904761905,420.0,0.9339513325608343,0.909706546275395,0.9595238095238096,420.0,0.9798816568047337,0.9741176470588235,0.9857142857142858,420.0,0.6361323155216285,0.6830601092896175,0.5952380952380952,420.0,0.9250585480093676,0.9101382488479263,0.9404761904761905,420.0,0.9752650176678446,0.965034965034965,0.9857142857142858,420.0,0.6615969581749049,0.7073170731707317,0.6214285714285714,420.0,0.9225268176400475,0.9236276849642004,0.9214285714285714,420.0,0.6490713587487782,0.5505804311774462,0.7904761904761904,420.0,0.9665071770334929,0.9711538461538461,0.9619047619047619,420.0,0.5403899721448469,0.6510067114093959,0.46190476190476193,420.0,0.9857819905213271,0.9811320754716981,0.9904761904761905,420.0,0.9502890173410405,0.9235955056179775,0.9785714285714285,420.0,0.6778350515463918,0.7387640449438202,0.6261904761904762,420.0,0.9691211401425178,0.966824644549763,0.9714285714285714,420.0,0.9562130177514793,0.9505882352941176,0.9619047619047619,420.0,0.9762470308788598,0.9739336492890995,0.9785714285714285,420.0,0.9214026602176542,0.9361179361179361,0.9071428571428571,420.0,0.9311163895486937,0.9289099526066351,0.9333333333333333,420.0,0.9187878787878788,0.9358024691358025,0.9023809523809524,420.0,0.9330199764982374,0.9211136890951276,0.9452380952380952,420.0,0.9314079422382672,0.9416058394160584,0.9214285714285714,420.0,0.9760191846522781,0.9830917874396136,0.969047619047619,420.0,0.9665071770334929,0.9711538461538461,0.9619047619047619,420.0,0.9154589371980676,0.928921568627451,0.9023809523809524,420.0,0.9216589861751151,0.8928571428571429,0.9523809523809523,420.0,0.914765906362545,0.9225181598062954,0.9071428571428571,420.0,0.9217809867629362,0.9318734793187348,0.9119047619047619,420.0,0.9688249400479616,0.9758454106280193,0.9619047619047619,420.0,0.957345971563981,0.9528301886792453,0.9619047619047619,420.0,0.9752066115702478,0.9672131147540983,0.9833333333333333,420.0,0.6613816534541337,0.6306695464362851,0.6952380952380952,420.0,0.7331670822942643,0.7696335078534031,0.7,420.0,0.9558998808104887,0.9570405727923628,0.9547619047619048,420.0,0.9322033898305084,0.9482758620689655,0.9166666666666666,420.0,0.6556543837357054,0.7029972752043597,0.6142857142857143,420.0,0.9449760765550239,0.9495192307692307,0.9404761904761905,420.0,0.9140811455847255,0.916267942583732,0.9119047619047619,420.0,0.9276393831553973,0.9243498817966903,0.930952380952381,420.0,0.9194312796208531,0.9150943396226415,0.9238095238095239,420.0,0.9282296650717704,0.9326923076923077,0.9238095238095239,420.0,0.966183574879227,0.9803921568627451,0.9523809523809523,420.0,0.9572446555819478,0.9549763033175356,0.9595238095238096,420.0,0.7768052516411379,0.7186234817813765,0.8452380952380952,420.0
29,0.16911783814430237,0.9378419518470764,0.37955042719841003,0.8881965279579163,0.8881965552178318,0.8878160366566481,0.0003000000142492354,411.2310268340516,92120.0,224.0103347969757,0.6992230854605994,0.6548856548856549,0.75,420.0,0.9739336492890995,0.9693396226415094,0.9785714285714285,420.0,0.9577464788732395,0.9444444444444444,0.9714285714285714,420.0,0.9623329283110571,0.9826302729528535,0.9428571428571428,420.0,0.9383003492433061,0.9179954441913439,0.9595238095238096,420.0,0.9809523809523809,0.9809523809523809,0.9809523809523809,420.0,0.6354679802955665,0.6581632653061225,0.6142857142857143,420.0,0.9257950530035335,0.916083916083916,0.9357142857142857,420.0,0.972972972972973,0.9605568445475638,0.9857142857142858,420.0,0.6690909090909091,0.6814814814814815,0.6571428571428571,420.0,0.9218009478672986,0.9174528301886793,0.9261904761904762,420.0,0.6333333333333334,0.59375,0.6785714285714286,420.0,0.9699879951980792,0.9782082324455206,0.9619047619047619,420.0,0.5667915106117354,0.5958005249343832,0.5404761904761904,420.0,0.9857819905213271,0.9811320754716981,0.9904761904761905,420.0,0.9479768786127167,0.9213483146067416,0.9761904761904762,420.0,0.6778350515463918,0.7387640449438202,0.6261904761904762,420.0,0.9668246445497629,0.9622641509433962,0.9714285714285714,420.0,0.9569377990430622,0.9615384615384616,0.9523809523809523,420.0,0.9786223277909738,0.976303317535545,0.9809523809523809,420.0,0.9225181598062955,0.9384236453201971,0.9071428571428571,420.0,0.932061978545888,0.9331742243436754,0.930952380952381,420.0,0.916767189384801,0.9290953545232273,0.9047619047619048,420.0,0.9350649350649352,0.927400468384075,0.9428571428571428,420.0,0.932853717026379,0.9396135265700483,0.9261904761904762,420.0,0.9760191846522781,0.9830917874396136,0.969047619047619,420.0,0.9639423076923077,0.9733009708737864,0.9547619047619048,420.0,0.9123649459783914,0.9200968523002422,0.9047619047619048,420.0,0.9232558139534884,0.9022727272727272,0.9452380952380952,420.0,0.9138134592680047,0.9063231850117096,0.9214285714285714,420.0,0.9257003654080391,0.9476309226932669,0.9047619047619048,420.0,0.967741935483871,0.9712230215827338,0.9642857142857143,420.0,0.9609467455621302,0.9552941176470588,0.9666666666666667,420.0,0.9786729857819905,0.9740566037735849,0.9833333333333333,420.0,0.6355140186915887,0.6238532110091743,0.6476190476190476,420.0,0.7276995305164319,0.7175925925925926,0.7380952380952381,420.0,0.958183990442055,0.9616306954436451,0.9547619047619048,420.0,0.9322033898305084,0.9482758620689655,0.9166666666666666,420.0,0.6478149100257069,0.7039106145251397,0.6,420.0,0.945107398568019,0.9473684210526315,0.9428571428571428,420.0,0.9157769869513641,0.9125295508274232,0.919047619047619,420.0,0.9312796208530806,0.9268867924528302,0.9357142857142857,420.0,0.9207100591715977,0.9152941176470588,0.9261904761904762,420.0,0.9314420803782506,0.9248826291079812,0.9380952380952381,420.0,0.9686746987951806,0.9804878048780488,0.9571428571428572,420.0,0.958183990442055,0.9616306954436451,0.9547619047619048,420.0,0.7713310580204777,0.738562091503268,0.8071428571428572,420.0
30,0.1678442358970642,0.9383521676063538,0.3806682825088501,0.8879432678222656,0.8879432624113474,0.8876794017556742,0.0003000000142492354,411.3739592920174,92120.0,223.93250209259799,0.6875000000000001,0.668918918918919,0.7071428571428572,420.0,0.9691211401425178,0.966824644549763,0.9714285714285714,420.0,0.9600000000000001,0.9488372093023256,0.9714285714285714,420.0,0.9611650485436893,0.9801980198019802,0.9428571428571428,420.0,0.9341040462427747,0.9078651685393259,0.9619047619047619,420.0,0.9833333333333333,0.9833333333333333,0.9833333333333333,420.0,0.6342042755344418,0.6327014218009479,0.6357142857142857,420.0,0.9270588235294117,0.9162790697674419,0.9380952380952381,420.0,0.971830985915493,0.9583333333333334,0.9857142857142858,420.0,0.6707920792079207,0.6984536082474226,0.6452380952380953,420.0,0.9267139479905437,0.92018779342723,0.9333333333333333,420.0,0.6275395033860045,0.5965665236051502,0.6619047619047619,420.0,0.9676646706586827,0.9734939759036144,0.9619047619047619,420.0,0.5790108564535584,0.58679706601467,0.5714285714285714,420.0,0.9857819905213271,0.9811320754716981,0.9904761904761905,420.0,0.9491916859122401,0.92152466367713,0.9785714285714285,420.0,0.6864197530864198,0.7128205128205128,0.6619047619047619,420.0,0.9655172413793104,0.9643705463182898,0.9666666666666667,420.0,0.9545454545454546,0.9591346153846154,0.95,420.0,0.9786223277909738,0.976303317535545,0.9809523809523809,420.0,0.9245508982035928,0.9301204819277108,0.919047619047619,420.0,0.933806146572104,0.9272300469483568,0.9404761904761905,420.0,0.9166666666666666,0.9444444444444444,0.8904761904761904,420.0,0.9316037735849058,0.9228971962616822,0.9404761904761905,420.0,0.9307875894988067,0.9330143540669856,0.9285714285714286,420.0,0.9760191846522781,0.9830917874396136,0.969047619047619,420.0,0.9665871121718377,0.9688995215311005,0.9642857142857143,420.0,0.9152542372881356,0.9310344827586207,0.9,420.0,0.9225512528473804,0.8842794759825328,0.9642857142857143,420.0,0.9121140142517814,0.909952606635071,0.9142857142857143,420.0,0.9271844660194175,0.9455445544554455,0.9095238095238095,420.0,0.9711538461538461,0.9805825242718447,0.9619047619047619,420.0,0.9584816132858838,0.9550827423167849,0.9619047619047619,420.0,0.9763593380614657,0.9694835680751174,0.9833333333333333,420.0,0.6133333333333334,0.6246913580246913,0.6023809523809524,420.0,0.7288557213930348,0.7630208333333334,0.6976190476190476,420.0,0.9570405727923629,0.9593301435406698,0.9547619047619048,420.0,0.9322033898305084,0.9482758620689655,0.9166666666666666,420.0,0.6609756097560975,0.6775,0.6452380952380953,420.0,0.9449760765550239,0.9495192307692307,0.9404761904761905,420.0,0.9160671462829736,0.9227053140096618,0.9095238095238095,420.0,0.927810650887574,0.9223529411764706,0.9333333333333333,420.0,0.922341696535245,0.9256594724220624,0.919047619047619,420.0,0.9312796208530806,0.9268867924528302,0.9357142857142857,420.0,0.966183574879227,0.9803921568627451,0.9523809523809523,420.0,0.9619952494061758,0.9597156398104265,0.9642857142857143,420.0,0.7746319365798414,0.7386609071274298,0.8142857142857143,420.0
31,0.16619990766048431,0.9387320876121521,0.38304078578948975,0.8870314359664917,0.8870314083080039,0.8869607926317098,0.0003000000142492354,411.29936875001295,92120.0,223.97311301489106,0.7013274336283186,0.6549586776859504,0.7547619047619047,420.0,0.9727164887307236,0.9692671394799054,0.9761904761904762,420.0,0.9576470588235293,0.9465116279069767,0.969047619047619,420.0,0.9585365853658536,0.9825,0.9357142857142857,420.0,0.9361207897793263,0.9138321995464853,0.9595238095238096,420.0,0.9786223277909738,0.976303317535545,0.9809523809523809,420.0,0.6343825665859564,0.645320197044335,0.6238095238095238,420.0,0.927810650887574,0.9223529411764706,0.9333333333333333,420.0,0.9741784037558685,0.9606481481481481,0.9880952380952381,420.0,0.6547314578005115,0.7071823204419889,0.6095238095238096,420.0,0.9267707082833133,0.9346246973365617,0.919047619047619,420.0,0.6313513513513515,0.5782178217821782,0.6952380952380952,420.0,0.970131421744325,0.973621103117506,0.9666666666666667,420.0,0.5641646489104116,0.5738916256157636,0.5547619047619048,420.0,0.9857819905213271,0.9811320754716981,0.9904761904761905,420.0,0.9478563151796061,0.9232505643340858,0.9738095238095238,420.0,0.6761658031088084,0.7414772727272727,0.6214285714285714,420.0,0.9668246445497629,0.9622641509433962,0.9714285714285714,420.0,0.955794504181601,0.9592326139088729,0.9523809523809523,420.0,0.976303317535545,0.9716981132075472,0.9809523809523809,420.0,0.9267139479905437,0.92018779342723,0.9333333333333333,420.0,0.9333333333333333,0.9333333333333333,0.9333333333333333,420.0,0.9158653846153846,0.9247572815533981,0.9071428571428571,420.0,0.9306698002350176,0.9187935034802784,0.9428571428571428,420.0,0.9315726290516207,0.9394673123486683,0.9238095238095239,420.0,0.9760191846522781,0.9830917874396136,0.969047619047619,420.0,0.9616306954436451,0.9685990338164251,0.9547619047619048,420.0,0.9152542372881356,0.9310344827586207,0.9,420.0,0.9205607476635514,0.9036697247706422,0.9380952380952381,420.0,0.9121140142517814,0.909952606635071,0.9142857142857143,420.0,0.9258809234507898,0.9454094292803971,0.9071428571428571,420.0,0.9688249400479616,0.9758454106280193,0.9619047619047619,420.0,0.9585798816568047,0.9529411764705882,0.9642857142857143,420.0,0.9763593380614657,0.9694835680751174,0.9833333333333333,420.0,0.6263345195729537,0.624113475177305,0.6285714285714286,420.0,0.7341772151898734,0.7837837837837838,0.6904761904761905,420.0,0.9536266349583828,0.9524940617577197,0.9547619047619048,420.0,0.932367149758454,0.946078431372549,0.919047619047619,420.0,0.6558516801853999,0.6388261851015802,0.6738095238095239,420.0,0.9438470728793309,0.947242206235012,0.9404761904761905,420.0,0.911660777385159,0.9020979020979021,0.9214285714285714,420.0,0.9314420803782506,0.9248826291079812,0.9380952380952381,420.0,0.9249394673123487,0.9408866995073891,0.9095238095238095,420.0,0.9316037735849058,0.9228971962616822,0.9404761904761905,420.0,0.9696969696969696,0.9876543209876543,0.9523809523809523,420.0,0.9593301435406699,0.9639423076923077,0.9547619047619048,420.0,0.7616822429906541,0.7477064220183486,0.7761904761904762,420.0
32,0.16496099531650543,0.9391988515853882,0.38308069109916687,0.8873860239982605,0.8873860182370821,0.8866887618215955,0.0003000000142492354,411.16035299998475,92120.0,224.0488396506543,0.7150368033648791,0.64030131826742,0.8095238095238095,420.0,0.971563981042654,0.9669811320754716,0.9761904761904762,420.0,0.9578454332552693,0.9423963133640553,0.9738095238095238,420.0,0.9602888086642599,0.9708029197080292,0.95,420.0,0.9283196239717979,0.9164733178654292,0.9404761904761905,420.0,0.9821215733015494,0.9832935560859188,0.9809523809523809,420.0,0.6370023419203747,0.6267281105990783,0.6476190476190476,420.0,0.9248826291079812,0.9120370370370371,0.9380952380952381,420.0,0.9752650176678446,0.965034965034965,0.9857142857142858,420.0,0.6666666666666667,0.6868686868686869,0.6476190476190476,420.0,0.9232613908872902,0.9299516908212561,0.9166666666666666,420.0,0.6519114688128772,0.5644599303135889,0.7714285714285715,420.0,0.967741935483871,0.9712230215827338,0.9642857142857143,420.0,0.5416666666666667,0.65,0.4642857142857143,420.0,0.9857819905213271,0.9811320754716981,0.9904761904761905,420.0,0.9502890173410405,0.9235955056179775,0.9785714285714285,420.0,0.6666666666666667,0.782051282051282,0.580952380952381,420.0,0.9644549763033176,0.9599056603773585,0.969047619047619,420.0,0.9548693586698337,0.95260663507109,0.9571428571428572,420.0,0.9739952718676123,0.9671361502347418,0.9809523809523809,420.0,0.9287410926365796,0.9265402843601895,0.930952380952381,420.0,0.9371293001186239,0.933806146572104,0.9404761904761905,420.0,0.9143546441495778,0.9266503667481663,0.9023809523809524,420.0,0.9380116959064327,0.9218390804597701,0.9547619047619048,420.0,0.9346246973365617,0.9507389162561576,0.919047619047619,420.0,0.9736842105263157,0.9783653846153846,0.969047619047619,420.0,0.96144578313253,0.973170731707317,0.95,420.0,0.9178743961352657,0.9313725490196079,0.9047619047619048,420.0,0.923611111111111,0.8986486486486487,0.95,420.0,0.9149700598802396,0.9204819277108434,0.9095238095238095,420.0,0.9258809234507898,0.9454094292803971,0.9071428571428571,420.0,0.9723889555822329,0.9806295399515739,0.9642857142857143,420.0,0.9583828775267539,0.9572446555819477,0.9595238095238096,420.0,0.9752650176678446,0.965034965034965,0.9857142857142858,420.0,0.6022031823745411,0.6196473551637279,0.5857142857142857,420.0,0.7304964539007093,0.7253521126760564,0.7357142857142858,420.0,0.9535160905840284,0.954653937947494,0.9523809523809523,420.0,0.9333333333333332,0.9506172839506173,0.9166666666666666,420.0,0.6464646464646465,0.6881720430107527,0.6095238095238096,420.0,0.9406175771971498,0.9383886255924171,0.9428571428571428,420.0,0.9157769869513641,0.9125295508274232,0.919047619047619,420.0,0.9322235434007135,0.9311163895486936,0.9333333333333333,420.0,0.9238210399032648,0.9385749385749386,0.9095238095238095,420.0,0.9258373205741627,0.9302884615384616,0.9214285714285714,420.0,0.9662650602409638,0.9780487804878049,0.9547619047619048,420.0,0.9536266349583828,0.9524940617577197,0.9547619047619048,420.0,0.7741935483870969,0.75,0.8,420.0
33,0.1640436351299286,0.9395896792411804,0.38308650255203247,0.8877912759780884,0.8877912867274569,0.8876267680495744,0.0003000000142492354,411.3529463749728,92120.0,223.94394111383636,0.6738095238095239,0.6738095238095239,0.6738095238095239,420.0,0.9691211401425178,0.966824644549763,0.9714285714285714,420.0,0.9614035087719298,0.9448275862068966,0.9785714285714285,420.0,0.9573690621193666,0.9800498753117207,0.9357142857142857,420.0,0.9359720605355065,0.9157175398633257,0.9571428571428572,420.0,0.9821215733015494,0.9832935560859188,0.9809523809523809,420.0,0.6407766990291262,0.6534653465346535,0.6285714285714286,420.0,0.929510155316607,0.9328537170263789,0.9261904761904762,420.0,0.972972972972973,0.9605568445475638,0.9857142857142858,420.0,0.6674876847290641,0.6913265306122449,0.6452380952380953,420.0,0.9214285714285714,0.9214285714285714,0.9214285714285714,420.0,0.6421052631578947,0.5754716981132075,0.7261904761904762,420.0,0.9688995215311006,0.9735576923076923,0.9642857142857143,420.0,0.5621761658031088,0.6164772727272727,0.5166666666666667,420.0,0.9857819905213271,0.9811320754716981,0.9904761904761905,420.0,0.9504036908881199,0.9217002237136466,0.9809523809523809,420.0,0.6906474820143885,0.6956521739130435,0.6857142857142857,420.0,0.9643705463182898,0.9620853080568721,0.9666666666666667,420.0,0.9546539379474941,0.9569377990430622,0.9523809523809523,420.0,0.9774614472123369,0.9739952718676123,0.9809523809523809,420.0,0.9243697478991596,0.9322033898305084,0.9166666666666666,420.0,0.933649289099526,0.9292452830188679,0.9380952380952381,420.0,0.9174757281553398,0.9356435643564357,0.9,420.0,0.9319248826291079,0.9189814814814815,0.9452380952380952,420.0,0.9315726290516207,0.9394673123486683,0.9238095238095239,420.0,0.9771908763505402,0.9854721549636803,0.969047619047619,420.0,0.9616306954436451,0.9685990338164251,0.9547619047619048,420.0,0.9159561510353227,0.9376558603491272,0.8952380952380953,420.0,0.9260969976905312,0.899103139013453,0.9547619047619048,420.0,0.915576694411415,0.9144893111638955,0.9166666666666666,420.0,0.9254807692307692,0.9344660194174758,0.9166666666666666,420.0,0.9723225030084236,0.9829683698296837,0.9619047619047619,420.0,0.9584816132858838,0.9550827423167849,0.9619047619047619,420.0,0.9786729857819905,0.9740566037735849,0.9833333333333333,420.0,0.6305882352941176,0.6232558139534884,0.638095238095238,420.0,0.7304347826086957,0.7636363636363637,0.7,420.0,0.9570405727923629,0.9593301435406698,0.9547619047619048,420.0,0.9333333333333332,0.9506172839506173,0.9166666666666666,420.0,0.6571767497034401,0.6548463356973995,0.6595238095238095,420.0,0.9462365591397849,0.9496402877697842,0.9428571428571428,420.0,0.9114832535885168,0.9158653846153846,0.9071428571428571,420.0,0.9331770222743259,0.9191685912240185,0.9476190476190476,420.0,0.9238095238095239,0.9238095238095239,0.9238095238095239,420.0,0.9265402843601896,0.9221698113207547,0.930952380952381,420.0,0.9650180940892641,0.9779951100244498,0.9523809523809523,420.0,0.9594272076372317,0.9617224880382775,0.9571428571428572,420.0,0.7653179190751445,0.7438202247191011,0.7880952380952381,420.0
34,0.1626279652118683,0.9394376873970032,0.384692519903183,0.8867781162261963,0.8867781155015195,0.886339453262699,0.0003000000142492354,416.8456153339939,92120.0,220.9930885951377,0.7110141766630317,0.6559356136820925,0.7761904761904762,420.0,0.9702734839476813,0.9691211401425178,0.9714285714285714,420.0,0.960093896713615,0.9467592592592593,0.9738095238095238,420.0,0.9576783555018138,0.972972972972973,0.9428571428571428,420.0,0.9317919075144508,0.9056179775280899,0.9595238095238096,420.0,0.9786223277909738,0.976303317535545,0.9809523809523809,420.0,0.6349942062572422,0.618510158013544,0.6523809523809524,420.0,0.9256198347107439,0.9180327868852459,0.9333333333333333,420.0,0.9741176470588235,0.9627906976744186,0.9857142857142858,420.0,0.660377358490566,0.6542056074766355,0.6666666666666666,420.0,0.9174528301886793,0.9088785046728972,0.9261904761904762,420.0,0.6150341685649203,0.5895196506550219,0.6428571428571429,420.0,0.967741935483871,0.9712230215827338,0.9642857142857143,420.0,0.5635910224438903,0.5916230366492147,0.5380952380952381,420.0,0.98812351543943,0.985781990521327,0.9904761904761905,420.0,0.9491916859122401,0.92152466367713,0.9785714285714285,420.0,0.6719576719576719,0.7559523809523809,0.6047619047619047,420.0,0.965680473372781,0.96,0.9714285714285714,420.0,0.9595238095238096,0.9595238095238096,0.9595238095238096,420.0,0.9774614472123369,0.9739952718676123,0.9809523809523809,420.0,0.9254807692307692,0.9344660194174758,0.9166666666666666,420.0,0.9349112426035503,0.9294117647058824,0.9404761904761905,420.0,0.9185905224787363,0.9379652605459057,0.9,420.0,0.9339622641509434,0.9252336448598131,0.9428571428571428,420.0,0.9326923076923078,0.941747572815534,0.9238095238095239,420.0,0.9748502994011975,0.980722891566265,0.969047619047619,420.0,0.9604790419161676,0.9662650602409638,0.9547619047619048,420.0,0.9150485436893204,0.9331683168316832,0.8976190476190476,420.0,0.922722029988466,0.8948545861297539,0.9523809523809523,420.0,0.9150485436893204,0.9331683168316832,0.8976190476190476,420.0,0.9245508982035928,0.9301204819277108,0.919047619047619,420.0,0.9688249400479616,0.9758454106280193,0.9619047619047619,420.0,0.9562130177514793,0.9505882352941176,0.9619047619047619,420.0,0.9774614472123369,0.9739952718676123,0.9809523809523809,420.0,0.5947955390334572,0.6201550387596899,0.5714285714285714,420.0,0.7345911949685535,0.7786666666666666,0.6952380952380952,420.0,0.9523809523809523,0.9523809523809523,0.9523809523809523,420.0,0.9320388349514563,0.9504950495049505,0.9142857142857143,420.0,0.654228855721393,0.6848958333333334,0.6261904761904762,420.0,0.9462365591397849,0.9496402877697842,0.9428571428571428,420.0,0.9164677804295943,0.9186602870813397,0.9142857142857143,420.0,0.9328621908127208,0.9230769230769231,0.9428571428571428,420.0,0.9238095238095239,0.9238095238095239,0.9238095238095239,420.0,0.9271206690561529,0.9304556354916067,0.9238095238095239,420.0,0.9673518742442564,0.9828009828009828,0.9523809523809523,420.0,0.9594272076372317,0.9617224880382775,0.9571428571428572,420.0,0.7754654983570646,0.718052738336714,0.8428571428571429,420.0
35,0.16147926449775696,0.9397416710853577,0.3858225345611572,0.8874366879463196,0.8874366767983789,0.8868750743798071,0.0003000000142492354,413.7652544580051,92120.0,222.63831727646837,0.6931818181818181,0.6630434782608695,0.7261904761904762,420.0,0.9703440094899171,0.966903073286052,0.9738095238095238,420.0,0.95906432748538,0.9425287356321839,0.9761904761904762,420.0,0.9586374695863747,0.9800995024875622,0.9380952380952381,420.0,0.9337979094076655,0.9115646258503401,0.9571428571428572,420.0,0.9786729857819905,0.9740566037735849,0.9833333333333333,420.0,0.6391251518833536,0.652605459057072,0.6261904761904762,420.0,0.929245283018868,0.9205607476635514,0.9380952380952381,420.0,0.971830985915493,0.9583333333333334,0.9857142857142858,420.0,0.6615776081424937,0.7103825136612022,0.6190476190476191,420.0,0.9179548156956006,0.9168646080760094,0.919047619047619,420.0,0.6517073170731706,0.5520661157024793,0.7952380952380952,420.0,0.967741935483871,0.9712230215827338,0.9642857142857143,420.0,0.5381414701803051,0.6445182724252492,0.46190476190476193,420.0,0.9857819905213271,0.9811320754716981,0.9904761904761905,420.0,0.9483352468427096,0.9157427937915743,0.9833333333333333,420.0,0.6750313676286072,0.713527851458886,0.6404761904761904,420.0,0.9643705463182898,0.9620853080568721,0.9666666666666667,420.0,0.9547619047619048,0.9547619047619048,0.9547619047619048,420.0,0.9786223277909738,0.976303317535545,0.9809523809523809,420.0,0.916565900846433,0.9312039312039312,0.9023809523809524,420.0,0.936470588235294,0.9255813953488372,0.9476190476190476,420.0,0.9164619164619164,0.9467005076142132,0.888095238095238,420.0,0.9349112426035503,0.9294117647058824,0.9404761904761905,420.0,0.9338146811070999,0.9440389294403893,0.9238095238095239,420.0,0.9760765550239234,0.9807692307692307,0.9714285714285714,420.0,0.9618138424821002,0.9641148325358851,0.9595238095238096,420.0,0.9163636363636364,0.9333333333333333,0.9,420.0,0.9243119266055047,0.8915929203539823,0.9595238095238096,420.0,0.9112426035502958,0.9058823529411765,0.9166666666666666,420.0,0.9264173703256936,0.9388753056234719,0.9142857142857143,420.0,0.9699879951980792,0.9782082324455206,0.9619047619047619,420.0,0.9584816132858838,0.9550827423167849,0.9619047619047619,420.0,0.9773539928486293,0.9785202863961814,0.9761904761904762,420.0,0.6335697399527186,0.6291079812206573,0.638095238095238,420.0,0.7341772151898734,0.7837837837837838,0.6904761904761905,420.0,0.9523809523809523,0.9523809523809523,0.9523809523809523,420.0,0.9333333333333332,0.9506172839506173,0.9166666666666666,420.0,0.6568627450980391,0.6767676767676768,0.638095238095238,420.0,0.9448441247002398,0.9516908212560387,0.9380952380952381,420.0,0.9141475211608222,0.9287469287469288,0.9,420.0,0.930011862396204,0.9267139479905437,0.9333333333333333,420.0,0.9163722025912839,0.9067599067599068,0.9261904761904762,420.0,0.9276393831553973,0.9243498817966903,0.930952380952381,420.0,0.9673518742442564,0.9828009828009828,0.9523809523809523,420.0,0.958183990442055,0.9616306954436451,0.9547619047619048,420.0,0.7760532150776053,0.7261410788381742,0.8333333333333334,420.0
36,0.16020961105823517,0.9401107430458069,0.38606128096580505,0.888652503490448,0.8886524822695033,0.8881339707009154,0.0003000000142492354,411.10123129101703,92120.0,224.0810607905686,0.7152173913043478,0.658,0.7833333333333333,420.0,0.9714964370546318,0.9691943127962085,0.9738095238095238,420.0,0.9622641509433962,0.9532710280373832,0.9714285714285714,420.0,0.9624242424242424,0.980246913580247,0.9452380952380952,420.0,0.9353348729792147,0.9080717488789237,0.9642857142857143,420.0,0.9785714285714285,0.9785714285714285,0.9785714285714285,420.0,0.6176870748299319,0.7206349206349206,0.5404761904761904,420.0,0.9218203033838974,0.9038901601830663,0.9404761904761905,420.0,0.9764150943396227,0.9672897196261683,0.9857142857142858,420.0,0.6590909090909092,0.7016129032258065,0.6214285714285714,420.0,0.9267139479905437,0.92018779342723,0.9333333333333333,420.0,0.6379310344827587,0.5826771653543307,0.7047619047619048,420.0,0.967741935483871,0.9712230215827338,0.9642857142857143,420.0,0.5603985056039851,0.587467362924282,0.5357142857142857,420.0,0.9857819905213271,0.9811320754716981,0.9904761904761905,420.0,0.9502890173410405,0.9235955056179775,0.9785714285714285,420.0,0.673768308921438,0.7643504531722054,0.6023809523809524,420.0,0.9655990510083036,0.9621749408983451,0.969047619047619,420.0,0.960573476702509,0.9640287769784173,0.9571428571428572,420.0,0.976303317535545,0.9716981132075472,0.9809523809523809,420.0,0.929510155316607,0.9328537170263789,0.9261904761904762,420.0,0.932061978545888,0.9331742243436754,0.930952380952381,420.0,0.9145607701564379,0.9245742092457421,0.9047619047619048,420.0,0.9330199764982374,0.9211136890951276,0.9452380952380952,420.0,0.9314079422382672,0.9416058394160584,0.9214285714285714,420.0,0.9760191846522781,0.9830917874396136,0.969047619047619,420.0,0.9604790419161676,0.9662650602409638,0.9547619047619048,420.0,0.9152542372881356,0.9310344827586207,0.9,420.0,0.919674039580908,0.8997722095671982,0.9404761904761905,420.0,0.9116945107398567,0.9138755980861244,0.9095238095238095,420.0,0.9256594724220624,0.9323671497584541,0.919047619047619,420.0,0.9699879951980792,0.9782082324455206,0.9619047619047619,420.0,0.9563164108618655,0.9484777517564403,0.9642857142857143,420.0,0.9775678866587957,0.9695550351288056,0.9857142857142858,420.0,0.683083511777302,0.6206225680933852,0.7595238095238095,420.0,0.7320754716981132,0.776,0.6928571428571428,420.0,0.9558998808104887,0.9570405727923628,0.9547619047619048,420.0,0.9333333333333332,0.9506172839506173,0.9166666666666666,420.0,0.65,0.65,0.65,420.0,0.9449760765550239,0.9495192307692307,0.9404761904761905,420.0,0.9123222748815165,0.9080188679245284,0.9166666666666666,420.0,0.9290780141843971,0.9225352112676056,0.9357142857142857,420.0,0.9256594724220624,0.9323671497584541,0.919047619047619,420.0,0.9217809867629362,0.9318734793187348,0.9119047619047619,420.0,0.9685230024213076,0.9852216748768473,0.9523809523809523,420.0,0.9585798816568047,0.9529411764705882,0.9642857142857143,420.0,0.768348623853211,0.7411504424778761,0.7976190476190477,420.0
37,0.15914887189865112,0.9402084350585938,0.3848855495452881,0.8872340321540833,0.8872340425531916,0.8865899526402372,0.0003000000142492354,411.2493148749927,92120.0,224.00037317509376,0.7085590465872157,0.6500994035785288,0.7785714285714286,420.0,0.9703440094899171,0.966903073286052,0.9738095238095238,420.0,0.960093896713615,0.9467592592592593,0.9738095238095238,420.0,0.9601930036188178,0.9731051344743277,0.9476190476190476,420.0,0.9313154831199068,0.9111617312072893,0.9523809523809523,420.0,0.9809523809523809,0.9809523809523809,0.9809523809523809,420.0,0.6340326340326341,0.6210045662100456,0.6476190476190476,420.0,0.9248826291079812,0.9120370370370371,0.9380952380952381,420.0,0.9775678866587957,0.9695550351288056,0.9857142857142858,420.0,0.6599241466498105,0.7035040431266847,0.6214285714285714,420.0,0.922341696535245,0.9256594724220624,0.919047619047619,420.0,0.6490713587487782,0.5505804311774462,0.7904761904761904,420.0,0.9675870348139256,0.9757869249394673,0.9595238095238096,420.0,0.5342657342657343,0.6474576271186441,0.45476190476190476,420.0,0.9857819905213271,0.9811320754716981,0.9904761904761905,420.0,0.9493087557603686,0.9196428571428571,0.9809523809523809,420.0,0.6710875331564986,0.7574850299401198,0.6023809523809524,420.0,0.963226571767497,0.9598108747044918,0.9666666666666667,420.0,0.9595238095238096,0.9595238095238096,0.9595238095238096,420.0,0.9728453364817001,0.9648711943793911,0.9809523809523809,420.0,0.9291716686674669,0.937046004842615,0.9214285714285714,420.0,0.9349112426035503,0.9294117647058824,0.9404761904761905,420.0,0.9144893111638955,0.9123222748815166,0.9166666666666666,420.0,0.9353701527614571,0.9234338747099768,0.9476190476190476,420.0,0.934782608695652,0.9485294117647058,0.9214285714285714,420.0,0.9784172661870504,0.9855072463768116,0.9714285714285714,420.0,0.9651022864019255,0.975669099756691,0.9547619047619048,420.0,0.916767189384801,0.9290953545232273,0.9047619047619048,420.0,0.92,0.9093023255813953,0.930952380952381,420.0,0.9140811455847255,0.916267942583732,0.9119047619047619,420.0,0.9257003654080391,0.9476309226932669,0.9047619047619048,420.0,0.970059880239521,0.9759036144578314,0.9642857142857143,420.0,0.9584816132858838,0.9550827423167849,0.9619047619047619,420.0,0.9775678866587957,0.9695550351288056,0.9857142857142858,420.0,0.5967940813810111,0.618925831202046,0.5761904761904761,420.0,0.7322540473225404,0.7676240208877284,0.7,420.0,0.9537366548042705,0.950354609929078,0.9571428571428572,420.0,0.9333333333333332,0.9506172839506173,0.9166666666666666,420.0,0.6569343065693432,0.6716417910447762,0.6428571428571429,420.0,0.9449760765550239,0.9495192307692307,0.9404761904761905,420.0,0.916267942583732,0.9206730769230769,0.9119047619047619,420.0,0.930952380952381,0.930952380952381,0.930952380952381,420.0,0.9247311827956989,0.9280575539568345,0.9214285714285714,420.0,0.9252669039145908,0.9219858156028369,0.9285714285714286,420.0,0.9674306393244874,0.980440097799511,0.9547619047619048,420.0,0.9549763033175355,0.9504716981132075,0.9595238095238096,420.0,0.7742663656884877,0.7360515021459227,0.8166666666666667,420.0
38,0.15808260440826416,0.940686047077179,0.3884747624397278,0.8874873518943787,0.8874873353596756,0.887341289987651,0.0003000000142492354,410.9723912499612,92120.0,224.1513103102122,0.7072649572649573,0.6414728682170543,0.7880952380952381,420.0,0.9703440094899171,0.966903073286052,0.9738095238095238,420.0,0.960093896713615,0.9467592592592593,0.9738095238095238,420.0,0.9600000000000001,0.9777777777777777,0.9428571428571428,420.0,0.9314420803782506,0.9248826291079812,0.9380952380952381,420.0,0.9774614472123369,0.9739952718676123,0.9809523809523809,420.0,0.6380832282471628,0.67828418230563,0.6023809523809524,420.0,0.9322235434007135,0.9311163895486936,0.9333333333333333,420.0,0.9741176470588235,0.9627906976744186,0.9857142857142858,420.0,0.6548672566371682,0.6981132075471698,0.6166666666666667,420.0,0.9236276849642004,0.9258373205741627,0.9214285714285714,420.0,0.6422764227642277,0.5602836879432624,0.7523809523809524,420.0,0.9712230215827338,0.9782608695652174,0.9642857142857143,420.0,0.5461741424802111,0.6124260355029586,0.4928571428571429,420.0,0.9857819905213271,0.9811320754716981,0.9904761904761905,420.0,0.9493087557603686,0.9196428571428571,0.9809523809523809,420.0,0.6728723404255319,0.7620481927710844,0.6023809523809524,420.0,0.963226571767497,0.9598108747044918,0.9666666666666667,420.0,0.9561091340450771,0.9527186761229315,0.9595238095238096,420.0,0.9739952718676123,0.9671361502347418,0.9809523809523809,420.0,0.9307875894988067,0.9330143540669856,0.9285714285714286,420.0,0.9369158878504673,0.9197247706422018,0.9547619047619048,420.0,0.913730255164034,0.9330024813895782,0.8952380952380953,420.0,0.9402110199296602,0.9260969976905312,0.9547619047619048,420.0,0.9368932038834952,0.9554455445544554,0.919047619047619,420.0,0.9784172661870504,0.9855072463768116,0.9714285714285714,420.0,0.9617224880382775,0.9663461538461539,0.9571428571428572,420.0,0.9141475211608222,0.9287469287469288,0.9,420.0,0.9216589861751151,0.8928571428571429,0.9523809523809523,420.0,0.9160671462829736,0.9227053140096618,0.9095238095238095,420.0,0.9206349206349207,0.9448621553884712,0.8976190476190476,420.0,0.9654350417163289,0.9665871121718377,0.9642857142857143,420.0,0.9584816132858838,0.9550827423167849,0.9619047619047619,420.0,0.9751479289940828,0.9694117647058823,0.9809523809523809,420.0,0.6560726447219069,0.6268980477223427,0.6880952380952381,420.0,0.7320754716981132,0.776,0.6928571428571428,420.0,0.9546539379474941,0.9569377990430622,0.9523809523809523,420.0,0.9333333333333332,0.9506172839506173,0.9166666666666666,420.0,0.6539325842696629,0.6191489361702127,0.6928571428571428,420.0,0.9427207637231504,0.9449760765550239,0.9404761904761905,420.0,0.916565900846433,0.9312039312039312,0.9023809523809524,420.0,0.9276393831553973,0.9243498817966903,0.930952380952381,420.0,0.9253012048192771,0.9365853658536586,0.9142857142857143,420.0,0.9314420803782506,0.9248826291079812,0.9380952380952381,420.0,0.9636803874092009,0.9802955665024631,0.9476190476190476,420.0,0.9583828775267539,0.9572446555819477,0.9595238095238096,420.0,0.7484957882069796,0.7566909975669099,0.7404761904761905,420.0
39,0.15685689449310303,0.9410877227783203,0.38782998919487,0.8885005116462708,0.8885005065856129,0.8882728207781806,0.0003000000142492354,411.22402662498644,92120.0,224.01414809356055,0.7177334732423923,0.6416510318949343,0.8142857142857143,420.0,0.9691211401425178,0.966824644549763,0.9714285714285714,420.0,0.9600000000000001,0.9488372093023256,0.9714285714285714,420.0,0.9601930036188178,0.9731051344743277,0.9476190476190476,420.0,0.9366197183098592,0.9236111111111112,0.95,420.0,0.9809523809523809,0.9809523809523809,0.9809523809523809,420.0,0.6290956749672346,0.6997084548104956,0.5714285714285714,420.0,0.935251798561151,0.9420289855072463,0.9285714285714286,420.0,0.9787234042553192,0.971830985915493,0.9857142857142858,420.0,0.6633416458852868,0.6963350785340314,0.6333333333333333,420.0,0.9214285714285714,0.9214285714285714,0.9214285714285714,420.0,0.6216814159292035,0.5805785123966942,0.669047619047619,420.0,0.9688995215311006,0.9735576923076923,0.9642857142857143,420.0,0.5624242424242425,0.5728395061728395,0.5523809523809524,420.0,0.9857819905213271,0.9811320754716981,0.9904761904761905,420.0,0.9479768786127167,0.9213483146067416,0.9761904761904762,420.0,0.662087912087912,0.7824675324675324,0.5738095238095238,420.0,0.963226571767497,0.9598108747044918,0.9666666666666667,420.0,0.9560047562425683,0.9548693586698337,0.9571428571428572,420.0,0.9728453364817001,0.9648711943793911,0.9809523809523809,420.0,0.9296781883194278,0.9307875894988067,0.9285714285714286,420.0,0.9360189573459715,0.9316037735849056,0.9404761904761905,420.0,0.9154589371980676,0.928921568627451,0.9023809523809524,420.0,0.9370629370629371,0.9178082191780822,0.9571428571428572,420.0,0.9346246973365617,0.9507389162561576,0.919047619047619,420.0,0.9748502994011975,0.980722891566265,0.969047619047619,420.0,0.9639423076923077,0.9733009708737864,0.9547619047619048,420.0,0.9174757281553398,0.9356435643564357,0.9,420.0,0.9248554913294796,0.898876404494382,0.9523809523809523,420.0,0.9149700598802396,0.9204819277108434,0.9095238095238095,420.0,0.921951219512195,0.945,0.9,420.0,0.9665071770334929,0.9711538461538461,0.9619047619047619,420.0,0.957345971563981,0.9528301886792453,0.9619047619047619,420.0,0.9763593380614657,0.9694835680751174,0.9833333333333333,420.0,0.6725468577728776,0.6262833675564682,0.7261904761904762,420.0,0.7340823970037453,0.7716535433070866,0.7,420.0,0.9513641755634639,0.9479905437352246,0.9547619047619048,420.0,0.9310761789600966,0.9459459459459459,0.9166666666666666,420.0,0.6509988249118683,0.642691415313225,0.6595238095238095,420.0,0.9449760765550239,0.9495192307692307,0.9404761904761905,420.0,0.918854415274463,0.9210526315789473,0.9166666666666666,420.0,0.9311163895486937,0.9289099526066351,0.9333333333333333,420.0,0.9253012048192771,0.9365853658536586,0.9142857142857143,420.0,0.9319248826291079,0.9189814814814815,0.9452380952380952,420.0,0.9662650602409638,0.9780487804878049,0.9547619047619048,420.0,0.9594272076372317,0.9617224880382775,0.9571428571428572,420.0,0.7663981588032222,0.7416481069042317,0.7928571428571428,420.0
40,0.15615056455135345,0.9411962628364563,0.38801753520965576,0.8888550996780396,0.8888551165146908,0.8884970142699415,0.0003000000142492354,410.79923774994677,92120.0,224.24579097216676,0.6978335233751425,0.6695842450765864,0.7285714285714285,420.0,0.971563981042654,0.9669811320754716,0.9761904761904762,420.0,0.96113074204947,0.951048951048951,0.9714285714285714,420.0,0.9610705596107056,0.9825870646766169,0.9404761904761905,420.0,0.9358226371061844,0.9176201372997712,0.9547619047619048,420.0,0.9786223277909738,0.976303317535545,0.9809523809523809,420.0,0.6362515413070284,0.659846547314578,0.6142857142857143,420.0,0.9322235434007135,0.9311163895486936,0.9333333333333333,420.0,0.9752650176678446,0.965034965034965,0.9857142857142858,420.0,0.6699386503067485,0.6911392405063291,0.65,420.0,0.9159763313609467,0.9105882352941177,0.9214285714285714,420.0,0.6524822695035462,0.5679012345679012,0.7666666666666667,420.0,0.970059880239521,0.9759036144578314,0.9642857142857143,420.0,0.5546448087431693,0.6506410256410257,0.48333333333333334,420.0,0.9857819905213271,0.9811320754716981,0.9904761904761905,420.0,0.9493087557603686,0.9196428571428571,0.9809523809523809,420.0,0.6867167919799498,0.7248677248677249,0.6523809523809524,420.0,0.963226571767497,0.9598108747044918,0.9666666666666667,420.0,0.9569377990430622,0.9615384615384616,0.9523809523809523,420.0,0.976303317535545,0.9716981132075472,0.9809523809523809,420.0,0.9280575539568345,0.9347826086956522,0.9214285714285714,420.0,0.9372781065088757,0.9317647058823529,0.9428571428571428,420.0,0.9176755447941889,0.9334975369458128,0.9023809523809524,420.0,0.933806146572104,0.9272300469483568,0.9404761904761905,420.0,0.9339735894357742,0.9418886198547215,0.9261904761904762,420.0,0.9760191846522781,0.9830917874396136,0.969047619047619,420.0,0.9604790419161676,0.9662650602409638,0.9547619047619048,420.0,0.9132530120481928,0.9243902439024391,0.9023809523809524,420.0,0.923611111111111,0.8986486486486487,0.95,420.0,0.9131985731272294,0.9121140142517815,0.9142857142857143,420.0,0.9257003654080391,0.9476309226932669,0.9047619047619048,420.0,0.9699879951980792,0.9782082324455206,0.9619047619047619,420.0,0.9609467455621302,0.9552941176470588,0.9666666666666667,420.0,0.976303317535545,0.9716981132075472,0.9809523809523809,420.0,0.6380510440835268,0.6221719457013575,0.6547619047619048,420.0,0.7311557788944724,0.773936170212766,0.6928571428571428,420.0,0.9569377990430622,0.9615384615384616,0.9523809523809523,420.0,0.9322033898305084,0.9482758620689655,0.9166666666666666,420.0,0.6529625151148731,0.6633906633906634,0.6428571428571429,420.0,0.9447115384615384,0.9538834951456311,0.9357142857142857,420.0,0.9149700598802396,0.9204819277108434,0.9095238095238095,420.0,0.9289099526066351,0.9245283018867925,0.9333333333333333,420.0,0.9260143198090691,0.9282296650717703,0.9238095238095239,420.0,0.9319248826291079,0.9189814814814815,0.9452380952380952,420.0,0.9685990338164251,0.9828431372549019,0.9547619047619048,420.0,0.9582836710369488,0.9594272076372315,0.9571428571428572,420.0,0.7731843575418995,0.728421052631579,0.8238095238095238,420.0
41,0.15507188439369202,0.9411528706550598,0.38989323377609253,0.8876392841339111,0.8876393110435664,0.8873484351909068,0.0003000000142492354,411.090794125048,92120.0,224.0867499746988,0.6942528735632184,0.6711111111111111,0.719047619047619,420.0,0.9703440094899171,0.966903073286052,0.9738095238095238,420.0,0.9578454332552693,0.9423963133640553,0.9738095238095238,420.0,0.9577804583835947,0.9706601466992665,0.9452380952380952,420.0,0.9316338354577057,0.90744920993228,0.9571428571428572,420.0,0.9774614472123369,0.9739952718676123,0.9809523809523809,420.0,0.6410564225690276,0.6464891041162227,0.6357142857142857,420.0,0.9303423848878395,0.9227166276346604,0.9380952380952381,420.0,0.9764150943396227,0.9672897196261683,0.9857142857142858,420.0,0.6523929471032747,0.6925133689839572,0.6166666666666667,420.0,0.9214285714285714,0.9214285714285714,0.9214285714285714,420.0,0.6424116424116424,0.5701107011070111,0.7357142857142858,420.0,0.9688995215311006,0.9735576923076923,0.9642857142857143,420.0,0.557840616966581,0.6061452513966481,0.5166666666666667,420.0,0.9857819905213271,0.9811320754716981,0.9904761904761905,420.0,0.9501738122827346,0.9255079006772009,0.9761904761904762,420.0,0.6881987577639751,0.7194805194805195,0.6595238095238095,420.0,0.9643705463182898,0.9620853080568721,0.9666666666666667,420.0,0.9596199524940618,0.957345971563981,0.9619047619047619,420.0,0.976303317535545,0.9716981132075472,0.9809523809523809,420.0,0.9289099526066351,0.9245283018867925,0.9333333333333333,420.0,0.9360189573459715,0.9316037735849056,0.9404761904761905,420.0,0.9144254278728606,0.9396984924623115,0.8904761904761904,420.0,0.936768149882904,0.9216589861751152,0.9523809523809523,420.0,0.934782608695652,0.9485294117647058,0.9214285714285714,420.0,0.9760191846522781,0.9830917874396136,0.969047619047619,420.0,0.9617224880382775,0.9663461538461539,0.9571428571428572,420.0,0.9132530120481928,0.9243902439024391,0.9023809523809524,420.0,0.9209621993127148,0.8874172185430463,0.9571428571428572,420.0,0.9171668667466986,0.9249394673123487,0.9095238095238095,420.0,0.9232613908872902,0.9299516908212561,0.9166666666666666,420.0,0.9711538461538461,0.9805825242718447,0.9619047619047619,420.0,0.9584816132858838,0.9550827423167849,0.9619047619047619,420.0,0.9763593380614657,0.9694835680751174,0.9833333333333333,420.0,0.6275449101796406,0.6313253012048192,0.6238095238095238,420.0,0.7268106734434562,0.779291553133515,0.680952380952381,420.0,0.9558998808104887,0.9570405727923628,0.9547619047619048,420.0,0.9334945586457074,0.9484029484029484,0.919047619047619,420.0,0.6553808948004837,0.6658476658476659,0.6452380952380953,420.0,0.947242206235012,0.9541062801932367,0.9404761904761905,420.0,0.9136690647482014,0.9202898550724637,0.9071428571428571,420.0,0.9274673008323424,0.9263657957244655,0.9285714285714286,420.0,0.9238210399032648,0.9385749385749386,0.9095238095238095,420.0,0.9254807692307692,0.9344660194174758,0.9166666666666666,420.0,0.9674306393244874,0.980440097799511,0.9547619047619048,420.0,0.9570405727923629,0.9593301435406698,0.9547619047619048,420.0,0.7702552719200887,0.7214137214137214,0.8261904761904761,420.0
42,0.1540018767118454,0.9420212507247925,0.3912671208381653,0.8879432678222656,0.8879432624113476,0.887652172978003,0.0003000000142492354,411.2799616670236,92120.0,223.98368164258213,0.7002237136465325,0.6603375527426161,0.7452380952380953,420.0,0.9678953626634959,0.9667458432304038,0.969047619047619,420.0,0.9588719153936545,0.9466357308584686,0.9714285714285714,420.0,0.9589371980676329,0.9730392156862745,0.9452380952380952,420.0,0.9309941520467836,0.9149425287356322,0.9476190476190476,420.0,0.98090692124105,0.9832535885167464,0.9785714285714285,420.0,0.6373902132998744,0.6737400530503979,0.6047619047619047,420.0,0.9250585480093676,0.9101382488479263,0.9404761904761905,420.0,0.9752650176678446,0.965034965034965,0.9857142857142858,420.0,0.6575000000000001,0.6921052631578948,0.6261904761904762,420.0,0.9170616113744077,0.9127358490566038,0.9214285714285714,420.0,0.6473629782833505,0.5722120658135283,0.7452380952380953,420.0,0.970059880239521,0.9759036144578314,0.9642857142857143,420.0,0.5542483660130719,0.6144927536231884,0.5047619047619047,420.0,0.9869513641755634,0.983451536643026,0.9904761904761905,420.0,0.9500580720092915,0.927437641723356,0.9738095238095238,420.0,0.6819338422391859,0.73224043715847,0.638095238095238,420.0,0.9643705463182898,0.9620853080568721,0.9666666666666667,420.0,0.958183990442055,0.9616306954436451,0.9547619047619048,420.0,0.9716981132075471,0.9626168224299065,0.9809523809523809,420.0,0.9245508982035928,0.9301204819277108,0.919047619047619,420.0,0.9386792452830189,0.9299065420560748,0.9476190476190476,420.0,0.9142156862745097,0.9419191919191919,0.888095238095238,420.0,0.9361702127659575,0.9295774647887324,0.9428571428571428,420.0,0.932853717026379,0.9396135265700483,0.9261904761904762,420.0,0.9759615384615385,0.9854368932038835,0.9666666666666667,420.0,0.9640287769784173,0.9710144927536232,0.9571428571428572,420.0,0.9210206561360875,0.9404466501240695,0.9023809523809524,420.0,0.9243119266055047,0.8915929203539823,0.9595238095238096,420.0,0.9125748502994012,0.9180722891566265,0.9071428571428571,420.0,0.9221556886227544,0.927710843373494,0.9166666666666666,420.0,0.9711538461538461,0.9805825242718447,0.9619047619047619,420.0,0.9596199524940618,0.957345971563981,0.9619047619047619,420.0,0.9764150943396227,0.9672897196261683,0.9857142857142858,420.0,0.6514285714285715,0.6263736263736264,0.6785714285714286,420.0,0.7272727272727273,0.751269035532995,0.7047619047619048,420.0,0.953405017921147,0.9568345323741008,0.95,420.0,0.9302884615384615,0.9393203883495146,0.9214285714285714,420.0,0.6530612244897959,0.6585956416464891,0.6476190476190476,420.0,0.947242206235012,0.9541062801932367,0.9404761904761905,420.0,0.917562724014337,0.920863309352518,0.9142857142857143,420.0,0.9325443786982249,0.9270588235294117,0.9380952380952381,420.0,0.922341696535245,0.9256594724220624,0.919047619047619,420.0,0.9269461077844311,0.9325301204819277,0.9214285714285714,420.0,0.9662650602409638,0.9780487804878049,0.9547619047619048,420.0,0.9537366548042705,0.950354609929078,0.9571428571428572,420.0,0.7688734030197444,0.7505668934240363,0.7880952380952381,420.0
43,0.1531117707490921,0.9422275424003601,0.39379140734672546,0.885612964630127,0.8856129685916918,0.8856174761172216,0.0003000000142492354,411.2751500409795,92120.0,223.98630209197214,0.6943231441048034,0.6411290322580645,0.7571428571428571,420.0,0.9678953626634959,0.9667458432304038,0.969047619047619,420.0,0.9600000000000001,0.9488372093023256,0.9714285714285714,420.0,0.9577804583835947,0.9706601466992665,0.9452380952380952,420.0,0.9339622641509434,0.9252336448598131,0.9428571428571428,420.0,0.9797859690844234,0.9786223277909739,0.9809523809523809,420.0,0.6323185011709601,0.6221198156682027,0.6428571428571429,420.0,0.928150765606596,0.9184149184149184,0.9380952380952381,420.0,0.972972972972973,0.9605568445475638,0.9857142857142858,420.0,0.6642335766423357,0.6791044776119403,0.65,420.0,0.9214285714285714,0.9214285714285714,0.9214285714285714,420.0,0.6286353467561521,0.5928270042194093,0.669047619047619,420.0,0.9699879951980792,0.9782082324455206,0.9619047619047619,420.0,0.5742331288343558,0.5924050632911393,0.5571428571428572,420.0,0.9857819905213271,0.9811320754716981,0.9904761904761905,420.0,0.950517836593786,0.9198218262806236,0.9833333333333333,420.0,0.6744186046511628,0.7372881355932204,0.6214285714285714,420.0,0.9631391200951248,0.9619952494061758,0.9642857142857143,420.0,0.9541062801932367,0.9681372549019608,0.9404761904761905,420.0,0.9739952718676123,0.9671361502347418,0.9809523809523809,420.0,0.9296781883194278,0.9307875894988067,0.9285714285714286,420.0,0.9360189573459715,0.9316037735849056,0.9404761904761905,420.0,0.9172749391727493,0.9378109452736318,0.8976190476190476,420.0,0.9349112426035503,0.9294117647058824,0.9404761904761905,420.0,0.931899641577061,0.935251798561151,0.9285714285714286,420.0,0.9748502994011975,0.980722891566265,0.969047619047619,420.0,0.9616306954436451,0.9685990338164251,0.9547619047619048,420.0,0.9156626506024096,0.926829268292683,0.9047619047619048,420.0,0.9252013808975835,0.8953229398663697,0.9571428571428572,420.0,0.9090909090909091,0.9016393442622951,0.9166666666666666,420.0,0.9226993865030675,0.9518987341772152,0.8952380952380953,420.0,0.9676646706586827,0.9734939759036144,0.9619047619047619,420.0,0.9584816132858838,0.9550827423167849,0.9619047619047619,420.0,0.9751479289940828,0.9694117647058823,0.9809523809523809,420.0,0.5995085995085996,0.6192893401015228,0.580952380952381,420.0,0.7239263803680981,0.7468354430379747,0.7023809523809523,420.0,0.9501187648456056,0.9478672985781991,0.9523809523809523,420.0,0.9331713244228432,0.9528535980148883,0.9142857142857143,420.0,0.6559999999999999,0.6307692307692307,0.6833333333333333,420.0,0.9471153846153847,0.9563106796116505,0.9380952380952381,420.0,0.9160671462829736,0.9227053140096618,0.9095238095238095,420.0,0.9323843416370108,0.9290780141843972,0.9357142857142857,420.0,0.9243697478991596,0.9322033898305084,0.9166666666666666,420.0,0.9283196239717979,0.9164733178654292,0.9404761904761905,420.0,0.9650180940892641,0.9779951100244498,0.9523809523809523,420.0,0.9558998808104887,0.9570405727923628,0.9547619047619048,420.0,0.7442424242424243,0.7580246913580246,0.7309523809523809,420.0
44,0.15237818658351898,0.9423360824584961,0.3929332196712494,0.8873860239982605,0.8873860182370821,0.887151536449476,0.0003000000142492354,410.99941358400974,92120.0,224.13657284007377,0.6930022573363431,0.6587982832618026,0.7309523809523809,420.0,0.971563981042654,0.9669811320754716,0.9761904761904762,420.0,0.9600000000000001,0.9488372093023256,0.9714285714285714,420.0,0.9623329283110571,0.9826302729528535,0.9428571428571428,420.0,0.9331770222743259,0.9191685912240185,0.9476190476190476,420.0,0.9809523809523809,0.9809523809523809,0.9809523809523809,420.0,0.6285018270401949,0.6433915211970075,0.6142857142857143,420.0,0.9346016646848989,0.9334916864608076,0.9357142857142857,420.0,0.9741176470588235,0.9627906976744186,0.9857142857142858,420.0,0.6532663316582915,0.6914893617021277,0.6190476190476191,420.0,0.9203329369797859,0.9192399049881235,0.9214285714285714,420.0,0.6506777893639208,0.5788497217068646,0.7428571428571429,420.0,0.9712230215827338,0.9782608695652174,0.9642857142857143,420.0,0.5604113110539847,0.6089385474860335,0.5190476190476191,420.0,0.9846153846153846,0.9788235294117648,0.9904761904761905,420.0,0.9488372093023255,0.9272727272727272,0.9714285714285714,420.0,0.6817610062893082,0.7226666666666667,0.6452380952380953,420.0,0.9619952494061758,0.9597156398104265,0.9642857142857143,420.0,0.9595238095238096,0.9595238095238096,0.9595238095238096,420.0,0.9739952718676123,0.9671361502347418,0.9809523809523809,420.0,0.9269461077844311,0.9325301204819277,0.9214285714285714,420.0,0.9341176470588235,0.9232558139534883,0.9452380952380952,420.0,0.9123649459783914,0.9200968523002422,0.9047619047619048,420.0,0.9363207547169811,0.927570093457944,0.9452380952380952,420.0,0.9341317365269461,0.9397590361445783,0.9285714285714286,420.0,0.9747899159663865,0.9830508474576272,0.9666666666666667,420.0,0.964200477326969,0.9665071770334929,0.9619047619047619,420.0,0.9197080291970803,0.9402985074626866,0.9,420.0,0.9184149184149184,0.8995433789954338,0.9380952380952381,420.0,0.9166666666666666,0.9166666666666666,0.9166666666666666,420.0,0.9243902439024391,0.9475,0.9023809523809524,420.0,0.9723225030084236,0.9829683698296837,0.9619047619047619,420.0,0.9597156398104266,0.9551886792452831,0.9642857142857143,420.0,0.9752650176678446,0.965034965034965,0.9857142857142858,420.0,0.6236811254396248,0.6143187066974596,0.6333333333333333,420.0,0.7263681592039799,0.7604166666666666,0.6952380952380952,420.0,0.9546539379474941,0.9569377990430622,0.9523809523809523,420.0,0.9302884615384615,0.9393203883495146,0.9214285714285714,420.0,0.6522262334536704,0.6593673965936739,0.6452380952380953,420.0,0.9448441247002398,0.9516908212560387,0.9380952380952381,420.0,0.9138755980861243,0.9182692307692307,0.9095238095238095,420.0,0.9325443786982249,0.9270588235294117,0.9380952380952381,420.0,0.9247311827956989,0.9280575539568345,0.9214285714285714,420.0,0.9316037735849058,0.9228971962616822,0.9404761904761905,420.0,0.9611650485436893,0.9801980198019802,0.9428571428571428,420.0,0.9538461538461538,0.9482352941176471,0.9595238095238096,420.0,0.7720504009163803,0.7439293598233996,0.8023809523809524,420.0
45,0.15131236612796783,0.9428028464317322,0.3950015902519226,0.8857649564743042,0.8857649442755825,0.8856417236506254,0.0003000000142492354,410.9330275829998,92120.0,224.17278197818672,0.7005524861878454,0.6536082474226804,0.7547619047619047,420.0,0.9703440094899171,0.966903073286052,0.9738095238095238,420.0,0.9600000000000001,0.9488372093023256,0.9714285714285714,420.0,0.9624242424242424,0.980246913580247,0.9452380952380952,420.0,0.9369158878504673,0.9197247706422018,0.9547619047619048,420.0,0.9774614472123369,0.9739952718676123,0.9809523809523809,420.0,0.6338028169014085,0.625,0.6428571428571429,420.0,0.9295774647887323,0.9166666666666666,0.9428571428571428,420.0,0.9706916764361078,0.9561200923787528,0.9857142857142858,420.0,0.6595744680851063,0.6549295774647887,0.6642857142857143,420.0,0.9170616113744077,0.9127358490566038,0.9214285714285714,420.0,0.6054181389870436,0.5990675990675991,0.611904761904762,420.0,0.9678188319427891,0.9689737470167065,0.9666666666666667,420.0,0.5854241338112306,0.5875299760191847,0.5833333333333334,420.0,0.9869513641755634,0.983451536643026,0.9904761904761905,420.0,0.9478563151796061,0.9232505643340858,0.9738095238095238,420.0,0.6744186046511628,0.7372881355932204,0.6214285714285714,420.0,0.9619952494061758,0.9597156398104265,0.9642857142857143,420.0,0.958183990442055,0.9616306954436451,0.9547619047619048,420.0,0.9739336492890995,0.9693396226415094,0.9785714285714285,420.0,0.9178743961352657,0.9313725490196079,0.9047619047619048,420.0,0.9397874852420307,0.9320843091334895,0.9476190476190476,420.0,0.9121540312876053,0.9221411192214112,0.9023809523809524,420.0,0.9377203290246768,0.925754060324826,0.95,420.0,0.9334945586457074,0.9484029484029484,0.919047619047619,420.0,0.9759615384615385,0.9854368932038835,0.9666666666666667,420.0,0.9580838323353292,0.963855421686747,0.9523809523809523,420.0,0.9101796407185628,0.9156626506024096,0.9047619047619048,420.0,0.9184149184149184,0.8995433789954338,0.9380952380952381,420.0,0.9140811455847255,0.916267942583732,0.9119047619047619,420.0,0.9264173703256936,0.9388753056234719,0.9142857142857143,420.0,0.9711538461538461,0.9805825242718447,0.9619047619047619,420.0,0.9609467455621302,0.9552941176470588,0.9666666666666667,420.0,0.9787234042553192,0.971830985915493,0.9857142857142858,420.0,0.6022031823745411,0.6196473551637279,0.5857142857142857,420.0,0.7329974811083123,0.7780748663101604,0.6928571428571428,420.0,0.9532934131736526,0.9590361445783132,0.9476190476190476,420.0,0.9310761789600966,0.9459459459459459,0.9166666666666666,420.0,0.6470588235294118,0.6395348837209303,0.6547619047619048,420.0,0.9469879518072288,0.9585365853658536,0.9357142857142857,420.0,0.9169675090252708,0.927007299270073,0.9071428571428571,420.0,0.9276393831553973,0.9243498817966903,0.930952380952381,420.0,0.9196217494089834,0.9131455399061033,0.9261904761904762,420.0,0.929510155316607,0.9328537170263789,0.9261904761904762,420.0,0.966183574879227,0.9803921568627451,0.9523809523809523,420.0,0.9549763033175355,0.9504716981132075,0.9595238095238096,420.0,0.7612456747404844,0.738255033557047,0.7857142857142857,420.0
46,0.15064723789691925,0.9426943063735962,0.39471709728240967,0.8883485198020935,0.8883485309017223,0.8878971575474838,0.0003000000142492354,410.92489766696235,92120.0,224.17721710953484,0.7018701870187017,0.6523517382413088,0.7595238095238095,420.0,0.9691211401425178,0.966824644549763,0.9714285714285714,420.0,0.9600000000000001,0.9488372093023256,0.9714285714285714,420.0,0.9624242424242424,0.980246913580247,0.9452380952380952,420.0,0.9361207897793263,0.9138321995464853,0.9595238095238096,420.0,0.9797859690844234,0.9786223277909739,0.9809523809523809,420.0,0.6365853658536585,0.6525,0.6214285714285714,420.0,0.9369797859690845,0.9358669833729216,0.9380952380952381,420.0,0.972972972972973,0.9605568445475638,0.9857142857142858,420.0,0.6481481481481481,0.7291666666666666,0.5833333333333334,420.0,0.9252669039145908,0.9219858156028369,0.9285714285714286,420.0,0.6386036960985626,0.5613718411552346,0.7404761904761905,420.0,0.9712230215827338,0.9782608695652174,0.9642857142857143,420.0,0.5531914893617021,0.58311345646438,0.5261904761904762,420.0,0.9857819905213271,0.9811320754716981,0.9904761904761905,420.0,0.9516129032258064,0.921875,0.9833333333333333,420.0,0.6710013003901171,0.7392550143266475,0.6142857142857143,420.0,0.9631391200951248,0.9619952494061758,0.9642857142857143,420.0,0.9619047619047619,0.9619047619047619,0.9619047619047619,420.0,0.976303317535545,0.9716981132075472,0.9809523809523809,420.0,0.9287410926365796,0.9265402843601895,0.930952380952381,420.0,0.9361702127659575,0.9295774647887324,0.9428571428571428,420.0,0.9126213592233011,0.9306930693069307,0.8952380952380953,420.0,0.9347568208778173,0.9314420803782506,0.9380952380952381,420.0,0.9307875894988067,0.9330143540669856,0.9285714285714286,420.0,0.9747899159663865,0.9830508474576272,0.9666666666666667,420.0,0.9617224880382775,0.9663461538461539,0.9571428571428572,420.0,0.9158653846153846,0.9247572815533981,0.9071428571428571,420.0,0.9214780600461894,0.8946188340807175,0.95,420.0,0.9108204518430439,0.9097387173396675,0.9119047619047619,420.0,0.928311057108141,0.9478908188585607,0.9095238095238095,420.0,0.9712230215827338,0.9782608695652174,0.9642857142857143,420.0,0.9609467455621302,0.9552941176470588,0.9666666666666667,420.0,0.9764150943396227,0.9672897196261683,0.9857142857142858,420.0,0.6351829988193625,0.629976580796253,0.6404761904761904,420.0,0.7400990099009901,0.770618556701031,0.7119047619047619,420.0,0.9558998808104887,0.9570405727923628,0.9547619047619048,420.0,0.9322033898305084,0.9482758620689655,0.9166666666666666,420.0,0.6445859872611465,0.6931506849315069,0.6023809523809524,420.0,0.9468599033816426,0.9607843137254902,0.9333333333333333,420.0,0.917562724014337,0.920863309352518,0.9142857142857143,420.0,0.9322235434007135,0.9311163895486936,0.9333333333333333,420.0,0.9278846153846153,0.9368932038834952,0.919047619047619,420.0,0.933806146572104,0.9272300469483568,0.9404761904761905,420.0,0.966183574879227,0.9803921568627451,0.9523809523809523,420.0,0.9538461538461538,0.9482352941176471,0.9595238095238096,420.0,0.7781420765027323,0.7191919191919192,0.8476190476190476,420.0
47,0.14970938861370087,0.9429765343666077,0.39614763855934143,0.8859675526618958,0.8859675785207699,0.8856366726820791,0.0003000000142492354,411.0501374169835,92120.0,224.10891425283793,0.6860465116279069,0.6704545454545454,0.7023809523809523,420.0,0.9691211401425178,0.966824644549763,0.9714285714285714,420.0,0.9578454332552693,0.9423963133640553,0.9738095238095238,420.0,0.9600967351874246,0.9754299754299754,0.9452380952380952,420.0,0.9314750290360047,0.909297052154195,0.9547619047619048,420.0,0.9809523809523809,0.9809523809523809,0.9809523809523809,420.0,0.6365688487584651,0.6051502145922747,0.6714285714285714,420.0,0.9301775147928995,0.9247058823529412,0.9357142857142857,420.0,0.9752650176678446,0.965034965034965,0.9857142857142858,420.0,0.6567534076827757,0.6847545219638242,0.6309523809523809,420.0,0.9216152019002375,0.919431279620853,0.9238095238095239,420.0,0.6292629262926293,0.5848670756646217,0.680952380952381,420.0,0.9712230215827338,0.9782608695652174,0.9642857142857143,420.0,0.5651105651105651,0.583756345177665,0.5476190476190477,420.0,0.9857819905213271,0.9811320754716981,0.9904761904761905,420.0,0.9501738122827346,0.9255079006772009,0.9761904761904762,420.0,0.6878824969400243,0.707808564231738,0.669047619047619,420.0,0.9608540925266905,0.9574468085106383,0.9642857142857143,420.0,0.9569377990430622,0.9615384615384616,0.9523809523809523,420.0,0.9716981132075471,0.9626168224299065,0.9809523809523809,420.0,0.927810650887574,0.9223529411764706,0.9333333333333333,420.0,0.9319248826291079,0.9189814814814815,0.9452380952380952,420.0,0.9144254278728606,0.9396984924623115,0.8904761904761904,420.0,0.9377203290246768,0.925754060324826,0.95,420.0,0.9325301204819277,0.9439024390243902,0.9214285714285714,420.0,0.9759615384615385,0.9854368932038835,0.9666666666666667,420.0,0.9627851140456183,0.9709443099273608,0.9547619047619048,420.0,0.9158653846153846,0.9247572815533981,0.9071428571428571,420.0,0.9253731343283582,0.893569844789357,0.9595238095238096,420.0,0.9149700598802396,0.9204819277108434,0.9095238095238095,420.0,0.9191176470588235,0.946969696969697,0.8928571428571429,420.0,0.9688249400479616,0.9758454106280193,0.9619047619047619,420.0,0.9597156398104266,0.9551886792452831,0.9642857142857143,420.0,0.9775147928994082,0.971764705882353,0.9833333333333333,420.0,0.5736235595390524,0.6204986149584487,0.5333333333333333,420.0,0.7347931873479319,0.7512437810945274,0.719047619047619,420.0,0.9535160905840284,0.954653937947494,0.9523809523809523,420.0,0.9314079422382672,0.9416058394160584,0.9214285714285714,420.0,0.6475716064757161,0.6788511749347258,0.6190476190476191,420.0,0.9482551143200962,0.9586374695863747,0.9380952380952381,420.0,0.9164677804295943,0.9186602870813397,0.9142857142857143,420.0,0.9322235434007135,0.9311163895486936,0.9333333333333333,420.0,0.9251207729468598,0.9387254901960784,0.9119047619047619,420.0,0.928150765606596,0.9184149184149184,0.9380952380952381,420.0,0.9612590799031476,0.9778325123152709,0.9452380952380952,420.0,0.9501187648456056,0.9478672985781991,0.9523809523809523,420.0,0.7730337078651686,0.7319148936170212,0.819047619047619,420.0
48,0.14891810715198517,0.9431068301200867,0.39624476432800293,0.8861702084541321,0.8861702127659573,0.8858257416683138,0.0003000000142492354,411.4607854579808,92120.0,223.88524801328236,0.6976744186046512,0.6521739130434783,0.75,420.0,0.9714964370546318,0.9691943127962085,0.9738095238095238,420.0,0.96113074204947,0.951048951048951,0.9714285714285714,420.0,0.954326923076923,0.9635922330097088,0.9452380952380952,420.0,0.9301775147928995,0.9247058823529412,0.9357142857142857,420.0,0.9797859690844234,0.9786223277909739,0.9809523809523809,420.0,0.6257378984651711,0.6206088992974239,0.6309523809523809,420.0,0.9289099526066351,0.9245283018867925,0.9333333333333333,420.0,0.9752650176678446,0.965034965034965,0.9857142857142858,420.0,0.6543352601156069,0.6359550561797753,0.6738095238095239,420.0,0.9207100591715977,0.9152941176470588,0.9261904761904762,420.0,0.6316939890710382,0.5838383838383838,0.6880952380952381,420.0,0.9712230215827338,0.9782608695652174,0.9642857142857143,420.0,0.5539280958721704,0.6283987915407855,0.49523809523809526,420.0,0.9869513641755634,0.983451536643026,0.9904761904761905,420.0,0.9478563151796061,0.9232505643340858,0.9738095238095238,420.0,0.6810673443456161,0.7302452316076294,0.638095238095238,420.0,0.9631391200951248,0.9619952494061758,0.9642857142857143,420.0,0.9596199524940618,0.957345971563981,0.9619047619047619,420.0,0.9716981132075471,0.9626168224299065,0.9809523809523809,420.0,0.9257950530035335,0.916083916083916,0.9357142857142857,420.0,0.9385342789598109,0.931924882629108,0.9452380952380952,420.0,0.9143546441495778,0.9266503667481663,0.9023809523809524,420.0,0.9402110199296602,0.9260969976905312,0.9547619047619048,420.0,0.9334945586457074,0.9484029484029484,0.919047619047619,420.0,0.9747899159663865,0.9830508474576272,0.9666666666666667,420.0,0.9616306954436451,0.9685990338164251,0.9547619047619048,420.0,0.9123649459783914,0.9200968523002422,0.9047619047619048,420.0,0.9211136890951276,0.8981900452488688,0.9452380952380952,420.0,0.9129916567342075,0.9140811455847255,0.9119047619047619,420.0,0.9232643118148599,0.9451371571072319,0.9023809523809524,420.0,0.9723225030084236,0.9829683698296837,0.9619047619047619,420.0,0.9597156398104266,0.9551886792452831,0.9642857142857143,420.0,0.9763593380614657,0.9694835680751174,0.9833333333333333,420.0,0.6017052375152254,0.6159600997506235,0.5880952380952381,420.0,0.7275031685678074,0.7777777777777778,0.6833333333333333,420.0,0.9535160905840284,0.954653937947494,0.9523809523809523,420.0,0.932367149758454,0.946078431372549,0.919047619047619,420.0,0.6497584541062802,0.6593137254901961,0.6404761904761904,420.0,0.9483793517406962,0.9564164648910412,0.9404761904761905,420.0,0.9206730769230769,0.9296116504854369,0.9119047619047619,420.0,0.9311163895486937,0.9289099526066351,0.9333333333333333,420.0,0.9199029126213591,0.9381188118811881,0.9023809523809524,420.0,0.9265402843601896,0.9221698113207547,0.930952380952381,420.0,0.966183574879227,0.9803921568627451,0.9523809523809523,420.0,0.9517078916372202,0.9417249417249417,0.9619047619047619,420.0,0.7707865168539326,0.7297872340425532,0.8166666666666667,420.0
49,0.14830192923545837,0.9434650540351868,0.39832353591918945,0.8871833682060242,0.8871833839918943,0.8870312196461984,0.0003000000142492354,410.98564766702475,92120.0,224.14408026879428,0.6784452296819787,0.6713286713286714,0.6857142857142857,420.0,0.9691211401425178,0.966824644549763,0.9714285714285714,420.0,0.9577464788732395,0.9444444444444444,0.9714285714285714,420.0,0.9566265060240964,0.9682926829268292,0.9452380952380952,420.0,0.9345794392523364,0.9174311926605505,0.9523809523809523,420.0,0.9796407185628742,0.9855421686746988,0.9738095238095238,420.0,0.6310432569974554,0.6775956284153005,0.5904761904761905,420.0,0.9259694477085781,0.91415313225058,0.9380952380952381,420.0,0.9764150943396227,0.9672897196261683,0.9857142857142858,420.0,0.6547770700636943,0.7041095890410959,0.611904761904762,420.0,0.9232585596221959,0.9156908665105387,0.930952380952381,420.0,0.6471816283924843,0.5762081784386617,0.7380952380952381,420.0,0.9712230215827338,0.9782608695652174,0.9642857142857143,420.0,0.5630573248407643,0.6054794520547945,0.5261904761904762,420.0,0.9869513641755634,0.983451536643026,0.9904761904761905,420.0,0.9527104959630911,0.9239373601789709,0.9833333333333333,420.0,0.6899879372738239,0.6992665036674817,0.680952380952381,420.0,0.9619952494061758,0.9597156398104265,0.9642857142857143,420.0,0.9594272076372317,0.9617224880382775,0.9571428571428572,420.0,0.9705535924617196,0.9603729603729604,0.9809523809523809,420.0,0.9263657957244655,0.9241706161137441,0.9285714285714286,420.0,0.9327036599763872,0.9250585480093677,0.9404761904761905,420.0,0.9117291414752117,0.9262899262899262,0.8976190476190476,420.0,0.9372781065088757,0.9317647058823529,0.9428571428571428,420.0,0.9330143540669856,0.9375,0.9285714285714286,420.0,0.9759615384615385,0.9854368932038835,0.9666666666666667,420.0,0.9640287769784173,0.9710144927536232,0.9571428571428572,420.0,0.9212121212121211,0.9382716049382716,0.9047619047619048,420.0,0.9232558139534884,0.9022727272727272,0.9452380952380952,420.0,0.9151732377538829,0.9184652278177458,0.9119047619047619,420.0,0.9228886168910648,0.9496221662468514,0.8976190476190476,420.0,0.9688249400479616,0.9758454106280193,0.9619047619047619,420.0,0.957345971563981,0.9528301886792453,0.9619047619047619,420.0,0.9764150943396227,0.9672897196261683,0.9857142857142858,420.0,0.6583427922814983,0.6290672451193059,0.6904761904761905,420.0,0.7268292682926829,0.745,0.7095238095238096,420.0,0.9546539379474941,0.9569377990430622,0.9523809523809523,420.0,0.9334945586457074,0.9484029484029484,0.919047619047619,420.0,0.6530147895335608,0.6252723311546841,0.6833333333333333,420.0,0.9483793517406962,0.9564164648910412,0.9404761904761905,420.0,0.9153754469606675,0.9164677804295943,0.9142857142857143,420.0,0.9347568208778173,0.9314420803782506,0.9380952380952381,420.0,0.9240048250904705,0.9364303178484108,0.9119047619047619,420.0,0.9268867924528302,0.9182242990654206,0.9357142857142857,420.0,0.9650180940892641,0.9779951100244498,0.9523809523809523,420.0,0.9526066350710901,0.9481132075471698,0.9571428571428572,420.0,0.7401960784313726,0.7626262626262627,0.719047619047619,420.0
50,0.14732393622398376,0.9437689781188965,0.3978571593761444,0.8874873518943787,0.8874873353596756,0.8873427065149571,0.0003000000142492354,411.32664770801784,92120.0,223.95825924069916,0.6911595866819747,0.6674057649667405,0.7166666666666667,420.0,0.9714964370546318,0.9691943127962085,0.9738095238095238,420.0,0.960093896713615,0.9467592592592593,0.9738095238095238,420.0,0.9554753309265944,0.9659367396593674,0.9452380952380952,420.0,0.9303944315545244,0.9072398190045249,0.9547619047619048,420.0,0.9809523809523809,0.9809523809523809,0.9809523809523809,420.0,0.630379746835443,0.672972972972973,0.5928571428571429,420.0,0.9334916864608076,0.9312796208530806,0.9357142857142857,420.0,0.972972972972973,0.9605568445475638,0.9857142857142858,420.0,0.6556543837357054,0.7029972752043597,0.6142857142857143,420.0,0.9218009478672986,0.9174528301886793,0.9261904761904762,420.0,0.6192660550458716,0.5973451327433629,0.6428571428571429,420.0,0.9712918660287081,0.9759615384615384,0.9666666666666667,420.0,0.5793103448275861,0.56,0.6,420.0,0.9869513641755634,0.983451536643026,0.9904761904761905,420.0,0.951388888888889,0.9256756756756757,0.9785714285714285,420.0,0.6882793017456359,0.7225130890052356,0.6571428571428571,420.0,0.9619047619047619,0.9619047619047619,0.9619047619047619,420.0,0.9595238095238096,0.9595238095238096,0.9595238095238096,420.0,0.9716981132075471,0.9626168224299065,0.9809523809523809,420.0,0.9271206690561529,0.9304556354916067,0.9238095238095239,420.0,0.9400705052878966,0.9280742459396751,0.9523809523809523,420.0,0.9108669108669109,0.9348370927318296,0.888095238095238,420.0,0.9341176470588235,0.9232558139534883,0.9452380952380952,420.0,0.9293413173652695,0.9349397590361446,0.9238095238095239,420.0,0.9759615384615385,0.9854368932038835,0.9666666666666667,420.0,0.962874251497006,0.9686746987951808,0.9571428571428572,420.0,0.9202898550724637,0.9338235294117647,0.9071428571428571,420.0,0.9250288350634372,0.8970917225950783,0.9547619047619048,420.0,0.914765906362545,0.9225181598062954,0.9071428571428571,420.0,0.9187878787878788,0.9358024691358025,0.9023809523809524,420.0,0.970059880239521,0.9759036144578314,0.9642857142857143,420.0,0.9609467455621302,0.9552941176470588,0.9666666666666667,420.0,0.9752066115702478,0.9672131147540983,0.9833333333333333,420.0,0.6514806378132119,0.6244541484716157,0.680952380952381,420.0,0.7359413202933985,0.7562814070351759,0.7166666666666667,420.0,0.955794504181601,0.9592326139088729,0.9523809523809523,420.0,0.9301204819277108,0.9414634146341463,0.919047619047619,420.0,0.646562123039807,0.6552567237163814,0.638095238095238,420.0,0.9493975903614458,0.9609756097560975,0.9380952380952381,420.0,0.9164677804295943,0.9186602870813397,0.9142857142857143,420.0,0.930622009569378,0.9350961538461539,0.9261904761904762,420.0,0.9247311827956989,0.9280575539568345,0.9214285714285714,420.0,0.9265402843601896,0.9221698113207547,0.930952380952381,420.0,0.9662650602409638,0.9780487804878049,0.9547619047619048,420.0,0.9503546099290779,0.9436619718309859,0.9571428571428572,420.0,0.761904761904762,0.7437641723356009,0.780952380952381,420.0
51,0.14638344943523407,0.9436278939247131,0.4014922082424164,0.888145923614502,0.8881458966565349,0.8876338996013535,0.0003000000142492354,410.8923742499901,92120.0,224.1949614376476,0.7041036717062634,0.6442687747035574,0.7761904761904762,420.0,0.9702734839476813,0.9691211401425178,0.9714285714285714,420.0,0.960093896713615,0.9467592592592593,0.9738095238095238,420.0,0.9554753309265944,0.9659367396593674,0.9452380952380952,420.0,0.9324009324009324,0.91324200913242,0.9523809523809523,420.0,0.9797859690844234,0.9786223277909739,0.9809523809523809,420.0,0.6338383838383838,0.6747311827956989,0.5976190476190476,420.0,0.9323843416370108,0.9290780141843972,0.9357142857142857,420.0,0.971830985915493,0.9583333333333334,0.9857142857142858,420.0,0.6537467700258397,0.7146892655367232,0.6023809523809524,420.0,0.9212690951821387,0.9095127610208816,0.9333333333333333,420.0,0.6189944134078211,0.5831578947368421,0.6595238095238095,420.0,0.970059880239521,0.9759036144578314,0.9642857142857143,420.0,0.5761124121779859,0.5668202764976958,0.5857142857142857,420.0,0.9869513641755634,0.983451536643026,0.9904761904761905,420.0,0.9512761020881672,0.9276018099547512,0.9761904761904762,420.0,0.6640106241699867,0.7507507507507507,0.5952380952380952,420.0,0.963226571767497,0.9598108747044918,0.9666666666666667,420.0,0.958183990442055,0.9616306954436451,0.9547619047619048,420.0,0.9751479289940828,0.9694117647058823,0.9809523809523809,420.0,0.9271206690561529,0.9304556354916067,0.9238095238095239,420.0,0.9411764705882352,0.9302325581395349,0.9523809523809523,420.0,0.9133089133089132,0.9373433583959899,0.8904761904761904,420.0,0.9355216881594373,0.9214780600461894,0.95,420.0,0.9314079422382672,0.9416058394160584,0.9214285714285714,420.0,0.9759615384615385,0.9854368932038835,0.9666666666666667,420.0,0.9616306954436451,0.9685990338164251,0.9547619047619048,420.0,0.916267942583732,0.9206730769230769,0.9119047619047619,420.0,0.9241379310344828,0.8933333333333333,0.9571428571428572,420.0,0.9119047619047619,0.9119047619047619,0.9119047619047619,420.0,0.921968787515006,0.9297820823244553,0.9142857142857143,420.0,0.9723225030084236,0.9829683698296837,0.9619047619047619,420.0,0.9609467455621302,0.9552941176470588,0.9666666666666667,420.0,0.9763593380614657,0.9694835680751174,0.9833333333333333,420.0,0.6552119129438718,0.6313465783664459,0.680952380952381,420.0,0.7325,0.7710526315789473,0.6976190476190476,420.0,0.9558998808104887,0.9570405727923628,0.9547619047619048,420.0,0.9312424607961399,0.9437652811735942,0.919047619047619,420.0,0.6474442988204456,0.7201166180758017,0.5880952380952381,420.0,0.9495192307692308,0.9587378640776699,0.9404761904761905,420.0,0.9221556886227544,0.927710843373494,0.9166666666666666,420.0,0.9278846153846153,0.9368932038834952,0.919047619047619,420.0,0.9249106078665079,0.9260143198090692,0.9238095238095239,420.0,0.9258373205741627,0.9302884615384616,0.9214285714285714,420.0,0.9650180940892641,0.9779951100244498,0.9523809523809523,420.0,0.9514792899408284,0.9458823529411765,0.9571428571428572,420.0,0.7804878048780488,0.7036328871892925,0.8761904761904762,420.0
52,0.14595511555671692,0.9439209699630737,0.4013539254665375,0.8863728642463684,0.8863728470111446,0.8860923667073461,0.0003000000142492354,410.96062366699334,92120.0,224.1577287332667,0.6938775510204082,0.6623376623376623,0.7285714285714285,420.0,0.9714964370546318,0.9691943127962085,0.9738095238095238,420.0,0.9588719153936545,0.9466357308584686,0.9714285714285714,420.0,0.9555822328931571,0.9636803874092009,0.9476190476190476,420.0,0.9345794392523364,0.9174311926605505,0.9523809523809523,420.0,0.9785714285714285,0.9785714285714285,0.9785714285714285,420.0,0.629940119760479,0.6337349397590362,0.6261904761904762,420.0,0.9325443786982249,0.9270588235294117,0.9380952380952381,420.0,0.9775678866587957,0.9695550351288056,0.9857142857142858,420.0,0.6625615763546798,0.6862244897959183,0.6404761904761904,420.0,0.9181494661921707,0.9148936170212766,0.9214285714285714,420.0,0.6427818756585879,0.5765595463137996,0.7261904761904762,420.0,0.970059880239521,0.9759036144578314,0.9642857142857143,420.0,0.5532467532467532,0.6085714285714285,0.5071428571428571,420.0,0.9869513641755634,0.983451536643026,0.9904761904761905,420.0,0.9494252873563217,0.9177777777777778,0.9833333333333333,420.0,0.6800501882057717,0.7188328912466844,0.6452380952380953,420.0,0.9619047619047619,0.9619047619047619,0.9619047619047619,420.0,0.9593301435406699,0.9639423076923077,0.9547619047619048,420.0,0.9739952718676123,0.9671361502347418,0.9809523809523809,420.0,0.9176755447941889,0.9334975369458128,0.9023809523809524,420.0,0.9361702127659575,0.9295774647887324,0.9428571428571428,420.0,0.9135200974421438,0.9351620947630923,0.8928571428571429,420.0,0.933649289099526,0.9292452830188679,0.9380952380952381,420.0,0.9339735894357742,0.9418886198547215,0.9261904761904762,420.0,0.9771908763505402,0.9854721549636803,0.969047619047619,420.0,0.965186074429772,0.9733656174334141,0.9571428571428572,420.0,0.9126213592233011,0.9306930693069307,0.8952380952380953,420.0,0.9237875288683602,0.8968609865470852,0.9523809523809523,420.0,0.9138755980861243,0.9182692307692307,0.9095238095238095,420.0,0.9225181598062955,0.9384236453201971,0.9071428571428571,420.0,0.970059880239521,0.9759036144578314,0.9642857142857143,420.0,0.9585798816568047,0.9529411764705882,0.9642857142857143,420.0,0.9752066115702478,0.9672131147540983,0.9833333333333333,420.0,0.6161251504211792,0.6228710462287105,0.6095238095238096,420.0,0.7311028500619577,0.7622739018087855,0.7023809523809523,420.0,0.955794504181601,0.9592326139088729,0.9523809523809523,420.0,0.9344660194174756,0.9529702970297029,0.9166666666666666,420.0,0.6462264150943396,0.6401869158878505,0.6523809523809524,420.0,0.9507803121248499,0.9588377723970944,0.9428571428571428,420.0,0.9166666666666666,0.9166666666666666,0.9166666666666666,420.0,0.928150765606596,0.9184149184149184,0.9380952380952381,420.0,0.9198113207547169,0.9112149532710281,0.9285714285714286,420.0,0.9276393831553973,0.9243498817966903,0.930952380952381,420.0,0.9626955475330926,0.9732360097323601,0.9523809523809523,420.0,0.9517078916372202,0.9417249417249417,0.9619047619047619,420.0,0.7596717467760844,0.7482678983833718,0.7714285714285715,420.0
53,0.1454022228717804,0.9445180296897888,0.4022115170955658,0.8873353600502014,0.887335359675785,0.8871931687666151,0.0003000000142492354,410.8640055000433,92120.0,224.21044133054457,0.696551724137931,0.6733333333333333,0.7214285714285714,420.0,0.9702734839476813,0.9691211401425178,0.9714285714285714,420.0,0.9601873536299766,0.9447004608294931,0.9761904761904762,420.0,0.9577804583835947,0.9706601466992665,0.9452380952380952,420.0,0.9302325581395349,0.9090909090909091,0.9523809523809523,420.0,0.9797377830750893,0.9809069212410502,0.9785714285714285,420.0,0.6264150943396226,0.664,0.5928571428571429,420.0,0.9347568208778173,0.9314420803782506,0.9380952380952381,420.0,0.9764150943396227,0.9672897196261683,0.9857142857142858,420.0,0.6579881656804734,0.6541176470588236,0.6619047619047619,420.0,0.9249106078665079,0.9260143198090692,0.9238095238095239,420.0,0.6334056399132321,0.5816733067729084,0.6952380952380952,420.0,0.970059880239521,0.9759036144578314,0.9642857142857143,420.0,0.546875,0.603448275862069,0.5,420.0,0.9869513641755634,0.983451536643026,0.9904761904761905,420.0,0.9549132947976878,0.9280898876404494,0.9833333333333333,420.0,0.693167701863354,0.7246753246753247,0.6642857142857143,420.0,0.9619952494061758,0.9597156398104265,0.9642857142857143,420.0,0.9595238095238096,0.9595238095238096,0.9595238095238096,420.0,0.9705535924617196,0.9603729603729604,0.9809523809523809,420.0,0.927810650887574,0.9223529411764706,0.9333333333333333,420.0,0.9372781065088757,0.9317647058823529,0.9428571428571428,420.0,0.9108433734939759,0.9219512195121952,0.9,420.0,0.936470588235294,0.9255813953488372,0.9476190476190476,420.0,0.9314079422382672,0.9416058394160584,0.9214285714285714,420.0,0.9760191846522781,0.9830917874396136,0.969047619047619,420.0,0.9603841536614645,0.9685230024213075,0.9523809523809523,420.0,0.9130434782608695,0.9264705882352942,0.9,420.0,0.9207459207459208,0.9018264840182648,0.9404761904761905,420.0,0.9173652694610778,0.9228915662650602,0.9119047619047619,420.0,0.9230769230769231,0.9320388349514563,0.9142857142857143,420.0,0.9735576923076923,0.9830097087378641,0.9642857142857143,420.0,0.9598108747044918,0.9530516431924883,0.9666666666666667,420.0,0.9763593380614657,0.9694835680751174,0.9833333333333333,420.0,0.6461187214611872,0.6206140350877193,0.6738095238095239,420.0,0.7313997477931905,0.7774798927613941,0.6904761904761905,420.0,0.9546539379474941,0.9569377990430622,0.9523809523809523,420.0,0.932367149758454,0.946078431372549,0.919047619047619,420.0,0.6576879910213244,0.6220806794055201,0.6976190476190476,420.0,0.9495192307692308,0.9587378640776699,0.9404761904761905,420.0,0.9197604790419162,0.9253012048192771,0.9142857142857143,420.0,0.9322235434007135,0.9311163895486936,0.9333333333333333,420.0,0.9240048250904705,0.9364303178484108,0.9119047619047619,420.0,0.9258373205741627,0.9302884615384616,0.9214285714285714,420.0,0.9649334945586456,0.9803439803439803,0.95,420.0,0.9505882352941177,0.9395348837209302,0.9619047619047619,420.0,0.7521160822249093,0.7641277641277642,0.7404761904761905,420.0
54,0.1443415731191635,0.9443443417549133,0.4038240909576416,0.8864741921424866,0.8864741641337387,0.8862622772014833,0.0003000000142492354,410.9434913750156,92120.0,224.167073900518,0.696528555431131,0.6575052854122622,0.7404761904761905,420.0,0.969047619047619,0.969047619047619,0.969047619047619,420.0,0.9588719153936545,0.9466357308584686,0.9714285714285714,420.0,0.9554753309265944,0.9659367396593674,0.9452380952380952,420.0,0.9309941520467836,0.9149425287356322,0.9476190476190476,420.0,0.9785714285714285,0.9785714285714285,0.9785714285714285,420.0,0.6287878787878788,0.6693548387096774,0.5928571428571429,420.0,0.9294117647058823,0.9186046511627907,0.9404761904761905,420.0,0.9752650176678446,0.965034965034965,0.9857142857142858,420.0,0.6505747126436783,0.6288888888888889,0.6738095238095239,420.0,0.9245283018867924,0.9158878504672897,0.9333333333333333,420.0,0.5956937799043063,0.5985576923076923,0.5928571428571429,420.0,0.970059880239521,0.9759036144578314,0.9642857142857143,420.0,0.5749086479902558,0.5885286783042394,0.5619047619047619,420.0,0.9869513641755634,0.983451536643026,0.9904761904761905,420.0,0.9500580720092915,0.927437641723356,0.9738095238095238,420.0,0.679340937896071,0.7262872628726287,0.638095238095238,420.0,0.9631391200951248,0.9619952494061758,0.9642857142857143,420.0,0.9556886227544911,0.9614457831325302,0.95,420.0,0.9694117647058823,0.958139534883721,0.9809523809523809,420.0,0.9236192714453585,0.9118329466357309,0.9357142857142857,420.0,0.9399293286219081,0.9300699300699301,0.95,420.0,0.9157509157509158,0.9398496240601504,0.8928571428571429,420.0,0.9355216881594373,0.9214780600461894,0.95,420.0,0.9350961538461539,0.9441747572815534,0.9261904761904762,420.0,0.9771908763505402,0.9854721549636803,0.969047619047619,420.0,0.9617224880382775,0.9663461538461539,0.9571428571428572,420.0,0.9141475211608222,0.9287469287469288,0.9,420.0,0.9243119266055047,0.8915929203539823,0.9595238095238096,420.0,0.9149700598802396,0.9204819277108434,0.9095238095238095,420.0,0.9176755447941889,0.9334975369458128,0.9023809523809524,420.0,0.9723889555822329,0.9806295399515739,0.9642857142857143,420.0,0.9609467455621302,0.9552941176470588,0.9666666666666667,420.0,0.9752066115702478,0.9672131147540983,0.9833333333333333,420.0,0.6537142857142857,0.6285714285714286,0.680952380952381,420.0,0.731829573934837,0.7724867724867724,0.6952380952380952,420.0,0.9546539379474941,0.9569377990430622,0.9523809523809523,420.0,0.932367149758454,0.946078431372549,0.919047619047619,420.0,0.6477541371158392,0.6431924882629108,0.6523809523809524,420.0,0.9507803121248499,0.9588377723970944,0.9428571428571428,420.0,0.9228915662650602,0.9341463414634147,0.9119047619047619,420.0,0.925089179548157,0.9239904988123515,0.9261904761904762,420.0,0.9183922046285017,0.940149625935162,0.8976190476190476,420.0,0.9227110582639715,0.9216152019002375,0.9238095238095239,420.0,0.9650180940892641,0.9779951100244498,0.9523809523809523,420.0,0.9514792899408284,0.9458823529411765,0.9571428571428572,420.0,0.7658592848904267,0.7427293064876958,0.7904761904761904,420.0
55,0.1437644213438034,0.9445397257804871,0.4034443795681,0.8871327042579651,0.8871327254305975,0.8867710305159224,0.0003000000142492354,410.9209760000231,92120.0,224.1793565680493,0.6986607142857143,0.657563025210084,0.7452380952380953,420.0,0.9678188319427891,0.9689737470167065,0.9666666666666667,420.0,0.956826137689615,0.9382151029748284,0.9761904761904762,420.0,0.9544364508393286,0.961352657004831,0.9476190476190476,420.0,0.9282407407407408,0.9031531531531531,0.9547619047619048,420.0,0.9774614472123369,0.9739952718676123,0.9809523809523809,420.0,0.6319796954314721,0.6766304347826086,0.5928571428571429,420.0,0.9357142857142857,0.9357142857142857,0.9357142857142857,420.0,0.9741176470588235,0.9627906976744186,0.9857142857142858,420.0,0.645006016847172,0.6520681265206812,0.638095238095238,420.0,0.9243498817966903,0.9178403755868545,0.930952380952381,420.0,0.6191536748329621,0.5815899581589958,0.6619047619047619,420.0,0.970059880239521,0.9759036144578314,0.9642857142857143,420.0,0.565,0.5947368421052631,0.5380952380952381,420.0,0.9869513641755634,0.983451536643026,0.9904761904761905,420.0,0.9512761020881672,0.9276018099547512,0.9761904761904762,420.0,0.676962676962677,0.7366946778711485,0.6261904761904762,420.0,0.9619952494061758,0.9597156398104265,0.9642857142857143,420.0,0.9607609988109393,0.9596199524940617,0.9619047619047619,420.0,0.9716981132075471,0.9626168224299065,0.9809523809523809,420.0,0.9287410926365796,0.9265402843601895,0.930952380952381,420.0,0.9360189573459715,0.9316037735849056,0.9404761904761905,420.0,0.9113001215066828,0.9305210918114144,0.8928571428571429,420.0,0.9381563593932323,0.919908466819222,0.9571428571428572,420.0,0.9356014580801943,0.9553349875930521,0.9166666666666666,420.0,0.9771908763505402,0.9854721549636803,0.969047619047619,420.0,0.9627851140456183,0.9709443099273608,0.9547619047619048,420.0,0.9125748502994012,0.9180722891566265,0.9071428571428571,420.0,0.9209302325581394,0.9,0.9428571428571428,420.0,0.9125748502994012,0.9180722891566265,0.9071428571428571,420.0,0.9191797346200242,0.9315403422982885,0.9071428571428571,420.0,0.9735576923076923,0.9830097087378641,0.9642857142857143,420.0,0.9598108747044918,0.9530516431924883,0.9666666666666667,420.0,0.9763593380614657,0.9694835680751174,0.9833333333333333,420.0,0.6560364464692483,0.62882096069869,0.6857142857142857,420.0,0.7360594795539033,0.7674418604651163,0.7071428571428572,420.0,0.9536266349583828,0.9524940617577197,0.9547619047619048,420.0,0.930909090909091,0.9481481481481482,0.9142857142857143,420.0,0.6478527607361964,0.6683544303797468,0.6285714285714286,420.0,0.9495192307692308,0.9587378640776699,0.9404761904761905,420.0,0.9166666666666666,0.9166666666666666,0.9166666666666666,420.0,0.9284009546539379,0.930622009569378,0.9261904761904762,420.0,0.9265944645006017,0.9367396593673966,0.9166666666666666,420.0,0.9252669039145908,0.9219858156028369,0.9285714285714286,420.0,0.9649334945586456,0.9803439803439803,0.95,420.0,0.9502369668246446,0.9457547169811321,0.9547619047619048,420.0,0.7688838782412627,0.7301927194860813,0.8119047619047619,420.0
56,0.1428338587284088,0.9451476335525513,0.40566369891166687,0.8875886797904968,0.8875886524822697,0.8872686241411006,0.0003000000142492354,410.8413986249943,92120.0,224.22277868858296,0.687719298245614,0.6758620689655173,0.7,420.0,0.9691211401425178,0.966824644549763,0.9714285714285714,420.0,0.9578454332552693,0.9423963133640553,0.9738095238095238,420.0,0.9577804583835947,0.9706601466992665,0.9452380952380952,420.0,0.9355216881594373,0.9214780600461894,0.95,420.0,0.9785202863961813,0.9808612440191388,0.9761904761904762,420.0,0.6274509803921569,0.6956521739130435,0.5714285714285714,420.0,0.9346016646848989,0.9334916864608076,0.9357142857142857,420.0,0.9752650176678446,0.965034965034965,0.9857142857142858,420.0,0.6506329113924051,0.6945945945945946,0.611904761904762,420.0,0.9274673008323424,0.9263657957244655,0.9285714285714286,420.0,0.635091496232508,0.5795677799607073,0.7023809523809523,420.0,0.9712230215827338,0.9782608695652174,0.9642857142857143,420.0,0.5587144622991347,0.5809768637532133,0.5380952380952381,420.0,0.9869513641755634,0.983451536643026,0.9904761904761905,420.0,0.9450800915331806,0.9096916299559471,0.9833333333333333,420.0,0.692588092345079,0.707196029776675,0.6785714285714286,420.0,0.9631391200951248,0.9619952494061758,0.9642857142857143,420.0,0.9594272076372317,0.9617224880382775,0.9571428571428572,420.0,0.9694117647058823,0.958139534883721,0.9809523809523809,420.0,0.9298454221165279,0.9287410926365796,0.930952380952381,420.0,0.9411764705882352,0.9302325581395349,0.9523809523809523,420.0,0.9155446756425948,0.9420654911838791,0.8904761904761904,420.0,0.9347568208778173,0.9314420803782506,0.9380952380952381,420.0,0.9341317365269461,0.9397590361445783,0.9285714285714286,420.0,0.9760191846522781,0.9830917874396136,0.969047619047619,420.0,0.9603841536614645,0.9685230024213075,0.9523809523809523,420.0,0.9082240762812873,0.9093078758949881,0.9071428571428571,420.0,0.9275028768699655,0.8975501113585747,0.9595238095238096,420.0,0.9142857142857143,0.9142857142857143,0.9142857142857143,420.0,0.9204819277108435,0.9317073170731708,0.9095238095238095,420.0,0.970059880239521,0.9759036144578314,0.9642857142857143,420.0,0.9585798816568047,0.9529411764705882,0.9642857142857143,420.0,0.9740566037735848,0.9649532710280374,0.9833333333333333,420.0,0.6711111111111112,0.6291666666666667,0.719047619047619,420.0,0.7328431372549019,0.7550505050505051,0.7119047619047619,420.0,0.9512485136741974,0.9501187648456056,0.9523809523809523,420.0,0.929440389294404,0.9502487562189055,0.9095238095238095,420.0,0.6440677966101694,0.6551724137931034,0.6333333333333333,420.0,0.9455864570737607,0.9606879606879607,0.930952380952381,420.0,0.9204819277108435,0.9317073170731708,0.9095238095238095,420.0,0.9271206690561529,0.9304556354916067,0.9238095238095239,420.0,0.9278846153846153,0.9368932038834952,0.919047619047619,420.0,0.9265402843601896,0.9221698113207547,0.930952380952381,420.0,0.9651022864019255,0.975669099756691,0.9547619047619048,420.0,0.9494712103407755,0.9373549883990719,0.9619047619047619,420.0,0.7621247113163973,0.7399103139013453,0.7857142857142857,420.0
57,0.1422656774520874,0.9449522495269775,0.40893983840942383,0.8873353600502014,0.8873353596757853,0.8869856685565998,0.0003000000142492354,410.9852775000036,92120.0,224.1442821513216,0.7044711014176663,0.6498993963782697,0.7690476190476191,420.0,0.9739336492890995,0.9693396226415094,0.9785714285714285,420.0,0.9576470588235293,0.9465116279069767,0.969047619047619,420.0,0.9554753309265944,0.9659367396593674,0.9452380952380952,420.0,0.9347319347319347,0.9155251141552512,0.9547619047619048,420.0,0.9750889679715302,0.9716312056737588,0.9785714285714285,420.0,0.6266829865361078,0.6448362720403022,0.6095238095238096,420.0,0.9357142857142857,0.9357142857142857,0.9357142857142857,420.0,0.9764150943396227,0.9672897196261683,0.9857142857142858,420.0,0.6641414141414141,0.706989247311828,0.6261904761904762,420.0,0.9238095238095239,0.9238095238095239,0.9238095238095239,420.0,0.6466942148760332,0.5711678832116789,0.7452380952380953,420.0,0.9723889555822329,0.9806295399515739,0.9642857142857143,420.0,0.5574193548387096,0.6084507042253521,0.5142857142857142,420.0,0.9869513641755634,0.983451536643026,0.9904761904761905,420.0,0.9500580720092915,0.927437641723356,0.9738095238095238,420.0,0.6701708278580815,0.7478005865102639,0.6071428571428571,420.0,0.9619952494061758,0.9597156398104265,0.9642857142857143,420.0,0.9595238095238096,0.9595238095238096,0.9595238095238096,420.0,0.9728453364817001,0.9648711943793911,0.9809523809523809,420.0,0.9274673008323424,0.9263657957244655,0.9285714285714286,420.0,0.9378663540445485,0.9237875288683602,0.9523809523809523,420.0,0.9108669108669109,0.9348370927318296,0.888095238095238,420.0,0.935672514619883,0.9195402298850575,0.9523809523809523,420.0,0.932853717026379,0.9396135265700483,0.9261904761904762,420.0,0.9734939759036144,0.9853658536585366,0.9619047619047619,420.0,0.9627851140456183,0.9709443099273608,0.9547619047619048,420.0,0.9146341463414636,0.9375,0.8928571428571429,420.0,0.9214780600461894,0.8946188340807175,0.95,420.0,0.9129916567342075,0.9140811455847255,0.9119047619047619,420.0,0.9159561510353227,0.9376558603491272,0.8952380952380953,420.0,0.9734939759036144,0.9853658536585366,0.9619047619047619,420.0,0.9598108747044918,0.9530516431924883,0.9666666666666667,420.0,0.9752066115702478,0.9672131147540983,0.9833333333333333,420.0,0.6276346604215456,0.6175115207373272,0.638095238095238,420.0,0.7305699481865284,0.8011363636363636,0.6714285714285714,420.0,0.9535160905840284,0.954653937947494,0.9523809523809523,420.0,0.9326923076923078,0.941747572815534,0.9238095238095239,420.0,0.6464891041162227,0.6576354679802956,0.6357142857142857,420.0,0.9481302774427021,0.960880195599022,0.9357142857142857,420.0,0.9217809867629362,0.9318734793187348,0.9119047619047619,420.0,0.9268867924528302,0.9182242990654206,0.9357142857142857,420.0,0.9277108433734941,0.9390243902439024,0.9166666666666666,420.0,0.9257950530035335,0.916083916083916,0.9357142857142857,420.0,0.9635922330097086,0.9826732673267327,0.9452380952380952,420.0,0.9517078916372202,0.9417249417249417,0.9619047619047619,420.0,0.7710843373493975,0.7139959432048681,0.8380952380952381,420.0
58,0.1419641077518463,0.9448545575141907,0.4068538248538971,0.8879432678222656,0.8879432624113474,0.8874946453862652,0.0003000000142492354,410.83725595800206,92120.0,224.2250396332532,0.7042253521126761,0.6461232604373758,0.7738095238095238,420.0,0.9702734839476813,0.9691211401425178,0.9714285714285714,420.0,0.9612220916568742,0.9489559164733179,0.9738095238095238,420.0,0.9589371980676329,0.9730392156862745,0.9452380952380952,420.0,0.9339513325608343,0.909706546275395,0.9595238095238096,420.0,0.9762470308788598,0.9739336492890995,0.9785714285714285,420.0,0.6283524904214559,0.6776859504132231,0.5857142857142857,420.0,0.9323843416370108,0.9290780141843972,0.9357142857142857,420.0,0.9787234042553192,0.971830985915493,0.9857142857142858,420.0,0.6634382566585956,0.6748768472906403,0.6523809523809524,420.0,0.9282296650717704,0.9326923076923077,0.9238095238095239,420.0,0.6378600823045267,0.5615942028985508,0.7380952380952381,420.0,0.9724550898203592,0.9783132530120482,0.9666666666666667,420.0,0.5501355013550135,0.6383647798742138,0.48333333333333334,420.0,0.9869513641755634,0.983451536643026,0.9904761904761905,420.0,0.9502890173410405,0.9235955056179775,0.9785714285714285,420.0,0.6622340425531914,0.75,0.5928571428571429,420.0,0.9619952494061758,0.9597156398104265,0.9642857142857143,420.0,0.9555822328931571,0.9636803874092009,0.9476190476190476,420.0,0.9716981132075471,0.9626168224299065,0.9809523809523809,420.0,0.9285714285714286,0.9285714285714286,0.9285714285714286,420.0,0.9374262101534828,0.9297423887587822,0.9452380952380952,420.0,0.9097560975609754,0.9325,0.888095238095238,420.0,0.936470588235294,0.9255813953488372,0.9476190476190476,420.0,0.9326923076923078,0.941747572815534,0.9238095238095239,420.0,0.9760191846522781,0.9830917874396136,0.969047619047619,420.0,0.9616306954436451,0.9685990338164251,0.9547619047619048,420.0,0.9112709832134293,0.9178743961352657,0.9047619047619048,420.0,0.917728852838934,0.8939051918735892,0.9428571428571428,420.0,0.9164677804295943,0.9186602870813397,0.9142857142857143,420.0,0.9178743961352657,0.9313725490196079,0.9047619047619048,420.0,0.9712230215827338,0.9782608695652174,0.9642857142857143,420.0,0.9600000000000001,0.9488372093023256,0.9714285714285714,420.0,0.9775147928994082,0.971764705882353,0.9833333333333333,420.0,0.6583990980834271,0.6252676659528907,0.6952380952380952,420.0,0.7355163727959698,0.7807486631016043,0.6952380952380952,420.0,0.9546539379474941,0.9569377990430622,0.9523809523809523,420.0,0.9301204819277108,0.9414634146341463,0.919047619047619,420.0,0.651497005988024,0.655421686746988,0.6476190476190476,420.0,0.9468599033816426,0.9607843137254902,0.9333333333333333,420.0,0.9210526315789473,0.9254807692307693,0.9166666666666666,420.0,0.930952380952381,0.930952380952381,0.930952380952381,420.0,0.9280575539568345,0.9347826086956522,0.9214285714285714,420.0,0.9312796208530806,0.9268867924528302,0.9357142857142857,420.0,0.9648484848484848,0.9827160493827161,0.9476190476190476,420.0,0.9504716981132075,0.9415887850467289,0.9595238095238096,420.0,0.7687074829931972,0.7337662337662337,0.8071428571428572,420.0
59,0.14100119471549988,0.9456035494804382,0.40906450152397156,0.8883991837501526,0.8883991894630191,0.8878989271566976,0.0003000000142492354,410.86333095800364,92120.0,224.21080943194718,0.7058823529411765,0.6506024096385542,0.7714285714285715,420.0,0.9678188319427891,0.9689737470167065,0.9666666666666667,420.0,0.9600000000000001,0.9488372093023256,0.9714285714285714,420.0,0.9567307692307693,0.9660194174757282,0.9476190476190476,420.0,0.936768149882904,0.9216589861751152,0.9523809523809523,420.0,0.9774614472123369,0.9739952718676123,0.9809523809523809,420.0,0.6210526315789473,0.6941176470588235,0.5619047619047619,420.0,0.9346016646848989,0.9334916864608076,0.9357142857142857,420.0,0.9741176470588235,0.9627906976744186,0.9857142857142858,420.0,0.6633165829145728,0.7021276595744681,0.6285714285714286,420.0,0.9267139479905437,0.92018779342723,0.9333333333333333,420.0,0.6450304259634888,0.5618374558303887,0.7571428571428571,420.0,0.970131421744325,0.973621103117506,0.9666666666666667,420.0,0.5530201342281879,0.6338461538461538,0.49047619047619045,420.0,0.9869513641755634,0.983451536643026,0.9904761904761905,420.0,0.9504036908881199,0.9217002237136466,0.9809523809523809,420.0,0.6701570680628273,0.7441860465116279,0.6095238095238096,420.0,0.9619047619047619,0.9619047619047619,0.9619047619047619,420.0,0.9568345323741007,0.9637681159420289,0.95,420.0,0.9705535924617196,0.9603729603729604,0.9809523809523809,420.0,0.9271206690561529,0.9304556354916067,0.9238095238095239,420.0,0.9399293286219081,0.9300699300699301,0.95,420.0,0.9119804400977994,0.9371859296482412,0.888095238095238,420.0,0.9386792452830189,0.9299065420560748,0.9476190476190476,420.0,0.933655006031363,0.9462102689486552,0.9214285714285714,420.0,0.9771908763505402,0.9854721549636803,0.969047619047619,420.0,0.9603841536614645,0.9685230024213075,0.9523809523809523,420.0,0.9152542372881356,0.9310344827586207,0.9,420.0,0.9216589861751151,0.8928571428571429,0.9523809523809523,420.0,0.9140811455847255,0.916267942583732,0.9119047619047619,420.0,0.9179926560587517,0.9445843828715366,0.8928571428571429,420.0,0.970059880239521,0.9759036144578314,0.9642857142857143,420.0,0.9609467455621302,0.9552941176470588,0.9666666666666667,420.0,0.9739952718676123,0.9671361502347418,0.9809523809523809,420.0,0.6695938529088913,0.6211812627291242,0.7261904761904762,420.0,0.7297297297297298,0.7538071065989848,0.7071428571428572,420.0,0.953405017921147,0.9568345323741008,0.95,420.0,0.9334945586457074,0.9484029484029484,0.919047619047619,420.0,0.6480582524271845,0.6608910891089109,0.6357142857142857,420.0,0.9507803121248499,0.9588377723970944,0.9428571428571428,420.0,0.9230769230769231,0.9320388349514563,0.9142857142857143,420.0,0.9290780141843971,0.9225352112676056,0.9357142857142857,420.0,0.9258373205741627,0.9302884615384616,0.9214285714285714,420.0,0.9319248826291079,0.9189814814814815,0.9452380952380952,420.0,0.963768115942029,0.9779411764705882,0.95,420.0,0.9515938606847698,0.9437939110070258,0.9595238095238096,420.0,0.7685290763968073,0.737417943107221,0.8023809523809524,420.0
60,0.14050805568695068,0.9459183812141418,0.4099216163158417,0.8874366879463196,0.8874366767983786,0.8872341989478452,0.0003000000142492354,410.6736791250296,92120.0,224.31435147309276,0.6714456391875746,0.6738609112709832,0.669047619047619,420.0,0.9678188319427891,0.9689737470167065,0.9666666666666667,420.0,0.9586776859504132,0.9508196721311475,0.9666666666666667,420.0,0.9554753309265944,0.9659367396593674,0.9452380952380952,420.0,0.9352179034157831,0.9254079254079254,0.9452380952380952,420.0,0.9774078478002378,0.9762470308788599,0.9785714285714285,420.0,0.6250000000000001,0.6730769230769231,0.5833333333333334,420.0,0.9347568208778173,0.9314420803782506,0.9380952380952381,420.0,0.972972972972973,0.9605568445475638,0.9857142857142858,420.0,0.6545454545454545,0.6666666666666666,0.6428571428571429,420.0,0.9241706161137441,0.9198113207547169,0.9285714285714286,420.0,0.6095017381228274,0.5936794582392777,0.6261904761904762,420.0,0.9724550898203592,0.9783132530120482,0.9666666666666667,420.0,0.5802615933412605,0.5795724465558195,0.580952380952381,420.0,0.9869513641755634,0.983451536643026,0.9904761904761905,420.0,0.9512761020881672,0.9276018099547512,0.9761904761904762,420.0,0.695754716981132,0.6892523364485982,0.7023809523809523,420.0,0.9619047619047619,0.9619047619047619,0.9619047619047619,420.0,0.9594272076372317,0.9617224880382775,0.9571428571428572,420.0,0.9728453364817001,0.9648711943793911,0.9809523809523809,420.0,0.9307875894988067,0.9330143540669856,0.9285714285714286,420.0,0.9410377358490566,0.9322429906542056,0.95,420.0,0.9146341463414636,0.9375,0.8928571428571429,420.0,0.9377203290246768,0.925754060324826,0.95,420.0,0.9325301204819277,0.9439024390243902,0.9214285714285714,420.0,0.9771908763505402,0.9854721549636803,0.969047619047619,420.0,0.9603841536614645,0.9685230024213075,0.9523809523809523,420.0,0.9108433734939759,0.9219512195121952,0.9,420.0,0.9250288350634372,0.8970917225950783,0.9547619047619048,420.0,0.9144893111638955,0.9123222748815166,0.9166666666666666,420.0,0.9170731707317075,0.94,0.8952380952380953,420.0,0.9711538461538461,0.9805825242718447,0.9619047619047619,420.0,0.9621749408983451,0.9553990610328639,0.969047619047619,420.0,0.9752066115702478,0.9672131147540983,0.9833333333333333,420.0,0.6568516421291053,0.6263498920086393,0.6904761904761905,420.0,0.7376237623762377,0.7680412371134021,0.7095238095238096,420.0,0.9558998808104887,0.9570405727923628,0.9547619047619048,420.0,0.9302884615384615,0.9393203883495146,0.9214285714285714,420.0,0.6462668298653611,0.6649874055415617,0.6285714285714286,420.0,0.9471153846153847,0.9563106796116505,0.9380952380952381,420.0,0.921968787515006,0.9297820823244553,0.9142857142857143,420.0,0.9301775147928995,0.9247058823529412,0.9357142857142857,420.0,0.9258373205741627,0.9302884615384616,0.9214285714285714,420.0,0.928150765606596,0.9184149184149184,0.9380952380952381,420.0,0.963768115942029,0.9779411764705882,0.95,420.0,0.9483568075117371,0.9351851851851852,0.9619047619047619,420.0,0.7695800227014756,0.735357917570499,0.8071428571428572,420.0
61,0.13980801403522491,0.9462657570838928,0.4138968586921692,0.8855116367340088,0.885511651469098,0.8854577656955496,0.0003000000142492354,410.87074174999725,92120.0,224.20676538718425,0.6889400921658986,0.6674107142857143,0.7119047619047619,420.0,0.969047619047619,0.969047619047619,0.969047619047619,420.0,0.9577464788732395,0.9444444444444444,0.9714285714285714,420.0,0.9567307692307693,0.9660194174757282,0.9476190476190476,420.0,0.9334889148191367,0.9153318077803204,0.9523809523809523,420.0,0.9773539928486293,0.9785202863961814,0.9761904761904762,420.0,0.6297662976629766,0.6513994910941476,0.6095238095238096,420.0,0.933649289099526,0.9292452830188679,0.9380952380952381,420.0,0.9764150943396227,0.9672897196261683,0.9857142857142858,420.0,0.6566791510611735,0.6902887139107612,0.6261904761904762,420.0,0.927810650887574,0.9223529411764706,0.9333333333333333,420.0,0.6415094339622641,0.5730337078651685,0.7285714285714285,420.0,0.9712230215827338,0.9782608695652174,0.9642857142857143,420.0,0.5544041450777202,0.6079545454545454,0.5095238095238095,420.0,0.9869513641755634,0.983451536643026,0.9904761904761905,420.0,0.9504036908881199,0.9217002237136466,0.9809523809523809,420.0,0.6873449131513648,0.7176165803108808,0.6595238095238095,420.0,0.9619047619047619,0.9619047619047619,0.9619047619047619,420.0,0.9544364508393286,0.961352657004831,0.9476190476190476,420.0,0.9694117647058823,0.958139534883721,0.9809523809523809,420.0,0.9280575539568345,0.9347826086956522,0.9214285714285714,420.0,0.9333333333333333,0.9333333333333333,0.9333333333333333,420.0,0.910411622276029,0.9261083743842364,0.8952380952380953,420.0,0.9374262101534828,0.9297423887587822,0.9452380952380952,420.0,0.9354066985645934,0.9399038461538461,0.930952380952381,420.0,0.9760191846522781,0.9830917874396136,0.969047619047619,420.0,0.9617224880382775,0.9663461538461539,0.9571428571428572,420.0,0.9150485436893204,0.9331683168316832,0.8976190476190476,420.0,0.9209302325581394,0.9,0.9428571428571428,420.0,0.9164677804295943,0.9186602870813397,0.9142857142857143,420.0,0.9193154034229829,0.9447236180904522,0.8952380952380953,420.0,0.9712230215827338,0.9782608695652174,0.9642857142857143,420.0,0.9621749408983451,0.9553990610328639,0.969047619047619,420.0,0.9739952718676123,0.9671361502347418,0.9809523809523809,420.0,0.6340326340326341,0.6210045662100456,0.6476190476190476,420.0,0.7244897959183673,0.7802197802197802,0.6761904761904762,420.0,0.9546539379474941,0.9569377990430622,0.9523809523809523,420.0,0.9312424607961399,0.9437652811735942,0.919047619047619,420.0,0.6402569593147752,0.5817120622568094,0.7119047619047619,420.0,0.9481302774427021,0.960880195599022,0.9357142857142857,420.0,0.915576694411415,0.9144893111638955,0.9166666666666666,420.0,0.9256198347107439,0.9180327868852459,0.9333333333333333,420.0,0.9284009546539379,0.930622009569378,0.9261904761904762,420.0,0.9261430246189918,0.9122401847575058,0.9404761904761905,420.0,0.9661016949152542,0.9827586206896551,0.95,420.0,0.9505882352941177,0.9395348837209302,0.9619047619047619,420.0,0.7245283018867925,0.768,0.6857142857142857,420.0
62,0.13903719186782837,0.9455601572990417,0.41124311089515686,0.8867274522781372,0.886727456940223,0.8862692244043963,0.0003000000142492354,410.8693075000192,92120.0,224.20754804128487,0.706533776301218,0.660455486542443,0.7595238095238095,420.0,0.9678188319427891,0.9689737470167065,0.9666666666666667,420.0,0.9577464788732395,0.9444444444444444,0.9714285714285714,420.0,0.9580838323353292,0.963855421686747,0.9523809523809523,420.0,0.9345794392523364,0.9174311926605505,0.9523809523809523,420.0,0.9750297265160522,0.9738717339667459,0.9761904761904762,420.0,0.6269368295589989,0.6276849642004774,0.6261904761904762,420.0,0.9327036599763872,0.9250585480093677,0.9404761904761905,420.0,0.9752650176678446,0.965034965034965,0.9857142857142858,420.0,0.6503067484662577,0.6708860759493671,0.6309523809523809,420.0,0.9232585596221959,0.9156908665105387,0.930952380952381,420.0,0.6329113924050633,0.5681818181818182,0.7142857142857143,420.0,0.9712230215827338,0.9782608695652174,0.9642857142857143,420.0,0.5504587155963303,0.6122448979591837,0.5,420.0,0.9869513641755634,0.983451536643026,0.9904761904761905,420.0,0.9489559164733179,0.9253393665158371,0.9738095238095238,420.0,0.6804123711340206,0.7415730337078652,0.6285714285714286,420.0,0.9619047619047619,0.9619047619047619,0.9619047619047619,420.0,0.955794504181601,0.9592326139088729,0.9523809523809523,420.0,0.9716981132075471,0.9626168224299065,0.9809523809523809,420.0,0.929510155316607,0.9328537170263789,0.9261904761904762,420.0,0.9397874852420307,0.9320843091334895,0.9476190476190476,420.0,0.9093078758949881,0.9114832535885168,0.9071428571428571,420.0,0.9355216881594373,0.9214780600461894,0.95,420.0,0.9339735894357742,0.9418886198547215,0.9261904761904762,420.0,0.9771908763505402,0.9854721549636803,0.969047619047619,420.0,0.9592326139088728,0.966183574879227,0.9523809523809523,420.0,0.9149700598802396,0.9204819277108434,0.9095238095238095,420.0,0.9198113207547169,0.9112149532710281,0.9285714285714286,420.0,0.9160671462829736,0.9227053140096618,0.9095238095238095,420.0,0.9200492004920049,0.9516539440203562,0.8904761904761904,420.0,0.970059880239521,0.9759036144578314,0.9642857142857143,420.0,0.9598108747044918,0.9530516431924883,0.9666666666666667,420.0,0.9752066115702478,0.9672131147540983,0.9833333333333333,420.0,0.6094316807738814,0.6191646191646192,0.6,420.0,0.7303921568627451,0.7525252525252525,0.7095238095238096,420.0,0.953405017921147,0.9568345323741008,0.95,420.0,0.9314079422382672,0.9416058394160584,0.9214285714285714,420.0,0.6493184634448574,0.6770025839793282,0.6238095238095238,420.0,0.9493975903614458,0.9609756097560975,0.9380952380952381,420.0,0.9206730769230769,0.9296116504854369,0.9119047619047619,420.0,0.9296781883194278,0.9307875894988067,0.9285714285714286,420.0,0.9304556354916068,0.9371980676328503,0.9238095238095239,420.0,0.9336437718277066,0.9134396355353075,0.9547619047619048,420.0,0.9650180940892641,0.9779951100244498,0.9523809523809523,420.0,0.9502369668246446,0.9457547169811321,0.9547619047619048,420.0,0.7725225225225225,0.7329059829059829,0.8166666666666667,420.0
63,0.13840098679065704,0.9461571574211121,0.41331160068511963,0.8872846961021423,0.8872847011144881,0.8866816468394535,0.0003000000142492354,411.02281824999955,92120.0,224.123809943732,0.7104984093319195,0.6405353728489483,0.7976190476190477,420.0,0.9702734839476813,0.9691211401425178,0.9714285714285714,420.0,0.9587750294464076,0.9487179487179487,0.969047619047619,420.0,0.9591346153846154,0.9684466019417476,0.95,420.0,0.9355216881594373,0.9214780600461894,0.95,420.0,0.9762470308788598,0.9739336492890995,0.9785714285714285,420.0,0.6219974715549937,0.6630727762803235,0.5857142857142857,420.0,0.9297423887587822,0.9147465437788018,0.9452380952380952,420.0,0.971830985915493,0.9583333333333334,0.9857142857142858,420.0,0.660996354799514,0.674937965260546,0.6476190476190476,420.0,0.9267139479905437,0.92018779342723,0.9333333333333333,420.0,0.646755921730175,0.5698729582577132,0.7476190476190476,420.0,0.9724550898203592,0.9783132530120482,0.9666666666666667,420.0,0.5526675786593707,0.6495176848874598,0.48095238095238096,420.0,0.9869513641755634,0.983451536643026,0.9904761904761905,420.0,0.9516129032258064,0.921875,0.9833333333333333,420.0,0.6540027137042063,0.7602523659305994,0.5738095238095238,420.0,0.9606674612634089,0.9618138424821002,0.9595238095238096,420.0,0.9583828775267539,0.9572446555819477,0.9595238095238096,420.0,0.9739952718676123,0.9671361502347418,0.9809523809523809,420.0,0.929510155316607,0.9328537170263789,0.9261904761904762,420.0,0.9410377358490566,0.9322429906542056,0.95,420.0,0.9115151515151515,0.928395061728395,0.8952380952380953,420.0,0.9407582938388626,0.9363207547169812,0.9452380952380952,420.0,0.9341317365269461,0.9397590361445783,0.9285714285714286,420.0,0.9771908763505402,0.9854721549636803,0.969047619047619,420.0,0.9593301435406699,0.9639423076923077,0.9547619047619048,420.0,0.9129916567342075,0.9140811455847255,0.9119047619047619,420.0,0.9198606271777003,0.8979591836734694,0.9428571428571428,420.0,0.9125748502994012,0.9180722891566265,0.9071428571428571,420.0,0.9179926560587517,0.9445843828715366,0.8928571428571429,420.0,0.9688249400479616,0.9758454106280193,0.9619047619047619,420.0,0.9621749408983451,0.9553990610328639,0.969047619047619,420.0,0.9752066115702478,0.9672131147540983,0.9833333333333333,420.0,0.6484018264840182,0.6228070175438597,0.6761904761904762,420.0,0.7299630086313194,0.7570332480818415,0.7047619047619048,420.0,0.9558998808104887,0.9570405727923628,0.9547619047619048,420.0,0.9322033898305084,0.9482758620689655,0.9166666666666666,420.0,0.6452380952380953,0.6452380952380953,0.6452380952380953,420.0,0.9468599033816426,0.9607843137254902,0.9333333333333333,420.0,0.9221556886227544,0.927710843373494,0.9166666666666666,420.0,0.930622009569378,0.9350961538461539,0.9261904761904762,420.0,0.9280575539568345,0.9347826086956522,0.9214285714285714,420.0,0.9243498817966903,0.9178403755868545,0.930952380952381,420.0,0.9649334945586456,0.9803439803439803,0.95,420.0,0.9483568075117371,0.9351851851851852,0.9619047619047619,420.0,0.7546728971962616,0.7408256880733946,0.7690476190476191,420.0
64,0.1378382295370102,0.9464502930641174,0.4135248363018036,0.8863728642463684,0.8863728470111448,0.8861282945522897,0.0003000000142492354,410.8938340409659,92120.0,224.1941649355967,0.7039106145251397,0.6631578947368421,0.75,420.0,0.9714964370546318,0.9691943127962085,0.9738095238095238,420.0,0.956419316843345,0.9463869463869464,0.9666666666666667,420.0,0.9592326139088728,0.966183574879227,0.9523809523809523,420.0,0.9347319347319347,0.9155251141552512,0.9547619047619048,420.0,0.9773539928486293,0.9785202863961814,0.9761904761904762,420.0,0.6248462484624846,0.6463104325699746,0.6047619047619047,420.0,0.9316037735849058,0.9228971962616822,0.9404761904761905,420.0,0.9764150943396227,0.9672897196261683,0.9857142857142858,420.0,0.641711229946524,0.7317073170731707,0.5714285714285714,420.0,0.9311163895486937,0.9289099526066351,0.9333333333333333,420.0,0.6353421859039837,0.556350626118068,0.7404761904761905,420.0,0.9724550898203592,0.9783132530120482,0.9666666666666667,420.0,0.5531914893617021,0.58311345646438,0.5261904761904762,420.0,0.9869513641755634,0.983451536643026,0.9904761904761905,420.0,0.9470046082949309,0.9174107142857143,0.9785714285714285,420.0,0.6846153846153846,0.7416666666666667,0.6357142857142857,420.0,0.9619047619047619,0.9619047619047619,0.9619047619047619,420.0,0.951923076923077,0.9611650485436893,0.9428571428571428,420.0,0.9716981132075471,0.9626168224299065,0.9809523809523809,420.0,0.9267707082833133,0.9346246973365617,0.919047619047619,420.0,0.9330143540669856,0.9375,0.9285714285714286,420.0,0.9090909090909091,0.9259259259259259,0.8928571428571429,420.0,0.9410377358490566,0.9322429906542056,0.95,420.0,0.9349397590361446,0.9463414634146341,0.9238095238095239,420.0,0.9771908763505402,0.9854721549636803,0.969047619047619,420.0,0.9603841536614645,0.9685230024213075,0.9523809523809523,420.0,0.9090909090909091,0.9134615384615384,0.9047619047619048,420.0,0.9221835075493613,0.9002267573696145,0.9452380952380952,420.0,0.9160671462829736,0.9227053140096618,0.9095238095238095,420.0,0.9159561510353227,0.9376558603491272,0.8952380952380953,420.0,0.970059880239521,0.9759036144578314,0.9642857142857143,420.0,0.9599056603773584,0.9509345794392523,0.969047619047619,420.0,0.9739952718676123,0.9671361502347418,0.9809523809523809,420.0,0.6269005847953216,0.6160919540229886,0.638095238095238,420.0,0.7329974811083123,0.7780748663101604,0.6928571428571428,420.0,0.9546539379474941,0.9569377990430622,0.9523809523809523,420.0,0.9322033898305084,0.9482758620689655,0.9166666666666666,420.0,0.6539833531510106,0.6532066508313539,0.6547619047619048,420.0,0.9493975903614458,0.9609756097560975,0.9380952380952381,420.0,0.9140164899882215,0.9044289044289044,0.9238095238095239,420.0,0.9301775147928995,0.9247058823529412,0.9357142857142857,420.0,0.9271206690561529,0.9304556354916067,0.9238095238095239,420.0,0.9257950530035335,0.916083916083916,0.9357142857142857,420.0,0.963768115942029,0.9779411764705882,0.95,420.0,0.949232585596222,0.9414519906323185,0.9571428571428572,420.0,0.7641723356009071,0.7294372294372294,0.8023809523809524,420.0
65,0.1374424546957016,0.946504533290863,0.4149826169013977,0.8879432678222656,0.8879432624113474,0.8875029510672439,0.0003000000142492354,410.6489690419985,92120.0,224.32784919661776,0.6947608200455582,0.665938864628821,0.7261904761904762,420.0,0.9714964370546318,0.9691943127962085,0.9738095238095238,420.0,0.9566236811254396,0.9422632794457275,0.9714285714285714,420.0,0.957983193277311,0.9661016949152542,0.95,420.0,0.9336437718277066,0.9134396355353075,0.9547619047619048,420.0,0.9774078478002378,0.9762470308788599,0.9785714285714285,420.0,0.6159895150720839,0.685131195335277,0.5595238095238095,420.0,0.9366786140979689,0.9400479616306955,0.9333333333333333,420.0,0.9752650176678446,0.965034965034965,0.9857142857142858,420.0,0.6560587515299878,0.6750629722921915,0.638095238095238,420.0,0.9269461077844311,0.9325301204819277,0.9214285714285714,420.0,0.6347177848775294,0.5741811175337187,0.7095238095238096,420.0,0.972520908004779,0.9760191846522782,0.969047619047619,420.0,0.5568326947637292,0.6005509641873278,0.5190476190476191,420.0,0.9869513641755634,0.983451536643026,0.9904761904761905,420.0,0.9491916859122401,0.92152466367713,0.9785714285714285,420.0,0.685069008782936,0.7241379310344828,0.65,420.0,0.9606674612634089,0.9618138424821002,0.9595238095238096,420.0,0.9571428571428572,0.9571428571428572,0.9571428571428572,420.0,0.9728453364817001,0.9648711943793911,0.9809523809523809,420.0,0.9263157894736842,0.9103448275862069,0.9428571428571428,420.0,0.9396449704142011,0.9341176470588235,0.9452380952380952,420.0,0.9119420989143546,0.9242053789731052,0.9,420.0,0.9377203290246768,0.925754060324826,0.95,420.0,0.9349397590361446,0.9463414634146341,0.9238095238095239,420.0,0.9771908763505402,0.9854721549636803,0.969047619047619,420.0,0.9604790419161676,0.9662650602409638,0.9547619047619048,420.0,0.9202898550724637,0.9338235294117647,0.9071428571428571,420.0,0.9250585480093676,0.9101382488479263,0.9404761904761905,420.0,0.9119047619047619,0.9119047619047619,0.9119047619047619,420.0,0.9160671462829736,0.9227053140096618,0.9095238095238095,420.0,0.9758454106280193,0.9901960784313726,0.9619047619047619,420.0,0.9598108747044918,0.9530516431924883,0.9666666666666667,420.0,0.9752066115702478,0.9672131147540983,0.9833333333333333,420.0,0.6629834254143646,0.6185567010309279,0.7142857142857143,420.0,0.7360774818401937,0.7487684729064039,0.7238095238095238,420.0,0.9546539379474941,0.9569377990430622,0.9523809523809523,420.0,0.9322033898305084,0.9482758620689655,0.9166666666666666,420.0,0.640506329113924,0.6837837837837838,0.6023809523809524,420.0,0.9507803121248499,0.9588377723970944,0.9428571428571428,420.0,0.9212410501193318,0.9234449760765551,0.919047619047619,420.0,0.9298454221165279,0.9287410926365796,0.930952380952381,420.0,0.9221411192214112,0.9427860696517413,0.9023809523809524,420.0,0.930011862396204,0.9267139479905437,0.9333333333333333,420.0,0.963768115942029,0.9779411764705882,0.95,420.0,0.9505882352941177,0.9395348837209302,0.9619047619047619,420.0,0.7666290868094701,0.728051391862955,0.8095238095238095,420.0
66,0.1367049664258957,0.9464502930641174,0.4166778028011322,0.8869807720184326,0.8869807497467072,0.8867880209305946,0.0003000000142492354,410.74595654098084,92120.0,224.27487972315322,0.6892523364485981,0.676605504587156,0.7023809523809523,420.0,0.9714964370546318,0.9691943127962085,0.9738095238095238,420.0,0.9566236811254396,0.9422632794457275,0.9714285714285714,420.0,0.957983193277311,0.9661016949152542,0.95,420.0,0.9319248826291079,0.9189814814814815,0.9452380952380952,420.0,0.9774078478002378,0.9762470308788599,0.9785714285714285,420.0,0.6229086229086228,0.6778711484593838,0.5761904761904761,420.0,0.9323843416370108,0.9290780141843972,0.9357142857142857,420.0,0.9706916764361078,0.9561200923787528,0.9857142857142858,420.0,0.6426735218508998,0.6983240223463687,0.5952380952380952,420.0,0.9267139479905437,0.92018779342723,0.9333333333333333,420.0,0.6111744583808437,0.5864332603938731,0.638095238095238,420.0,0.9735576923076923,0.9830097087378641,0.9642857142857143,420.0,0.5766590389016018,0.5550660792951542,0.6,420.0,0.9869513641755634,0.983451536643026,0.9904761904761905,420.0,0.9467592592592593,0.9211711711711712,0.9738095238095238,420.0,0.6957575757575758,0.7086419753086419,0.6833333333333333,420.0,0.9606674612634089,0.9618138424821002,0.9595238095238096,420.0,0.9545454545454546,0.9591346153846154,0.95,420.0,0.9739952718676123,0.9671361502347418,0.9809523809523809,420.0,0.9271206690561529,0.9304556354916067,0.9238095238095239,420.0,0.9396449704142011,0.9341176470588235,0.9452380952380952,420.0,0.9130966952264382,0.9395465994962217,0.888095238095238,420.0,0.9342723004694835,0.9212962962962963,0.9476190476190476,420.0,0.9315726290516207,0.9394673123486683,0.9238095238095239,420.0,0.9759615384615385,0.9854368932038835,0.9666666666666667,420.0,0.9594272076372317,0.9617224880382775,0.9571428571428572,420.0,0.9214026602176542,0.9361179361179361,0.9071428571428571,420.0,0.9264367816091954,0.8955555555555555,0.9595238095238096,420.0,0.919047619047619,0.919047619047619,0.919047619047619,420.0,0.9176755447941889,0.9334975369458128,0.9023809523809524,420.0,0.9746682750301568,0.9877750611246944,0.9619047619047619,420.0,0.9633136094674556,0.9576470588235294,0.969047619047619,420.0,0.9763593380614657,0.9694835680751174,0.9833333333333333,420.0,0.6576576576576577,0.6239316239316239,0.6952380952380952,420.0,0.7311827956989246,0.7338129496402878,0.7285714285714285,420.0,0.9521531100478469,0.9567307692307693,0.9476190476190476,420.0,0.9301204819277108,0.9414634146341463,0.919047619047619,420.0,0.6409937888198758,0.6701298701298701,0.6142857142857143,420.0,0.9507803121248499,0.9588377723970944,0.9428571428571428,420.0,0.9157769869513641,0.9125295508274232,0.919047619047619,420.0,0.930952380952381,0.930952380952381,0.930952380952381,420.0,0.9247311827956989,0.9280575539568345,0.9214285714285714,420.0,0.9279811097992915,0.9203747072599532,0.9357142857142857,420.0,0.963768115942029,0.9779411764705882,0.95,420.0,0.9503546099290779,0.9436619718309859,0.9571428571428572,420.0,0.7624565469293164,0.7426636568848759,0.7833333333333333,420.0
67,0.13595302402973175,0.9470255970954895,0.41806066036224365,0.8863222002983093,0.8863221884498478,0.8859850067796795,0.0003000000142492354,411.14707700000145,92120.0,224.0560742208552,0.6561360874848117,0.6699751861042184,0.6428571428571429,420.0,0.9666666666666667,0.9666666666666667,0.9666666666666667,420.0,0.955607476635514,0.9380733944954128,0.9738095238095238,420.0,0.9554753309265944,0.9659367396593674,0.9452380952380952,420.0,0.9328621908127208,0.9230769230769231,0.9428571428571428,420.0,0.9761904761904762,0.9761904761904762,0.9761904761904762,420.0,0.6202531645569621,0.6621621621621622,0.5833333333333334,420.0,0.9371293001186239,0.933806146572104,0.9404761904761905,420.0,0.972972972972973,0.9605568445475638,0.9857142857142858,420.0,0.6600985221674877,0.6836734693877551,0.638095238095238,420.0,0.9257950530035335,0.916083916083916,0.9357142857142857,420.0,0.6208425720620843,0.5809128630705395,0.6666666666666666,420.0,0.9712918660287081,0.9759615384615384,0.9666666666666667,420.0,0.5654320987654321,0.5871794871794872,0.5452380952380952,420.0,0.9869513641755634,0.983451536643026,0.9904761904761905,420.0,0.9482163406214039,0.9175946547884187,0.9809523809523809,420.0,0.6922183507549361,0.6757369614512472,0.7095238095238096,420.0,0.9606674612634089,0.9618138424821002,0.9595238095238096,420.0,0.9584816132858838,0.9550827423167849,0.9619047619047619,420.0,0.9751479289940828,0.9694117647058823,0.9809523809523809,420.0,0.9252669039145908,0.9219858156028369,0.9285714285714286,420.0,0.9389671361502347,0.9259259259259259,0.9523809523809523,420.0,0.9121951219512194,0.935,0.8904761904761904,420.0,0.9382422802850356,0.9360189573459715,0.9404761904761905,420.0,0.9331742243436754,0.9354066985645934,0.930952380952381,420.0,0.9759615384615385,0.9854368932038835,0.9666666666666667,420.0,0.9592326139088728,0.966183574879227,0.9523809523809523,420.0,0.9152542372881356,0.9310344827586207,0.9,420.0,0.9237875288683602,0.8968609865470852,0.9523809523809523,420.0,0.9179548156956006,0.9168646080760094,0.919047619047619,420.0,0.9177914110429447,0.9468354430379747,0.8904761904761904,420.0,0.9723225030084236,0.9829683698296837,0.9619047619047619,420.0,0.9599056603773584,0.9509345794392523,0.969047619047619,420.0,0.9752066115702478,0.9672131147540983,0.9833333333333333,420.0,0.6445714285714286,0.6197802197802198,0.6714285714285714,420.0,0.7321428571428571,0.7884615384615384,0.6833333333333333,420.0,0.9547619047619048,0.9547619047619048,0.9547619047619048,420.0,0.9310761789600966,0.9459459459459459,0.9166666666666666,420.0,0.6462668298653611,0.6649874055415617,0.6285714285714286,420.0,0.9493975903614458,0.9609756097560975,0.9380952380952381,420.0,0.9197604790419162,0.9253012048192771,0.9142857142857143,420.0,0.9267139479905437,0.92018779342723,0.9333333333333333,420.0,0.9227053140096617,0.9362745098039216,0.9095238095238095,420.0,0.9308323563892145,0.9168591224018475,0.9452380952380952,420.0,0.9636803874092009,0.9802955665024631,0.9476190476190476,420.0,0.9493521790341578,0.9393939393939394,0.9595238095238096,420.0,0.7663344407530454,0.7163561076604554,0.8238095238095238,420.0
68,0.13530601561069489,0.9471775889396667,0.4209604263305664,0.8849543929100037,0.8849544072948325,0.8848141934291368,0.0003000000142492354,410.63717908301624,92120.0,224.33428995813506,0.6867052023121388,0.6674157303370787,0.7071428571428572,420.0,0.9714964370546318,0.9691943127962085,0.9738095238095238,420.0,0.9600000000000001,0.9488372093023256,0.9714285714285714,420.0,0.9566265060240964,0.9682926829268292,0.9452380952380952,420.0,0.9366197183098592,0.9236111111111112,0.95,420.0,0.9774078478002378,0.9762470308788599,0.9785714285714285,420.0,0.6227106227106227,0.6390977443609023,0.6071428571428571,420.0,0.9360189573459715,0.9316037735849056,0.9404761904761905,420.0,0.9764150943396227,0.9672897196261683,0.9857142857142858,420.0,0.6308539944903582,0.7483660130718954,0.5452380952380952,420.0,0.9290780141843971,0.9225352112676056,0.9357142857142857,420.0,0.6250000000000001,0.5555555555555556,0.7142857142857143,420.0,0.9736842105263157,0.9783653846153846,0.969047619047619,420.0,0.5560859188544153,0.5574162679425837,0.5547619047619048,420.0,0.9857819905213271,0.9811320754716981,0.9904761904761905,420.0,0.9490740740740741,0.9234234234234234,0.9761904761904762,420.0,0.6911764705882353,0.7121212121212122,0.6714285714285714,420.0,0.9619047619047619,0.9619047619047619,0.9619047619047619,420.0,0.9597156398104266,0.9551886792452831,0.9642857142857143,420.0,0.9716981132075471,0.9626168224299065,0.9809523809523809,420.0,0.9256198347107439,0.9180327868852459,0.9333333333333333,420.0,0.933649289099526,0.9292452830188679,0.9380952380952381,420.0,0.9133089133089132,0.9373433583959899,0.8904761904761904,420.0,0.9377203290246768,0.925754060324826,0.95,420.0,0.933655006031363,0.9462102689486552,0.9214285714285714,420.0,0.9747899159663865,0.9830508474576272,0.9666666666666667,420.0,0.9592326139088728,0.966183574879227,0.9523809523809523,420.0,0.9082240762812873,0.9093078758949881,0.9071428571428571,420.0,0.9212962962962962,0.8963963963963963,0.9476190476190476,420.0,0.9142857142857143,0.9142857142857143,0.9142857142857143,420.0,0.9150485436893204,0.9331683168316832,0.8976190476190476,420.0,0.9711538461538461,0.9805825242718447,0.9619047619047619,420.0,0.9612220916568742,0.9489559164733179,0.9738095238095238,420.0,0.9763593380614657,0.9694835680751174,0.9833333333333333,420.0,0.6173708920187793,0.6087962962962963,0.6261904761904762,420.0,0.7279693486590039,0.7851239669421488,0.6785714285714286,420.0,0.9535160905840284,0.954653937947494,0.9523809523809523,420.0,0.929951690821256,0.9436274509803921,0.9166666666666666,420.0,0.6456140350877193,0.6344827586206897,0.6571428571428571,420.0,0.9468599033816426,0.9607843137254902,0.9333333333333333,420.0,0.915576694411415,0.9144893111638955,0.9166666666666666,420.0,0.9261904761904762,0.9261904761904762,0.9261904761904762,420.0,0.9225181598062955,0.9384236453201971,0.9071428571428571,420.0,0.9263657957244655,0.9241706161137441,0.9285714285714286,420.0,0.9624242424242424,0.980246913580247,0.9452380952380952,420.0,0.9495896834701054,0.9353348729792148,0.9642857142857143,420.0,0.7587006960556846,0.7398190045248869,0.7785714285714286,420.0
69,0.13518600165843964,0.9469170570373535,0.4189249873161316,0.8873860239982605,0.8873860182370822,0.8869984405731194,0.0003000000142492354,410.904958500003,92120.0,224.18809531109451,0.7030033370411568,0.6597077244258872,0.7523809523809524,420.0,0.9678953626634959,0.9667458432304038,0.969047619047619,420.0,0.9531615925058547,0.9377880184331797,0.969047619047619,420.0,0.9592326139088728,0.966183574879227,0.9523809523809523,420.0,0.9320843091334895,0.9170506912442397,0.9476190476190476,420.0,0.9750889679715302,0.9716312056737588,0.9785714285714285,420.0,0.6306532663316582,0.6675531914893617,0.5976190476190476,420.0,0.9347568208778173,0.9314420803782506,0.9380952380952381,420.0,0.9752650176678446,0.965034965034965,0.9857142857142858,420.0,0.652014652014652,0.6691729323308271,0.6357142857142857,420.0,0.9279811097992915,0.9203747072599532,0.9357142857142857,420.0,0.6371308016877638,0.571969696969697,0.719047619047619,420.0,0.9712230215827338,0.9782608695652174,0.9642857142857143,420.0,0.5627476882430646,0.6320474777448071,0.5071428571428571,420.0,0.9869513641755634,0.983451536643026,0.9904761904761905,420.0,0.9482163406214039,0.9175946547884187,0.9809523809523809,420.0,0.6854219948849104,0.7403314917127072,0.638095238095238,420.0,0.9618138424821002,0.9641148325358851,0.9595238095238096,420.0,0.9571428571428572,0.9571428571428572,0.9571428571428572,420.0,0.9729093050647821,0.9627039627039627,0.9833333333333333,420.0,0.9276393831553973,0.9243498817966903,0.930952380952381,420.0,0.9397874852420307,0.9320843091334895,0.9476190476190476,420.0,0.9110576923076924,0.9199029126213593,0.9023809523809524,420.0,0.9408983451536642,0.9342723004694836,0.9476190476190476,420.0,0.935251798561151,0.9420289855072463,0.9285714285714286,420.0,0.9771908763505402,0.9854721549636803,0.969047619047619,420.0,0.9615384615384616,0.970873786407767,0.9523809523809523,420.0,0.9119047619047619,0.9119047619047619,0.9119047619047619,420.0,0.9227166276346604,0.9078341013824884,0.9380952380952381,420.0,0.9153754469606675,0.9164677804295943,0.9142857142857143,420.0,0.9168704156479217,0.9422110552763819,0.8928571428571429,420.0,0.9723225030084236,0.9829683698296837,0.9619047619047619,420.0,0.9610389610389609,0.9531615925058547,0.969047619047619,420.0,0.9739952718676123,0.9671361502347418,0.9809523809523809,420.0,0.6498855835240275,0.6255506607929515,0.6761904761904762,420.0,0.728813559322034,0.7413793103448276,0.7166666666666667,420.0,0.9521531100478469,0.9567307692307693,0.9476190476190476,420.0,0.9322033898305084,0.9482758620689655,0.9166666666666666,420.0,0.6472727272727272,0.6592592592592592,0.6357142857142857,420.0,0.9482551143200962,0.9586374695863747,0.9380952380952381,420.0,0.9182692307692307,0.9271844660194175,0.9095238095238095,420.0,0.9258373205741627,0.9302884615384616,0.9214285714285714,420.0,0.9286577992744861,0.9434889434889435,0.9142857142857143,420.0,0.9295774647887323,0.9166666666666666,0.9428571428571428,420.0,0.962605548854041,0.9755501222493888,0.95,420.0,0.9472450175849941,0.9330254041570438,0.9619047619047619,420.0,0.755868544600939,0.7453703703703703,0.7666666666666667,420.0
70,0.13448567688465118,0.9476878046989441,0.42202842235565186,0.8860688805580139,0.8860688956433636,0.885690380574778,0.0003000000142492354,410.55229158402653,92120.0,224.38067424876635,0.6998892580287929,0.6542443064182195,0.7523809523809524,420.0,0.9714964370546318,0.9691943127962085,0.9738095238095238,420.0,0.9552941176470588,0.9441860465116279,0.9666666666666667,420.0,0.9592326139088728,0.966183574879227,0.9523809523809523,420.0,0.9358226371061844,0.9176201372997712,0.9547619047619048,420.0,0.9762470308788598,0.9739336492890995,0.9785714285714285,420.0,0.6215235792019347,0.6314496314496314,0.611904761904762,420.0,0.9314420803782506,0.9248826291079812,0.9380952380952381,420.0,0.972972972972973,0.9605568445475638,0.9857142857142858,420.0,0.6586826347305389,0.6626506024096386,0.6547619047619048,420.0,0.9296781883194278,0.9307875894988067,0.9285714285714286,420.0,0.6094808126410836,0.5793991416309013,0.6428571428571429,420.0,0.973621103117506,0.9806763285024155,0.9666666666666667,420.0,0.5753086419753087,0.5974358974358974,0.5547619047619048,420.0,0.9869513641755634,0.983451536643026,0.9904761904761905,420.0,0.9447004608294931,0.9151785714285714,0.9761904761904762,420.0,0.6683870967741936,0.7295774647887324,0.6166666666666667,420.0,0.9619047619047619,0.9619047619047619,0.9619047619047619,420.0,0.9546539379474941,0.9569377990430622,0.9523809523809523,420.0,0.9739952718676123,0.9671361502347418,0.9809523809523809,420.0,0.9176755447941889,0.9334975369458128,0.9023809523809524,420.0,0.9396449704142011,0.9341176470588235,0.9452380952380952,420.0,0.9119804400977994,0.9371859296482412,0.888095238095238,420.0,0.9388235294117647,0.9279069767441861,0.95,420.0,0.934782608695652,0.9485294117647058,0.9214285714285714,420.0,0.9771908763505402,0.9854721549636803,0.969047619047619,420.0,0.9592326139088728,0.966183574879227,0.9523809523809523,420.0,0.9086595492289442,0.9054373522458629,0.9119047619047619,420.0,0.9250288350634372,0.8970917225950783,0.9547619047619048,420.0,0.9166666666666666,0.9166666666666666,0.9166666666666666,420.0,0.9183922046285017,0.940149625935162,0.8976190476190476,420.0,0.9735576923076923,0.9830097087378641,0.9642857142857143,420.0,0.9621749408983451,0.9553990610328639,0.969047619047619,420.0,0.9751479289940828,0.9694117647058823,0.9809523809523809,420.0,0.6120996441281139,0.6099290780141844,0.6142857142857143,420.0,0.7364620938628158,0.7445255474452555,0.7285714285714285,420.0,0.9558998808104887,0.9570405727923628,0.9547619047619048,420.0,0.9322033898305084,0.9482758620689655,0.9166666666666666,420.0,0.639386189258312,0.6906077348066298,0.5952380952380952,420.0,0.9495192307692308,0.9587378640776699,0.9404761904761905,420.0,0.921968787515006,0.9297820823244553,0.9142857142857143,420.0,0.9284009546539379,0.930622009569378,0.9261904761904762,420.0,0.9207100591715977,0.9152941176470588,0.9261904761904762,420.0,0.9305064782096585,0.9207459207459208,0.9404761904761905,420.0,0.963768115942029,0.9779411764705882,0.95,420.0,0.9460093896713615,0.9328703703703703,0.9595238095238096,420.0,0.7702702702702704,0.7307692307692307,0.8142857142857143,420.0
71,0.13382397592067719,0.9472644329071045,0.42188331484794617,0.8866767883300781,0.8866767983789262,0.8864755890171185,0.0003000000142492354,410.97085387498373,92120.0,224.15214882372817,0.7017937219730941,0.663135593220339,0.7452380952380953,420.0,0.9702734839476813,0.9691211401425178,0.9714285714285714,420.0,0.956419316843345,0.9463869463869464,0.9666666666666667,420.0,0.9566265060240964,0.9682926829268292,0.9452380952380952,420.0,0.9355216881594373,0.9214780600461894,0.95,420.0,0.9774078478002378,0.9762470308788599,0.9785714285714285,420.0,0.6137566137566137,0.6904761904761905,0.5523809523809524,420.0,0.9327036599763872,0.9250585480093677,0.9404761904761905,420.0,0.9752650176678446,0.965034965034965,0.9857142857142858,420.0,0.6555023923444977,0.6586538461538461,0.6523809523809524,420.0,0.9263657957244655,0.9241706161137441,0.9285714285714286,420.0,0.6270270270270271,0.5742574257425742,0.6904761904761905,420.0,0.973621103117506,0.9806763285024155,0.9666666666666667,420.0,0.5603112840466926,0.6153846153846154,0.5142857142857142,420.0,0.9869513641755634,0.983451536643026,0.9904761904761905,420.0,0.9467592592592593,0.9211711711711712,0.9738095238095238,420.0,0.6810673443456161,0.7302452316076294,0.638095238095238,420.0,0.9606674612634089,0.9618138424821002,0.9595238095238096,420.0,0.9482551143200962,0.9586374695863747,0.9380952380952381,420.0,0.9728453364817001,0.9648711943793911,0.9809523809523809,420.0,0.9230769230769231,0.9320388349514563,0.9142857142857143,420.0,0.9410377358490566,0.9322429906542056,0.95,420.0,0.9046454767726162,0.9296482412060302,0.8809523809523809,420.0,0.9399293286219081,0.9300699300699301,0.95,420.0,0.9341317365269461,0.9397590361445783,0.9285714285714286,420.0,0.9759615384615385,0.9854368932038835,0.9666666666666667,420.0,0.9593301435406699,0.9639423076923077,0.9547619047619048,420.0,0.9158653846153846,0.9247572815533981,0.9071428571428571,420.0,0.9168591224018476,0.8901345291479821,0.9452380952380952,420.0,0.9127358490566038,0.9042056074766355,0.9214285714285714,420.0,0.9191176470588235,0.946969696969697,0.8928571428571429,420.0,0.9735576923076923,0.9830097087378641,0.9642857142857143,420.0,0.96113074204947,0.951048951048951,0.9714285714285714,420.0,0.9763593380614657,0.9694835680751174,0.9833333333333333,420.0,0.6637554585152838,0.6129032258064516,0.7238095238095238,420.0,0.7331670822942643,0.7696335078534031,0.7,420.0,0.953405017921147,0.9568345323741008,0.95,420.0,0.929951690821256,0.9436274509803921,0.9166666666666666,420.0,0.6491428571428571,0.6241758241758242,0.6761904761904762,420.0,0.9482551143200962,0.9586374695863747,0.9380952380952381,420.0,0.9228915662650602,0.9341463414634147,0.9119047619047619,420.0,0.9274673008323424,0.9263657957244655,0.9285714285714286,420.0,0.9239904988123515,0.9218009478672986,0.9261904761904762,420.0,0.9308323563892145,0.9168591224018475,0.9452380952380952,420.0,0.963768115942029,0.9779411764705882,0.95,420.0,0.9503546099290779,0.9436619718309859,0.9571428571428572,420.0,0.7544910179640718,0.7590361445783133,0.75,420.0
72,0.1332937479019165,0.9477311968803406,0.4215485751628876,0.8858662843704224,0.8858662613981763,0.8855887182131192,0.0003000000142492354,410.75803029199596,92120.0,224.26828742584672,0.6924829157175398,0.6637554585152838,0.7238095238095238,420.0,0.9702734839476813,0.9691211401425178,0.9714285714285714,420.0,0.9550827423167848,0.9483568075117371,0.9619047619047619,420.0,0.9591346153846154,0.9684466019417476,0.95,420.0,0.9348837209302325,0.9136363636363637,0.9571428571428572,420.0,0.9761904761904762,0.9761904761904762,0.9761904761904762,420.0,0.6207759699624531,0.6543535620052771,0.5904761904761905,420.0,0.9327036599763872,0.9250585480093677,0.9404761904761905,420.0,0.9741176470588235,0.9627906976744186,0.9857142857142858,420.0,0.6389937106918238,0.6773333333333333,0.6047619047619047,420.0,0.9323843416370108,0.9290780141843972,0.9357142857142857,420.0,0.630669546436285,0.5770750988142292,0.6952380952380952,420.0,0.9724550898203592,0.9783132530120482,0.9666666666666667,420.0,0.5693069306930694,0.5927835051546392,0.5476190476190477,420.0,0.9869513641755634,0.983451536643026,0.9904761904761905,420.0,0.9493087557603686,0.9196428571428571,0.9809523809523809,420.0,0.6825595984943538,0.7214854111405835,0.6476190476190476,420.0,0.9594272076372317,0.9617224880382775,0.9571428571428572,420.0,0.953405017921147,0.9568345323741008,0.95,420.0,0.9739952718676123,0.9671361502347418,0.9809523809523809,420.0,0.9274673008323424,0.9263657957244655,0.9285714285714286,420.0,0.9371293001186239,0.933806146572104,0.9404761904761905,420.0,0.9106280193236714,0.9240196078431373,0.8976190476190476,420.0,0.932061978545888,0.9331742243436754,0.930952380952381,420.0,0.9298454221165279,0.9287410926365796,0.930952380952381,420.0,0.9771908763505402,0.9854721549636803,0.969047619047619,420.0,0.9592326139088728,0.966183574879227,0.9523809523809523,420.0,0.9156626506024096,0.926829268292683,0.9047619047619048,420.0,0.9216374269005848,0.9057471264367816,0.9380952380952381,420.0,0.9131985731272294,0.9121140142517815,0.9142857142857143,420.0,0.913939393939394,0.9308641975308642,0.8976190476190476,420.0,0.9723225030084236,0.9829683698296837,0.9619047619047619,420.0,0.9610389610389609,0.9531615925058547,0.969047619047619,420.0,0.9752066115702478,0.9672131147540983,0.9833333333333333,420.0,0.6343713956170703,0.6152125279642058,0.6547619047619048,420.0,0.7246376811594202,0.7352941176470589,0.7142857142857143,420.0,0.9535160905840284,0.954653937947494,0.9523809523809523,420.0,0.9322033898305084,0.9482758620689655,0.9166666666666666,420.0,0.6495098039215687,0.6691919191919192,0.6309523809523809,420.0,0.9481302774427021,0.960880195599022,0.9357142857142857,420.0,0.9148936170212766,0.9084507042253521,0.9214285714285714,420.0,0.9312796208530806,0.9268867924528302,0.9357142857142857,420.0,0.9278846153846153,0.9368932038834952,0.919047619047619,420.0,0.9290780141843971,0.9225352112676056,0.9357142857142857,420.0,0.9625151148730351,0.9778869778869779,0.9476190476190476,420.0,0.9483568075117371,0.9351851851851852,0.9619047619047619,420.0,0.7546296296296295,0.7342342342342343,0.7761904761904762,420.0
73,0.1326293647289276,0.9478506445884705,0.42594143748283386,0.8854609727859497,0.8854609929078012,0.8852505498239589,0.0003000000142492354,410.7400578329689,92120.0,224.2781005729454,0.7089151450053705,0.6457925636007827,0.7857142857142857,420.0,0.9702734839476813,0.9691211401425178,0.9714285714285714,420.0,0.9553990610328638,0.9421296296296297,0.969047619047619,420.0,0.957983193277311,0.9661016949152542,0.95,420.0,0.9353701527614571,0.9234338747099768,0.9476190476190476,420.0,0.9797377830750893,0.9809069212410502,0.9785714285714285,420.0,0.630071599045346,0.631578947368421,0.6285714285714286,420.0,0.9360189573459715,0.9316037735849056,0.9404761904761905,420.0,0.9741176470588235,0.9627906976744186,0.9857142857142858,420.0,0.6455862977602108,0.7227138643067846,0.5833333333333334,420.0,0.9301775147928995,0.9247058823529412,0.9357142857142857,420.0,0.624315443592552,0.5780933062880325,0.6785714285714286,420.0,0.9724550898203592,0.9783132530120482,0.9666666666666667,420.0,0.5828437132784958,0.5754060324825986,0.5904761904761905,420.0,0.9869513641755634,0.983451536643026,0.9904761904761905,420.0,0.9493087557603686,0.9196428571428571,0.9809523809523809,420.0,0.6604278074866311,0.7530487804878049,0.5880952380952381,420.0,0.9606674612634089,0.9618138424821002,0.9595238095238096,420.0,0.9549763033175355,0.9504716981132075,0.9595238095238096,420.0,0.9716981132075471,0.9626168224299065,0.9809523809523809,420.0,0.9163636363636364,0.9333333333333333,0.9,420.0,0.932061978545888,0.9331742243436754,0.930952380952381,420.0,0.9101941747572816,0.9282178217821783,0.8928571428571429,420.0,0.9383886255924171,0.9339622641509434,0.9428571428571428,420.0,0.9331742243436754,0.9354066985645934,0.930952380952381,420.0,0.9759615384615385,0.9854368932038835,0.9666666666666667,420.0,0.9604790419161676,0.9662650602409638,0.9547619047619048,420.0,0.9178743961352657,0.9313725490196079,0.9047619047619048,420.0,0.9223638470451911,0.8984198645598194,0.9476190476190476,420.0,0.9164677804295943,0.9186602870813397,0.9142857142857143,420.0,0.9115151515151515,0.928395061728395,0.8952380952380953,420.0,0.9747292418772563,0.9854014598540146,0.9642857142857143,420.0,0.9610389610389609,0.9531615925058547,0.969047619047619,420.0,0.9739952718676123,0.9671361502347418,0.9809523809523809,420.0,0.610576923076923,0.616504854368932,0.6047619047619047,420.0,0.7245283018867925,0.768,0.6857142857142857,420.0,0.9535160905840284,0.954653937947494,0.9523809523809523,420.0,0.9310761789600966,0.9459459459459459,0.9166666666666666,420.0,0.6470588235294118,0.6395348837209303,0.6547619047619048,420.0,0.9493975903614458,0.9609756097560975,0.9380952380952381,420.0,0.9146919431279621,0.910377358490566,0.919047619047619,420.0,0.930011862396204,0.9267139479905437,0.9333333333333333,420.0,0.9207100591715977,0.9152941176470588,0.9261904761904762,420.0,0.929245283018868,0.9205607476635514,0.9380952380952381,420.0,0.962605548854041,0.9755501222493888,0.95,420.0,0.9445100354191264,0.936768149882904,0.9523809523809523,420.0,0.7569444444444445,0.7364864864864865,0.7785714285714286,420.0
74,0.1323559433221817,0.9481980204582214,0.42728883028030396,0.884194552898407,0.8841945288753797,0.8841542118687375,0.0003000000142492354,410.4497029169579,92120.0,224.43675642917373,0.6876456876456877,0.6735159817351598,0.7023809523809523,420.0,0.9703440094899171,0.966903073286052,0.9738095238095238,420.0,0.9541715628672152,0.9419953596287703,0.9666666666666667,420.0,0.957983193277311,0.9661016949152542,0.95,420.0,0.9369158878504673,0.9197247706422018,0.9547619047619048,420.0,0.9761904761904762,0.9761904761904762,0.9761904761904762,420.0,0.6269005847953216,0.6160919540229886,0.638095238095238,420.0,0.9319248826291079,0.9189814814814815,0.9452380952380952,420.0,0.9752650176678446,0.965034965034965,0.9857142857142858,420.0,0.6493184634448574,0.6770025839793282,0.6238095238095238,420.0,0.9290780141843971,0.9225352112676056,0.9357142857142857,420.0,0.61345496009122,0.5886214442013129,0.6404761904761904,420.0,0.9712918660287081,0.9759615384615384,0.9666666666666667,420.0,0.5717674970344009,0.5697399527186762,0.5738095238095238,420.0,0.9869513641755634,0.983451536643026,0.9904761904761905,420.0,0.9504036908881199,0.9217002237136466,0.9809523809523809,420.0,0.6894865525672371,0.7085427135678392,0.6714285714285714,420.0,0.9606674612634089,0.9618138424821002,0.9595238095238096,420.0,0.9546539379474941,0.9569377990430622,0.9523809523809523,420.0,0.976303317535545,0.9716981132075472,0.9809523809523809,420.0,0.9097560975609754,0.9325,0.888095238095238,420.0,0.932061978545888,0.9331742243436754,0.930952380952381,420.0,0.9077490774907749,0.9389312977099237,0.8785714285714286,420.0,0.9386792452830189,0.9299065420560748,0.9476190476190476,420.0,0.932853717026379,0.9396135265700483,0.9261904761904762,420.0,0.9759615384615385,0.9854368932038835,0.9666666666666667,420.0,0.9617224880382775,0.9663461538461539,0.9571428571428572,420.0,0.9169675090252708,0.927007299270073,0.9071428571428571,420.0,0.9204152249134949,0.8926174496644296,0.95,420.0,0.9142857142857143,0.9142857142857143,0.9142857142857143,420.0,0.9115151515151515,0.928395061728395,0.8952380952380953,420.0,0.9711538461538461,0.9805825242718447,0.9619047619047619,420.0,0.9610389610389609,0.9531615925058547,0.969047619047619,420.0,0.9775147928994082,0.971764705882353,0.9833333333333333,420.0,0.5896805896805897,0.6091370558375635,0.5714285714285714,420.0,0.7311028500619577,0.7622739018087855,0.7023809523809523,420.0,0.9522673031026253,0.9545454545454546,0.95,420.0,0.9322033898305084,0.9482758620689655,0.9166666666666666,420.0,0.6576576576576577,0.6239316239316239,0.6952380952380952,420.0,0.9493975903614458,0.9609756097560975,0.9380952380952381,420.0,0.9131985731272294,0.9121140142517815,0.9142857142857143,420.0,0.9312796208530806,0.9268867924528302,0.9357142857142857,420.0,0.9167643610785463,0.9030023094688222,0.930952380952381,420.0,0.927810650887574,0.9223529411764706,0.9333333333333333,420.0,0.962605548854041,0.9755501222493888,0.95,420.0,0.9468713105076741,0.9391100702576113,0.9547619047619048,420.0,0.7420147420147419,0.766497461928934,0.719047619047619,420.0
75,0.1317461133003235,0.948382556438446,0.42677709460258484,0.8861702084541321,0.8861702127659571,0.8857843580871703,0.0003000000142492354,410.6751547079766,92120.0,224.31354549681683,0.689655172413793,0.6666666666666666,0.7142857142857143,420.0,0.9714964370546318,0.9691943127962085,0.9738095238095238,420.0,0.9541715628672152,0.9419953596287703,0.9666666666666667,420.0,0.9590361445783132,0.9707317073170731,0.9476190476190476,420.0,0.9327146171693735,0.9095022624434389,0.9571428571428572,420.0,0.9762470308788598,0.9739336492890995,0.9785714285714285,420.0,0.6219974715549937,0.6630727762803235,0.5857142857142857,420.0,0.9295774647887323,0.9166666666666666,0.9428571428571428,420.0,0.9752650176678446,0.965034965034965,0.9857142857142858,420.0,0.654275092936803,0.6821705426356589,0.6285714285714286,420.0,0.9301775147928995,0.9247058823529412,0.9357142857142857,420.0,0.6436548223350254,0.5610619469026549,0.7547619047619047,420.0,0.9735576923076923,0.9830097087378641,0.9642857142857143,420.0,0.5496598639455782,0.6412698412698413,0.48095238095238096,420.0,0.9869513641755634,0.983451536643026,0.9904761904761905,420.0,0.9470046082949309,0.9174107142857143,0.9785714285714285,420.0,0.6881987577639751,0.7194805194805195,0.6595238095238095,420.0,0.958183990442055,0.9616306954436451,0.9547619047619048,420.0,0.9560047562425683,0.9548693586698337,0.9571428571428572,420.0,0.9716981132075471,0.9626168224299065,0.9809523809523809,420.0,0.9245508982035928,0.9301204819277108,0.919047619047619,420.0,0.9333333333333333,0.9333333333333333,0.9333333333333333,420.0,0.9088699878493316,0.9280397022332506,0.8904761904761904,420.0,0.9396449704142011,0.9341176470588235,0.9452380952380952,420.0,0.9330143540669856,0.9375,0.9285714285714286,420.0,0.9759615384615385,0.9854368932038835,0.9666666666666667,420.0,0.960573476702509,0.9640287769784173,0.9571428571428572,420.0,0.9145607701564379,0.9245742092457421,0.9047619047619048,420.0,0.9207459207459208,0.9018264840182648,0.9404761904761905,420.0,0.9173652694610778,0.9228915662650602,0.9119047619047619,420.0,0.9159561510353227,0.9376558603491272,0.8952380952380953,420.0,0.9699879951980792,0.9782082324455206,0.9619047619047619,420.0,0.9610389610389609,0.9531615925058547,0.969047619047619,420.0,0.9763593380614657,0.9694835680751174,0.9833333333333333,420.0,0.6439135381114903,0.616557734204793,0.6738095238095239,420.0,0.7306273062730627,0.7557251908396947,0.7071428571428572,420.0,0.9523809523809523,0.9523809523809523,0.9523809523809523,420.0,0.929951690821256,0.9436274509803921,0.9166666666666666,420.0,0.6492890995260664,0.6462264150943396,0.6523809523809524,420.0,0.9469879518072288,0.9585365853658536,0.9357142857142857,420.0,0.9153754469606675,0.9164677804295943,0.9142857142857143,420.0,0.9263657957244655,0.9241706161137441,0.9285714285714286,420.0,0.9272943980929679,0.9284009546539379,0.9261904761904762,420.0,0.9227110582639715,0.9216152019002375,0.9238095238095239,420.0,0.962605548854041,0.9755501222493888,0.95,420.0,0.9467455621301775,0.9411764705882353,0.9523809523809523,420.0,0.7561260210035007,0.7414187643020596,0.7714285714285715,420.0
76,0.13139981031417847,0.9489904642105103,0.42706993222236633,0.8874366879463196,0.8874366767983786,0.8869663954812683,0.0003000000142492354,410.3899528749753,92120.0,224.46943292508973,0.6983425414364641,0.6515463917525773,0.7523809523809524,420.0,0.9691211401425178,0.966824644549763,0.9714285714285714,420.0,0.9553990610328638,0.9421296296296297,0.969047619047619,420.0,0.9602888086642599,0.9708029197080292,0.95,420.0,0.9370629370629371,0.9178082191780822,0.9571428571428572,420.0,0.9761904761904762,0.9761904761904762,0.9761904761904762,420.0,0.6253229974160206,0.6836158192090396,0.5761904761904761,420.0,0.9360189573459715,0.9316037735849056,0.9404761904761905,420.0,0.972972972972973,0.9605568445475638,0.9857142857142858,420.0,0.6609756097560975,0.6775,0.6452380952380953,420.0,0.9279811097992915,0.9203747072599532,0.9357142857142857,420.0,0.6343519494204425,0.5689981096408318,0.7166666666666667,420.0,0.9747899159663865,0.9830508474576272,0.9666666666666667,420.0,0.5582010582010581,0.6279761904761905,0.5023809523809524,420.0,0.9869513641755634,0.983451536643026,0.9904761904761905,420.0,0.9489559164733179,0.9253393665158371,0.9738095238095238,420.0,0.6709844559585493,0.7357954545454546,0.6166666666666667,420.0,0.9606674612634089,0.9618138424821002,0.9595238095238096,420.0,0.9547619047619048,0.9547619047619048,0.9547619047619048,420.0,0.9751479289940828,0.9694117647058823,0.9809523809523809,420.0,0.9274004683840749,0.9124423963133641,0.9428571428571428,420.0,0.9330143540669856,0.9375,0.9285714285714286,420.0,0.9068923821039903,0.9213759213759214,0.8928571428571429,420.0,0.9388235294117647,0.9279069767441861,0.95,420.0,0.932853717026379,0.9396135265700483,0.9261904761904762,420.0,0.9759615384615385,0.9854368932038835,0.9666666666666667,420.0,0.9616306954436451,0.9685990338164251,0.9547619047619048,420.0,0.914765906362545,0.9225181598062954,0.9071428571428571,420.0,0.9186046511627907,0.8977272727272727,0.9404761904761905,420.0,0.9166666666666666,0.9166666666666666,0.9166666666666666,420.0,0.9193742478941036,0.9294403892944039,0.9095238095238095,420.0,0.9758454106280193,0.9901960784313726,0.9619047619047619,420.0,0.9634002361275088,0.955503512880562,0.9714285714285714,420.0,0.9752066115702478,0.9672131147540983,0.9833333333333333,420.0,0.6592178770949721,0.6210526315789474,0.7023809523809523,420.0,0.735148514851485,0.7654639175257731,0.7071428571428572,420.0,0.9523809523809523,0.9523809523809523,0.9523809523809523,420.0,0.9290012033694345,0.9391727493917275,0.919047619047619,420.0,0.6446886446886446,0.6616541353383458,0.6285714285714286,420.0,0.9469879518072288,0.9585365853658536,0.9357142857142857,420.0,0.9146919431279621,0.910377358490566,0.919047619047619,420.0,0.9285714285714286,0.9285714285714286,0.9285714285714286,420.0,0.9243902439024391,0.9475,0.9023809523809524,420.0,0.9322235434007135,0.9311163895486936,0.9333333333333333,420.0,0.963768115942029,0.9779411764705882,0.95,420.0,0.9446407538280329,0.9347319347319347,0.9547619047619048,420.0,0.7667804323094425,0.7342047930283224,0.8023809523809524,420.0
77,0.13066346943378448,0.9485127925872803,0.4302383065223694,0.8844984769821167,0.8844984802431612,0.8845365394419804,0.0003000000142492354,410.4367940829834,92120.0,224.44381529150843,0.6838407494145199,0.6728110599078341,0.6952380952380952,420.0,0.9727164887307236,0.9692671394799054,0.9761904761904762,420.0,0.9553990610328638,0.9421296296296297,0.969047619047619,420.0,0.9603841536614645,0.9685230024213075,0.9523809523809523,420.0,0.9331770222743259,0.9191685912240185,0.9476190476190476,420.0,0.9785202863961813,0.9808612440191388,0.9761904761904762,420.0,0.6218905472636815,0.6510416666666666,0.5952380952380952,420.0,0.9316037735849058,0.9228971962616822,0.9404761904761905,420.0,0.9752650176678446,0.965034965034965,0.9857142857142858,420.0,0.645326504481434,0.6980609418282548,0.6,420.0,0.929510155316607,0.9328537170263789,0.9261904761904762,420.0,0.6275787187839305,0.5768463073852296,0.6880952380952381,420.0,0.9735576923076923,0.9830097087378641,0.9642857142857143,420.0,0.5710843373493977,0.5780487804878048,0.5642857142857143,420.0,0.9869513641755634,0.983451536643026,0.9904761904761905,420.0,0.9480968858131488,0.9194630872483222,0.9785714285714285,420.0,0.6924939467312349,0.7044334975369458,0.680952380952381,420.0,0.9594272076372317,0.9617224880382775,0.9571428571428572,420.0,0.9520383693045564,0.9589371980676329,0.9452380952380952,420.0,0.9716981132075471,0.9626168224299065,0.9809523809523809,420.0,0.9240048250904705,0.9364303178484108,0.9119047619047619,420.0,0.9358669833729216,0.933649289099526,0.9380952380952381,420.0,0.9068627450980393,0.9343434343434344,0.8809523809523809,420.0,0.936470588235294,0.9255813953488372,0.9476190476190476,420.0,0.9326923076923078,0.941747572815534,0.9238095238095239,420.0,0.9759615384615385,0.9854368932038835,0.9666666666666667,420.0,0.958183990442055,0.9616306954436451,0.9547619047619048,420.0,0.9160671462829736,0.9227053140096618,0.9095238095238095,420.0,0.9252013808975835,0.8953229398663697,0.9571428571428572,420.0,0.9177592371871275,0.918854415274463,0.9166666666666666,420.0,0.916256157635468,0.9489795918367347,0.8857142857142857,420.0,0.9723889555822329,0.9806295399515739,0.9642857142857143,420.0,0.9610389610389609,0.9531615925058547,0.969047619047619,420.0,0.9763593380614657,0.9694835680751174,0.9833333333333333,420.0,0.629757785467128,0.610738255033557,0.65,420.0,0.7168458781362007,0.7194244604316546,0.7142857142857143,420.0,0.9498806682577566,0.9521531100478469,0.9476190476190476,420.0,0.929951690821256,0.9436274509803921,0.9166666666666666,420.0,0.6455981941309255,0.6137339055793991,0.680952380952381,420.0,0.9495192307692308,0.9587378640776699,0.9404761904761905,420.0,0.9142857142857143,0.9142857142857143,0.9142857142857143,420.0,0.930952380952381,0.930952380952381,0.930952380952381,420.0,0.925089179548157,0.9239904988123515,0.9261904761904762,420.0,0.9288214702450408,0.9107551487414187,0.9476190476190476,420.0,0.962605548854041,0.9755501222493888,0.95,420.0,0.9468713105076741,0.9391100702576113,0.9547619047619048,420.0,0.7173637515842839,0.7669376693766937,0.6738095238095239,420.0
78,0.13016322255134583,0.9487841725349426,0.42960047721862793,0.8844984769821167,0.884498480243161,0.8845017050668894,0.0003000000142492354,410.7110189999803,92120.0,224.29395788868382,0.6934225195094762,0.6519916142557652,0.7404761904761905,420.0,0.9703440094899171,0.966903073286052,0.9738095238095238,420.0,0.9552941176470588,0.9441860465116279,0.9666666666666667,420.0,0.9592326139088728,0.966183574879227,0.9523809523809523,420.0,0.9349112426035503,0.9294117647058824,0.9404761904761905,420.0,0.9785714285714285,0.9785714285714285,0.9785714285714285,420.0,0.6295399515738499,0.6403940886699507,0.6190476190476191,420.0,0.931899641577061,0.935251798561151,0.9285714285714286,420.0,0.9764150943396227,0.9672897196261683,0.9857142857142858,420.0,0.6469072164948454,0.7050561797752809,0.5976190476190476,420.0,0.9290780141843971,0.9225352112676056,0.9357142857142857,420.0,0.6121076233183858,0.5783898305084746,0.65,420.0,0.9747899159663865,0.9830508474576272,0.9666666666666667,420.0,0.5720930232558139,0.5590909090909091,0.5857142857142857,420.0,0.9869513641755634,0.983451536643026,0.9904761904761905,420.0,0.9482163406214039,0.9175946547884187,0.9809523809523809,420.0,0.6717557251908397,0.7213114754098361,0.6285714285714286,420.0,0.960573476702509,0.9640287769784173,0.9571428571428572,420.0,0.9513641755634639,0.9479905437352246,0.9547619047619048,420.0,0.9740566037735848,0.9649532710280374,0.9833333333333333,420.0,0.916565900846433,0.9312039312039312,0.9023809523809524,420.0,0.9278846153846153,0.9368932038834952,0.919047619047619,420.0,0.9101941747572816,0.9282178217821783,0.8928571428571429,420.0,0.9399293286219081,0.9300699300699301,0.95,420.0,0.9338146811070999,0.9440389294403893,0.9238095238095239,420.0,0.9759615384615385,0.9854368932038835,0.9666666666666667,420.0,0.9616306954436451,0.9685990338164251,0.9547619047619048,420.0,0.9191797346200242,0.9315403422982885,0.9071428571428571,420.0,0.9243306169965074,0.9043280182232346,0.9452380952380952,420.0,0.9142857142857143,0.9142857142857143,0.9142857142857143,420.0,0.9126213592233011,0.9306930693069307,0.8952380952380953,420.0,0.9699157641395908,0.9805352798053528,0.9595238095238096,420.0,0.9634864546525325,0.9533799533799534,0.9738095238095238,420.0,0.976303317535545,0.9716981132075472,0.9809523809523809,420.0,0.6192170818505338,0.6170212765957447,0.6214285714285714,420.0,0.7235668789808917,0.7780821917808219,0.6761904761904762,420.0,0.9522673031026253,0.9545454545454546,0.95,420.0,0.9310761789600966,0.9459459459459459,0.9166666666666666,420.0,0.6473988439306357,0.6292134831460674,0.6666666666666666,420.0,0.9469879518072288,0.9585365853658536,0.9357142857142857,420.0,0.9086651053864169,0.8940092165898618,0.9238095238095239,420.0,0.9312796208530806,0.9268867924528302,0.9357142857142857,420.0,0.9207100591715977,0.9152941176470588,0.9261904761904762,420.0,0.9248826291079812,0.9120370370370371,0.9380952380952381,420.0,0.96144578313253,0.973170731707317,0.95,420.0,0.9446407538280329,0.9347319347319347,0.9547619047619048,420.0,0.7558139534883721,0.7386363636363636,0.7738095238095238,420.0
79,0.12979958951473236,0.9484585523605347,0.4312068223953247,0.8865247964859009,0.8865248226950353,0.8863423821481701,0.0003000000142492354,410.73611804202665,92120.0,224.28025185399997,0.7006651884700666,0.6556016597510373,0.7523809523809524,420.0,0.9691211401425178,0.966824644549763,0.9714285714285714,420.0,0.9553990610328638,0.9421296296296297,0.969047619047619,420.0,0.9590361445783132,0.9707317073170731,0.9476190476190476,420.0,0.9378663540445485,0.9237875288683602,0.9523809523809523,420.0,0.9774614472123369,0.9739952718676123,0.9809523809523809,420.0,0.6208588957055214,0.640506329113924,0.6023809523809524,420.0,0.9369797859690845,0.9358669833729216,0.9380952380952381,420.0,0.9752650176678446,0.965034965034965,0.9857142857142858,420.0,0.6581306017925737,0.7119113573407202,0.611904761904762,420.0,0.9298454221165279,0.9287410926365796,0.930952380952381,420.0,0.6480331262939958,0.5732600732600732,0.7452380952380953,420.0,0.972520908004779,0.9760191846522782,0.969047619047619,420.0,0.5656050955414014,0.6082191780821918,0.5285714285714286,420.0,0.9869513641755634,0.983451536643026,0.9904761904761905,420.0,0.9482163406214039,0.9175946547884187,0.9809523809523809,420.0,0.6751918158567776,0.7292817679558011,0.6285714285714286,420.0,0.960573476702509,0.9640287769784173,0.9571428571428572,420.0,0.9523809523809523,0.9523809523809523,0.9523809523809523,420.0,0.9740566037735848,0.9649532710280374,0.9833333333333333,420.0,0.9259694477085781,0.91415313225058,0.9380952380952381,420.0,0.9374262101534828,0.9297423887587822,0.9452380952380952,420.0,0.9095295536791315,0.921760391198044,0.8976190476190476,420.0,0.9407582938388626,0.9363207547169812,0.9452380952380952,420.0,0.9365269461077844,0.9421686746987952,0.930952380952381,420.0,0.9759615384615385,0.9854368932038835,0.9666666666666667,420.0,0.9603841536614645,0.9685230024213075,0.9523809523809523,420.0,0.9143546441495778,0.9266503667481663,0.9023809523809524,420.0,0.9205607476635514,0.9036697247706422,0.9380952380952381,420.0,0.9140811455847255,0.916267942583732,0.9119047619047619,420.0,0.9141475211608222,0.9287469287469288,0.9,420.0,0.9710843373493976,0.9829268292682927,0.9595238095238096,420.0,0.9634002361275088,0.955503512880562,0.9714285714285714,420.0,0.9751479289940828,0.9694117647058823,0.9809523809523809,420.0,0.6175438596491228,0.6068965517241379,0.6285714285714286,420.0,0.7322540473225404,0.7676240208877284,0.7,420.0,0.9536266349583828,0.9524940617577197,0.9547619047619048,420.0,0.9310761789600966,0.9459459459459459,0.9166666666666666,420.0,0.6493506493506495,0.6440281030444965,0.6547619047619048,420.0,0.9481302774427021,0.960880195599022,0.9357142857142857,420.0,0.9177592371871275,0.918854415274463,0.9166666666666666,420.0,0.927810650887574,0.9223529411764706,0.9333333333333333,420.0,0.9255189255189255,0.949874686716792,0.9023809523809524,420.0,0.9290780141843971,0.9225352112676056,0.9357142857142857,420.0,0.9624242424242424,0.980246913580247,0.9452380952380952,420.0,0.9479905437352246,0.9413145539906104,0.9547619047619048,420.0,0.7520372526193247,0.7357630979498861,0.7690476190476191,420.0
80,0.12930333614349365,0.9488167762756348,0.43138793110847473,0.8850050568580627,0.8850050658561298,0.8849441234004398,0.0003000000142492354,410.7210427079699,92120.0,224.28848396136107,0.7020316027088037,0.6673819742489271,0.7404761904761905,420.0,0.9678953626634959,0.9667458432304038,0.969047619047619,420.0,0.9528301886792454,0.9439252336448598,0.9619047619047619,420.0,0.9604790419161676,0.9662650602409638,0.9547619047619048,420.0,0.9355216881594373,0.9214780600461894,0.95,420.0,0.9773539928486293,0.9785202863961814,0.9761904761904762,420.0,0.6276849642004773,0.6291866028708134,0.6261904761904762,420.0,0.933806146572104,0.9272300469483568,0.9404761904761905,420.0,0.9741176470588235,0.9627906976744186,0.9857142857142858,420.0,0.6511056511056511,0.6725888324873096,0.6309523809523809,420.0,0.9301775147928995,0.9247058823529412,0.9357142857142857,420.0,0.6196251378169789,0.5770020533880903,0.669047619047619,420.0,0.9735576923076923,0.9830097087378641,0.9642857142857143,420.0,0.5625774473358116,0.58656330749354,0.5404761904761904,420.0,0.9869513641755634,0.983451536643026,0.9904761904761905,420.0,0.945664739884393,0.9191011235955057,0.9738095238095238,420.0,0.689308176100629,0.7306666666666667,0.6523809523809524,420.0,0.9595238095238096,0.9595238095238096,0.9595238095238096,420.0,0.9547619047619048,0.9547619047619048,0.9547619047619048,420.0,0.9716981132075471,0.9626168224299065,0.9809523809523809,420.0,0.9301775147928995,0.9247058823529412,0.9357142857142857,420.0,0.9322235434007135,0.9311163895486936,0.9333333333333333,420.0,0.9115151515151515,0.928395061728395,0.8952380952380953,420.0,0.9388235294117647,0.9279069767441861,0.95,420.0,0.932367149758454,0.946078431372549,0.919047619047619,420.0,0.9771359807460891,0.9878345498783455,0.9666666666666667,420.0,0.9580838323353292,0.963855421686747,0.9523809523809523,420.0,0.9082240762812873,0.9093078758949881,0.9071428571428571,420.0,0.924506387921022,0.9024943310657596,0.9476190476190476,420.0,0.9112709832134293,0.9178743961352657,0.9047619047619048,420.0,0.9110840438489648,0.9326683291770573,0.8904761904761904,420.0,0.9675870348139256,0.9757869249394673,0.9595238095238096,420.0,0.9610389610389609,0.9531615925058547,0.969047619047619,420.0,0.9786729857819905,0.9740566037735849,0.9833333333333333,420.0,0.6074429771908763,0.612590799031477,0.6023809523809524,420.0,0.7255139056831922,0.7371007371007371,0.7142857142857143,420.0,0.9522673031026253,0.9545454545454546,0.95,420.0,0.929951690821256,0.9436274509803921,0.9166666666666666,420.0,0.6461538461538461,0.6423529411764706,0.65,420.0,0.9469879518072288,0.9585365853658536,0.9357142857142857,420.0,0.9127837514934288,0.9160671462829736,0.9095238095238095,420.0,0.930011862396204,0.9267139479905437,0.9333333333333333,420.0,0.9296116504854368,0.948019801980198,0.9119047619047619,420.0,0.9272300469483569,0.9143518518518519,0.9404761904761905,420.0,0.9649334945586456,0.9803439803439803,0.95,420.0,0.9477434679334916,0.9454976303317536,0.95,420.0,0.7523584905660377,0.7453271028037384,0.7595238095238095,420.0
81,0.12849774956703186,0.9489036202430725,0.4331586956977844,0.8852077126502991,0.885207700101317,0.8850353498308118,0.0003000000142492354,410.74962120800046,92120.0,224.27287876511792,0.7056277056277056,0.6468253968253969,0.7761904761904762,420.0,0.9691211401425178,0.966824644549763,0.9714285714285714,420.0,0.956419316843345,0.9463869463869464,0.9666666666666667,420.0,0.9616306954436451,0.9685990338164251,0.9547619047619048,420.0,0.9341176470588235,0.9232558139534883,0.9452380952380952,420.0,0.9761904761904762,0.9761904761904762,0.9761904761904762,420.0,0.6243781094527363,0.6536458333333334,0.5976190476190476,420.0,0.9339622641509434,0.9252336448598131,0.9428571428571428,420.0,0.9752650176678446,0.965034965034965,0.9857142857142858,420.0,0.6530089628681178,0.7063711911357341,0.6071428571428571,420.0,0.9268867924528302,0.9182242990654206,0.9357142857142857,420.0,0.6111744583808437,0.5864332603938731,0.638095238095238,420.0,0.9723889555822329,0.9806295399515739,0.9642857142857143,420.0,0.5753739930955121,0.5567928730512249,0.5952380952380952,420.0,0.9869513641755634,0.983451536643026,0.9904761904761905,420.0,0.9447004608294931,0.9151785714285714,0.9761904761904762,420.0,0.6666666666666667,0.7463126843657817,0.6023809523809524,420.0,0.9606674612634089,0.9618138424821002,0.9595238095238096,420.0,0.9560047562425683,0.9548693586698337,0.9571428571428572,420.0,0.9751479289940828,0.9694117647058823,0.9809523809523809,420.0,0.9245508982035928,0.9301204819277108,0.919047619047619,420.0,0.9347568208778173,0.9314420803782506,0.9380952380952381,420.0,0.9051620648259304,0.9128329297820823,0.8976190476190476,420.0,0.9420118343195266,0.9364705882352942,0.9476190476190476,420.0,0.9326923076923078,0.941747572815534,0.9238095238095239,420.0,0.9771359807460891,0.9878345498783455,0.9666666666666667,420.0,0.9570405727923629,0.9593301435406698,0.9547619047619048,420.0,0.9132530120481928,0.9243902439024391,0.9023809523809524,420.0,0.9161747343565526,0.9086651053864169,0.9238095238095239,420.0,0.9127837514934288,0.9160671462829736,0.9095238095238095,420.0,0.9117647058823529,0.9393939393939394,0.8857142857142857,420.0,0.9675870348139256,0.9757869249394673,0.9595238095238096,420.0,0.9610389610389609,0.9531615925058547,0.969047619047619,420.0,0.9775147928994082,0.971764705882353,0.9833333333333333,420.0,0.6304849884526559,0.6121076233183856,0.65,420.0,0.7252747252747253,0.7443609022556391,0.7071428571428572,420.0,0.9510155316606927,0.9544364508393285,0.9476190476190476,420.0,0.9310761789600966,0.9459459459459459,0.9166666666666666,420.0,0.6417910447761194,0.671875,0.6142857142857143,420.0,0.9482551143200962,0.9586374695863747,0.9380952380952381,420.0,0.9097387173396675,0.9075829383886256,0.9119047619047619,420.0,0.9279811097992915,0.9203747072599532,0.9357142857142857,420.0,0.9256594724220624,0.9323671497584541,0.919047619047619,420.0,0.9261430246189918,0.9122401847575058,0.9404761904761905,420.0,0.9625151148730351,0.9778869778869779,0.9476190476190476,420.0,0.9502369668246446,0.9457547169811321,0.9547619047619048,420.0,0.767337807606264,0.7236286919831224,0.8166666666666667,420.0
82,0.1282646209001541,0.9490230083465576,0.43375736474990845,0.8871833682060242,0.8871833839918946,0.8868139448930961,0.0003000000142492354,410.6146084579523,92120.0,224.34662114422377,0.6942528735632184,0.6711111111111111,0.719047619047619,420.0,0.9691211401425178,0.966824644549763,0.9714285714285714,420.0,0.9541715628672152,0.9419953596287703,0.9666666666666667,420.0,0.9603841536614645,0.9685230024213075,0.9523809523809523,420.0,0.9334889148191367,0.9153318077803204,0.9523809523809523,420.0,0.9762470308788598,0.9739336492890995,0.9785714285714285,420.0,0.6245259165613147,0.6657681940700808,0.5880952380952381,420.0,0.9346016646848989,0.9334916864608076,0.9357142857142857,420.0,0.9752650176678446,0.965034965034965,0.9857142857142858,420.0,0.6537530266343826,0.6650246305418719,0.6428571428571429,420.0,0.9354066985645934,0.9399038461538461,0.930952380952381,420.0,0.6424870466321243,0.5688073394495413,0.7380952380952381,420.0,0.9724550898203592,0.9783132530120482,0.9666666666666667,420.0,0.5594594594594594,0.646875,0.4928571428571429,420.0,0.9869513641755634,0.983451536643026,0.9904761904761905,420.0,0.9465116279069768,0.925,0.969047619047619,420.0,0.6914498141263941,0.7209302325581395,0.6642857142857143,420.0,0.9606674612634089,0.9618138424821002,0.9595238095238096,420.0,0.9523809523809523,0.9523809523809523,0.9523809523809523,420.0,0.9739952718676123,0.9671361502347418,0.9809523809523809,420.0,0.9250585480093676,0.9101382488479263,0.9404761904761905,420.0,0.9385342789598109,0.931924882629108,0.9452380952380952,420.0,0.905982905982906,0.9298245614035088,0.8833333333333333,420.0,0.9375736160188456,0.9277389277389277,0.9476190476190476,420.0,0.9315726290516207,0.9394673123486683,0.9238095238095239,420.0,0.9759615384615385,0.9854368932038835,0.9666666666666667,420.0,0.9604790419161676,0.9662650602409638,0.9547619047619048,420.0,0.9160671462829736,0.9227053140096618,0.9095238095238095,420.0,0.9214780600461894,0.8946188340807175,0.95,420.0,0.9131985731272294,0.9121140142517815,0.9142857142857143,420.0,0.9101796407185628,0.9156626506024096,0.9047619047619048,420.0,0.9734939759036144,0.9853658536585366,0.9619047619047619,420.0,0.9634002361275088,0.955503512880562,0.9714285714285714,420.0,0.9786729857819905,0.9740566037735849,0.9833333333333333,420.0,0.6431818181818183,0.6152173913043478,0.6738095238095239,420.0,0.7343941248470012,0.7556675062972292,0.7142857142857143,420.0,0.9523809523809523,0.9523809523809523,0.9523809523809523,420.0,0.9290012033694345,0.9391727493917275,0.919047619047619,420.0,0.6495098039215687,0.6691919191919192,0.6309523809523809,420.0,0.9469879518072288,0.9585365853658536,0.9357142857142857,420.0,0.916267942583732,0.9206730769230769,0.9119047619047619,420.0,0.930011862396204,0.9267139479905437,0.9333333333333333,420.0,0.9232643118148599,0.9451371571072319,0.9023809523809524,420.0,0.927810650887574,0.9223529411764706,0.9333333333333333,420.0,0.9636803874092009,0.9802955665024631,0.9476190476190476,420.0,0.9486260454002389,0.9520383693045563,0.9452380952380952,420.0,0.765909090909091,0.7326086956521739,0.8023809523809524,420.0
83,0.1278156191110611,0.9495006799697876,0.4347290098667145,0.8864235281944275,0.8864235055724415,0.8861518847554288,0.0003000000142492354,410.63740720797796,92120.0,224.33416533176052,0.7053571428571429,0.6638655462184874,0.7523809523809524,420.0,0.9666666666666667,0.9666666666666667,0.9666666666666667,420.0,0.9542790152403282,0.9399538106235565,0.969047619047619,420.0,0.9567307692307693,0.9660194174757282,0.9476190476190476,420.0,0.9358226371061844,0.9176201372997712,0.9547619047619048,420.0,0.9774614472123369,0.9739952718676123,0.9809523809523809,420.0,0.6204287515762925,0.6595174262734584,0.5857142857142857,420.0,0.9369797859690845,0.9358669833729216,0.9380952380952381,420.0,0.972972972972973,0.9605568445475638,0.9857142857142858,420.0,0.6582278481012659,0.7027027027027027,0.6190476190476191,420.0,0.932061978545888,0.9331742243436754,0.930952380952381,420.0,0.6426364572605562,0.5662431941923775,0.7428571428571429,420.0,0.972520908004779,0.9760191846522782,0.969047619047619,420.0,0.5551232166018158,0.6096866096866097,0.5095238095238095,420.0,0.9857819905213271,0.9811320754716981,0.9904761904761905,420.0,0.9468822170900693,0.9192825112107623,0.9761904761904762,420.0,0.6854219948849104,0.7403314917127072,0.638095238095238,420.0,0.9594272076372317,0.9617224880382775,0.9571428571428572,420.0,0.9537366548042705,0.950354609929078,0.9571428571428572,420.0,0.9716312056737589,0.9647887323943662,0.9785714285714285,420.0,0.9248826291079812,0.9120370370370371,0.9380952380952381,420.0,0.9346016646848989,0.9334916864608076,0.9357142857142857,420.0,0.9073405535499399,0.9172749391727494,0.8976190476190476,420.0,0.9371293001186239,0.933806146572104,0.9404761904761905,420.0,0.9307875894988067,0.9330143540669856,0.9285714285714286,420.0,0.9759615384615385,0.9854368932038835,0.9666666666666667,420.0,0.9604790419161676,0.9662650602409638,0.9547619047619048,420.0,0.916767189384801,0.9290953545232273,0.9047619047619048,420.0,0.9178403755868545,0.9050925925925926,0.930952380952381,420.0,0.9153754469606675,0.9164677804295943,0.9142857142857143,420.0,0.9145607701564379,0.9245742092457421,0.9047619047619048,420.0,0.9734299516908212,0.9877450980392157,0.9595238095238096,420.0,0.9634864546525325,0.9533799533799534,0.9738095238095238,420.0,0.976303317535545,0.9716981132075472,0.9809523809523809,420.0,0.64,0.6153846153846154,0.6666666666666666,420.0,0.7244897959183673,0.7802197802197802,0.6761904761904762,420.0,0.9523809523809523,0.9523809523809523,0.9523809523809523,420.0,0.9310761789600966,0.9459459459459459,0.9166666666666666,420.0,0.6511085180863477,0.6384439359267735,0.6642857142857143,420.0,0.9469879518072288,0.9585365853658536,0.9357142857142857,420.0,0.915576694411415,0.9144893111638955,0.9166666666666666,420.0,0.9290780141843971,0.9225352112676056,0.9357142857142857,420.0,0.9232643118148599,0.9451371571072319,0.9023809523809524,420.0,0.9285714285714286,0.9285714285714286,0.9285714285714286,420.0,0.9649334945586456,0.9803439803439803,0.95,420.0,0.9445100354191264,0.936768149882904,0.9523809523809523,420.0,0.7580645161290323,0.734375,0.7833333333333333,420.0
84,0.12720143795013428,0.9492183923721313,0.4372965693473816,0.8843971490859985,0.8843971631205673,0.8843027002763327,0.0003000000142492354,410.5253153749509,92120.0,224.39541862567657,0.6617647058823529,0.6818181818181818,0.6428571428571429,420.0,0.9678953626634959,0.9667458432304038,0.969047619047619,420.0,0.9553990610328638,0.9421296296296297,0.969047619047619,420.0,0.9603841536614645,0.9685230024213075,0.9523809523809523,420.0,0.9331770222743259,0.9191685912240185,0.9476190476190476,420.0,0.9762470308788598,0.9739336492890995,0.9785714285714285,420.0,0.6188118811881188,0.6443298969072165,0.5952380952380952,420.0,0.9361702127659575,0.9295774647887324,0.9428571428571428,420.0,0.9752650176678446,0.965034965034965,0.9857142857142858,420.0,0.6385224274406331,0.7159763313609467,0.5761904761904761,420.0,0.9290780141843971,0.9225352112676056,0.9357142857142857,420.0,0.619934282584885,0.5740365111561866,0.6738095238095239,420.0,0.972520908004779,0.9760191846522782,0.969047619047619,420.0,0.5684210526315789,0.5586206896551724,0.5785714285714286,420.0,0.9857819905213271,0.9811320754716981,0.9904761904761905,420.0,0.9457900807381775,0.9172259507829977,0.9761904761904762,420.0,0.6937354988399073,0.6764705882352942,0.7119047619047619,420.0,0.9594272076372317,0.9617224880382775,0.9571428571428572,420.0,0.9526066350710901,0.9481132075471698,0.9571428571428572,420.0,0.9739336492890995,0.9693396226415094,0.9785714285714285,420.0,0.928150765606596,0.9184149184149184,0.9380952380952381,420.0,0.9317365269461078,0.9373493975903614,0.9261904761904762,420.0,0.9029940119760479,0.908433734939759,0.8976190476190476,420.0,0.9397874852420307,0.9320843091334895,0.9476190476190476,420.0,0.935251798561151,0.9420289855072463,0.9285714285714286,420.0,0.9759615384615385,0.9854368932038835,0.9666666666666667,420.0,0.9582836710369488,0.9594272076372315,0.9571428571428572,420.0,0.9214026602176542,0.9361179361179361,0.9071428571428571,420.0,0.9150943396226416,0.9065420560747663,0.9238095238095239,420.0,0.9179548156956006,0.9168646080760094,0.919047619047619,420.0,0.9119420989143546,0.9242053789731052,0.9,420.0,0.9721886336154776,0.9877149877149877,0.9571428571428572,420.0,0.9621749408983451,0.9553990610328639,0.969047619047619,420.0,0.9763593380614657,0.9694835680751174,0.9833333333333333,420.0,0.6279069767441862,0.6136363636363636,0.6428571428571429,420.0,0.7230392156862744,0.7449494949494949,0.7023809523809523,420.0,0.9510155316606927,0.9544364508393285,0.9476190476190476,420.0,0.9290012033694345,0.9391727493917275,0.919047619047619,420.0,0.6478209658421673,0.6410256410256411,0.6547619047619048,420.0,0.9468599033816426,0.9607843137254902,0.9333333333333333,420.0,0.9125295508274232,0.9061032863849765,0.919047619047619,420.0,0.9325443786982249,0.9270588235294117,0.9380952380952381,420.0,0.9284848484848485,0.945679012345679,0.9119047619047619,420.0,0.930011862396204,0.9267139479905437,0.9333333333333333,420.0,0.9625151148730351,0.9778869778869779,0.9476190476190476,420.0,0.9457547169811321,0.9369158878504673,0.9547619047619048,420.0,0.7505938242280286,0.7488151658767772,0.7523809523809524,420.0
85,0.12682810425758362,0.94977205991745,0.43718838691711426,0.8859675526618958,0.8859675785207699,0.8854453483652993,0.0003000000142492354,410.3755917919916,92120.0,224.47728822695956,0.6914153132250581,0.6742081447963801,0.7095238095238096,420.0,0.9691211401425178,0.966824644549763,0.9714285714285714,420.0,0.952046783625731,0.9356321839080459,0.969047619047619,420.0,0.9591346153846154,0.9684466019417476,0.95,420.0,0.9311551925320887,0.9130434782608695,0.95,420.0,0.9785202863961813,0.9808612440191388,0.9761904761904762,420.0,0.6219974715549937,0.6630727762803235,0.5857142857142857,420.0,0.9346016646848989,0.9334916864608076,0.9357142857142857,420.0,0.9752650176678446,0.965034965034965,0.9857142857142858,420.0,0.6515151515151515,0.6935483870967742,0.6142857142857143,420.0,0.9334916864608076,0.9312796208530806,0.9357142857142857,420.0,0.6415841584158416,0.5491525423728814,0.7714285714285715,420.0,0.9723889555822329,0.9806295399515739,0.9642857142857143,420.0,0.5477178423236515,0.6534653465346535,0.4714285714285714,420.0,0.9869513641755634,0.983451536643026,0.9904761904761905,420.0,0.9470046082949309,0.9174107142857143,0.9785714285714285,420.0,0.6911764705882353,0.7121212121212122,0.6714285714285714,420.0,0.960573476702509,0.9640287769784173,0.9571428571428572,420.0,0.955794504181601,0.9592326139088729,0.9523809523809523,420.0,0.9752066115702478,0.9672131147540983,0.9833333333333333,420.0,0.9241540256709451,0.9061784897025171,0.9428571428571428,420.0,0.929510155316607,0.9328537170263789,0.9261904761904762,420.0,0.9009661835748792,0.9142156862745098,0.888095238095238,420.0,0.9411764705882352,0.9302325581395349,0.9523809523809523,420.0,0.934782608695652,0.9485294117647058,0.9214285714285714,420.0,0.9759615384615385,0.9854368932038835,0.9666666666666667,420.0,0.9556886227544911,0.9614457831325302,0.95,420.0,0.9095238095238095,0.9095238095238095,0.9095238095238095,420.0,0.9173457508731082,0.89749430523918,0.9380952380952381,420.0,0.916267942583732,0.9206730769230769,0.9119047619047619,420.0,0.9112709832134293,0.9178743961352657,0.9047619047619048,420.0,0.9734939759036144,0.9853658536585366,0.9619047619047619,420.0,0.9620853080568721,0.9575471698113207,0.9666666666666667,420.0,0.9763593380614657,0.9694835680751174,0.9833333333333333,420.0,0.6439135381114903,0.616557734204793,0.6738095238095239,420.0,0.7323600973236009,0.7487562189054726,0.7166666666666667,420.0,0.9522673031026253,0.9545454545454546,0.95,420.0,0.9286577992744861,0.9434889434889435,0.9142857142857143,420.0,0.6389937106918238,0.6773333333333333,0.6047619047619047,420.0,0.9469879518072288,0.9585365853658536,0.9357142857142857,420.0,0.9121140142517814,0.909952606635071,0.9142857142857143,420.0,0.9260143198090691,0.9282296650717703,0.9238095238095239,420.0,0.921951219512195,0.945,0.9,420.0,0.9289099526066351,0.9245283018867925,0.9333333333333333,420.0,0.9625151148730351,0.9778869778869779,0.9476190476190476,420.0,0.9443786982248521,0.9388235294117647,0.95,420.0,0.7716186252771619,0.7219917012448133,0.8285714285714286,420.0
86,0.1262138932943344,0.9500325918197632,0.4408033490180969,0.8845491409301758,0.8845491388044581,0.8843017174992304,0.0003000000142492354,410.38424674997805,92120.0,224.47255402599083,0.6884480746791132,0.6750572082379863,0.7023809523809523,420.0,0.9678953626634959,0.9667458432304038,0.969047619047619,420.0,0.9541715628672152,0.9419953596287703,0.9666666666666667,420.0,0.9601930036188178,0.9731051344743277,0.9476190476190476,420.0,0.936768149882904,0.9216589861751152,0.9523809523809523,420.0,0.9738717339667459,0.9715639810426541,0.9761904761904762,420.0,0.619753086419753,0.6435897435897436,0.5976190476190476,420.0,0.9316037735849058,0.9228971962616822,0.9404761904761905,420.0,0.972972972972973,0.9605568445475638,0.9857142857142858,420.0,0.6555555555555556,0.6145833333333334,0.7023809523809523,420.0,0.932061978545888,0.9331742243436754,0.930952380952381,420.0,0.6006984866123399,0.5876993166287016,0.6142857142857143,420.0,0.9712918660287081,0.9759615384615384,0.9666666666666667,420.0,0.562905317769131,0.6182336182336182,0.5166666666666667,420.0,0.9857819905213271,0.9811320754716981,0.9904761904761905,420.0,0.9479768786127167,0.9213483146067416,0.9761904761904762,420.0,0.6918392204628502,0.7082294264339152,0.6761904761904762,420.0,0.958183990442055,0.9616306954436451,0.9547619047619048,420.0,0.9535160905840284,0.954653937947494,0.9523809523809523,420.0,0.9750889679715302,0.9716312056737588,0.9785714285714285,420.0,0.9158653846153846,0.9247572815533981,0.9071428571428571,420.0,0.9363207547169811,0.927570093457944,0.9452380952380952,420.0,0.9077490774907749,0.9389312977099237,0.8785714285714286,420.0,0.9382422802850356,0.9360189573459715,0.9404761904761905,420.0,0.932061978545888,0.9331742243436754,0.930952380952381,420.0,0.9759615384615385,0.9854368932038835,0.9666666666666667,420.0,0.958183990442055,0.9616306954436451,0.9547619047619048,420.0,0.9191797346200242,0.9315403422982885,0.9071428571428571,420.0,0.92183908045977,0.8911111111111111,0.9547619047619048,420.0,0.9153754469606675,0.9164677804295943,0.9142857142857143,420.0,0.9110576923076924,0.9199029126213593,0.9023809523809524,420.0,0.9699157641395908,0.9805352798053528,0.9595238095238096,420.0,0.9633136094674556,0.9576470588235294,0.969047619047619,420.0,0.9775147928994082,0.971764705882353,0.9833333333333333,420.0,0.6261682242990653,0.6146788990825688,0.638095238095238,420.0,0.7275,0.7657894736842106,0.6928571428571428,420.0,0.9522673031026253,0.9545454545454546,0.95,420.0,0.9288299155609167,0.941320293398533,0.9166666666666666,420.0,0.6471277842907386,0.6374133949191686,0.6571428571428571,420.0,0.9481302774427021,0.960880195599022,0.9357142857142857,420.0,0.9149700598802396,0.9204819277108434,0.9095238095238095,420.0,0.9290780141843971,0.9225352112676056,0.9357142857142857,420.0,0.9203329369797859,0.9192399049881235,0.9214285714285714,420.0,0.9279811097992915,0.9203747072599532,0.9357142857142857,420.0,0.963768115942029,0.9779411764705882,0.95,420.0,0.9422850412249706,0.9324009324009324,0.9523809523809523,420.0,0.7505827505827507,0.7351598173515982,0.7666666666666667,420.0
87,0.12606269121170044,0.9501194357872009,0.4409295916557312,0.8858662843704224,0.8858662613981763,0.8855405365680402,0.0003000000142492354,410.49003454099875,92120.0,224.41470498304943,0.7034178610804851,0.6550308008213552,0.7595238095238095,420.0,0.9678953626634959,0.9667458432304038,0.969047619047619,420.0,0.9543859649122807,0.9379310344827586,0.9714285714285714,420.0,0.9615384615384616,0.970873786407767,0.9523809523809523,420.0,0.936768149882904,0.9216589861751152,0.9523809523809523,420.0,0.9762470308788598,0.9739336492890995,0.9785714285714285,420.0,0.6222222222222222,0.6461538461538462,0.6,420.0,0.9372781065088757,0.9317647058823529,0.9428571428571428,420.0,0.972972972972973,0.9605568445475638,0.9857142857142858,420.0,0.6564705882352941,0.6488372093023256,0.6642857142857143,420.0,0.930952380952381,0.930952380952381,0.930952380952381,420.0,0.6277056277056277,0.5753968253968254,0.6904761904761905,420.0,0.9736842105263157,0.9783653846153846,0.969047619047619,420.0,0.5620052770448549,0.6301775147928994,0.5071428571428571,420.0,0.9857819905213271,0.9811320754716981,0.9904761904761905,420.0,0.9460390355912743,0.9135254988913526,0.9809523809523809,420.0,0.6736020806241872,0.7421203438395415,0.6166666666666667,420.0,0.960573476702509,0.9640287769784173,0.9571428571428572,420.0,0.9561091340450771,0.9527186761229315,0.9595238095238096,420.0,0.9739952718676123,0.9671361502347418,0.9809523809523809,420.0,0.9257950530035335,0.916083916083916,0.9357142857142857,420.0,0.9383886255924171,0.9339622641509434,0.9428571428571428,420.0,0.9034564958283671,0.9045346062052506,0.9023809523809524,420.0,0.9371293001186239,0.933806146572104,0.9404761904761905,420.0,0.9339735894357742,0.9418886198547215,0.9261904761904762,420.0,0.9771359807460891,0.9878345498783455,0.9666666666666667,420.0,0.9568345323741007,0.9637681159420289,0.95,420.0,0.914765906362545,0.9225181598062954,0.9071428571428571,420.0,0.9148936170212766,0.9084507042253521,0.9214285714285714,420.0,0.9164677804295943,0.9186602870813397,0.9142857142857143,420.0,0.912883435582822,0.9417721518987342,0.8857142857142857,420.0,0.9699157641395908,0.9805352798053528,0.9595238095238096,420.0,0.9634002361275088,0.955503512880562,0.9714285714285714,420.0,0.9763593380614657,0.9694835680751174,0.9833333333333333,420.0,0.627039627039627,0.6141552511415526,0.6404761904761904,420.0,0.7286432160804022,0.7712765957446809,0.6904761904761905,420.0,0.9523809523809523,0.9523809523809523,0.9523809523809523,420.0,0.930909090909091,0.9481481481481482,0.9142857142857143,420.0,0.6420047732696896,0.6435406698564593,0.6404761904761904,420.0,0.9481302774427021,0.960880195599022,0.9357142857142857,420.0,0.9140811455847255,0.916267942583732,0.9119047619047619,420.0,0.930011862396204,0.9267139479905437,0.9333333333333333,420.0,0.9234507897934386,0.9429280397022333,0.9047619047619048,420.0,0.9320843091334895,0.9170506912442397,0.9476190476190476,420.0,0.9625151148730351,0.9778869778869779,0.9476190476190476,420.0,0.9467455621301775,0.9411764705882353,0.9523809523809523,420.0,0.7613636363636362,0.7282608695652174,0.7976190476190477,420.0
88,0.12533211708068848,0.9501519799232483,0.4403369724750519,0.8837892413139343,0.8837892603850049,0.8833901427604453,0.0003000000142492354,410.37519729102496,92120.0,224.47750402096412,0.6240409207161126,0.6740331491712708,0.580952380952381,420.0,0.9703440094899171,0.966903073286052,0.9738095238095238,420.0,0.9540636042402827,0.9440559440559441,0.9642857142857143,420.0,0.9627851140456183,0.9709443099273608,0.9547619047619048,420.0,0.9333333333333332,0.9172413793103448,0.95,420.0,0.9774078478002378,0.9762470308788599,0.9785714285714285,420.0,0.6217870257037943,0.6397984886649875,0.6047619047619047,420.0,0.9312796208530806,0.9268867924528302,0.9357142857142857,420.0,0.9764150943396227,0.9672897196261683,0.9857142857142858,420.0,0.6278145695364238,0.7074626865671642,0.5642857142857143,420.0,0.9283196239717979,0.9164733178654292,0.9404761904761905,420.0,0.6394129979035639,0.5711610486891385,0.7261904761904762,420.0,0.9747899159663865,0.9830508474576272,0.9666666666666667,420.0,0.562268803945746,0.5831202046035806,0.5428571428571428,420.0,0.9857819905213271,0.9811320754716981,0.9904761904761905,420.0,0.944954128440367,0.911504424778761,0.9809523809523809,420.0,0.6837988826815642,0.6442105263157895,0.7285714285714285,420.0,0.9593301435406699,0.9639423076923077,0.9547619047619048,420.0,0.9547619047619048,0.9547619047619048,0.9547619047619048,420.0,0.9739952718676123,0.9671361502347418,0.9809523809523809,420.0,0.9290780141843971,0.9225352112676056,0.9357142857142857,420.0,0.9361702127659575,0.9295774647887324,0.9428571428571428,420.0,0.9051094890510949,0.9253731343283582,0.8857142857142857,420.0,0.9396449704142011,0.9341176470588235,0.9452380952380952,420.0,0.936374549819928,0.9443099273607748,0.9285714285714286,420.0,0.9759615384615385,0.9854368932038835,0.9666666666666667,420.0,0.9568345323741007,0.9637681159420289,0.95,420.0,0.9054373522458629,0.8990610328638498,0.9119047619047619,420.0,0.9198606271777003,0.8979591836734694,0.9428571428571428,420.0,0.9144893111638955,0.9123222748815166,0.9166666666666666,420.0,0.9133089133089132,0.9373433583959899,0.8904761904761904,420.0,0.9734939759036144,0.9853658536585366,0.9619047619047619,420.0,0.9634002361275088,0.955503512880562,0.9714285714285714,420.0,0.9763593380614657,0.9694835680751174,0.9833333333333333,420.0,0.6206088992974239,0.6105990783410138,0.6309523809523809,420.0,0.7212713936430318,0.7412060301507538,0.7023809523809523,420.0,0.9522673031026253,0.9545454545454546,0.95,420.0,0.9322033898305084,0.9482758620689655,0.9166666666666666,420.0,0.6529126213592233,0.6658415841584159,0.6404761904761904,420.0,0.9482551143200962,0.9586374695863747,0.9380952380952381,420.0,0.9156626506024096,0.926829268292683,0.9047619047619048,420.0,0.9247311827956989,0.9280575539568345,0.9214285714285714,420.0,0.9320388349514563,0.9504950495049505,0.9142857142857143,420.0,0.9261430246189918,0.9122401847575058,0.9404761904761905,420.0,0.9578820697954272,0.9683698296836983,0.9476190476190476,420.0,0.944770857814336,0.9327146171693735,0.9571428571428572,420.0,0.7583815028901734,0.7370786516853932,0.780952380952381,420.0
89,0.1250830441713333,0.9502171277999878,0.4424155056476593,0.8852583765983582,0.8852583586626139,0.8850730032732105,0.0003000000142492354,410.3172896670294,92120.0,224.5091842821319,0.7031250000000001,0.6617647058823529,0.75,420.0,0.9678953626634959,0.9667458432304038,0.969047619047619,420.0,0.9529411764705882,0.9418604651162791,0.9642857142857143,420.0,0.9615384615384616,0.970873786407767,0.9523809523809523,420.0,0.9347319347319347,0.9155251141552512,0.9547619047619048,420.0,0.976303317535545,0.9716981132075472,0.9809523809523809,420.0,0.6285714285714286,0.6571428571428571,0.6023809523809524,420.0,0.9325443786982249,0.9270588235294117,0.9380952380952381,420.0,0.9741176470588235,0.9627906976744186,0.9857142857142858,420.0,0.6529032258064517,0.7126760563380282,0.6023809523809524,420.0,0.9357142857142857,0.9357142857142857,0.9357142857142857,420.0,0.628755364806867,0.572265625,0.6976190476190476,420.0,0.973621103117506,0.9806763285024155,0.9666666666666667,420.0,0.5616605616605618,0.5764411027568922,0.5476190476190477,420.0,0.9869513641755634,0.983451536643026,0.9904761904761905,420.0,0.9479768786127167,0.9213483146067416,0.9761904761904762,420.0,0.6786632390745502,0.7374301675977654,0.6285714285714286,420.0,0.958183990442055,0.9616306954436451,0.9547619047619048,420.0,0.9521531100478469,0.9567307692307693,0.9476190476190476,420.0,0.9739952718676123,0.9671361502347418,0.9809523809523809,420.0,0.9206730769230769,0.9296116504854369,0.9119047619047619,420.0,0.9360189573459715,0.9316037735849056,0.9404761904761905,420.0,0.8983050847457628,0.9137931034482759,0.8833333333333333,420.0,0.9377203290246768,0.925754060324826,0.95,420.0,0.9338146811070999,0.9440389294403893,0.9238095238095239,420.0,0.9771359807460891,0.9878345498783455,0.9666666666666667,420.0,0.957983193277311,0.9661016949152542,0.95,420.0,0.9082240762812873,0.9093078758949881,0.9071428571428571,420.0,0.912280701754386,0.896551724137931,0.9285714285714286,420.0,0.915576694411415,0.9144893111638955,0.9166666666666666,420.0,0.9097472924187726,0.9197080291970803,0.9,420.0,0.9723225030084236,0.9829683698296837,0.9619047619047619,420.0,0.964622641509434,0.955607476635514,0.9738095238095238,420.0,0.9775147928994082,0.971764705882353,0.9833333333333333,420.0,0.6396292004634994,0.6230248306997742,0.6571428571428571,420.0,0.7222914072229141,0.7571801566579635,0.6904761904761905,420.0,0.9511323003575685,0.9522673031026253,0.95,420.0,0.9286577992744861,0.9434889434889435,0.9142857142857143,420.0,0.6476868327402135,0.6453900709219859,0.65,420.0,0.9469879518072288,0.9585365853658536,0.9357142857142857,420.0,0.9149700598802396,0.9204819277108434,0.9095238095238095,420.0,0.9263657957244655,0.9241706161137441,0.9285714285714286,420.0,0.9227110582639715,0.9216152019002375,0.9238095238095239,420.0,0.9314420803782506,0.9248826291079812,0.9380952380952381,420.0,0.9601930036188178,0.9731051344743277,0.9476190476190476,420.0,0.9457547169811321,0.9369158878504673,0.9547619047619048,420.0,0.7563218390804598,0.7311111111111112,0.7833333333333333,420.0
90,0.12454909831285477,0.9508467316627502,0.44285041093826294,0.886119544506073,0.8861195542046604,0.8858845394948757,0.0003000000142492354,410.3796828750055,92120.0,224.47505040852167,0.6979405034324943,0.6718061674008811,0.7261904761904762,420.0,0.971563981042654,0.9669811320754716,0.9761904761904762,420.0,0.9518213866039954,0.9396751740139211,0.9642857142857143,420.0,0.9615384615384616,0.970873786407767,0.9523809523809523,420.0,0.9334889148191367,0.9153318077803204,0.9523809523809523,420.0,0.9750889679715302,0.9716312056737588,0.9785714285714285,420.0,0.6271604938271604,0.6512820512820513,0.6047619047619047,420.0,0.9339622641509434,0.9252336448598131,0.9428571428571428,420.0,0.9763593380614657,0.9694835680751174,0.9833333333333333,420.0,0.6600496277915633,0.689119170984456,0.6333333333333333,420.0,0.930952380952381,0.930952380952381,0.930952380952381,420.0,0.634819532908705,0.5727969348659003,0.7119047619047619,420.0,0.9724550898203592,0.9783132530120482,0.9666666666666667,420.0,0.5699745547073791,0.6120218579234973,0.5333333333333333,420.0,0.9869513641755634,0.983451536643026,0.9904761904761905,420.0,0.9411764705882352,0.912751677852349,0.9714285714285714,420.0,0.6924034869240349,0.7258485639686684,0.6619047619047619,420.0,0.960573476702509,0.9640287769784173,0.9571428571428572,420.0,0.9512485136741974,0.9501187648456056,0.9523809523809523,420.0,0.9752066115702478,0.9672131147540983,0.9833333333333333,420.0,0.922341696535245,0.9256594724220624,0.919047619047619,420.0,0.9361702127659575,0.9295774647887324,0.9428571428571428,420.0,0.8985507246376812,0.9117647058823529,0.8857142857142857,420.0,0.9386792452830189,0.9299065420560748,0.9476190476190476,420.0,0.9326923076923078,0.941747572815534,0.9238095238095239,420.0,0.9746682750301568,0.9877750611246944,0.9619047619047619,420.0,0.9580838323353292,0.963855421686747,0.9523809523809523,420.0,0.9173652694610778,0.9228915662650602,0.9119047619047619,420.0,0.9146198830409357,0.8988505747126436,0.930952380952381,420.0,0.9138755980861243,0.9182692307692307,0.9095238095238095,420.0,0.9130434782608695,0.9264705882352942,0.9,420.0,0.9699879951980792,0.9782082324455206,0.9619047619047619,420.0,0.9634002361275088,0.955503512880562,0.9714285714285714,420.0,0.9763593380614657,0.9694835680751174,0.9833333333333333,420.0,0.6340326340326341,0.6210045662100456,0.6476190476190476,420.0,0.7290400972053463,0.7444168734491315,0.7142857142857143,420.0,0.9523809523809523,0.9523809523809523,0.9523809523809523,420.0,0.9290012033694345,0.9391727493917275,0.919047619047619,420.0,0.6454767726161369,0.6633165829145728,0.6285714285714286,420.0,0.9469879518072288,0.9585365853658536,0.9357142857142857,420.0,0.9182692307692307,0.9271844660194175,0.9095238095238095,420.0,0.9271206690561529,0.9304556354916067,0.9238095238095239,420.0,0.9267707082833133,0.9346246973365617,0.919047619047619,420.0,0.9289099526066351,0.9245283018867925,0.9333333333333333,420.0,0.9625151148730351,0.9778869778869779,0.9476190476190476,420.0,0.9425556858147714,0.9284064665127021,0.9571428571428572,420.0,0.7589388696655133,0.7360178970917226,0.7833333333333333,420.0
91,0.12397963553667068,0.9507381916046143,0.4459761679172516,0.8849543929100037,0.8849544072948328,0.8846234887242371,0.0003000000142492354,410.0756480830023,92120.0,224.64147878723645,0.7005524861878454,0.6536082474226804,0.7547619047619047,420.0,0.9678953626634959,0.9667458432304038,0.969047619047619,420.0,0.9530516431924883,0.9398148148148148,0.9666666666666667,420.0,0.9591346153846154,0.9684466019417476,0.95,420.0,0.9317647058823529,0.9209302325581395,0.9428571428571428,420.0,0.9750297265160522,0.9738717339667459,0.9761904761904762,420.0,0.6225490196078431,0.6414141414141414,0.6047619047619047,420.0,0.9322429906542055,0.9151376146788991,0.95,420.0,0.9706916764361078,0.9561200923787528,0.9857142857142858,420.0,0.6562874251497006,0.6602409638554216,0.6523809523809524,420.0,0.9257950530035335,0.916083916083916,0.9357142857142857,420.0,0.639240506329114,0.5738636363636364,0.7214285714285714,420.0,0.9724550898203592,0.9783132530120482,0.9666666666666667,420.0,0.5652759084791386,0.6501547987616099,0.5,420.0,0.9857819905213271,0.9811320754716981,0.9904761904761905,420.0,0.945664739884393,0.9191011235955057,0.9738095238095238,420.0,0.6726342710997443,0.7265193370165746,0.6261904761904762,420.0,0.9593301435406699,0.9639423076923077,0.9547619047619048,420.0,0.9521531100478469,0.9567307692307693,0.9476190476190476,420.0,0.9774614472123369,0.9739952718676123,0.9809523809523809,420.0,0.916767189384801,0.9290953545232273,0.9047619047619048,420.0,0.933649289099526,0.9292452830188679,0.9380952380952381,420.0,0.9010989010989012,0.924812030075188,0.8785714285714286,420.0,0.9408983451536642,0.9342723004694836,0.9476190476190476,420.0,0.9326923076923078,0.941747572815534,0.9238095238095239,420.0,0.9771359807460891,0.9878345498783455,0.9666666666666667,420.0,0.960573476702509,0.9640287769784173,0.9571428571428572,420.0,0.9189842805320435,0.9336609336609336,0.9047619047619048,420.0,0.9202312138728324,0.8943820224719101,0.9476190476190476,420.0,0.9125295508274232,0.9061032863849765,0.919047619047619,420.0,0.9124087591240876,0.9328358208955224,0.8928571428571429,420.0,0.9698431845597105,0.9828850855745721,0.9571428571428572,420.0,0.9620853080568721,0.9575471698113207,0.9666666666666667,420.0,0.9763593380614657,0.9694835680751174,0.9833333333333333,420.0,0.6242638398115429,0.6177156177156177,0.6309523809523809,420.0,0.7232472324723247,0.7480916030534351,0.7,420.0,0.9511323003575685,0.9522673031026253,0.95,420.0,0.9288299155609167,0.941320293398533,0.9166666666666666,420.0,0.6516052318668252,0.6508313539192399,0.6523809523809524,420.0,0.9469879518072288,0.9585365853658536,0.9357142857142857,420.0,0.9127837514934288,0.9160671462829736,0.9095238095238095,420.0,0.9303423848878395,0.9227166276346604,0.9380952380952381,420.0,0.9183431952662723,0.9129411764705883,0.9238095238095239,420.0,0.930011862396204,0.9267139479905437,0.9333333333333333,420.0,0.9625151148730351,0.9778869778869779,0.9476190476190476,420.0,0.9478672985781991,0.9433962264150944,0.9523809523809523,420.0,0.7491248541423571,0.7345537757437071,0.7642857142857142,420.0
92,0.12361610680818558,0.950455904006958,0.4493202567100525,0.8835866451263428,0.8835866261398175,0.8835600002642228,0.0003000000142492354,410.2136314160307,92120.0,224.56591625687273,0.7001114827201783,0.6582809224318659,0.7476190476190476,420.0,0.9703440094899171,0.966903073286052,0.9738095238095238,420.0,0.9576470588235293,0.9465116279069767,0.969047619047619,420.0,0.9578820697954272,0.9683698296836983,0.9476190476190476,420.0,0.9339622641509434,0.9252336448598131,0.9428571428571428,420.0,0.9797859690844234,0.9786223277909739,0.9809523809523809,420.0,0.6151866151866151,0.6694677871148459,0.569047619047619,420.0,0.9379474940334129,0.9401913875598086,0.9357142857142857,420.0,0.9741176470588235,0.9627906976744186,0.9857142857142858,420.0,0.6367924528301886,0.6308411214953271,0.6428571428571429,420.0,0.9287410926365796,0.9265402843601895,0.930952380952381,420.0,0.6254071661237786,0.5748502994011976,0.6857142857142857,420.0,0.9724550898203592,0.9783132530120482,0.9666666666666667,420.0,0.5542483660130719,0.6144927536231884,0.5047619047619047,420.0,0.9869513641755634,0.983451536643026,0.9904761904761905,420.0,0.9457900807381775,0.9172259507829977,0.9761904761904762,420.0,0.6810126582278482,0.727027027027027,0.6404761904761904,420.0,0.960573476702509,0.9640287769784173,0.9571428571428572,420.0,0.9500000000000001,0.95,0.95,420.0,0.9775147928994082,0.971764705882353,0.9833333333333333,420.0,0.9261904761904762,0.9261904761904762,0.9261904761904762,420.0,0.9374262101534828,0.9297423887587822,0.9452380952380952,420.0,0.8996372430471583,0.914004914004914,0.8857142857142857,420.0,0.9385342789598109,0.931924882629108,0.9452380952380952,420.0,0.9315726290516207,0.9394673123486683,0.9238095238095239,420.0,0.9759615384615385,0.9854368932038835,0.9666666666666667,420.0,0.9616306954436451,0.9685990338164251,0.9547619047619048,420.0,0.9101796407185628,0.9156626506024096,0.9047619047619048,420.0,0.9148191365227538,0.897025171624714,0.9333333333333333,420.0,0.915576694411415,0.9144893111638955,0.9166666666666666,420.0,0.913730255164034,0.9330024813895782,0.8952380952380953,420.0,0.9710144927536232,0.9852941176470589,0.9571428571428572,420.0,0.9621749408983451,0.9553990610328639,0.969047619047619,420.0,0.9775147928994082,0.971764705882353,0.9833333333333333,420.0,0.64501679731243,0.6088794926004228,0.6857142857142857,420.0,0.7075812274368231,0.7153284671532847,0.7,420.0,0.9521531100478469,0.9567307692307693,0.9476190476190476,420.0,0.929951690821256,0.9436274509803921,0.9166666666666666,420.0,0.6441048034934497,0.594758064516129,0.7023809523809523,420.0,0.9469879518072288,0.9585365853658536,0.9357142857142857,420.0,0.9134615384615385,0.9223300970873787,0.9047619047619048,420.0,0.9301775147928995,0.9247058823529412,0.9357142857142857,420.0,0.9265944645006017,0.9367396593673966,0.9166666666666666,420.0,0.9306698002350176,0.9187935034802784,0.9428571428571428,420.0,0.9625151148730351,0.9778869778869779,0.9476190476190476,420.0,0.9467455621301775,0.9411764705882353,0.9523809523809523,420.0,0.7089262613195343,0.7762039660056658,0.6523809523809524,420.0
93,0.12321189045906067,0.9508467316627502,0.45136135816574097,0.8840932250022888,0.8840932117527862,0.8838493010254224,0.0003000000142492354,411.7778895419906,92120.0,223.71283728337767,0.7065217391304347,0.65,0.7738095238095238,420.0,0.9691211401425178,0.966824644549763,0.9714285714285714,420.0,0.9541715628672152,0.9419953596287703,0.9666666666666667,420.0,0.9590361445783132,0.9707317073170731,0.9476190476190476,420.0,0.9342723004694835,0.9212962962962963,0.9476190476190476,420.0,0.9786223277909738,0.976303317535545,0.9809523809523809,420.0,0.6255924170616113,0.6226415094339622,0.6285714285714286,420.0,0.9349112426035503,0.9294117647058824,0.9404761904761905,420.0,0.971830985915493,0.9583333333333334,0.9857142857142858,420.0,0.6607818411097099,0.7024128686327078,0.6238095238095238,420.0,0.9268867924528302,0.9182242990654206,0.9357142857142857,420.0,0.6316916488222698,0.5739299610894941,0.7023809523809523,420.0,0.9712918660287081,0.9759615384615384,0.9666666666666667,420.0,0.5714285714285715,0.5974025974025974,0.5476190476190477,420.0,0.9869513641755634,0.983451536643026,0.9904761904761905,420.0,0.9432213209733488,0.9187358916478555,0.969047619047619,420.0,0.6675392670157069,0.7412790697674418,0.6071428571428571,420.0,0.960573476702509,0.9640287769784173,0.9571428571428572,420.0,0.9549763033175355,0.9504716981132075,0.9595238095238096,420.0,0.9786223277909738,0.976303317535545,0.9809523809523809,420.0,0.9115151515151515,0.928395061728395,0.8952380952380953,420.0,0.9293413173652695,0.9349397590361446,0.9238095238095239,420.0,0.9017199017199017,0.9314720812182741,0.8738095238095238,420.0,0.9420118343195266,0.9364705882352942,0.9476190476190476,420.0,0.930909090909091,0.9481481481481482,0.9142857142857143,420.0,0.9771359807460891,0.9878345498783455,0.9666666666666667,420.0,0.9582836710369488,0.9594272076372315,0.9571428571428572,420.0,0.9126213592233011,0.9306930693069307,0.8952380952380953,420.0,0.9216589861751151,0.8928571428571429,0.9523809523809523,420.0,0.9149700598802396,0.9204819277108434,0.9095238095238095,420.0,0.9128329297820823,0.9285714285714286,0.8976190476190476,420.0,0.96875,0.9781553398058253,0.9595238095238096,420.0,0.9620853080568721,0.9575471698113207,0.9666666666666667,420.0,0.9763593380614657,0.9694835680751174,0.9833333333333333,420.0,0.5956416464891041,0.6059113300492611,0.5857142857142857,420.0,0.7277289836888331,0.7692307692307693,0.6904761904761905,420.0,0.9510155316606927,0.9544364508393285,0.9476190476190476,420.0,0.9278846153846153,0.9368932038834952,0.919047619047619,420.0,0.6365853658536585,0.6525,0.6214285714285714,420.0,0.9483793517406962,0.9564164648910412,0.9404761904761905,420.0,0.9105882352941177,0.9,0.9214285714285714,420.0,0.9256198347107439,0.9180327868852459,0.9333333333333333,420.0,0.91725768321513,0.9107981220657277,0.9238095238095239,420.0,0.9256198347107439,0.9180327868852459,0.9333333333333333,420.0,0.9600967351874246,0.9754299754299754,0.9452380952380952,420.0,0.9433962264150944,0.9345794392523364,0.9523809523809523,420.0,0.7628635346756153,0.7194092827004219,0.8119047619047619,420.0
94,0.12286950647830963,0.9508141279220581,0.44981685280799866,0.8842452168464661,0.8842451874366768,0.8842238823152017,0.0003000000142492354,409.9257328749518,92120.0,224.72363311746835,0.6998867497168744,0.6673866090712743,0.7357142857142858,420.0,0.971563981042654,0.9669811320754716,0.9761904761904762,420.0,0.9553990610328638,0.9421296296296297,0.969047619047619,420.0,0.957983193277311,0.9661016949152542,0.95,420.0,0.9380116959064327,0.9218390804597701,0.9547619047619048,420.0,0.9761904761904762,0.9761904761904762,0.9761904761904762,420.0,0.6320754716981132,0.6261682242990654,0.638095238095238,420.0,0.9330199764982374,0.9211136890951276,0.9452380952380952,420.0,0.9752650176678446,0.965034965034965,0.9857142857142858,420.0,0.6573604060913705,0.7038043478260869,0.6166666666666667,420.0,0.9256198347107439,0.9180327868852459,0.9333333333333333,420.0,0.6281512605042018,0.5620300751879699,0.7119047619047619,420.0,0.9723889555822329,0.9806295399515739,0.9642857142857143,420.0,0.5591939546599497,0.5935828877005348,0.5285714285714286,420.0,0.9869513641755634,0.983451536643026,0.9904761904761905,420.0,0.9455388180764773,0.9209932279909706,0.9714285714285714,420.0,0.688360450563204,0.7255936675461742,0.6547619047619048,420.0,0.9594272076372317,0.9617224880382775,0.9571428571428572,420.0,0.9548693586698337,0.95260663507109,0.9571428571428572,420.0,0.976303317535545,0.9716981132075472,0.9809523809523809,420.0,0.9182692307692307,0.9271844660194175,0.9095238095238095,420.0,0.9311163895486937,0.9289099526066351,0.9333333333333333,420.0,0.905055487053021,0.9386189258312021,0.8738095238095238,420.0,0.9404761904761905,0.9404761904761905,0.9404761904761905,420.0,0.9293413173652695,0.9349397590361446,0.9238095238095239,420.0,0.9771359807460891,0.9878345498783455,0.9666666666666667,420.0,0.958183990442055,0.9616306954436451,0.9547619047619048,420.0,0.9138755980861243,0.9182692307692307,0.9095238095238095,420.0,0.9230769230769231,0.8913525498891353,0.9571428571428572,420.0,0.918854415274463,0.9210526315789473,0.9166666666666666,420.0,0.913939393939394,0.9308641975308642,0.8976190476190476,420.0,0.966346153846154,0.9757281553398058,0.9571428571428572,420.0,0.9620853080568721,0.9575471698113207,0.9666666666666667,420.0,0.9763593380614657,0.9694835680751174,0.9833333333333333,420.0,0.6048780487804878,0.62,0.5904761904761905,420.0,0.7246376811594202,0.7352941176470589,0.7142857142857143,420.0,0.9510155316606927,0.9544364508393285,0.9476190476190476,420.0,0.9301204819277108,0.9414634146341463,0.919047619047619,420.0,0.6482758620689655,0.6266666666666667,0.6714285714285714,420.0,0.9469879518072288,0.9585365853658536,0.9357142857142857,420.0,0.9082240762812873,0.9093078758949881,0.9071428571428571,420.0,0.9298454221165279,0.9287410926365796,0.930952380952381,420.0,0.918854415274463,0.9210526315789473,0.9166666666666666,420.0,0.9289099526066351,0.9245283018867925,0.9333333333333333,420.0,0.9625151148730351,0.9778869778869779,0.9476190476190476,420.0,0.9439809296781884,0.9451073985680191,0.9428571428571428,420.0,0.7326007326007327,0.7518796992481203,0.7142857142857143,420.0
95,0.12231817096471786,0.9509552717208862,0.45054206252098083,0.8843464851379395,0.8843465045592704,0.8842294996497712,0.0003000000142492354,410.5235581249581,92120.0,224.396379152399,0.7017543859649122,0.6504065040650406,0.7619047619047619,420.0,0.9691211401425178,0.966824644549763,0.9714285714285714,420.0,0.9541715628672152,0.9419953596287703,0.9666666666666667,420.0,0.9626955475330926,0.9732360097323601,0.9523809523809523,420.0,0.935672514619883,0.9195402298850575,0.9523809523809523,420.0,0.9738717339667459,0.9715639810426541,0.9761904761904762,420.0,0.6335697399527186,0.6291079812206573,0.638095238095238,420.0,0.9289099526066351,0.9245283018867925,0.9333333333333333,420.0,0.9706916764361078,0.9561200923787528,0.9857142857142858,420.0,0.6582914572864322,0.6968085106382979,0.6238095238095238,420.0,0.9333333333333333,0.9333333333333333,0.9333333333333333,420.0,0.623773173391494,0.5754527162977867,0.680952380952381,420.0,0.9724550898203592,0.9783132530120482,0.9666666666666667,420.0,0.5612745098039216,0.5782828282828283,0.5452380952380952,420.0,0.9869513641755634,0.983451536643026,0.9904761904761905,420.0,0.9432213209733488,0.9187358916478555,0.969047619047619,420.0,0.662303664921466,0.7354651162790697,0.6023809523809524,420.0,0.9582836710369488,0.9594272076372315,0.9571428571428572,420.0,0.9536266349583828,0.9524940617577197,0.9547619047619048,420.0,0.9774614472123369,0.9739952718676123,0.9809523809523809,420.0,0.9184652278177458,0.9251207729468599,0.9119047619047619,420.0,0.9385342789598109,0.931924882629108,0.9452380952380952,420.0,0.9033047735618115,0.929471032745592,0.8785714285714286,420.0,0.9421487603305784,0.9344262295081968,0.95,420.0,0.933655006031363,0.9462102689486552,0.9214285714285714,420.0,0.9759615384615385,0.9854368932038835,0.9666666666666667,420.0,0.958183990442055,0.9616306954436451,0.9547619047619048,420.0,0.9114832535885168,0.9158653846153846,0.9071428571428571,420.0,0.9225433526011562,0.8966292134831461,0.95,420.0,0.9206730769230769,0.9296116504854369,0.9119047619047619,420.0,0.9112709832134293,0.9178743961352657,0.9047619047619048,420.0,0.9688249400479616,0.9758454106280193,0.9619047619047619,420.0,0.9645390070921985,0.9577464788732394,0.9714285714285714,420.0,0.9763593380614657,0.9694835680751174,0.9833333333333333,420.0,0.6065773447015834,0.6209476309226932,0.5928571428571429,420.0,0.7229813664596273,0.7558441558441559,0.6928571428571428,420.0,0.9548693586698337,0.95260663507109,0.9571428571428572,420.0,0.9301204819277108,0.9414634146341463,0.919047619047619,420.0,0.641946697566628,0.6252821670428894,0.6595238095238095,420.0,0.9469879518072288,0.9585365853658536,0.9357142857142857,420.0,0.9149700598802396,0.9204819277108434,0.9095238095238095,420.0,0.9272943980929679,0.9284009546539379,0.9261904761904762,420.0,0.922341696535245,0.9256594724220624,0.919047619047619,420.0,0.9276393831553973,0.9243498817966903,0.930952380952381,420.0,0.9625151148730351,0.9778869778869779,0.9476190476190476,420.0,0.9454976303317535,0.9410377358490566,0.95,420.0,0.7476635514018691,0.7339449541284404,0.7619047619047619,420.0
96,0.12206988781690598,0.9517368674278259,0.45154571533203125,0.8853090405464172,0.885309017223911,0.8850919347674248,0.0003000000142492354,410.2263537500403,92120.0,224.55895180281541,0.6935483870967741,0.671875,0.7166666666666667,420.0,0.9703440094899171,0.966903073286052,0.9738095238095238,420.0,0.9542790152403282,0.9399538106235565,0.969047619047619,420.0,0.9602888086642599,0.9708029197080292,0.95,420.0,0.9353701527614571,0.9234338747099768,0.9476190476190476,420.0,0.9785714285714285,0.9785714285714285,0.9785714285714285,420.0,0.6175710594315246,0.6751412429378532,0.569047619047619,420.0,0.9346016646848989,0.9334916864608076,0.9357142857142857,420.0,0.971830985915493,0.9583333333333334,0.9857142857142858,420.0,0.650990099009901,0.6778350515463918,0.6261904761904762,420.0,0.930952380952381,0.930952380952381,0.930952380952381,420.0,0.6241758241758241,0.5795918367346938,0.6761904761904762,420.0,0.9712918660287081,0.9759615384615384,0.9666666666666667,420.0,0.564734895191122,0.5856777493606138,0.5452380952380952,420.0,0.9869513641755634,0.983451536643026,0.9904761904761905,420.0,0.9445727482678983,0.9170403587443946,0.9738095238095238,420.0,0.6904176904176904,0.7131979695431472,0.669047619047619,420.0,0.960573476702509,0.9640287769784173,0.9571428571428572,420.0,0.9524940617577198,0.9502369668246445,0.9547619047619048,420.0,0.9786729857819905,0.9740566037735849,0.9833333333333333,420.0,0.9184652278177458,0.9251207729468599,0.9119047619047619,420.0,0.9372781065088757,0.9317647058823529,0.9428571428571428,420.0,0.8990384615384616,0.9077669902912622,0.8904761904761904,420.0,0.9443786982248521,0.9388235294117647,0.95,420.0,0.9338146811070999,0.9440389294403893,0.9238095238095239,420.0,0.9759615384615385,0.9854368932038835,0.9666666666666667,420.0,0.9569377990430622,0.9615384615384616,0.9523809523809523,420.0,0.9154589371980676,0.928921568627451,0.9023809523809524,420.0,0.9156908665105388,0.9009216589861752,0.930952380952381,420.0,0.9179548156956006,0.9168646080760094,0.919047619047619,420.0,0.9095295536791315,0.921760391198044,0.8976190476190476,420.0,0.9710843373493976,0.9829268292682927,0.9595238095238096,420.0,0.9620853080568721,0.9575471698113207,0.9666666666666667,420.0,0.9740566037735848,0.9649532710280374,0.9833333333333333,420.0,0.6569506726457399,0.6207627118644068,0.6976190476190476,420.0,0.7228915662650603,0.7317073170731707,0.7142857142857143,420.0,0.9500000000000001,0.95,0.95,420.0,0.9284848484848485,0.945679012345679,0.9119047619047619,420.0,0.6455542021924483,0.6608478802992519,0.6309523809523809,420.0,0.9469879518072288,0.9585365853658536,0.9357142857142857,420.0,0.9138755980861243,0.9182692307692307,0.9095238095238095,420.0,0.9276393831553973,0.9243498817966903,0.930952380952381,420.0,0.9201430274135876,0.9212410501193318,0.919047619047619,420.0,0.928150765606596,0.9184149184149184,0.9380952380952381,420.0,0.961352657004831,0.9754901960784313,0.9476190476190476,420.0,0.944770857814336,0.9327146171693735,0.9571428571428572,420.0,0.7485515643105447,0.7291196388261851,0.7690476190476191,420.0
97,0.1215025782585144,0.9518020153045654,0.4519351124763489,0.8845491409301758,0.8845491388044577,0.8842276733549704,0.0003000000142492354,410.454189333017,92120.0,224.43430325243816,0.6698564593301435,0.6730769230769231,0.6666666666666666,420.0,0.9691211401425178,0.966824644549763,0.9714285714285714,420.0,0.9567251461988303,0.9402298850574713,0.9738095238095238,420.0,0.9601930036188178,0.9731051344743277,0.9476190476190476,420.0,0.9339622641509434,0.9252336448598131,0.9428571428571428,420.0,0.9739952718676123,0.9671361502347418,0.9809523809523809,420.0,0.624516129032258,0.6816901408450704,0.5761904761904761,420.0,0.9390681003584229,0.9424460431654677,0.9357142857142857,420.0,0.9741176470588235,0.9627906976744186,0.9857142857142858,420.0,0.6425233644859814,0.6307339449541285,0.6547619047619048,420.0,0.9276393831553973,0.9243498817966903,0.930952380952381,420.0,0.6106696935300795,0.5835140997830802,0.6404761904761904,420.0,0.970131421744325,0.973621103117506,0.9666666666666667,420.0,0.5635220125786163,0.5973333333333334,0.5333333333333333,420.0,0.9857819905213271,0.9811320754716981,0.9904761904761905,420.0,0.9460390355912743,0.9135254988913526,0.9809523809523809,420.0,0.690223792697291,0.682983682983683,0.6976190476190476,420.0,0.960573476702509,0.9640287769784173,0.9571428571428572,420.0,0.9500000000000001,0.95,0.95,420.0,0.9786223277909738,0.976303317535545,0.9809523809523809,420.0,0.9173652694610778,0.9228915662650602,0.9119047619047619,420.0,0.9385342789598109,0.931924882629108,0.9452380952380952,420.0,0.8986889153754469,0.8997613365155132,0.8976190476190476,420.0,0.9371293001186239,0.933806146572104,0.9404761904761905,420.0,0.9326923076923078,0.941747572815534,0.9238095238095239,420.0,0.9771359807460891,0.9878345498783455,0.9666666666666667,420.0,0.9545454545454546,0.9591346153846154,0.95,420.0,0.9151732377538829,0.9184652278177458,0.9119047619047619,420.0,0.9144893111638955,0.9123222748815166,0.9166666666666666,420.0,0.9170616113744077,0.9127358490566038,0.9214285714285714,420.0,0.9130434782608695,0.9264705882352942,0.9,420.0,0.9686746987951806,0.9804878048780488,0.9571428571428572,420.0,0.9634002361275088,0.955503512880562,0.9714285714285714,420.0,0.9786729857819905,0.9740566037735849,0.9833333333333333,420.0,0.6614349775784754,0.625,0.7023809523809523,420.0,0.724179829890644,0.739454094292804,0.7095238095238096,420.0,0.9523809523809523,0.9523809523809523,0.9523809523809523,420.0,0.9320388349514563,0.9504950495049505,0.9142857142857143,420.0,0.6323713927227101,0.6684350132625995,0.6,420.0,0.9469879518072288,0.9585365853658536,0.9357142857142857,420.0,0.9140811455847255,0.916267942583732,0.9119047619047619,420.0,0.9296781883194278,0.9307875894988067,0.9285714285714286,420.0,0.9192399049881235,0.9170616113744076,0.9214285714285714,420.0,0.928150765606596,0.9184149184149184,0.9380952380952381,420.0,0.9601930036188178,0.9731051344743277,0.9476190476190476,420.0,0.9478672985781991,0.9433962264150944,0.9523809523809523,420.0,0.7562076749435667,0.7188841201716738,0.7976190476190477,420.0
98,0.12102822214365005,0.9521059393882751,0.4544863998889923,0.8842958211898804,0.8842958459979735,0.8840731006575182,0.0003000000142492354,410.2989692920237,92120.0,224.51920890504377,0.6985539488320355,0.6555323590814196,0.7476190476190476,420.0,0.9727810650887575,0.9670588235294117,0.9785714285714285,420.0,0.9543859649122807,0.9379310344827586,0.9714285714285714,420.0,0.9626955475330926,0.9732360097323601,0.9523809523809523,420.0,0.9378663540445485,0.9237875288683602,0.9523809523809523,420.0,0.9751479289940828,0.9694117647058823,0.9809523809523809,420.0,0.6205191594561188,0.6452442159383034,0.5976190476190476,420.0,0.9347568208778173,0.9314420803782506,0.9380952380952381,420.0,0.9752066115702478,0.9672131147540983,0.9833333333333333,420.0,0.6417910447761194,0.671875,0.6142857142857143,420.0,0.9331742243436754,0.9354066985645934,0.930952380952381,420.0,0.6276595744680851,0.5673076923076923,0.7023809523809523,420.0,0.9724550898203592,0.9783132530120482,0.9666666666666667,420.0,0.565989847715736,0.6059782608695652,0.530952380952381,420.0,0.9857819905213271,0.9811320754716981,0.9904761904761905,420.0,0.9482163406214039,0.9175946547884187,0.9809523809523809,420.0,0.6683738796414853,0.7229916897506925,0.6214285714285714,420.0,0.960573476702509,0.9640287769784173,0.9571428571428572,420.0,0.9526066350710901,0.9481132075471698,0.9571428571428572,420.0,0.9774614472123369,0.9739952718676123,0.9809523809523809,420.0,0.9088699878493316,0.9280397022332506,0.8904761904761904,420.0,0.9355608591885441,0.937799043062201,0.9333333333333333,420.0,0.8997555012224939,0.9246231155778895,0.8761904761904762,420.0,0.9443786982248521,0.9388235294117647,0.95,420.0,0.9349397590361446,0.9463414634146341,0.9238095238095239,420.0,0.9771359807460891,0.9878345498783455,0.9666666666666667,420.0,0.9569377990430622,0.9615384615384616,0.9523809523809523,420.0,0.9193742478941036,0.9294403892944039,0.9095238095238095,420.0,0.917728852838934,0.8939051918735892,0.9428571428571428,420.0,0.9160671462829736,0.9227053140096618,0.9095238095238095,420.0,0.9073170731707316,0.93,0.8857142857142857,420.0,0.96875,0.9781553398058253,0.9595238095238096,420.0,0.9634002361275088,0.955503512880562,0.9714285714285714,420.0,0.9763593380614657,0.9694835680751174,0.9833333333333333,420.0,0.627039627039627,0.6141552511415526,0.6404761904761904,420.0,0.7212713936430318,0.7412060301507538,0.7023809523809523,420.0,0.9523809523809523,0.9523809523809523,0.9523809523809523,420.0,0.930909090909091,0.9481481481481482,0.9142857142857143,420.0,0.641826923076923,0.6480582524271845,0.6357142857142857,420.0,0.9469879518072288,0.9585365853658536,0.9357142857142857,420.0,0.9136094674556213,0.908235294117647,0.919047619047619,420.0,0.9285714285714286,0.9285714285714286,0.9285714285714286,420.0,0.9142185663924794,0.9025522041763341,0.9261904761904762,420.0,0.9239766081871346,0.9080459770114943,0.9404761904761905,420.0,0.961352657004831,0.9754901960784313,0.9476190476190476,420.0,0.9432624113475176,0.9366197183098591,0.95,420.0,0.7534562211981567,0.7299107142857143,0.7785714285714286,420.0
99,0.1204829290509224,0.9521276354789734,0.4550416171550751,0.8840425610542297,0.8840425531914892,0.883888551887788,0.0003000000142492354,412.80040675000055,92120.0,223.1586948406026,0.6995614035087718,0.6483739837398373,0.7595238095238095,420.0,0.9703440094899171,0.966903073286052,0.9738095238095238,420.0,0.9553990610328638,0.9421296296296297,0.969047619047619,420.0,0.9615384615384616,0.970873786407767,0.9523809523809523,420.0,0.9334889148191367,0.9153318077803204,0.9523809523809523,420.0,0.976303317535545,0.9716981132075472,0.9809523809523809,420.0,0.6207759699624531,0.6543535620052771,0.5904761904761905,420.0,0.9372781065088757,0.9317647058823529,0.9428571428571428,420.0,0.9740566037735848,0.9649532710280374,0.9833333333333333,420.0,0.6475000000000001,0.6815789473684211,0.6166666666666667,420.0,0.9307875894988067,0.9330143540669856,0.9285714285714286,420.0,0.6293558606124604,0.5654648956356736,0.7095238095238096,420.0,0.9724550898203592,0.9783132530120482,0.9666666666666667,420.0,0.5652724968314322,0.6043360433604336,0.530952380952381,420.0,0.9857819905213271,0.9811320754716981,0.9904761904761905,420.0,0.9470046082949309,0.9174107142857143,0.9785714285714285,420.0,0.660574412532637,0.7312138728323699,0.6023809523809524,420.0,0.9604790419161676,0.9662650602409638,0.9547619047619048,420.0,0.9487485101311085,0.9498806682577565,0.9476190476190476,420.0,0.9774614472123369,0.9739952718676123,0.9809523809523809,420.0,0.9130434782608695,0.9264705882352942,0.9,420.0,0.931899641577061,0.935251798561151,0.9285714285714286,420.0,0.9008567931456548,0.9269521410579346,0.8761904761904762,420.0,0.9408983451536642,0.9342723004694836,0.9476190476190476,420.0,0.9338146811070999,0.9440389294403893,0.9238095238095239,420.0,0.9771359807460891,0.9878345498783455,0.9666666666666667,420.0,0.9570405727923629,0.9593301435406698,0.9547619047619048,420.0,0.916767189384801,0.9290953545232273,0.9047619047619048,420.0,0.9187935034802783,0.8959276018099548,0.9428571428571428,420.0,0.9144893111638955,0.9123222748815166,0.9166666666666666,420.0,0.9126213592233011,0.9306930693069307,0.8952380952380953,420.0,0.9699879951980792,0.9782082324455206,0.9619047619047619,420.0,0.9621749408983451,0.9553990610328639,0.969047619047619,420.0,0.9775147928994082,0.971764705882353,0.9833333333333333,420.0,0.6366782006920416,0.6174496644295302,0.6571428571428571,420.0,0.7144654088050315,0.7573333333333333,0.6761904761904762,420.0,0.9524940617577198,0.9502369668246445,0.9547619047619048,420.0,0.9310761789600966,0.9459459459459459,0.9166666666666666,420.0,0.6443418013856813,0.625560538116592,0.6642857142857143,420.0,0.9481302774427021,0.960880195599022,0.9357142857142857,420.0,0.9075829383886256,0.9033018867924528,0.9119047619047619,420.0,0.930011862396204,0.9267139479905437,0.9333333333333333,420.0,0.91725768321513,0.9107981220657277,0.9238095238095239,420.0,0.9290780141843971,0.9225352112676056,0.9357142857142857,420.0,0.961352657004831,0.9754901960784313,0.9476190476190476,420.0,0.9454976303317535,0.9410377358490566,0.95,420.0,0.7435897435897437,0.728310502283105,0.7595238095238095,420.0
100,0.12045735120773315,0.9518345594406128,0.45716848969459534,0.8843464851379395,0.8843465045592706,0.884232058888709,0.0003000000142492354,410.03259137499845,92120.0,224.66506794273567,0.6682634730538922,0.672289156626506,0.6642857142857143,420.0,0.971563981042654,0.9669811320754716,0.9761904761904762,420.0,0.955503512880562,0.9400921658986175,0.9714285714285714,420.0,0.9603841536614645,0.9685230024213075,0.9523809523809523,420.0,0.929316338354577,0.9051918735891648,0.9547619047619048,420.0,0.9738717339667459,0.9715639810426541,0.9761904761904762,420.0,0.6356968215158925,0.6532663316582915,0.6190476190476191,420.0,0.9287410926365796,0.9265402843601895,0.930952380952381,420.0,0.9753231492361928,0.962877030162413,0.9880952380952381,420.0,0.646562123039807,0.6552567237163814,0.638095238095238,420.0,0.9317365269461078,0.9373493975903614,0.9261904761904762,420.0,0.6181410974244121,0.5835095137420718,0.6571428571428571,420.0,0.9699879951980792,0.9782082324455206,0.9619047619047619,420.0,0.5777777777777778,0.6,0.5571428571428572,420.0,0.9869513641755634,0.983451536643026,0.9904761904761905,420.0,0.945664739884393,0.9191011235955057,0.9738095238095238,420.0,0.6864608076009502,0.6848341232227488,0.6880952380952381,420.0,0.960573476702509,0.9640287769784173,0.9571428571428572,420.0,0.9512485136741974,0.9501187648456056,0.9523809523809523,420.0,0.9740566037735848,0.9649532710280374,0.9833333333333333,420.0,0.9254437869822485,0.92,0.930952380952381,420.0,0.9346016646848989,0.9334916864608076,0.9357142857142857,420.0,0.9064748201438848,0.9130434782608695,0.9,420.0,0.9432624113475176,0.9366197183098591,0.95,420.0,0.933655006031363,0.9462102689486552,0.9214285714285714,420.0,0.9771359807460891,0.9878345498783455,0.9666666666666667,420.0,0.9569377990430622,0.9615384615384616,0.9523809523809523,420.0,0.9112709832134293,0.9178743961352657,0.9047619047619048,420.0,0.9203747072599532,0.9055299539170507,0.9357142857142857,420.0,0.9177592371871275,0.918854415274463,0.9166666666666666,420.0,0.9097560975609754,0.9325,0.888095238095238,420.0,0.96875,0.9781553398058253,0.9595238095238096,420.0,0.9608540925266905,0.9574468085106383,0.9642857142857143,420.0,0.9739952718676123,0.9671361502347418,0.9809523809523809,420.0,0.6352941176470588,0.627906976744186,0.6428571428571429,420.0,0.7292682926829268,0.7475,0.7119047619047619,420.0,0.9522673031026253,0.9545454545454546,0.95,420.0,0.9290012033694345,0.9391727493917275,0.919047619047619,420.0,0.6412395709177592,0.6420047732696897,0.6404761904761904,420.0,0.9458483754512635,0.9562043795620438,0.9357142857142857,420.0,0.9116945107398567,0.9138755980861244,0.9095238095238095,420.0,0.9260143198090691,0.9282296650717703,0.9238095238095239,420.0,0.926060606060606,0.9432098765432099,0.9095238095238095,420.0,0.9225352112676057,0.9097222222222222,0.9357142857142857,420.0,0.961352657004831,0.9754901960784313,0.9476190476190476,420.0,0.9422850412249706,0.9324009324009324,0.9523809523809523,420.0,0.7479484173505275,0.7367205542725174,0.7595238095238095,420.0
