epoch,loss,accuracy,val_loss,val_accuracy,val_balanced_accuracy,val_macro_f1,learning_rate,epoch_seconds,train_examples,train_examples_per_second,val_class_0_f1,val_class_0_precision,val_class_0_recall,val_class_0_support,val_class_10_f1,val_class_10_precision,val_class_10_recall,val_class_10_support,val_class_11_f1,val_class_11_precision,val_class_11_recall,val_class_11_support,val_class_12_f1,val_class_12_precision,val_class_12_recall,val_class_12_support,val_class_13_f1,val_class_13_precision,val_class_13_recall,val_class_13_support,val_class_14_f1,val_class_14_precision,val_class_14_recall,val_class_14_support,val_class_15_f1,val_class_15_precision,val_class_15_recall,val_class_15_support,val_class_16_f1,val_class_16_precision,val_class_16_recall,val_class_16_support,val_class_17_f1,val_class_17_precision,val_class_17_recall,val_class_17_support,val_class_18_f1,val_class_18_precision,val_class_18_recall,val_class_18_support,val_class_19_f1,val_class_19_precision,val_class_19_recall,val_class_19_support,val_class_1_f1,val_class_1_precision,val_class_1_recall,val_class_1_support,val_class_2_f1,val_class_2_precision,val_class_2_recall,val_class_2_support,val_class_3_f1,val_class_3_precision,val_class_3_recall,val_class_3_support,val_class_4_f1,val_class_4_precision,val_class_4_recall,val_class_4_support,val_class_5_f1,val_class_5_precision,val_class_5_recall,val_class_5_support,val_class_6_f1,val_class_6_precision,val_class_6_recall,val_class_6_support,val_class_7_f1,val_class_7_precision,val_class_7_recall,val_class_7_support,val_class_8_f1,val_class_8_precision,val_class_8_recall,val_class_8_support,val_class_9_f1,val_class_9_precision,val_class_9_recall,val_class_9_support
1,2.761202096939087,0.28802379965782166,2.5798187255859375,0.35600000619888306,0.35600000000000004,0.3281319719232201,0.0003000000142492354,186.50080120802158,42000.0,225.20010492155214,0.3117283950617284,0.51010101010101,0.22444444444444445,450.0,0.5689001264222504,0.6598240469208211,0.5,450.0,0.0,0.0,0.0,450.0,0.09737827715355805,0.30952380952380953,0.057777777777777775,450.0,0.09060402684563758,0.18493150684931506,0.06,450.0,0.4045307443365696,0.7440476190476191,0.2777777777777778,450.0,0.12536443148688048,0.18220338983050846,0.09555555555555556,450.0,0.19739292364990688,0.16987179487179488,0.23555555555555555,450.0,0.6897918731417244,0.6225402504472272,0.7733333333333333,450.0,0.49044585987261147,0.4695121951219512,0.5133333333333333,450.0,0.0,0.0,0.0,450.0,0.39873417721518983,0.3795180722891566,0.42,450.0,0.5869565217391305,0.5284697508896797,0.66,450.0,0.36728624535315985,0.2759776536312849,0.5488888888888889,450.0,0.5577172503242542,0.6697819314641744,0.4777777777777778,450.0,0.24250325945241197,0.29337539432176657,0.20666666666666667,450.0,0.29386590584878747,0.4103585657370518,0.2288888888888889,450.0,0.3357452966714906,0.24892703862660945,0.5155555555555555,450.0,0.2822655524605385,0.1784037558685446,0.6755555555555556,450.0,0.5214285714285714,0.43582089552238806,0.6488888888888888,450.0
2,2.214541435241699,0.5067142844200134,2.26556396484375,0.3946666717529297,0.3946666666666666,0.3688429857476129,0.0003000000142492354,188.93567570799496,42000.0,222.2978791200456,0.37639198218262804,0.37723214285714285,0.37555555555555553,450.0,0.6629588431590656,0.6636971046770601,0.6622222222222223,450.0,0.10831721470019343,0.417910447761194,0.06222222222222222,450.0,0.15734265734265734,0.36885245901639346,0.1,450.0,0.1270358306188925,0.23780487804878048,0.08666666666666667,450.0,0.5199543899657925,0.5339578454332553,0.5066666666666667,450.0,0.15963855421686746,0.24766355140186916,0.11777777777777777,450.0,0.22445561139028475,0.18010752688172044,0.29777777777777775,450.0,0.7063655030800822,0.6564885496183206,0.7644444444444445,450.0,0.48075278015397777,0.3908205841446453,0.6244444444444445,450.0,0.017582417582417582,0.8,0.008888888888888889,450.0,0.39649507119386634,0.39092872570194387,0.4022222222222222,450.0,0.6165919282511211,0.6221719457013575,0.6111111111111112,450.0,0.37436762225969644,0.3016304347826087,0.49333333333333335,450.0,0.5658747300215983,0.5504201680672269,0.5822222222222222,450.0,0.229806598407281,0.23543123543123542,0.22444444444444445,450.0,0.3977110157367668,0.5582329317269076,0.3088888888888889,450.0,0.36613272311212813,0.2787456445993031,0.5333333333333333,450.0,0.3491827637444279,0.2622767857142857,0.5222222222222223,450.0,0.5399014778325123,0.4849557522123894,0.6088888888888889,450.0
3,1.825050950050354,0.5688571333885193,2.0739128589630127,0.4206666648387909,0.42066666666666663,0.4074719733477778,0.0003000000142492354,188.68223708303412,42000.0,222.5964703901454,0.3763213530655391,0.3588709677419355,0.39555555555555555,450.0,0.6666666666666666,0.6559139784946236,0.6777777777777778,450.0,0.33497536945812806,0.3756906077348066,0.3022222222222222,450.0,0.2012987012987013,0.37349397590361444,0.13777777777777778,450.0,0.1956797966963151,0.228486646884273,0.1711111111111111,450.0,0.5302226935312832,0.5070993914807302,0.5555555555555556,450.0,0.20157068062827227,0.24522292993630573,0.1711111111111111,450.0,0.23448275862068965,0.21061946902654868,0.2644444444444444,450.0,0.7424749163879599,0.7449664429530202,0.74,450.0,0.4692913385826772,0.36341463414634145,0.6622222222222223,450.0,0.1713221601489758,0.5287356321839081,0.10222222222222223,450.0,0.40595111583421895,0.3890020366598778,0.42444444444444446,450.0,0.6238532110091745,0.6445497630331753,0.6044444444444445,450.0,0.4218600191754554,0.37099494097807756,0.4888888888888889,450.0,0.5726872246696035,0.5676855895196506,0.5777777777777777,450.0,0.2263157894736842,0.27741935483870966,0.19111111111111112,450.0,0.4502487562189055,0.5112994350282486,0.4022222222222222,450.0,0.3972602739726027,0.3231197771587744,0.5155555555555555,450.0,0.3849950641658441,0.3463587921847247,0.43333333333333335,450.0,0.5419615773508594,0.4972170686456401,0.5955555555555555,450.0
4,1.5503418445587158,0.612761914730072,1.9747482538223267,0.43700000643730164,0.43699999999999994,0.4292135121813575,0.0003000000142492354,188.78293308301363,42000.0,222.47773839561714,0.3806451612903226,0.36875,0.3933333333333333,450.0,0.6832579185520362,0.695852534562212,0.6711111111111111,450.0,0.3622047244094488,0.3250883392226148,0.4088888888888889,450.0,0.2609819121447028,0.3117283950617284,0.22444444444444445,450.0,0.21029082774049218,0.21171171171171171,0.2088888888888889,450.0,0.5238600212089078,0.5010141987829615,0.5488888888888889,450.0,0.2219215155615697,0.2837370242214533,0.18222222222222223,450.0,0.19544846050870146,0.24579124579124578,0.1622222222222222,450.0,0.7542087542087542,0.7619047619047619,0.7466666666666667,450.0,0.48939929328621906,0.40615835777126097,0.6155555555555555,450.0,0.3603851444291609,0.4729241877256318,0.2911111111111111,450.0,0.4048404840484049,0.4008714596949891,0.4088888888888889,450.0,0.6420581655480984,0.6463963963963963,0.6377777777777778,450.0,0.43529411764705883,0.3894736842105263,0.49333333333333335,450.0,0.5846501128668171,0.5940366972477065,0.5755555555555556,450.0,0.25034770514603616,0.3345724907063197,0.2,450.0,0.4653349001175088,0.4937655860349127,0.44,450.0,0.4102096627164995,0.34775888717156106,0.5,450.0,0.3949313621964098,0.3762575452716298,0.41555555555555557,450.0,0.5539999999999999,0.5036363636363637,0.6155555555555555,450.0
5,1.3707612752914429,0.6420952677726746,1.9303871393203735,0.4471110999584198,0.4471111111111111,0.4413053471729437,0.0003000000142492354,188.66587316599907,42000.0,222.61577727438808,0.38799571275455524,0.3747412008281574,0.4022222222222222,450.0,0.6724324324324324,0.6547368421052632,0.6911111111111111,450.0,0.37927461139896373,0.3553398058252427,0.4066666666666667,450.0,0.28373702422145325,0.2949640287769784,0.2733333333333333,450.0,0.2202835332606325,0.21627408993576017,0.22444444444444445,450.0,0.5340425531914894,0.5122448979591837,0.5577777777777778,450.0,0.22388059701492538,0.2542372881355932,0.2,450.0,0.17681159420289855,0.25416666666666665,0.13555555555555557,450.0,0.7534246575342466,0.7746478873239436,0.7333333333333333,450.0,0.5168316831683168,0.4660714285714286,0.58,450.0,0.436670687575392,0.47757255936675463,0.4022222222222222,450.0,0.4227820372398685,0.4168466522678186,0.4288888888888889,450.0,0.6570155902004455,0.6584821428571429,0.6555555555555556,450.0,0.4350515463917526,0.40576923076923077,0.4688888888888889,450.0,0.5911214953271028,0.6231527093596059,0.5622222222222222,450.0,0.2747252747252747,0.3597122302158273,0.2222222222222222,450.0,0.4826038159371493,0.4875283446712018,0.4777777777777778,450.0,0.4180790960451977,0.3627450980392157,0.49333333333333335,450.0,0.40332640332640335,0.37890625,0.4311111111111111,450.0,0.5560165975103734,0.5214007782101168,0.5955555555555555,450.0
6,1.249890685081482,0.6654523611068726,1.9106519222259521,0.45222222805023193,0.4522222222222222,0.4471227632115268,0.0003000000142492354,188.69773662503576,42000.0,222.57818642233565,0.3795918367346939,0.35094339622641507,0.41333333333333333,450.0,0.6756152125279642,0.6801801801801802,0.6711111111111111,450.0,0.3884738527214514,0.3737166324435318,0.40444444444444444,450.0,0.3160220994475138,0.3142857142857143,0.31777777777777777,450.0,0.22671156004489337,0.2290249433106576,0.22444444444444445,450.0,0.5240083507306889,0.4940944881889764,0.5577777777777778,450.0,0.23015873015873015,0.28431372549019607,0.19333333333333333,450.0,0.19870967741935486,0.23692307692307693,0.1711111111111111,450.0,0.7463359639233371,0.7574370709382151,0.7355555555555555,450.0,0.5026288117770769,0.47704590818363274,0.5311111111111111,450.0,0.47727272727272724,0.4883720930232558,0.4666666666666667,450.0,0.4102564102564103,0.4116331096196868,0.4088888888888889,450.0,0.6562150055991042,0.6613995485327314,0.6511111111111111,450.0,0.4418828049951969,0.38917089678510997,0.5111111111111111,450.0,0.5897142857142857,0.6070588235294118,0.5733333333333334,450.0,0.29411764705882354,0.3977272727272727,0.23333333333333334,450.0,0.49784482758620685,0.48326359832635984,0.5133333333333333,450.0,0.43872296601441807,0.4088291746641075,0.47333333333333333,450.0,0.3940774487471526,0.40420560747663553,0.3844444444444444,450.0,0.5540950455005056,0.5083487940630798,0.6088888888888889,450.0
7,1.160714864730835,0.6845476031303406,1.901023030281067,0.46166667342185974,0.4616666666666666,0.45853220098578856,0.0003000000142492354,188.84226045798277,42000.0,222.40784397592486,0.38702702702702707,0.37684210526315787,0.3977777777777778,450.0,0.6759358288770053,0.6515463917525773,0.7022222222222222,450.0,0.40971488912354803,0.3903420523138833,0.4311111111111111,450.0,0.3200908059023837,0.3271461716937355,0.31333333333333335,450.0,0.22914349276974416,0.22939866369710468,0.2288888888888889,450.0,0.5361702127659574,0.5142857142857142,0.56,450.0,0.24819277108433738,0.2710526315789474,0.2288888888888889,450.0,0.2187120291616039,0.24128686327077747,0.2,450.0,0.7517084282460137,0.7710280373831776,0.7333333333333333,450.0,0.5016077170418006,0.484472049689441,0.52,450.0,0.49297297297297293,0.48,0.5066666666666667,450.0,0.42117117117117114,0.4269406392694064,0.41555555555555557,450.0,0.6606538895152199,0.6704805491990846,0.6511111111111111,450.0,0.4665271966527197,0.4407114624505929,0.4955555555555556,450.0,0.5875831485587583,0.5862831858407079,0.5888888888888889,450.0,0.3481781376518219,0.44329896907216493,0.2866666666666667,450.0,0.5027563395810364,0.4989059080962801,0.5066666666666667,450.0,0.44421487603305787,0.41505791505791506,0.4777777777777778,450.0,0.4079382579933848,0.4048140043763676,0.4111111111111111,450.0,0.5603448275862069,0.5439330543933054,0.5777777777777777,450.0
8,1.091529130935669,0.6998095512390137,1.9043619632720947,0.46622222661972046,0.46622222222222226,0.4633465243400073,0.0003000000142492354,188.79508787498344,42000.0,222.46341508530992,0.38998957247132426,0.36738703339882123,0.41555555555555557,450.0,0.6846652267818575,0.6659663865546218,0.7044444444444444,450.0,0.41533546325878595,0.3987730061349693,0.43333333333333335,450.0,0.3241296518607443,0.3524804177545692,0.3,450.0,0.24538545059717698,0.23991507430997877,0.2511111111111111,450.0,0.5324813631522897,0.5112474437627812,0.5555555555555556,450.0,0.25759416767922233,0.28418230563002683,0.23555555555555555,450.0,0.21948212083847102,0.24653739612188366,0.19777777777777777,450.0,0.7525655644241732,0.7728337236533958,0.7333333333333333,450.0,0.506806282722513,0.4792079207920792,0.5377777777777778,450.0,0.48869752421959095,0.47390396659707723,0.5044444444444445,450.0,0.4262672811059907,0.44258373205741625,0.4111111111111111,450.0,0.6621004566210045,0.6807511737089202,0.6444444444444445,450.0,0.4639175257731959,0.4326923076923077,0.5,450.0,0.5907079646017699,0.5881057268722467,0.5933333333333334,450.0,0.38383838383838387,0.4444444444444444,0.3377777777777778,450.0,0.500544069640914,0.4904051172707889,0.5111111111111111,450.0,0.4468313641245972,0.43243243243243246,0.4622222222222222,450.0,0.4108352144469526,0.41743119266055045,0.40444444444444444,450.0,0.5647558386411891,0.540650406504065,0.5911111111111111,450.0
9,1.0349327325820923,0.712238073348999,1.9077571630477905,0.4713333249092102,0.4713333333333334,0.4689219715011534,0.0003000000142492354,188.62479083403014,42000.0,222.66426281662817,0.3969631236442517,0.3877118644067797,0.4066666666666667,450.0,0.6869565217391304,0.6723404255319149,0.7022222222222222,450.0,0.4179728317659352,0.39447731755424065,0.4444444444444444,450.0,0.3283236994219654,0.3421686746987952,0.31555555555555553,450.0,0.2561797752808989,0.2590909090909091,0.25333333333333335,450.0,0.5354838709677419,0.51875,0.5533333333333333,450.0,0.2740046838407494,0.2896039603960396,0.26,450.0,0.2548076923076923,0.2774869109947644,0.23555555555555555,450.0,0.7505668934240363,0.7662037037037037,0.7355555555555555,450.0,0.5085106382978722,0.48775510204081635,0.5311111111111111,450.0,0.491005291005291,0.4686868686868687,0.5155555555555555,450.0,0.42954545454545456,0.43953488372093025,0.42,450.0,0.6718749999999999,0.6748878923766816,0.6688888888888889,450.0,0.46610169491525416,0.44534412955465585,0.4888888888888889,450.0,0.5837004405286342,0.5786026200873362,0.5888888888888889,450.0,0.40197287299630086,0.4515235457063712,0.3622222222222222,450.0,0.4972972972972973,0.4842105263157895,0.5111111111111111,450.0,0.44938820912124583,0.44988864142538976,0.4488888888888889,450.0,0.4078794901506373,0.4261501210653753,0.39111111111111113,450.0,0.5699039487726787,0.5482546201232033,0.5933333333333334,450.0
10,0.9867368936538696,0.7229047417640686,1.9132102727890015,0.4735555648803711,0.4735555555555555,0.47236082141644237,0.0003000000142492354,188.7402941249893,42000.0,222.52799909375145,0.4017372421281216,0.39278131634819535,0.4111111111111111,450.0,0.6849015317286652,0.6745689655172413,0.6955555555555556,450.0,0.4321503131524009,0.4074803149606299,0.46,450.0,0.33069082672706684,0.3371824480369515,0.3244444444444444,450.0,0.2549450549450549,0.25217391304347825,0.2577777777777778,450.0,0.5339168490153173,0.5258620689655172,0.5422222222222223,450.0,0.28439306358381505,0.2963855421686747,0.2733333333333333,450.0,0.27464788732394363,0.291044776119403,0.26,450.0,0.7514188422247445,0.7679814385150812,0.7355555555555555,450.0,0.507936507936508,0.48484848484848486,0.5333333333333333,450.0,0.49782608695652175,0.48723404255319147,0.5088888888888888,450.0,0.4298850574712643,0.4452380952380952,0.41555555555555557,450.0,0.673469387755102,0.6875,0.66,450.0,0.45503791982665215,0.4439746300211416,0.4666666666666667,450.0,0.5754923413566739,0.5668103448275862,0.5844444444444444,450.0,0.41531322505800466,0.4344660194174757,0.3977777777777778,450.0,0.5021929824561403,0.49567099567099565,0.5088888888888888,450.0,0.4685082872928176,0.46593406593406594,0.4711111111111111,450.0,0.40286054827175205,0.43444730077120824,0.37555555555555553,450.0,0.5698924731182796,0.5520833333333334,0.5888888888888889,450.0
11,0.9463959336280823,0.7308571338653564,1.9225997924804688,0.4749999940395355,0.475,0.4747967800547839,0.0003000000142492354,188.65484737500083,42000.0,222.62878788645182,0.40595111583421895,0.3890020366598778,0.42444444444444446,450.0,0.6871569703622393,0.6789587852494577,0.6955555555555556,450.0,0.4285714285714286,0.4063745019920319,0.4533333333333333,450.0,0.3359818388195233,0.3433874709976798,0.3288888888888889,450.0,0.24466891133557803,0.2471655328798186,0.24222222222222223,450.0,0.5327604726100967,0.5155925155925156,0.5511111111111111,450.0,0.28603104212860314,0.2853982300884956,0.2866666666666667,450.0,0.281214848143982,0.2847380410022779,0.2777777777777778,450.0,0.7502824858757063,0.7632183908045977,0.7377777777777778,450.0,0.5116279069767442,0.5099337748344371,0.5133333333333333,450.0,0.5072765072765074,0.4765625,0.5422222222222223,450.0,0.42954545454545456,0.43953488372093025,0.42,450.0,0.6651532349602723,0.679814385150812,0.6511111111111111,450.0,0.46578366445916114,0.46271929824561403,0.4688888888888889,450.0,0.583427922814983,0.5962877030162413,0.5711111111111111,450.0,0.4163658243080626,0.4540682414698163,0.3844444444444444,450.0,0.5096262740656851,0.5196304849884527,0.5,450.0,0.4717607973421927,0.47019867549668876,0.47333333333333333,450.0,0.4081632653061225,0.4166666666666667,0.4,450.0,0.574585635359116,0.5714285714285714,0.5777777777777777,450.0
12,0.9111605286598206,0.7389285564422607,1.9359537363052368,0.4749999940395355,0.475,0.47364584728173903,0.0003000000142492354,188.8485617499682,42000.0,222.40042291456356,0.4068891280947255,0.3945720250521921,0.42,450.0,0.6757894736842106,0.642,0.7133333333333334,450.0,0.4230366492146597,0.4,0.4488888888888889,450.0,0.3345195729537367,0.35877862595419846,0.31333333333333335,450.0,0.2565217391304348,0.251063829787234,0.26222222222222225,450.0,0.5277486910994764,0.499009900990099,0.56,450.0,0.27640449438202247,0.27954545454545454,0.2733333333333333,450.0,0.2809917355371901,0.29974811083123426,0.2644444444444444,450.0,0.746878547105562,0.7633410672853829,0.7311111111111112,450.0,0.5139186295503212,0.49586776859504134,0.5333333333333333,450.0,0.5026399155227033,0.4788732394366197,0.5288888888888889,450.0,0.42350332594235035,0.4225663716814159,0.42444444444444446,450.0,0.6688668866886689,0.6623093681917211,0.6755555555555556,450.0,0.46779661016949153,0.47586206896551725,0.46,450.0,0.5788876276958003,0.5916473317865429,0.5666666666666667,450.0,0.42092746730083236,0.45268542199488493,0.3933333333333333,450.0,0.5106861642294713,0.5170842824601367,0.5044444444444445,450.0,0.4760845383759733,0.4766146993318486,0.47555555555555556,450.0,0.4097222222222222,0.427536231884058,0.3933333333333333,450.0,0.571103526734926,0.585081585081585,0.5577777777777778,450.0
13,0.8816951513290405,0.745119035243988,1.9478120803833008,0.47788888216018677,0.4778888888888888,0.47702526126756684,0.0003000000142492354,188.77768920804374,42000.0,222.48391839203845,0.4068522483940043,0.3925619834710744,0.4222222222222222,450.0,0.6885964912280702,0.6796536796536796,0.6977777777777778,450.0,0.4218415417558886,0.40702479338842973,0.43777777777777777,450.0,0.343409915356711,0.376657824933687,0.31555555555555553,450.0,0.2514029180695847,0.25396825396825395,0.24888888888888888,450.0,0.5209205020920503,0.49209486166007904,0.5533333333333333,450.0,0.2738095238095238,0.2948717948717949,0.25555555555555554,450.0,0.3016877637130802,0.28714859437751006,0.31777777777777777,450.0,0.7582292849035188,0.7749419953596288,0.7422222222222222,450.0,0.5206703910614524,0.5235955056179775,0.5177777777777778,450.0,0.5015739769150053,0.47514910536779326,0.5311111111111111,450.0,0.434589800443459,0.4336283185840708,0.43555555555555553,450.0,0.6696230598669622,0.668141592920354,0.6711111111111111,450.0,0.46878422782037243,0.46220302375809935,0.47555555555555556,450.0,0.5842696629213482,0.5909090909090909,0.5777777777777777,450.0,0.4253819036427731,0.4513715710723192,0.4022222222222222,450.0,0.5134529147982063,0.5180995475113123,0.5088888888888888,450.0,0.478448275862069,0.46443514644351463,0.49333333333333335,450.0,0.40232558139534885,0.4219512195121951,0.3844444444444444,450.0,0.574635241301908,0.5804988662131519,0.5688888888888889,450.0
14,0.8569365739822388,0.7498095035552979,1.9595195055007935,0.47955554723739624,0.47955555555555557,0.47942691332527243,0.0003000000142492354,188.96318683295976,42000.0,222.26551480171258,0.4119601328903654,0.4105960264900662,0.41333333333333333,450.0,0.685897435897436,0.6604938271604939,0.7133333333333334,450.0,0.4247787610619469,0.42290748898678415,0.4266666666666667,450.0,0.3496659242761693,0.35044642857142855,0.3488888888888889,450.0,0.25925925925925924,0.25427350427350426,0.2644444444444444,450.0,0.5272145144076842,0.5071868583162218,0.5488888888888889,450.0,0.27531285551763374,0.28205128205128205,0.2688888888888889,450.0,0.30116648992576883,0.2880324543610548,0.31555555555555553,450.0,0.7528344671201813,0.7685185185185185,0.7377777777777778,450.0,0.5209713024282561,0.5175438596491229,0.5244444444444445,450.0,0.5082644628099173,0.4749034749034749,0.5466666666666666,450.0,0.4293659621802002,0.4298440979955457,0.4288888888888889,450.0,0.6741071428571428,0.6771300448430493,0.6711111111111111,450.0,0.4742729306487696,0.4774774774774775,0.4711111111111111,450.0,0.5918367346938774,0.6041666666666666,0.58,450.0,0.4248210023866348,0.4587628865979381,0.39555555555555555,450.0,0.515909090909091,0.5279069767441861,0.5044444444444445,450.0,0.4832962138084632,0.484375,0.4822222222222222,450.0,0.4042553191489362,0.4318181818181818,0.38,450.0,0.5733482642777156,0.5778781038374717,0.5688888888888889,450.0
15,0.8355724811553955,0.7539523839950562,1.972832202911377,0.47922220826148987,0.47922222222222227,0.47814021059098205,0.0003000000142492354,188.97396287502488,42000.0,222.25284034381008,0.40343347639484983,0.3900414937759336,0.4177777777777778,450.0,0.685897435897436,0.6604938271604939,0.7133333333333334,450.0,0.425945945945946,0.4147368421052632,0.43777777777777777,450.0,0.34782608695652173,0.3584905660377358,0.3377777777777778,450.0,0.26036866359447003,0.2703349282296651,0.2511111111111111,450.0,0.529032258064516,0.5125,0.5466666666666666,450.0,0.275,0.2813953488372093,0.2688888888888889,450.0,0.2873563218390805,0.2976190476190476,0.2777777777777778,450.0,0.7539863325740317,0.7733644859813084,0.7355555555555555,450.0,0.5121412803532008,0.5087719298245614,0.5155555555555555,450.0,0.5071868583162218,0.4713740458015267,0.5488888888888889,450.0,0.42105263157894746,0.4155844155844156,0.4266666666666667,450.0,0.6734463276836159,0.6850574712643678,0.6622222222222223,450.0,0.47928331466965285,0.48306997742663654,0.47555555555555556,450.0,0.5825892857142856,0.5852017937219731,0.58,450.0,0.4280860702151756,0.43648960739030024,0.42,450.0,0.526077097505669,0.5370370370370371,0.5155555555555555,450.0,0.47887323943661975,0.46723044397463004,0.4911111111111111,450.0,0.413472706155633,0.43309002433090027,0.39555555555555555,450.0,0.5717488789237668,0.5769230769230769,0.5666666666666667,450.0
16,0.8171157240867615,0.7575713992118835,1.9875143766403198,0.47955554723739624,0.4795555555555556,0.4779007408980477,0.0003000000142492354,189.03869070799556,42000.0,222.1767398128915,0.4055496264674493,0.39014373716632444,0.4222222222222222,450.0,0.683083511777302,0.6590909090909091,0.7088888888888889,450.0,0.4218258132214061,0.3996023856858847,0.44666666666666666,450.0,0.3498190591073583,0.38258575197889183,0.32222222222222224,450.0,0.26260257913247365,0.27791563275434245,0.24888888888888888,450.0,0.5211864406779662,0.4979757085020243,0.5466666666666666,450.0,0.28103044496487123,0.297029702970297,0.26666666666666666,450.0,0.296875,0.2982062780269058,0.29555555555555557,450.0,0.7488687782805429,0.7626728110599078,0.7355555555555555,450.0,0.5159914712153519,0.4959016393442623,0.5377777777777778,450.0,0.4947807933194154,0.46653543307086615,0.5266666666666666,450.0,0.4246575342465753,0.43661971830985913,0.41333333333333333,450.0,0.6703539823008849,0.6674008810572687,0.6733333333333333,450.0,0.4820627802690583,0.48642533936651583,0.4777777777777778,450.0,0.5853107344632769,0.5954022988505747,0.5755555555555556,450.0,0.42633928571428575,0.4282511210762332,0.42444444444444446,450.0,0.52353616532721,0.5415676959619953,0.5066666666666667,450.0,0.4801762114537445,0.4759825327510917,0.48444444444444446,450.0,0.4080717488789237,0.4117647058823529,0.40444444444444444,450.0,0.5758928571428572,0.57847533632287,0.5733333333333334,450.0
17,0.8012908101081848,0.7610476016998291,2.000129461288452,0.4819999933242798,0.48200000000000004,0.4811711968172799,0.0003000000142492354,188.92573445796734,42000.0,222.3095764084181,0.4098360655737705,0.38022813688212925,0.4444444444444444,450.0,0.6873661670235546,0.6632231404958677,0.7133333333333334,450.0,0.4173728813559322,0.39878542510121456,0.43777777777777777,450.0,0.35671819262782395,0.3836317135549872,0.3333333333333333,450.0,0.2651162790697674,0.2780487804878049,0.25333333333333335,450.0,0.519916142557652,0.49206349206349204,0.5511111111111111,450.0,0.28208092485549136,0.29397590361445786,0.27111111111111114,450.0,0.3206933911159263,0.3128964059196617,0.3288888888888889,450.0,0.7536889897843361,0.7703016241299304,0.7377777777777778,450.0,0.5226244343891403,0.532258064516129,0.5133333333333333,450.0,0.5100529100529101,0.4868686868686869,0.5355555555555556,450.0,0.4236902050113895,0.43457943925233644,0.41333333333333333,450.0,0.6681766704416761,0.6812933025404158,0.6555555555555556,450.0,0.4775784753363229,0.4819004524886878,0.47333333333333333,450.0,0.5784204671857619,0.579064587973274,0.5777777777777777,450.0,0.4341957255343082,0.4396355353075171,0.4288888888888889,450.0,0.5284738041002277,0.5420560747663551,0.5155555555555555,450.0,0.4788135593220339,0.4574898785425101,0.5022222222222222,450.0,0.410377358490566,0.4371859296482412,0.38666666666666666,450.0,0.5782312925170068,0.5902777777777778,0.5666666666666667,450.0
18,0.7876091003417969,0.7626428604125977,2.0100278854370117,0.4824444353580475,0.48244444444444456,0.4819441306394904,0.0003000000142492354,188.86996762501076,42000.0,222.3752168125973,0.4062153163152053,0.4057649667405765,0.4066666666666667,450.0,0.6837606837606838,0.6584362139917695,0.7111111111111111,450.0,0.4204909284951974,0.40451745379876797,0.43777777777777777,450.0,0.3580683156654888,0.38095238095238093,0.3377777777777778,450.0,0.26096491228070173,0.25757575757575757,0.2644444444444444,450.0,0.5296017222820236,0.5135699373695198,0.5466666666666666,450.0,0.28246013667425973,0.2897196261682243,0.27555555555555555,450.0,0.3241525423728814,0.3097165991902834,0.34,450.0,0.7556053811659194,0.7624434389140271,0.7488888888888889,450.0,0.5170212765957447,0.4959183673469388,0.54,450.0,0.5021367521367521,0.4835390946502058,0.5222222222222223,450.0,0.4298056155507559,0.4180672268907563,0.44222222222222224,450.0,0.6666666666666666,0.6538461538461539,0.68,450.0,0.4895104895104895,0.5147058823529411,0.4666666666666667,450.0,0.5939675174013922,0.6213592233009708,0.5688888888888889,450.0,0.4279176201372997,0.4410377358490566,0.41555555555555557,450.0,0.5258426966292136,0.5318181818181819,0.52,450.0,0.4799081515499426,0.49643705463182897,0.46444444444444444,450.0,0.411764705882353,0.4375,0.3888888888888889,450.0,0.5730211817168339,0.5749440715883669,0.5711111111111111,450.0
19,0.7750930786132812,0.7663809657096863,2.021610975265503,0.48222222924232483,0.4822222222222222,0.48194747030270635,0.0003000000142492354,188.93160770798568,42000.0,222.30266554930057,0.40401785714285715,0.40582959641255606,0.4022222222222222,450.0,0.6914660831509847,0.6810344827586207,0.7022222222222222,450.0,0.41884816753926707,0.39603960396039606,0.4444444444444444,450.0,0.3569794050343249,0.36792452830188677,0.3466666666666667,450.0,0.27050053248136313,0.25971370143149286,0.2822222222222222,450.0,0.5222929936305732,0.5,0.5466666666666666,450.0,0.2876404494382023,0.2909090909090909,0.28444444444444444,450.0,0.30666666666666664,0.30666666666666664,0.30666666666666664,450.0,0.7620111731843576,0.7662921348314606,0.7577777777777778,450.0,0.5145833333333333,0.4843137254901961,0.5488888888888889,450.0,0.5064655172413793,0.4916317991631799,0.5222222222222223,450.0,0.4308035714285714,0.4327354260089686,0.4288888888888889,450.0,0.6695747001090512,0.6573875802997858,0.6822222222222222,450.0,0.4883977900552486,0.4857142857142857,0.4911111111111111,450.0,0.5831435079726651,0.5981308411214953,0.5688888888888889,450.0,0.42494226327944573,0.4423076923076923,0.4088888888888889,450.0,0.5257270693512305,0.5292792792792793,0.5222222222222223,450.0,0.4768683274021352,0.5114503816793893,0.44666666666666666,450.0,0.4187725631768953,0.4566929133858268,0.38666666666666666,450.0,0.5792474344355758,0.594847775175644,0.5644444444444444,450.0
20,0.7638956904411316,0.7692857384681702,2.0289127826690674,0.48188889026641846,0.4818888888888889,0.48198316519755996,0.0003000000142492354,188.924041708,42000.0,222.31156829110705,0.41705069124423966,0.43301435406698563,0.4022222222222222,450.0,0.6843783209351753,0.6558044806517311,0.7155555555555555,450.0,0.41245972073039744,0.3991683991683992,0.4266666666666667,450.0,0.35625704622322435,0.36155606407322655,0.3511111111111111,450.0,0.26146788990825687,0.27014218009478674,0.25333333333333335,450.0,0.5223880597014924,0.5020491803278688,0.5444444444444444,450.0,0.28540305010893247,0.2799145299145299,0.2911111111111111,450.0,0.31004366812227074,0.30472103004291845,0.31555555555555553,450.0,0.7605956471935852,0.7848699763593381,0.7377777777777778,450.0,0.509719222462203,0.4957983193277311,0.5244444444444445,450.0,0.501039501039501,0.470703125,0.5355555555555556,450.0,0.4331491712707183,0.4307692307692308,0.43555555555555553,450.0,0.661345496009122,0.6791569086651054,0.6444444444444445,450.0,0.49653579676674364,0.5168269230769231,0.4777777777777778,450.0,0.5874439461883407,0.5927601809954751,0.5822222222222222,450.0,0.4326812428078251,0.4486873508353222,0.4177777777777778,450.0,0.5284738041002277,0.5420560747663551,0.5155555555555555,450.0,0.4773218142548596,0.4642857142857143,0.4911111111111111,450.0,0.42259887005649716,0.4298850574712644,0.41555555555555557,450.0,0.5793103448275861,0.6,0.56,450.0
21,0.753961980342865,0.7717381119728088,2.0407378673553467,0.4833333194255829,0.4833333333333333,0.48263865014333385,0.0003000000142492354,188.98629408399574,42000.0,222.238338518522,0.4218579234972677,0.4150537634408602,0.4288888888888889,450.0,0.6848418756815704,0.6723768736616702,0.6977777777777778,450.0,0.40860215053763443,0.3958333333333333,0.4222222222222222,450.0,0.3563892145369285,0.3771712158808933,0.3377777777777778,450.0,0.27003293084522495,0.2668112798264642,0.2733333333333333,450.0,0.5191313340227509,0.48549323017408125,0.5577777777777778,450.0,0.28032979976442873,0.2982456140350877,0.2644444444444444,450.0,0.3167028199566161,0.3093220338983051,0.3244444444444444,450.0,0.7640449438202247,0.7727272727272727,0.7555555555555555,450.0,0.5159165751920965,0.5097613882863341,0.5222222222222223,450.0,0.5081081081081081,0.49473684210526314,0.5222222222222223,450.0,0.435665914221219,0.4426605504587156,0.4288888888888889,450.0,0.661504424778761,0.6585903083700441,0.6644444444444444,450.0,0.48478015783540024,0.4919908466819222,0.4777777777777778,450.0,0.5871559633027522,0.6066350710900474,0.5688888888888889,450.0,0.4357798165137615,0.45023696682464454,0.4222222222222222,450.0,0.530751708428246,0.544392523364486,0.5177777777777778,450.0,0.47826086956521735,0.46808510638297873,0.4888888888888889,450.0,0.41961231470923605,0.4309133489461358,0.4088888888888889,450.0,0.5733041575492341,0.5646551724137931,0.5822222222222222,450.0
22,0.7448316216468811,0.7716904878616333,2.0467379093170166,0.48355555534362793,0.48355555555555557,0.4824866648535012,0.0003000000142492354,189.2678679160308,42000.0,221.9077145130277,0.4084350721420644,0.4079822616407982,0.4088888888888889,450.0,0.6881028938906754,0.6645962732919255,0.7133333333333334,450.0,0.41452991452991456,0.3991769547325103,0.4311111111111111,450.0,0.3699673558215451,0.3624733475479744,0.37777777777777777,450.0,0.2666666666666667,0.271264367816092,0.26222222222222225,450.0,0.5262008733624454,0.5171673819742489,0.5355555555555556,450.0,0.2700119474313023,0.29198966408268734,0.2511111111111111,450.0,0.3206933911159263,0.3128964059196617,0.3288888888888889,450.0,0.7654320987654323,0.7732426303854876,0.7577777777777778,450.0,0.5170212765957447,0.4959183673469388,0.54,450.0,0.5082508250825083,0.5032679738562091,0.5133333333333333,450.0,0.43680709534368073,0.4358407079646018,0.43777777777777777,450.0,0.6703417861080484,0.6652078774617067,0.6755555555555556,450.0,0.49195402298850577,0.5095238095238095,0.47555555555555556,450.0,0.5771365149833518,0.5764966740576497,0.5777777777777777,450.0,0.42528735632183906,0.44047619047619047,0.4111111111111111,450.0,0.5274971941638609,0.5328798185941043,0.5222222222222223,450.0,0.4831460674157304,0.48863636363636365,0.4777777777777778,450.0,0.406392694063927,0.41784037558685444,0.39555555555555555,450.0,0.5758582502768549,0.5739514348785872,0.5777777777777777,450.0
23,0.7367221713066101,0.7760000228881836,2.059528112411499,0.4847777783870697,0.4847777777777778,0.4842775105637077,0.0003000000142492354,188.60859950003214,42000.0,222.68337770035157,0.4160346695557964,0.4059196617336152,0.4266666666666667,450.0,0.6901709401709402,0.6646090534979424,0.7177777777777777,450.0,0.4110169491525424,0.39271255060728744,0.4311111111111111,450.0,0.3611738148984199,0.3669724770642202,0.35555555555555557,450.0,0.2719101123595506,0.275,0.2688888888888889,450.0,0.5273311897106109,0.5093167701863354,0.5466666666666666,450.0,0.2808219178082192,0.2887323943661972,0.2733333333333333,450.0,0.32385120350109414,0.31896551724137934,0.3288888888888889,450.0,0.7671541057367829,0.7767653758542141,0.7577777777777778,450.0,0.5163398692810457,0.5064102564102564,0.5266666666666666,450.0,0.5070729053318825,0.4968017057569296,0.5177777777777778,450.0,0.43908045977011495,0.45476190476190476,0.42444444444444446,450.0,0.6651884700665189,0.6637168141592921,0.6666666666666666,450.0,0.49035187287173665,0.5011600928074246,0.48,450.0,0.5739910313901345,0.579185520361991,0.5688888888888889,450.0,0.4314159292035398,0.42951541850220265,0.43333333333333335,450.0,0.528,0.5435294117647059,0.5133333333333333,450.0,0.48444444444444446,0.48444444444444446,0.48444444444444446,450.0,0.4171494785631518,0.4358353510895884,0.4,450.0,0.5830508474576271,0.593103448275862,0.5733333333333334,450.0
24,0.7288726568222046,0.776452362537384,2.0678086280822754,0.4833333194255829,0.4833333333333333,0.4824764633434029,0.0003000000142492354,188.78096912498586,42000.0,222.48005291356006,0.41505376344086026,0.40208333333333335,0.4288888888888889,450.0,0.6875,0.6673640167364017,0.7088888888888889,450.0,0.4104803493449782,0.4034334763948498,0.4177777777777778,450.0,0.3658269441401971,0.36069114470842334,0.3711111111111111,450.0,0.2691879866518354,0.26948775055679286,0.2688888888888889,450.0,0.5227272727272727,0.48841698841698844,0.5622222222222222,450.0,0.27976878612716766,0.29156626506024097,0.2688888888888889,450.0,0.30979498861047833,0.3177570093457944,0.3022222222222222,450.0,0.7669683257918551,0.7811059907834101,0.7533333333333333,450.0,0.5070422535211268,0.49471458773784355,0.52,450.0,0.5080731969860065,0.49269311064718163,0.5244444444444445,450.0,0.43908045977011495,0.45476190476190476,0.42444444444444446,450.0,0.6659316427783903,0.6608315098468271,0.6711111111111111,450.0,0.4884792626728111,0.507177033492823,0.4711111111111111,450.0,0.5791245791245792,0.5850340136054422,0.5733333333333334,450.0,0.43660418963616315,0.43326039387308535,0.44,450.0,0.5269058295964125,0.5316742081447964,0.5222222222222223,450.0,0.4807056229327453,0.47702407002188185,0.48444444444444446,450.0,0.4123957091775924,0.44473007712082263,0.3844444444444444,450.0,0.5778781038374717,0.5871559633027523,0.5688888888888889,450.0
25,0.7216554880142212,0.7783571481704712,2.075305461883545,0.483777791261673,0.4837777777777779,0.4827507705199102,0.0003000000142492354,188.75447987497319,42000.0,222.51127511156227,0.4166666666666667,0.4012345679012346,0.43333333333333335,450.0,0.6806282722513088,0.6435643564356436,0.7222222222222222,450.0,0.4089456869009585,0.39263803680981596,0.4266666666666667,450.0,0.3555555555555556,0.37530864197530867,0.3377777777777778,450.0,0.2712238147739801,0.26914660831509846,0.2733333333333333,450.0,0.524731182795699,0.5083333333333333,0.5422222222222223,450.0,0.27586206896551724,0.2966751918158568,0.2577777777777778,450.0,0.3274725274725275,0.3239130434782609,0.33111111111111113,450.0,0.7625418060200669,0.7651006711409396,0.76,450.0,0.5104510451045104,0.5054466230936819,0.5155555555555555,450.0,0.5102702702702703,0.4968421052631579,0.5244444444444445,450.0,0.44418872266973536,0.4606205250596659,0.4288888888888889,450.0,0.6703417861080484,0.6652078774617067,0.6755555555555556,450.0,0.4791666666666667,0.5,0.46,450.0,0.5791245791245792,0.5850340136054422,0.5733333333333334,450.0,0.4369565217391304,0.4276595744680851,0.44666666666666666,450.0,0.5235955056179776,0.5295454545454545,0.5177777777777778,450.0,0.4708520179372197,0.4751131221719457,0.4666666666666667,450.0,0.425720620842572,0.4247787610619469,0.4266666666666667,450.0,0.5807200929152149,0.6082725060827251,0.5555555555555556,450.0
26,0.715056300163269,0.7802619338035583,2.0834851264953613,0.4838888943195343,0.48388888888888887,0.4833726330898768,0.0003000000142492354,188.77756829198916,42000.0,222.48406089772843,0.41445270988310307,0.3971486761710794,0.43333333333333335,450.0,0.6850477200424178,0.6551724137931034,0.7177777777777777,450.0,0.40601503759398494,0.39293139293139295,0.42,450.0,0.3588571428571428,0.36941176470588233,0.3488888888888889,450.0,0.2625139043381535,0.26280623608017817,0.26222222222222225,450.0,0.5248380129589633,0.5105042016806722,0.54,450.0,0.281786941580756,0.2907801418439716,0.2733333333333333,450.0,0.3229398663697105,0.3236607142857143,0.32222222222222224,450.0,0.7643742953776775,0.7757437070938215,0.7533333333333333,450.0,0.5104052573932091,0.5032397408207343,0.5177777777777778,450.0,0.5124324324324325,0.49894736842105264,0.5266666666666666,450.0,0.4399551066217733,0.4444444444444444,0.43555555555555553,450.0,0.6600441501103753,0.6557017543859649,0.6644444444444444,450.0,0.4937142857142857,0.508235294117647,0.48,450.0,0.5791245791245792,0.5850340136054422,0.5733333333333334,450.0,0.44067796610169496,0.4482758620689655,0.43333333333333335,450.0,0.52894438138479,0.5406032482598608,0.5177777777777778,450.0,0.47714604236343366,0.47874720357941836,0.47555555555555556,450.0,0.42294713160854897,0.428246013667426,0.4177777777777778,450.0,0.5812356979405034,0.5990566037735849,0.5644444444444444,450.0
27,0.7092950344085693,0.7812380790710449,2.0913872718811035,0.48355555534362793,0.48355555555555557,0.48385982349681456,0.0003000000142492354,188.835020833998,42000.0,222.41637072670733,0.4173140954495006,0.41685144124168516,0.4177777777777778,450.0,0.6828752642706132,0.6512096774193549,0.7177777777777777,450.0,0.40744797371303393,0.4017278617710583,0.41333333333333333,450.0,0.36424581005586587,0.36629213483146067,0.3622222222222222,450.0,0.26944140197152244,0.265658747300216,0.2733333333333333,450.0,0.5241228070175439,0.5173160173160173,0.5311111111111111,450.0,0.2837837837837837,0.2876712328767123,0.28,450.0,0.3254310344827586,0.3158995815899582,0.33555555555555555,450.0,0.7661016949152541,0.7793103448275862,0.7533333333333333,450.0,0.5119825708061003,0.5021367521367521,0.5222222222222223,450.0,0.5149572649572651,0.49588477366255146,0.5355555555555556,450.0,0.44369369369369366,0.4497716894977169,0.43777777777777777,450.0,0.6644370122630993,0.6666666666666666,0.6622222222222223,450.0,0.4857468643101483,0.49882903981264637,0.47333333333333333,450.0,0.5844004656577416,0.6136919315403423,0.5577777777777778,450.0,0.4347826086956522,0.436241610738255,0.43333333333333335,450.0,0.5264317180616741,0.5218340611353712,0.5311111111111111,450.0,0.47289504036908886,0.49160671462829736,0.45555555555555555,450.0,0.41675854465270123,0.4135667396061269,0.42,450.0,0.5803468208092486,0.6048192771084338,0.5577777777777778,450.0
28,0.7034515142440796,0.7826428413391113,2.097919464111328,0.48366665840148926,0.4836666666666667,0.4836367182513289,0.0003000000142492354,188.89475833298638,42000.0,222.34603210091092,0.4160346695557964,0.4059196617336152,0.4266666666666667,450.0,0.6876355748373101,0.6716101694915254,0.7044444444444444,450.0,0.4123931623931624,0.39711934156378603,0.4288888888888889,450.0,0.3672566371681416,0.3656387665198238,0.3688888888888889,450.0,0.27359490986214213,0.2616632860040568,0.2866666666666667,450.0,0.5288356909684439,0.5181236673773987,0.54,450.0,0.2752941176470588,0.2925,0.26,450.0,0.3307086614173228,0.3348519362186788,0.32666666666666666,450.0,0.7630700778642938,0.7639198218262806,0.7622222222222222,450.0,0.512707182320442,0.5098901098901099,0.5155555555555555,450.0,0.5069222577209797,0.4867075664621677,0.5288888888888889,450.0,0.443418013856813,0.46153846153846156,0.4266666666666667,450.0,0.6532438478747202,0.6576576576576577,0.6488888888888888,450.0,0.48387096774193544,0.5023923444976076,0.4666666666666667,450.0,0.5717463848720801,0.5723830734966593,0.5711111111111111,450.0,0.4335511982570806,0.4252136752136752,0.44222222222222224,450.0,0.5295454545454544,0.541860465116279,0.5177777777777778,450.0,0.4729281767955801,0.4703296703296703,0.47555555555555556,450.0,0.42596810933940776,0.4369158878504673,0.41555555555555557,450.0,0.5840092699884125,0.6101694915254238,0.56,450.0
29,0.6979464292526245,0.7835714221000671,2.108001232147217,0.48277777433395386,0.48277777777777775,0.4825011630762267,0.0003000000142492354,188.81058991601458,42000.0,222.4451500240646,0.4060803474484257,0.3970276008492569,0.41555555555555557,450.0,0.678646934460888,0.6471774193548387,0.7133333333333334,450.0,0.41561181434599154,0.39558232931726905,0.43777777777777777,450.0,0.36114285714285715,0.37176470588235294,0.3511111111111111,450.0,0.26,0.26,0.26,450.0,0.5265438786565547,0.5137420718816068,0.54,450.0,0.28312570781426954,0.28868360277136257,0.2777777777777778,450.0,0.3204301075268817,0.3104166666666667,0.33111111111111113,450.0,0.7690557451649602,0.7878787878787878,0.7511111111111111,450.0,0.5191489361702127,0.49795918367346936,0.5422222222222223,450.0,0.5183537263626251,0.5189309576837416,0.5177777777777778,450.0,0.4444444444444444,0.4444444444444444,0.4444444444444444,450.0,0.6623093681917211,0.6495726495726496,0.6755555555555556,450.0,0.4781609195402299,0.49523809523809526,0.4622222222222222,450.0,0.5818181818181818,0.5953488372093023,0.5688888888888889,450.0,0.4347826086956522,0.436241610738255,0.43333333333333335,450.0,0.5275229357798166,0.5450236966824644,0.5111111111111111,450.0,0.4725643896976484,0.4762979683972912,0.4688888888888889,450.0,0.4104389086595492,0.4402035623409669,0.3844444444444444,450.0,0.579841449603624,0.5912240184757506,0.5688888888888889,450.0
30,0.6927985548973083,0.7850714325904846,2.1178364753723145,0.4794444441795349,0.47944444444444445,0.4799833108413881,0.0003000000142492354,188.57760349998716,42000.0,222.7199795759567,0.40246406570841886,0.37404580152671757,0.43555555555555553,450.0,0.68125,0.6411764705882353,0.7266666666666667,450.0,0.4067796610169491,0.41379310344827586,0.4,450.0,0.36697247706422015,0.3791469194312796,0.35555555555555557,450.0,0.2735751295336788,0.2563106796116505,0.29333333333333333,450.0,0.5151199165797706,0.48526522593320237,0.5488888888888889,450.0,0.28726877040261156,0.2814498933901919,0.29333333333333333,450.0,0.3215507411630558,0.33021077283372363,0.31333333333333335,450.0,0.7633069082672708,0.7782909930715936,0.7488888888888889,450.0,0.5103598691384952,0.5010706638115632,0.52,450.0,0.510314875135722,0.4989384288747346,0.5222222222222223,450.0,0.4393592677345538,0.4528301886792453,0.4266666666666667,450.0,0.6576271186440678,0.6689655172413793,0.6466666666666666,450.0,0.4765258215962441,0.5049751243781094,0.45111111111111113,450.0,0.5782857142857144,0.5952941176470589,0.5622222222222222,450.0,0.429050279329609,0.4314606741573034,0.4266666666666667,450.0,0.5229357798165137,0.5402843601895735,0.5066666666666667,450.0,0.468609865470852,0.47285067873303166,0.46444444444444444,450.0,0.41258741258741255,0.4338235294117647,0.3933333333333333,450.0,0.5757225433526012,0.6,0.5533333333333333,450.0
31,0.6878269910812378,0.7870714068412781,2.122607469558716,0.4824444353580475,0.48244444444444445,0.48198153118057263,0.0003000000142492354,188.88676937500713,42000.0,222.3554362170022,0.40696409140369966,0.39872068230277186,0.41555555555555557,450.0,0.6881720430107527,0.6666666666666666,0.7111111111111111,450.0,0.4004400440044005,0.39651416122004357,0.40444444444444444,450.0,0.35873388042203985,0.37965260545905705,0.34,450.0,0.2666666666666667,0.2623655913978495,0.27111111111111114,450.0,0.5195353748680042,0.4949698189134809,0.5466666666666666,450.0,0.2821948488241881,0.28442437923250563,0.28,450.0,0.31685393258426964,0.32045454545454544,0.31333333333333335,450.0,0.7702702702702703,0.7808219178082192,0.76,450.0,0.5121951219512195,0.5110619469026548,0.5133333333333333,450.0,0.5129310344827586,0.497907949790795,0.5288888888888889,450.0,0.4501679731243001,0.45372460496614,0.44666666666666666,450.0,0.6607538802660755,0.6592920353982301,0.6622222222222223,450.0,0.4759671746776084,0.5037220843672456,0.45111111111111113,450.0,0.5746102449888641,0.5758928571428571,0.5733333333333334,450.0,0.4304347826086956,0.42127659574468085,0.44,450.0,0.5258323765786452,0.5439429928741093,0.5088888888888888,450.0,0.4750542299349241,0.4639830508474576,0.4866666666666667,450.0,0.4247990815154994,0.43942992874109266,0.4111111111111111,450.0,0.5870535714285714,0.5896860986547086,0.5844444444444444,450.0
32,0.6836510896682739,0.7868571281433105,2.126673936843872,0.4803333282470703,0.48033333333333345,0.4796834215298598,0.0003000000142492354,188.86352945899125,42000.0,222.38279735802374,0.40677966101694923,0.38866396761133604,0.4266666666666667,450.0,0.68,0.646,0.7177777777777777,450.0,0.40869565217391307,0.4,0.4177777777777778,450.0,0.3524027459954233,0.3632075471698113,0.3422222222222222,450.0,0.26621160409556316,0.2727272727272727,0.26,450.0,0.5295404814004376,0.521551724137931,0.5377777777777778,450.0,0.27610208816705334,0.28883495145631066,0.2644444444444444,450.0,0.3210412147505423,0.3135593220338983,0.3288888888888889,450.0,0.7676537585421412,0.7873831775700935,0.7488888888888889,450.0,0.5016574585635359,0.4989010989010989,0.5044444444444445,450.0,0.5107758620689654,0.49581589958158995,0.5266666666666666,450.0,0.43811610076670315,0.4319654427645788,0.4444444444444444,450.0,0.6526548672566371,0.6497797356828194,0.6555555555555556,450.0,0.488135593220339,0.496551724137931,0.48,450.0,0.5733482642777156,0.5778781038374717,0.5688888888888889,450.0,0.4304932735426009,0.4343891402714932,0.4266666666666667,450.0,0.5267958950969214,0.5409836065573771,0.5133333333333333,450.0,0.46905537459283386,0.4585987261146497,0.48,450.0,0.4162790697674419,0.43658536585365854,0.3977777777777778,450.0,0.5779294653014789,0.5920745920745921,0.5644444444444444,450.0
33,0.6794030666351318,0.7889285683631897,2.1330127716064453,0.48133334517478943,0.48133333333333334,0.48119631834348875,0.0003000000142492354,188.8417078339844,42000.0,222.4084948274418,0.4078516902944384,0.4004282655246253,0.41555555555555557,450.0,0.688034188034188,0.6625514403292181,0.7155555555555555,450.0,0.4085778781038375,0.4151376146788991,0.4022222222222222,450.0,0.3636363636363636,0.35853131749460043,0.3688888888888889,450.0,0.2697576396206533,0.2565130260521042,0.28444444444444444,450.0,0.5223880597014924,0.5020491803278688,0.5444444444444444,450.0,0.271264367816092,0.28095238095238095,0.26222222222222225,450.0,0.3256880733944954,0.33649289099526064,0.31555555555555553,450.0,0.7680180180180181,0.7785388127853882,0.7577777777777778,450.0,0.5138004246284501,0.491869918699187,0.5377777777777778,450.0,0.5118790496760259,0.49789915966386555,0.5266666666666666,450.0,0.44239631336405527,0.45933014354066987,0.4266666666666667,450.0,0.6570477247502774,0.656319290465632,0.6577777777777778,450.0,0.4784130688448075,0.5036855036855037,0.45555555555555555,450.0,0.5701559020044544,0.5714285714285714,0.5688888888888889,450.0,0.4295010845986985,0.4194915254237288,0.44,450.0,0.5237543453070683,0.5472154963680388,0.5022222222222222,450.0,0.4700460829493088,0.4880382775119617,0.4533333333333333,450.0,0.42637362637362636,0.4217391304347826,0.4311111111111111,450.0,0.5753424657534246,0.5915492957746479,0.56,450.0
34,0.674919605255127,0.7900000214576721,2.138498067855835,0.480777770280838,0.4807777777777778,0.48034779804349376,0.0003000000142492354,188.70601337502012,42000.0,222.56842402013106,0.41439476553980376,0.4068522483940043,0.4222222222222222,450.0,0.6821052631578948,0.648,0.72,450.0,0.40625,0.4080717488789238,0.40444444444444444,450.0,0.3507549361207898,0.36739659367396593,0.33555555555555555,450.0,0.2720348204570185,0.26652452025586354,0.2777777777777778,450.0,0.5238095238095238,0.510548523206751,0.5377777777777778,450.0,0.27008149010477295,0.28361858190709044,0.2577777777777778,450.0,0.32230522945570966,0.31006160164271046,0.33555555555555555,450.0,0.7690557451649602,0.7878787878787878,0.7511111111111111,450.0,0.5044444444444445,0.5044444444444445,0.5044444444444445,450.0,0.512325830653805,0.494824016563147,0.5311111111111111,450.0,0.44571428571428573,0.4588235294117647,0.43333333333333335,450.0,0.6556291390728477,0.6513157894736842,0.66,450.0,0.48220436280137774,0.498812351543943,0.4666666666666667,450.0,0.5701657458563535,0.567032967032967,0.5733333333333334,450.0,0.4255788313120176,0.4223194748358862,0.4288888888888889,450.0,0.5279642058165548,0.5315315315315315,0.5244444444444445,450.0,0.47216035634743875,0.4732142857142857,0.4711111111111111,450.0,0.41999999999999993,0.42,0.42,450.0,0.5799769850402763,0.6014319809069213,0.56,450.0
35,0.6710823774337769,0.7909047603607178,2.1480226516723633,0.48222222924232483,0.4822222222222222,0.48233828346204966,0.0003000000142492354,188.78315679199295,42000.0,222.47747475839108,0.41445270988310307,0.3971486761710794,0.43333333333333335,450.0,0.6799580272822665,0.6441351888667992,0.72,450.0,0.40711902113459403,0.40757238307349664,0.4066666666666667,450.0,0.3611738148984199,0.3669724770642202,0.35555555555555557,450.0,0.27350427350427353,0.26337448559670784,0.28444444444444444,450.0,0.5220193340494093,0.5051975051975052,0.54,450.0,0.2763306908267271,0.2817551963048499,0.27111111111111114,450.0,0.32329988851727987,0.3243847874720358,0.32222222222222224,450.0,0.768361581920904,0.7816091954022989,0.7555555555555555,450.0,0.5198711063372718,0.5031185031185031,0.5377777777777778,450.0,0.5181918412348402,0.5142231947483589,0.5222222222222223,450.0,0.4407158836689038,0.4436936936936937,0.43777777777777777,450.0,0.6535087719298246,0.645021645021645,0.6622222222222223,450.0,0.47674418604651164,0.5,0.45555555555555555,450.0,0.5781433607520564,0.6134663341645885,0.5466666666666666,450.0,0.42920353982300885,0.42731277533039647,0.4311111111111111,450.0,0.5270425776754891,0.5465393794749404,0.5088888888888888,450.0,0.4717607973421927,0.47019867549668876,0.47333333333333333,450.0,0.42471910112359545,0.42954545454545456,0.42,450.0,0.5806451612903226,0.6028708133971292,0.56,450.0
36,0.6677209138870239,0.7924523949623108,2.149604320526123,0.480777770280838,0.4807777777777777,0.4807343633678632,0.0003000000142492354,189.01615387498168,42000.0,222.20323045923087,0.4094827586206896,0.39748953974895396,0.4222222222222222,450.0,0.6808059384941675,0.6511156186612576,0.7133333333333334,450.0,0.40707964601769914,0.4052863436123348,0.4088888888888889,450.0,0.36199095022624433,0.3686635944700461,0.35555555555555557,450.0,0.27771797631862216,0.26931106471816285,0.2866666666666667,450.0,0.5190677966101694,0.4959514170040486,0.5444444444444444,450.0,0.271264367816092,0.28095238095238095,0.26222222222222225,450.0,0.32894736842105265,0.3246753246753247,0.3333333333333333,450.0,0.765375854214123,0.7850467289719626,0.7466666666666667,450.0,0.5068181818181818,0.5186046511627908,0.4955555555555556,450.0,0.5080731969860065,0.49269311064718163,0.5244444444444445,450.0,0.4474885844748859,0.460093896713615,0.43555555555555553,450.0,0.6577777777777778,0.6577777777777778,0.6577777777777778,450.0,0.47740440324449596,0.49878934624697335,0.4577777777777778,450.0,0.5800671892497201,0.5846501128668171,0.5755555555555556,450.0,0.42430939226519343,0.421978021978022,0.4266666666666667,450.0,0.5222348916761688,0.5362997658079626,0.5088888888888888,450.0,0.4674751929437706,0.4638949671772429,0.4711111111111111,450.0,0.42022471910112363,0.425,0.41555555555555557,450.0,0.5810810810810811,0.589041095890411,0.5733333333333334,450.0
37,0.6635730266571045,0.7933095097541809,2.1624743938446045,0.4821110963821411,0.48211111111111105,0.48133715252472953,0.0003000000142492354,188.7461281249998,42000.0,222.52112092166945,0.4184549356223176,0.4045643153526971,0.43333333333333335,450.0,0.6897297297297297,0.671578947368421,0.7088888888888889,450.0,0.4140786749482402,0.3875968992248062,0.4444444444444444,450.0,0.35995500562429694,0.36446469248291574,0.35555555555555557,450.0,0.2626262626262626,0.2653061224489796,0.26,450.0,0.5223880597014924,0.5020491803278688,0.5444444444444444,450.0,0.2713797035347777,0.2786885245901639,0.2644444444444444,450.0,0.32084309133489464,0.33910891089108913,0.30444444444444446,450.0,0.7702702702702703,0.7808219178082192,0.76,450.0,0.5065217391304347,0.4957446808510638,0.5177777777777778,450.0,0.5135427952329361,0.5010570824524313,0.5266666666666666,450.0,0.4429223744292238,0.45539906103286387,0.4311111111111111,450.0,0.6577777777777778,0.6577777777777778,0.6577777777777778,450.0,0.48,0.49411764705882355,0.4666666666666667,450.0,0.5743473325766175,0.5870069605568445,0.5622222222222222,450.0,0.4269662921348315,0.4318181818181818,0.4222222222222222,450.0,0.5264341957255343,0.5330296127562643,0.52,450.0,0.4673913043478261,0.4574468085106383,0.4777777777777778,450.0,0.4229885057471265,0.4380952380952381,0.4088888888888889,450.0,0.578125,0.5807174887892377,0.5755555555555556,450.0
38,0.6596657633781433,0.7944285869598389,2.1689963340759277,0.48055556416511536,0.48055555555555546,0.4804862518505078,0.0003000000142492354,188.84295999997994,42000.0,222.40702009756922,0.411764705882353,0.3787313432835821,0.45111111111111113,450.0,0.6788008565310493,0.6549586776859504,0.7044444444444444,450.0,0.4146868250539957,0.40336134453781514,0.4266666666666667,450.0,0.3615023474178404,0.38308457711442784,0.3422222222222222,450.0,0.2712238147739801,0.26914660831509846,0.2733333333333333,450.0,0.5260869565217391,0.5148936170212766,0.5377777777777778,450.0,0.2688296639629201,0.28087167070217917,0.2577777777777778,450.0,0.32553191489361705,0.3122448979591837,0.34,450.0,0.7668161434977578,0.7737556561085973,0.76,450.0,0.5073280721533259,0.5148741418764302,0.5,450.0,0.509090909090909,0.49072164948453606,0.5288888888888889,450.0,0.4405997693194925,0.4580335731414868,0.42444444444444446,450.0,0.6548279689234183,0.6541019955654102,0.6555555555555556,450.0,0.4827586206896552,0.5,0.4666666666666667,450.0,0.5825688073394495,0.6018957345971564,0.5644444444444444,450.0,0.4265193370165746,0.42417582417582417,0.4288888888888889,450.0,0.5274212368728121,0.5552825552825553,0.5022222222222222,450.0,0.46593406593406594,0.4608695652173913,0.4711111111111111,450.0,0.4108967082860385,0.419953596287703,0.4022222222222222,450.0,0.5765363128491621,0.5797752808988764,0.5733333333333334,450.0
39,0.6567287445068359,0.7954285740852356,2.1693167686462402,0.480222225189209,0.48022222222222216,0.4800024229186489,0.0003000000142492354,188.89185391599312,42000.0,222.34945091215465,0.4056399132321041,0.3961864406779661,0.41555555555555557,450.0,0.6788008565310493,0.6549586776859504,0.7044444444444444,450.0,0.41538461538461535,0.4108695652173913,0.42,450.0,0.3628415300546448,0.35698924731182796,0.3688888888888889,450.0,0.2717391304347826,0.26595744680851063,0.2777777777777778,450.0,0.5260821309655938,0.5254988913525499,0.5266666666666666,450.0,0.2691415313225058,0.2815533980582524,0.2577777777777778,450.0,0.3191964285714286,0.32062780269058294,0.31777777777777777,450.0,0.7668161434977578,0.7737556561085973,0.76,450.0,0.501108647450111,0.5,0.5022222222222222,450.0,0.5067778936392076,0.4774066797642436,0.54,450.0,0.44713656387665196,0.4432314410480349,0.45111111111111113,450.0,0.6570796460176992,0.6541850220264317,0.66,450.0,0.48101265822784806,0.4988066825775656,0.46444444444444444,450.0,0.574635241301908,0.5804988662131519,0.5688888888888889,450.0,0.4255788313120176,0.4223194748358862,0.4288888888888889,450.0,0.5274971941638609,0.5328798185941043,0.5222222222222223,450.0,0.4685714285714286,0.4823529411764706,0.45555555555555555,450.0,0.41600000000000004,0.42823529411764705,0.40444444444444444,450.0,0.5790080738177624,0.6019184652278178,0.5577777777777778,450.0
40,0.6535062789916992,0.7955714464187622,2.1791574954986572,0.4794444441795349,0.47944444444444445,0.47839947714292014,0.0003000000142492354,188.93471279199002,42000.0,222.29901207323618,0.4055793991416309,0.3921161825726141,0.42,450.0,0.6826222684703434,0.6418786692759295,0.7288888888888889,450.0,0.4120819848975189,0.40041928721174,0.42444444444444446,450.0,0.360233918128655,0.3802469135802469,0.3422222222222222,450.0,0.26195899772209563,0.26869158878504673,0.25555555555555554,450.0,0.5170212765957447,0.4959183673469388,0.54,450.0,0.27231121281464526,0.2806603773584906,0.2644444444444444,450.0,0.31728665207877466,0.3125,0.32222222222222224,450.0,0.7701019252548131,0.7852193995381063,0.7555555555555555,450.0,0.5033259423503327,0.5022123893805309,0.5044444444444445,450.0,0.5070422535211268,0.49471458773784355,0.52,450.0,0.44124168514412415,0.44026548672566373,0.44222222222222224,450.0,0.6526548672566371,0.6497797356828194,0.6555555555555556,450.0,0.48173515981735165,0.4953051643192488,0.4688888888888889,450.0,0.5733634311512414,0.5825688073394495,0.5644444444444444,450.0,0.4279379157427937,0.4269911504424779,0.4288888888888889,450.0,0.5191873589164785,0.5275229357798165,0.5111111111111111,450.0,0.4696969696969697,0.4578059071729958,0.4822222222222222,450.0,0.4179456906729634,0.44584382871536526,0.3933333333333333,450.0,0.5746606334841629,0.5852534562211982,0.5644444444444444,450.0
41,0.6502032279968262,0.7958809733390808,2.18184232711792,0.48055556416511536,0.4805555555555555,0.48020529115516297,0.0003000000142492354,188.61090766603593,42000.0,222.68065256526594,0.4083424807903403,0.403470715835141,0.41333333333333333,450.0,0.6812957157784744,0.6429980276134122,0.7244444444444444,450.0,0.4166666666666667,0.39215686274509803,0.4444444444444444,450.0,0.3644646924829157,0.37383177570093457,0.35555555555555557,450.0,0.2773564463705309,0.27061310782241016,0.28444444444444444,450.0,0.5126646403242149,0.47113594040968343,0.5622222222222222,450.0,0.2672811059907834,0.27751196172248804,0.2577777777777778,450.0,0.31346578366445915,0.31140350877192985,0.31555555555555553,450.0,0.7723669309173273,0.7875288683602771,0.7577777777777778,450.0,0.5099778270509978,0.5088495575221239,0.5111111111111111,450.0,0.5088105726872246,0.5043668122270742,0.5133333333333333,450.0,0.4434389140271493,0.45161290322580644,0.43555555555555553,450.0,0.6614525139664804,0.6651685393258427,0.6577777777777778,450.0,0.4735062006764374,0.4805491990846682,0.4666666666666667,450.0,0.5794813979706878,0.5881006864988558,0.5711111111111111,450.0,0.43448275862068964,0.45,0.42,450.0,0.5144124168514412,0.5132743362831859,0.5155555555555555,450.0,0.46818181818181814,0.4790697674418605,0.4577777777777778,450.0,0.41763341067285387,0.4368932038834951,0.4,450.0,0.5788235294117647,0.615,0.5466666666666666,450.0
42,0.6467071771621704,0.7972142696380615,2.1888649463653564,0.47999998927116394,0.4800000000000001,0.48016113878447586,0.0003000000142492354,188.8100182909984,42000.0,222.44582347992053,0.40471092077087795,0.390495867768595,0.42,450.0,0.6846071044133477,0.6638830897703549,0.7066666666666667,450.0,0.4182015167930661,0.4080338266384778,0.4288888888888889,450.0,0.36426116838487976,0.375886524822695,0.35333333333333333,450.0,0.2719298245614035,0.2683982683982684,0.27555555555555555,450.0,0.5243770314192849,0.5116279069767442,0.5377777777777778,450.0,0.26896551724137935,0.2785714285714286,0.26,450.0,0.3149946062567422,0.3060796645702306,0.3244444444444444,450.0,0.7688787185354692,0.7924528301886793,0.7466666666666667,450.0,0.5076586433260394,0.5,0.5155555555555555,450.0,0.5043668122270742,0.4957081545064378,0.5133333333333333,450.0,0.43817787418655096,0.4279661016949153,0.4488888888888889,450.0,0.6539753639417692,0.6591422121896162,0.6488888888888888,450.0,0.4865497076023392,0.5135802469135803,0.4622222222222222,450.0,0.5794183445190157,0.5833333333333334,0.5755555555555556,450.0,0.429050279329609,0.4314606741573034,0.4266666666666667,450.0,0.5276211950394588,0.5354691075514875,0.52,450.0,0.46651785714285715,0.46860986547085204,0.46444444444444444,450.0,0.4175317185697809,0.434052757793765,0.4022222222222222,450.0,0.5714285714285714,0.5739910313901345,0.5688888888888889,450.0
43,0.644199013710022,0.7973333597183228,2.194586753845215,0.47966668009757996,0.4796666666666667,0.4788741248886727,0.0003000000142492354,188.87830616603605,42000.0,222.36539946032408,0.40300107181136124,0.38923395445134573,0.4177777777777778,450.0,0.672147995889003,0.6252390057361377,0.7266666666666667,450.0,0.4178794178794179,0.392578125,0.44666666666666666,450.0,0.3672566371681416,0.3656387665198238,0.3688888888888889,450.0,0.2660753880266075,0.26548672566371684,0.26666666666666666,450.0,0.5230439442658092,0.505175983436853,0.5422222222222223,450.0,0.268018018018018,0.271689497716895,0.2644444444444444,450.0,0.31153388822829964,0.3350383631713555,0.2911111111111111,450.0,0.7610419026047566,0.7759815242494227,0.7466666666666667,450.0,0.5162644281217209,0.48906560636182905,0.5466666666666666,450.0,0.5066079295154186,0.5021834061135371,0.5111111111111111,450.0,0.43736263736263736,0.4326086956521739,0.44222222222222224,450.0,0.6577480490523968,0.6599552572706935,0.6555555555555556,450.0,0.48187134502923973,0.508641975308642,0.4577777777777778,450.0,0.5772266065388951,0.585812356979405,0.5688888888888889,450.0,0.4287292817679558,0.42637362637362636,0.4311111111111111,450.0,0.5204200700116687,0.547911547911548,0.4955555555555556,450.0,0.464367816091954,0.48095238095238096,0.4488888888888889,450.0,0.4274099883855981,0.44768856447688565,0.4088888888888889,450.0,0.5694760820045559,0.5841121495327103,0.5555555555555556,450.0
44,0.6411759257316589,0.7985237836837769,2.198974847793579,0.4797777831554413,0.47977777777777775,0.4786887446517163,0.0003000000142492354,188.65543554199394,42000.0,222.6280938014689,0.40825190010857765,0.3991507430997877,0.4177777777777778,450.0,0.6837060702875399,0.656441717791411,0.7133333333333334,450.0,0.4120819848975189,0.40041928721174,0.42444444444444446,450.0,0.3559718969555035,0.37623762376237624,0.3377777777777778,450.0,0.27313769751693007,0.2775229357798165,0.2688888888888889,450.0,0.516260162601626,0.4756554307116105,0.5644444444444444,450.0,0.264947245017585,0.2803970223325062,0.2511111111111111,450.0,0.32079646017699115,0.31938325991189426,0.32222222222222224,450.0,0.7697516930022574,0.7821100917431193,0.7577777777777778,450.0,0.5016501650165016,0.49673202614379086,0.5066666666666667,450.0,0.5075921908893709,0.4957627118644068,0.52,450.0,0.44141069397042093,0.4522144522144522,0.4311111111111111,450.0,0.6518353726362623,0.6525612472160356,0.6511111111111111,450.0,0.47791619479048697,0.48729792147806006,0.4688888888888889,450.0,0.5707865168539326,0.5772727272727273,0.5644444444444444,450.0,0.4291938997821351,0.42094017094017094,0.43777777777777777,450.0,0.52183908045977,0.5404761904761904,0.5044444444444445,450.0,0.4652173913043478,0.4553191489361702,0.47555555555555556,450.0,0.42611683848797255,0.4397163120567376,0.41333333333333333,450.0,0.5753114382785957,0.5866050808314087,0.5644444444444444,450.0
45,0.6381517648696899,0.7994047403335571,2.2020599842071533,0.4812222123146057,0.4812222222222222,0.4806349914292186,0.0003000000142492354,188.7977801670204,42000.0,222.4602427149546,0.4088983050847458,0.39068825910931176,0.4288888888888889,450.0,0.6900958466453674,0.6625766871165644,0.72,450.0,0.4211663066954644,0.4096638655462185,0.43333333333333335,450.0,0.37012987012987014,0.36075949367088606,0.38,450.0,0.27624309392265195,0.27472527472527475,0.2777777777777778,450.0,0.5168067226890756,0.4900398406374502,0.5466666666666666,450.0,0.27064220183486243,0.2796208530805687,0.26222222222222225,450.0,0.3123543123543124,0.3284313725490196,0.29777777777777775,450.0,0.7702702702702703,0.7808219178082192,0.76,450.0,0.5069817400644469,0.49064449064449067,0.5244444444444445,450.0,0.5092896174863388,0.5010752688172043,0.5177777777777778,450.0,0.44040862656072643,0.45011600928074247,0.4311111111111111,450.0,0.6547486033519553,0.6584269662921348,0.6511111111111111,450.0,0.47826086956521735,0.49292452830188677,0.46444444444444444,450.0,0.574585635359116,0.5714285714285714,0.5777777777777777,450.0,0.4233261339092872,0.4117647058823529,0.43555555555555553,450.0,0.5241379310344827,0.5428571428571428,0.5066666666666667,450.0,0.46501128668171554,0.4724770642201835,0.4577777777777778,450.0,0.4233055885850179,0.45524296675191817,0.39555555555555555,450.0,0.5760368663594471,0.5980861244019139,0.5555555555555556,450.0
46,0.6349696516990662,0.7996904850006104,2.209444761276245,0.4785555601119995,0.47855555555555557,0.4782035803143251,0.0003000000142492354,188.65885645803064,42000.0,222.6240569275548,0.40332640332640335,0.37890625,0.4311111111111111,450.0,0.6927138331573389,0.6599597585513078,0.7288888888888889,450.0,0.3990665110851808,0.4201474201474201,0.38,450.0,0.36622807017543857,0.36147186147186144,0.3711111111111111,450.0,0.2684563758389261,0.2702702702702703,0.26666666666666666,450.0,0.5200433369447454,0.507399577167019,0.5333333333333333,450.0,0.2761692650334076,0.2767857142857143,0.27555555555555555,450.0,0.31228473019517794,0.32304038004750596,0.3022222222222222,450.0,0.7659574468085107,0.7720090293453724,0.76,450.0,0.5010799136069114,0.48739495798319327,0.5155555555555555,450.0,0.5053995680345572,0.49159663865546216,0.52,450.0,0.4323144104803493,0.4248927038626609,0.44,450.0,0.6547486033519553,0.6584269662921348,0.6511111111111111,450.0,0.47675804529201427,0.5141388174807198,0.4444444444444444,450.0,0.5788288288288289,0.58675799086758,0.5711111111111111,450.0,0.420824295010846,0.4110169491525424,0.4311111111111111,450.0,0.5231116121758738,0.5308924485125858,0.5155555555555555,450.0,0.4652223489167617,0.477751756440281,0.4533333333333333,450.0,0.42350332594235035,0.4225663716814159,0.42444444444444446,450.0,0.5780346820809249,0.6024096385542169,0.5555555555555556,450.0
47,0.6318585872650146,0.8006190657615662,2.2140047550201416,0.48055556416511536,0.4805555555555556,0.48019571477517253,0.0003000000142492354,189.483314083016,42000.0,221.65540118006936,0.41169853768278974,0.4168564920273349,0.4066666666666667,450.0,0.6809421841541756,0.6570247933884298,0.7066666666666667,450.0,0.41658031088082903,0.39029126213592236,0.44666666666666666,450.0,0.3734806629834254,0.37142857142857144,0.37555555555555553,450.0,0.2761596548004315,0.26834381551362685,0.28444444444444444,450.0,0.5192909280500523,0.48919449901768175,0.5533333333333333,450.0,0.2760233918128655,0.291358024691358,0.26222222222222225,450.0,0.31312017640573314,0.31072210065645517,0.31555555555555553,450.0,0.7701019252548131,0.7852193995381063,0.7555555555555555,450.0,0.5076586433260394,0.5,0.5155555555555555,450.0,0.5043103448275862,0.4895397489539749,0.52,450.0,0.4405997693194925,0.4580335731414868,0.42444444444444446,450.0,0.6533333333333333,0.6533333333333333,0.6533333333333333,450.0,0.47737556561085975,0.4861751152073733,0.4688888888888889,450.0,0.5759280089988751,0.5831435079726651,0.5688888888888889,450.0,0.4285714285714286,0.4375,0.42,450.0,0.5193965517241379,0.50418410041841,0.5355555555555556,450.0,0.46432616081540196,0.47344110854503463,0.45555555555555555,450.0,0.42193087008343266,0.455012853470437,0.3933333333333333,450.0,0.5730858468677493,0.5995145631067961,0.5488888888888889,450.0
48,0.6294416189193726,0.8015000224113464,2.216174840927124,0.48044443130493164,0.4804444444444444,0.47943475331192664,0.0003000000142492354,188.34541762503795,42000.0,222.99454125087604,0.40522875816993464,0.3974358974358974,0.41333333333333333,450.0,0.6836518046709129,0.6544715447154471,0.7155555555555555,450.0,0.41613588110403393,0.3983739837398374,0.43555555555555553,450.0,0.3609195402298851,0.3738095238095238,0.3488888888888889,450.0,0.26976744186046514,0.28292682926829266,0.2577777777777778,450.0,0.5256410256410257,0.5061728395061729,0.5466666666666666,450.0,0.2690992018244014,0.27634660421545665,0.26222222222222225,450.0,0.3160220994475138,0.3142857142857143,0.31777777777777777,450.0,0.7668161434977578,0.7737556561085973,0.76,450.0,0.5054945054945055,0.5,0.5111111111111111,450.0,0.5092491838955386,0.4989339019189765,0.52,450.0,0.442714126807564,0.44320712694877507,0.44222222222222224,450.0,0.6576879910213244,0.6643990929705216,0.6511111111111111,450.0,0.48394495412844035,0.5,0.4688888888888889,450.0,0.5758582502768549,0.5739514348785872,0.5777777777777777,450.0,0.4298245614035088,0.42424242424242425,0.43555555555555553,450.0,0.513157894736842,0.5064935064935064,0.52,450.0,0.4645308924485126,0.47877358490566035,0.45111111111111113,450.0,0.4189189189189189,0.4246575342465753,0.41333333333333333,450.0,0.5740318906605922,0.5887850467289719,0.56,450.0
49,0.6266641616821289,0.8027619123458862,2.222278594970703,0.4811111092567444,0.4811111111111111,0.48091156442970606,0.0003000000142492354,188.2416680829483,42000.0,223.11744486610044,0.4096916299559472,0.40611353711790393,0.41333333333333333,450.0,0.6794055201698513,0.6504065040650406,0.7111111111111111,450.0,0.41622198505869795,0.4004106776180698,0.43333333333333335,450.0,0.3600464576074332,0.3771289537712895,0.34444444444444444,450.0,0.2780748663101604,0.26804123711340205,0.28888888888888886,450.0,0.5159235668789809,0.49390243902439024,0.54,450.0,0.2767154105736783,0.28018223234624146,0.2733333333333333,450.0,0.31782065834279233,0.3248259860788863,0.3111111111111111,450.0,0.7692307692307693,0.783410138248848,0.7555555555555555,450.0,0.5105438401775805,0.5099778270509978,0.5111111111111111,450.0,0.5070729053318825,0.4968017057569296,0.5177777777777778,450.0,0.4379232505643341,0.44495412844036697,0.4311111111111111,450.0,0.6555183946488293,0.6577181208053692,0.6533333333333333,450.0,0.4873563218390805,0.5047619047619047,0.4711111111111111,450.0,0.5778781038374717,0.5871559633027523,0.5688888888888889,450.0,0.42663656884875845,0.4334862385321101,0.42,450.0,0.5230078563411897,0.528344671201814,0.5177777777777778,450.0,0.4668911335578002,0.47165532879818595,0.4622222222222222,450.0,0.4269911504424779,0.4251101321585903,0.4288888888888889,450.0,0.5752808988764045,0.5818181818181818,0.5688888888888889,450.0
50,0.6236034035682678,0.8029285669326782,2.2316551208496094,0.47911110520362854,0.47911111111111104,0.4778214576146042,0.0003000000142492354,188.4550624580006,42000.0,222.8648010416817,0.41031149301826,0.3970893970893971,0.42444444444444446,450.0,0.6787620064034152,0.6529774127310062,0.7066666666666667,450.0,0.41372141372141374,0.388671875,0.44222222222222224,450.0,0.36301369863013694,0.3732394366197183,0.35333333333333333,450.0,0.27722772277227725,0.27450980392156865,0.28,450.0,0.5242105263157895,0.498,0.5533333333333333,450.0,0.26876513317191286,0.29521276595744683,0.24666666666666667,450.0,0.31828442437923254,0.32339449541284404,0.31333333333333335,450.0,0.7671541057367829,0.7767653758542141,0.7577777777777778,450.0,0.5032967032967033,0.49782608695652175,0.5088888888888888,450.0,0.5075593952483802,0.49369747899159666,0.5222222222222223,450.0,0.43784378437843785,0.4335511982570806,0.44222222222222224,450.0,0.6492942453854506,0.6348195329087049,0.6644444444444444,450.0,0.4799107142857143,0.4820627802690583,0.4777777777777778,450.0,0.5698198198198198,0.5776255707762558,0.5622222222222222,450.0,0.4288939051918736,0.43577981651376146,0.4222222222222222,450.0,0.5140924464487036,0.5217391304347826,0.5066666666666667,450.0,0.46516853932584273,0.47045454545454546,0.46,450.0,0.4188235294117647,0.445,0.39555555555555555,450.0,0.5602755453501722,0.5795724465558195,0.5422222222222223,450.0
51,0.6217233538627625,0.8031190633773804,2.2356019020080566,0.48144444823265076,0.4814444444444444,0.48084921456151797,0.0003000000142492354,188.49102970899548,42000.0,222.82227469838904,0.41484716157205237,0.40772532188841204,0.4222222222222222,450.0,0.6808510638297872,0.6530612244897959,0.7111111111111111,450.0,0.41425389755011144,0.41517857142857145,0.41333333333333333,450.0,0.36009174311926606,0.37203791469194314,0.3488888888888889,450.0,0.270996640537514,0.27313769751693,0.2688888888888889,450.0,0.5230439442658092,0.505175983436853,0.5422222222222223,450.0,0.265750286368843,0.27423167848699764,0.2577777777777778,450.0,0.31731843575418994,0.31910112359550563,0.31555555555555553,450.0,0.7676767676767676,0.7755102040816326,0.76,450.0,0.513215859030837,0.5087336244541485,0.5177777777777778,450.0,0.5070118662351673,0.49266247379454925,0.5222222222222223,450.0,0.43777777777777777,0.43777777777777777,0.43777777777777777,450.0,0.6591676040494938,0.6674259681093394,0.6511111111111111,450.0,0.4888366627497062,0.5187032418952618,0.4622222222222222,450.0,0.5766174801362088,0.5893271461716937,0.5644444444444444,450.0,0.4260089686098655,0.4298642533936652,0.4222222222222222,450.0,0.5214446952595937,0.5298165137614679,0.5133333333333333,450.0,0.46593406593406594,0.4608695652173913,0.4711111111111111,450.0,0.42736842105263156,0.406,0.45111111111111113,450.0,0.5787709497206704,0.5820224719101124,0.5755555555555556,450.0
52,0.6191886067390442,0.8039761781692505,2.237334966659546,0.4784444570541382,0.47844444444444445,0.4778996035800346,0.0003000000142492354,188.05615058302647,42000.0,223.337550352851,0.4055793991416309,0.3921161825726141,0.42,450.0,0.6779303062302007,0.6458752515090543,0.7133333333333334,450.0,0.41019955654101997,0.4092920353982301,0.4111111111111111,450.0,0.36036036036036034,0.365296803652968,0.35555555555555557,450.0,0.2752688172043011,0.26666666666666666,0.28444444444444444,450.0,0.5174234424498415,0.49295774647887325,0.5444444444444444,450.0,0.2696365767878078,0.2853598014888337,0.25555555555555554,450.0,0.31635969664138675,0.3086680761099366,0.3244444444444444,450.0,0.7702702702702703,0.7808219178082192,0.76,450.0,0.5033557046979866,0.5067567567567568,0.5,450.0,0.5058949624866024,0.4886128364389234,0.5244444444444445,450.0,0.4372197309417041,0.4411764705882353,0.43333333333333335,450.0,0.6521264994547437,0.6402569593147751,0.6644444444444444,450.0,0.48548199767711964,0.5085158150851582,0.46444444444444444,450.0,0.574635241301908,0.5804988662131519,0.5688888888888889,450.0,0.4311512415349887,0.4380733944954128,0.42444444444444446,450.0,0.5168539325842696,0.5227272727272727,0.5111111111111111,450.0,0.4618834080717489,0.4660633484162896,0.4577777777777778,450.0,0.4106728538283063,0.42961165048543687,0.3933333333333333,450.0,0.5756880733944953,0.5947867298578199,0.5577777777777778,450.0
53,0.6168924570083618,0.8046666383743286,2.240963935852051,0.48100000619888306,0.481,0.48096196060295754,0.0003000000142492354,188.3616096249898,42000.0,222.975372123959,0.40938166311300633,0.39344262295081966,0.4266666666666667,450.0,0.6805845511482255,0.6417322834645669,0.7244444444444444,450.0,0.41810344827586204,0.40585774058577406,0.4311111111111111,450.0,0.36818181818181817,0.3767441860465116,0.36,450.0,0.26872246696035246,0.2663755458515284,0.27111111111111114,450.0,0.5227513227513227,0.498989898989899,0.5488888888888889,450.0,0.2635135135135136,0.2671232876712329,0.26,450.0,0.31767337807606266,0.31981981981981983,0.31555555555555553,450.0,0.7664399092970521,0.7824074074074074,0.7511111111111111,450.0,0.5142231947483589,0.5064655172413793,0.5222222222222223,450.0,0.5151856017997751,0.5216400911161732,0.5088888888888888,450.0,0.4327354260089686,0.43665158371040724,0.4288888888888889,450.0,0.6607142857142858,0.6636771300448431,0.6577777777777778,450.0,0.484641638225256,0.4965034965034965,0.47333333333333333,450.0,0.5772727272727273,0.5906976744186047,0.5644444444444444,450.0,0.42684268426842686,0.4226579520697168,0.4311111111111111,450.0,0.522439585730725,0.5417661097852029,0.5044444444444445,450.0,0.47415730337078654,0.47954545454545455,0.4688888888888889,450.0,0.4209354120267261,0.421875,0.42,450.0,0.574739281575898,0.6004842615012107,0.5511111111111111,450.0
54,0.6140379905700684,0.8063571453094482,2.2498161792755127,0.47866666316986084,0.4786666666666667,0.4786482264635059,0.0003000000142492354,188.38632712501567,42000.0,222.94611631834746,0.41297297297297303,0.40210526315789474,0.42444444444444446,450.0,0.6795698924731183,0.6583333333333333,0.7022222222222222,450.0,0.420824295010846,0.4110169491525424,0.4311111111111111,450.0,0.3648648648648648,0.3698630136986301,0.36,450.0,0.2644444444444444,0.2644444444444444,0.2644444444444444,450.0,0.5183585313174947,0.5042016806722689,0.5333333333333333,450.0,0.2652825836216839,0.27577937649880097,0.25555555555555554,450.0,0.314410480349345,0.3090128755364807,0.32,450.0,0.7701019252548131,0.7852193995381063,0.7555555555555555,450.0,0.5081788440567068,0.4989293361884368,0.5177777777777778,450.0,0.5053763440860215,0.4895833333333333,0.5222222222222223,450.0,0.4388571428571429,0.45176470588235296,0.4266666666666667,450.0,0.6547486033519553,0.6584269662921348,0.6511111111111111,450.0,0.48089887640449436,0.4863636363636364,0.47555555555555556,450.0,0.5772727272727273,0.5906976744186047,0.5644444444444444,450.0,0.42764578833693306,0.41596638655462187,0.44,450.0,0.5176738882554162,0.531615925058548,0.5044444444444445,450.0,0.46382978723404256,0.4448979591836735,0.48444444444444446,450.0,0.4182242990654206,0.4408866995073892,0.3977777777777778,450.0,0.5694282380396734,0.5995085995085995,0.5422222222222223,450.0
55,0.6121445298194885,0.8068333268165588,2.255830764770508,0.47955554723739624,0.47955555555555557,0.4786989779134074,0.0003000000142492354,188.04924366698833,42000.0,223.34575338349535,0.40481400437636766,0.39870689655172414,0.4111111111111111,450.0,0.6822529224229543,0.6537678207739308,0.7133333333333334,450.0,0.41555555555555557,0.41555555555555557,0.41555555555555557,450.0,0.3620111731843575,0.36404494382022473,0.36,450.0,0.2717149220489978,0.27232142857142855,0.27111111111111114,450.0,0.515311510031679,0.4909456740442656,0.5422222222222223,450.0,0.2660443407234539,0.2800982800982801,0.25333333333333335,450.0,0.31648351648351647,0.3130434782608696,0.32,450.0,0.7613762486126526,0.7605321507760532,0.7622222222222222,450.0,0.5060773480662982,0.5032967032967033,0.5088888888888888,450.0,0.5091299677765843,0.49272349272349275,0.5266666666666666,450.0,0.44567627494456763,0.4446902654867257,0.44666666666666666,450.0,0.653288740245262,0.6554809843400448,0.6511111111111111,450.0,0.4843568945538818,0.5060532687651331,0.46444444444444444,450.0,0.5730464326160815,0.5842956120092379,0.5622222222222222,450.0,0.424916573971079,0.42538975501113585,0.42444444444444446,450.0,0.5137816979051819,0.5098468271334792,0.5177777777777778,450.0,0.471783295711061,0.4793577981651376,0.46444444444444444,450.0,0.41939120631341603,0.425629290617849,0.41333333333333333,450.0,0.5769669327251995,0.5925058548009368,0.5622222222222222,450.0
56,0.6096211671829224,0.8071666955947876,2.256873369216919,0.47999998927116394,0.48,0.47947824719210963,0.0003000000142492354,188.41858466697158,42000.0,222.90794761161527,0.4073275862068966,0.39539748953974896,0.42,450.0,0.6855895196506551,0.6738197424892703,0.6977777777777778,450.0,0.41350210970464135,0.39357429718875503,0.43555555555555553,450.0,0.3628318584070796,0.36123348017621143,0.36444444444444446,450.0,0.27759562841530055,0.2731182795698925,0.2822222222222222,450.0,0.5170212765957447,0.4959183673469388,0.54,450.0,0.2663551401869159,0.28078817733990147,0.25333333333333335,450.0,0.31496062992125984,0.31890660592255127,0.3111111111111111,450.0,0.7605321507760533,0.7588495575221239,0.7622222222222222,450.0,0.5115766262403527,0.5076586433260394,0.5155555555555555,450.0,0.5137816979051819,0.5098468271334792,0.5177777777777778,450.0,0.4416184971098266,0.4602409638554217,0.42444444444444446,450.0,0.6495535714285714,0.6524663677130045,0.6466666666666666,450.0,0.48394495412844035,0.5,0.4688888888888889,450.0,0.5711183496199782,0.5583864118895966,0.5844444444444444,450.0,0.4259055982436883,0.420824295010846,0.4311111111111111,450.0,0.5199543899657925,0.5339578454332553,0.5066666666666667,450.0,0.46511627906976744,0.4878048780487805,0.4444444444444444,450.0,0.42953020134228187,0.43243243243243246,0.4266666666666667,450.0,0.5717488789237668,0.5769230769230769,0.5666666666666667,450.0
57,0.6076691746711731,0.8089523911476135,2.262157440185547,0.4788888990879059,0.47888888888888886,0.4783784298948082,0.0003000000142492354,188.4628168339841,42000.0,222.85563118266228,0.40582959641255606,0.4095022624434389,0.4022222222222222,450.0,0.6808510638297872,0.6530612244897959,0.7111111111111111,450.0,0.4112554112554112,0.4008438818565401,0.4222222222222222,450.0,0.3590333716915996,0.3723150357995227,0.3466666666666667,450.0,0.2698412698412698,0.27546296296296297,0.2644444444444444,450.0,0.5248380129589633,0.5105042016806722,0.54,450.0,0.27366020524515394,0.2810304449648712,0.26666666666666666,450.0,0.3096774193548387,0.3,0.32,450.0,0.7664399092970521,0.7824074074074074,0.7511111111111111,450.0,0.5044642857142857,0.5067264573991032,0.5022222222222222,450.0,0.505307855626327,0.483739837398374,0.5288888888888889,450.0,0.43507214206437295,0.43458980044345896,0.43555555555555553,450.0,0.6546681664791901,0.662870159453303,0.6466666666666666,450.0,0.4865497076023392,0.5135802469135803,0.4622222222222222,450.0,0.5767955801104973,0.5736263736263736,0.58,450.0,0.42792792792792794,0.4337899543378995,0.4222222222222222,450.0,0.5164113785557988,0.5086206896551724,0.5244444444444445,450.0,0.46846846846846846,0.4748858447488584,0.4622222222222222,450.0,0.41584158415841577,0.4117647058823529,0.42,450.0,0.574635241301908,0.5804988662131519,0.5688888888888889,450.0
58,0.6047691702842712,0.8077380657196045,2.2687795162200928,0.4812222123146057,0.48122222222222233,0.4810042371767015,0.0003000000142492354,188.44382824999047,42000.0,222.87808727958233,0.4030172413793104,0.3912133891213389,0.41555555555555557,450.0,0.6874328678839957,0.6652806652806653,0.7111111111111111,450.0,0.4111111111111111,0.4111111111111111,0.4111111111111111,450.0,0.37403740374037403,0.37037037037037035,0.37777777777777777,450.0,0.27292110874200426,0.26229508196721313,0.28444444444444444,450.0,0.5192909280500523,0.48919449901768175,0.5533333333333333,450.0,0.27114716106604864,0.28329297820823246,0.26,450.0,0.31735159817351594,0.32629107981220656,0.3088888888888889,450.0,0.7651006711409396,0.7702702702702703,0.76,450.0,0.5209003215434084,0.5031055900621118,0.54,450.0,0.5147392290249433,0.5254629629629629,0.5044444444444445,450.0,0.43805309734513276,0.43612334801762115,0.44,450.0,0.6547486033519553,0.6584269662921348,0.6511111111111111,450.0,0.482837528604119,0.49764150943396224,0.4688888888888889,450.0,0.5727069351230425,0.5765765765765766,0.5688888888888889,450.0,0.4227820372398685,0.4168466522678186,0.4288888888888889,450.0,0.5239179954441913,0.5373831775700935,0.5111111111111111,450.0,0.4697833523375143,0.48243559718969553,0.4577777777777778,450.0,0.42775881683731515,0.4382284382284382,0.4177777777777778,450.0,0.570446735395189,0.5886524822695035,0.5533333333333333,450.0
59,0.6024293899536133,0.8081190586090088,2.2720894813537598,0.4784444570541382,0.47844444444444434,0.4780546835944044,0.0003000000142492354,188.5772758750245,42000.0,222.7203665187877,0.40216216216216216,0.391578947368421,0.41333333333333333,450.0,0.6830309498399145,0.6570841889117043,0.7111111111111111,450.0,0.4164859002169197,0.4067796610169492,0.4266666666666667,450.0,0.36637931034482757,0.35564853556485354,0.37777777777777777,450.0,0.26402640264026406,0.26143790849673204,0.26666666666666666,450.0,0.5189189189189188,0.5052631578947369,0.5333333333333333,450.0,0.26127167630057807,0.27228915662650605,0.2511111111111111,450.0,0.31415929203539816,0.31277533039647576,0.31555555555555553,450.0,0.7654320987654323,0.7732426303854876,0.7577777777777778,450.0,0.5092896174863388,0.5010752688172043,0.5177777777777778,450.0,0.5075921908893709,0.4957627118644068,0.52,450.0,0.4369369369369369,0.4429223744292237,0.4311111111111111,450.0,0.6475770925110133,0.6419213973799127,0.6533333333333333,450.0,0.48883928571428575,0.4910313901345291,0.4866666666666667,450.0,0.5739910313901345,0.579185520361991,0.5688888888888889,450.0,0.43119266055045874,0.44549763033175355,0.4177777777777778,450.0,0.5196850393700787,0.5261958997722096,0.5133333333333333,450.0,0.46464646464646464,0.46938775510204084,0.46,450.0,0.41540256709451573,0.43734643734643736,0.39555555555555555,450.0,0.5740740740740741,0.5990338164251208,0.5511111111111111,450.0
60,0.6000922322273254,0.8101428747177124,2.2810795307159424,0.4785555601119995,0.47855555555555557,0.4777218588587768,0.0003000000142492354,188.45894445799058,42000.0,222.86021032746592,0.4100877192982456,0.40476190476190477,0.41555555555555557,450.0,0.6828240252897787,0.6492985971943888,0.72,450.0,0.4142394822006473,0.4025157232704403,0.4266666666666667,450.0,0.354577056778679,0.3704600484261501,0.34,450.0,0.2696871628910464,0.2620545073375262,0.2777777777777778,450.0,0.5182012847965738,0.5,0.5377777777777778,450.0,0.2718006795016987,0.27713625866050806,0.26666666666666666,450.0,0.31517960602549244,0.32929782082324455,0.3022222222222222,450.0,0.7637178051511758,0.7697516930022573,0.7577777777777778,450.0,0.5070118662351673,0.49266247379454925,0.5222222222222223,450.0,0.5048966267682263,0.4946695095948827,0.5155555555555555,450.0,0.4344978165938865,0.4270386266094421,0.44222222222222224,450.0,0.6463547334058759,0.6332622601279317,0.66,450.0,0.4856156501726122,0.5035799522673031,0.4688888888888889,450.0,0.5714285714285714,0.5739910313901345,0.5688888888888889,450.0,0.4324324324324324,0.4383561643835616,0.4266666666666667,450.0,0.5189437428243399,0.5368171021377672,0.5022222222222222,450.0,0.4638949671772429,0.45689655172413796,0.4711111111111111,450.0,0.4182857142857143,0.43058823529411766,0.4066666666666667,450.0,0.5707602339181286,0.6024691358024692,0.5422222222222223,450.0
61,0.5983271598815918,0.8094285726547241,2.284339427947998,0.47911110520362854,0.47911111111111115,0.4792895347239658,0.0003000000142492354,188.28301212500082,42000.0,223.06845172052093,0.41202672605790647,0.41294642857142855,0.4111111111111111,450.0,0.6840390879478827,0.6687898089171974,0.7,450.0,0.4017563117453348,0.3969631236442516,0.4066666666666667,450.0,0.3574660633484163,0.3640552995391705,0.3511111111111111,450.0,0.26724137931034486,0.2594142259414226,0.27555555555555555,450.0,0.51875,0.48823529411764705,0.5533333333333333,450.0,0.27516778523489926,0.27702702702702703,0.2733333333333333,450.0,0.3183856502242153,0.3212669683257919,0.31555555555555553,450.0,0.7662921348314606,0.775,0.7577777777777778,450.0,0.5082508250825083,0.5032679738562091,0.5133333333333333,450.0,0.5032258064516129,0.4875,0.52,450.0,0.4365714285714286,0.44941176470588234,0.42444444444444446,450.0,0.6526548672566371,0.6497797356828194,0.6555555555555556,450.0,0.4818181818181818,0.4930232558139535,0.4711111111111111,450.0,0.5799086757990868,0.596244131455399,0.5644444444444444,450.0,0.43381535038932145,0.43429844097995546,0.43333333333333335,450.0,0.5212399540757751,0.5391923990498813,0.5044444444444445,450.0,0.4644030668127053,0.45788336933045354,0.4711111111111111,450.0,0.425720620842572,0.4247787610619469,0.4266666666666667,450.0,0.5770567786790266,0.6029055690072639,0.5533333333333333,450.0
62,0.5962207317352295,0.8105475902557373,2.2913177013397217,0.47866666316986084,0.4786666666666667,0.4778639995475323,0.0003000000142492354,188.4703739170218,42000.0,222.84669535643528,0.41139240506329117,0.39156626506024095,0.43333333333333335,450.0,0.6841530054644809,0.6731182795698925,0.6955555555555556,450.0,0.4075723830734967,0.40848214285714285,0.4066666666666667,450.0,0.3555555555555556,0.37530864197530867,0.3377777777777778,450.0,0.2690187431091511,0.26695842450765866,0.27111111111111114,450.0,0.5170940170940171,0.49794238683127573,0.5377777777777778,450.0,0.27008149010477295,0.28361858190709044,0.2577777777777778,450.0,0.31590909090909086,0.32325581395348835,0.3088888888888889,450.0,0.7651006711409396,0.7702702702702703,0.76,450.0,0.4994324631101022,0.5104408352668214,0.4888888888888889,450.0,0.5025960539979232,0.47173489278752434,0.5377777777777778,450.0,0.4406392694063927,0.45305164319248825,0.4288888888888889,450.0,0.6504424778761063,0.6475770925110133,0.6533333333333333,450.0,0.48600223964165734,0.4898419864559819,0.4822222222222222,450.0,0.5704622322435174,0.5789473684210527,0.5622222222222222,450.0,0.4285714285714286,0.4304932735426009,0.4266666666666667,450.0,0.5203619909502262,0.5299539170506913,0.5111111111111111,450.0,0.4594309799789252,0.43687374749499,0.48444444444444446,450.0,0.41975308641975306,0.42403628117913833,0.41555555555555557,450.0,0.583710407239819,0.5944700460829493,0.5733333333333334,450.0
63,0.5943634510040283,0.8111904859542847,2.2922134399414062,0.4779999852180481,0.4779999999999999,0.47773899948461357,0.0003000000142492354,188.30295862501953,42000.0,223.04482259164845,0.39830508474576265,0.3805668016194332,0.4177777777777778,450.0,0.6767241379310345,0.6569037656903766,0.6977777777777778,450.0,0.4097664543524416,0.39227642276422764,0.4288888888888889,450.0,0.358974358974359,0.36017897091722595,0.35777777777777775,450.0,0.2739420935412027,0.27455357142857145,0.2733333333333333,450.0,0.5185185185185185,0.5085470085470085,0.5288888888888889,450.0,0.2653061224489796,0.2708333333333333,0.26,450.0,0.3119906868451688,0.3276283618581907,0.29777777777777775,450.0,0.764904386951631,0.7744874715261959,0.7555555555555555,450.0,0.5153764581124072,0.49290060851926976,0.54,450.0,0.5061315496098105,0.5078299776286354,0.5044444444444445,450.0,0.43392070484581496,0.43013100436681223,0.43777777777777777,450.0,0.650900900900901,0.6598173515981736,0.6422222222222222,450.0,0.4879725085910652,0.5035460992907801,0.47333333333333333,450.0,0.5786578657865787,0.5729847494553377,0.5844444444444444,450.0,0.42548596112311016,0.41386554621848737,0.43777777777777777,450.0,0.515909090909091,0.5279069767441861,0.5044444444444445,450.0,0.4657534246575343,0.4788732394366197,0.4533333333333333,450.0,0.4238258877434135,0.4373522458628842,0.4111111111111111,450.0,0.5724137931034482,0.5928571428571429,0.5533333333333333,450.0
64,0.5914795398712158,0.8121190667152405,2.292048215866089,0.47877776622772217,0.47877777777777786,0.4791999458923522,0.0003000000142492354,188.46196041599615,42000.0,222.8566438940383,0.4091428571428572,0.4211764705882353,0.3977777777777778,450.0,0.6818181818181818,0.6645569620253164,0.7,450.0,0.4095139607032057,0.3829787234042553,0.44,450.0,0.3670490093847758,0.34577603143418467,0.39111111111111113,450.0,0.2775423728813559,0.2651821862348178,0.2911111111111111,450.0,0.5128755364806867,0.495850622406639,0.5311111111111111,450.0,0.26879271070615035,0.2757009345794392,0.26222222222222225,450.0,0.2985729967069154,0.2950108459869848,0.3022222222222222,450.0,0.7616926503340758,0.7633928571428571,0.76,450.0,0.5184381778741866,0.5063559322033898,0.5311111111111111,450.0,0.510250569476082,0.5233644859813084,0.49777777777777776,450.0,0.43908045977011495,0.45476190476190476,0.42444444444444446,450.0,0.6533333333333333,0.6533333333333333,0.6533333333333333,450.0,0.4818181818181818,0.4930232558139535,0.4711111111111111,450.0,0.5727069351230425,0.5765765765765766,0.5688888888888889,450.0,0.4352806414662085,0.4491725768321513,0.4222222222222222,450.0,0.516629711751663,0.5154867256637168,0.5177777777777778,450.0,0.469364161849711,0.4891566265060241,0.45111111111111113,450.0,0.4201877934272301,0.44527363184079605,0.3977777777777778,450.0,0.5799086757990868,0.596244131455399,0.5644444444444444,450.0
65,0.5904788970947266,0.8111904859542847,2.3011765480041504,0.47822222113609314,0.47822222222222227,0.4776880050114204,0.0003000000142492354,188.4541441660258,42000.0,222.86588700855796,0.40939597315436244,0.41216216216216217,0.4066666666666667,450.0,0.6744186046511628,0.6431451612903226,0.7088888888888889,450.0,0.4140127388535032,0.39634146341463417,0.43333333333333335,450.0,0.36301369863013694,0.3732394366197183,0.35333333333333333,450.0,0.2721382289416847,0.2647058823529412,0.28,450.0,0.5121180189673341,0.48697394789579157,0.54,450.0,0.2705202312138728,0.2819277108433735,0.26,450.0,0.3107658157602664,0.31042128603104213,0.3111111111111111,450.0,0.7637178051511758,0.7697516930022573,0.7577777777777778,450.0,0.5116279069767442,0.5099337748344371,0.5133333333333333,450.0,0.5043668122270742,0.4957081545064378,0.5133333333333333,450.0,0.4384787472035794,0.44144144144144143,0.43555555555555553,450.0,0.6504961411245866,0.6455142231947484,0.6555555555555556,450.0,0.4861751152073733,0.5047846889952153,0.4688888888888889,450.0,0.5730464326160815,0.5842956120092379,0.5622222222222222,450.0,0.4261931187569367,0.42572062084257206,0.4266666666666667,450.0,0.5162037037037037,0.538647342995169,0.4955555555555556,450.0,0.4649122807017544,0.4588744588744589,0.4711111111111111,450.0,0.42105263157894735,0.4339622641509434,0.4088888888888889,450.0,0.5711060948081264,0.5802752293577982,0.5622222222222222,450.0
66,0.5879032015800476,0.8128809332847595,2.302459239959717,0.4781111180782318,0.47811111111111115,0.47785617377014517,0.0003000000142492354,188.2806667080149,42000.0,223.07123048981697,0.40303358613217766,0.39323467230443976,0.41333333333333333,450.0,0.6802575107296138,0.6576763485477178,0.7044444444444444,450.0,0.4075235109717869,0.38461538461538464,0.43333333333333335,450.0,0.3626609442060086,0.3506224066390041,0.37555555555555553,450.0,0.26608505997818976,0.26124197002141325,0.27111111111111114,450.0,0.5187566988210076,0.5010351966873706,0.5377777777777778,450.0,0.26589595375722547,0.27710843373493976,0.25555555555555554,450.0,0.3084004602991945,0.3198090692124105,0.29777777777777775,450.0,0.7626546681664792,0.7722095671981777,0.7533333333333333,450.0,0.5164113785557988,0.5086206896551724,0.5244444444444445,450.0,0.510022271714922,0.5111607142857143,0.5088888888888888,450.0,0.4371584699453551,0.43010752688172044,0.4444444444444444,450.0,0.6556291390728477,0.6513157894736842,0.66,450.0,0.4892897406989854,0.4965675057208238,0.4822222222222222,450.0,0.5739514348785872,0.5701754385964912,0.5777777777777777,450.0,0.4308390022675737,0.4398148148148148,0.4222222222222222,450.0,0.5164960182025029,0.5291375291375291,0.5044444444444445,450.0,0.46473988439306363,0.4843373493975904,0.44666666666666666,450.0,0.41887226697353275,0.4343675417661098,0.40444444444444444,450.0,0.568445475638051,0.5946601941747572,0.5444444444444444,450.0
67,0.5859744548797607,0.8141904473304749,2.3084828853607178,0.47922220826148987,0.47922222222222216,0.4789846673326531,0.0003000000142492354,188.31611795903882,42000.0,223.0292364519512,0.40696409140369966,0.39872068230277186,0.41555555555555557,450.0,0.676595744680851,0.6489795918367347,0.7066666666666667,450.0,0.40133037694013296,0.4004424778761062,0.4022222222222222,450.0,0.36383442265795213,0.35683760683760685,0.3711111111111111,450.0,0.27442371020856204,0.27114967462039047,0.2777777777777778,450.0,0.5190525231719876,0.4836852207293666,0.56,450.0,0.2651162790697674,0.2780487804878049,0.25333333333333335,450.0,0.3105320304017372,0.3036093418259023,0.31777777777777777,450.0,0.764904386951631,0.7744874715261959,0.7555555555555555,450.0,0.5178764897074756,0.5052854122621564,0.5311111111111111,450.0,0.5132336018411968,0.5322195704057279,0.4955555555555556,450.0,0.435665914221219,0.4426605504587156,0.4288888888888889,450.0,0.6526082130965594,0.6518847006651884,0.6533333333333333,450.0,0.48831775700934577,0.5147783251231527,0.46444444444444444,450.0,0.5714285714285714,0.5833333333333334,0.56,450.0,0.429050279329609,0.4314606741573034,0.4266666666666667,450.0,0.5223214285714285,0.5246636771300448,0.52,450.0,0.4707207207207207,0.4771689497716895,0.46444444444444444,450.0,0.41975308641975306,0.42403628117913833,0.41555555555555557,450.0,0.5759637188208616,0.5879629629629629,0.5644444444444444,450.0
68,0.5842602849006653,0.8144524097442627,2.31333327293396,0.47911110520362854,0.47911111111111115,0.4787909463619611,0.0003000000142492354,188.36304741702043,42000.0,222.97367013295036,0.4068157614483493,0.39059304703476483,0.42444444444444446,450.0,0.6778947368421052,0.644,0.7155555555555555,450.0,0.41036269430051814,0.3844660194174757,0.44,450.0,0.3675799086757991,0.3779342723004695,0.35777777777777775,450.0,0.271259418729817,0.2630480167014614,0.28,450.0,0.5197018104366348,0.49897750511247446,0.5422222222222223,450.0,0.26297577854671284,0.2733812949640288,0.25333333333333335,450.0,0.31412429378531076,0.3195402298850575,0.3088888888888889,450.0,0.7626546681664792,0.7722095671981777,0.7533333333333333,450.0,0.5160575858250277,0.5143487858719646,0.5177777777777778,450.0,0.5164960182025029,0.5291375291375291,0.5044444444444445,450.0,0.4328523862375139,0.43237250554323725,0.43333333333333335,450.0,0.6526548672566371,0.6497797356828194,0.6555555555555556,450.0,0.4831460674157304,0.48863636363636365,0.4777777777777778,450.0,0.5756541524459612,0.5897435897435898,0.5622222222222222,450.0,0.43132803632236094,0.4408352668213457,0.4222222222222222,450.0,0.5195094760312151,0.5212527964205816,0.5177777777777778,450.0,0.46651785714285715,0.46860986547085204,0.46444444444444444,450.0,0.4181184668989547,0.43795620437956206,0.4,450.0,0.5701149425287356,0.5904761904761905,0.5511111111111111,450.0
69,0.5819746851921082,0.8147143125534058,2.3241055011749268,0.4781111180782318,0.47811111111111115,0.4783393585696193,0.0003000000142492354,188.04328741598874,42000.0,223.35282783632547,0.40997830802603036,0.4004237288135593,0.42,450.0,0.6811279826464208,0.6652542372881356,0.6977777777777778,450.0,0.40397350993377484,0.40131578947368424,0.4066666666666667,450.0,0.36882546652030734,0.3644251626898048,0.37333333333333335,450.0,0.27050053248136313,0.25971370143149286,0.2822222222222222,450.0,0.516949152542373,0.4939271255060729,0.5422222222222223,450.0,0.271412680756396,0.2717149220489978,0.27111111111111114,450.0,0.3107476635514019,0.3275862068965517,0.29555555555555557,450.0,0.7597765363128491,0.7640449438202247,0.7555555555555555,450.0,0.509719222462203,0.4957983193277311,0.5244444444444445,450.0,0.5075593952483802,0.49369747899159666,0.5222222222222223,450.0,0.43829296424452135,0.4556354916067146,0.4222222222222222,450.0,0.6504961411245866,0.6455142231947484,0.6555555555555556,450.0,0.4819557625145518,0.5061124694376528,0.46,450.0,0.5753739930955121,0.5966587112171837,0.5555555555555556,450.0,0.42888402625820565,0.4224137931034483,0.43555555555555553,450.0,0.5149425287356322,0.5333333333333333,0.49777777777777776,450.0,0.4694104560622914,0.46993318485523383,0.4688888888888889,450.0,0.42244224422442245,0.41830065359477125,0.4266666666666667,450.0,0.5744186046511628,0.6024390243902439,0.5488888888888889,450.0
70,0.5796221494674683,0.8152142763137817,2.3288838863372803,0.4758888781070709,0.4758888888888889,0.47598718571690873,0.0003000000142492354,188.42655862495303,42000.0,222.89851444772927,0.40528634361233484,0.4017467248908297,0.4088888888888889,450.0,0.6780748663101606,0.6536082474226804,0.7044444444444444,450.0,0.39766081871345027,0.41975308641975306,0.37777777777777777,450.0,0.3592677345537757,0.37028301886792453,0.3488888888888889,450.0,0.2644281217208814,0.2504970178926441,0.28,450.0,0.5127659574468085,0.49183673469387756,0.5355555555555556,450.0,0.2766190998902305,0.27331887201735355,0.28,450.0,0.3107476635514019,0.3275862068965517,0.29555555555555557,450.0,0.7629796839729119,0.7752293577981652,0.7511111111111111,450.0,0.5005537098560354,0.4988962472406181,0.5022222222222222,450.0,0.4968152866242038,0.47560975609756095,0.52,450.0,0.4260869565217391,0.41702127659574467,0.43555555555555553,450.0,0.65121412803532,0.6469298245614035,0.6555555555555556,450.0,0.4842105263157895,0.5111111111111111,0.46,450.0,0.5778781038374717,0.5871559633027523,0.5688888888888889,450.0,0.42450765864332607,0.41810344827586204,0.4311111111111111,450.0,0.5201793721973094,0.5248868778280543,0.5155555555555555,450.0,0.4657236126224157,0.4562899786780384,0.47555555555555556,450.0,0.4269662921348315,0.4318181818181818,0.4222222222222222,450.0,0.5777777777777777,0.6098765432098765,0.5488888888888889,450.0
71,0.5780521035194397,0.815500020980835,2.3272182941436768,0.4781111180782318,0.47811111111111115,0.4775988215763287,0.0003000000142492354,188.64558166702045,42000.0,222.6397227481027,0.4060803474484257,0.3970276008492569,0.41555555555555557,450.0,0.6757322175732218,0.6383399209486166,0.7177777777777777,450.0,0.40618101545253865,0.40350877192982454,0.4088888888888889,450.0,0.3654937570942111,0.37354988399071926,0.35777777777777775,450.0,0.26724137931034486,0.2594142259414226,0.27555555555555555,450.0,0.519916142557652,0.49206349206349204,0.5511111111111111,450.0,0.27088036117381487,0.27522935779816515,0.26666666666666666,450.0,0.31116121758737314,0.3157894736842105,0.30666666666666664,450.0,0.7635135135135136,0.773972602739726,0.7533333333333333,450.0,0.5115766262403527,0.5076586433260394,0.5155555555555555,450.0,0.504939626783754,0.49891540130151846,0.5111111111111111,450.0,0.43735763097949887,0.4485981308411215,0.4266666666666667,450.0,0.6514657980456026,0.6369426751592356,0.6666666666666666,450.0,0.48883928571428575,0.4910313901345291,0.4866666666666667,450.0,0.5678733031674208,0.5783410138248848,0.5577777777777778,450.0,0.42953020134228187,0.43243243243243246,0.4266666666666667,450.0,0.5171624713958811,0.5330188679245284,0.5022222222222222,450.0,0.47203579418344527,0.4752252252252252,0.4688888888888889,450.0,0.4159090909090909,0.4255813953488372,0.4066666666666667,450.0,0.5690866510538642,0.6014851485148515,0.54,450.0
72,0.5759503841400146,0.8168571591377258,2.3378798961639404,0.47744444012641907,0.47744444444444445,0.47709926204468156,0.0003000000142492354,187.93422716704663,42000.0,223.4824418793497,0.4052573932092004,0.39956803455723544,0.4111111111111111,450.0,0.6716417910447761,0.6454918032786885,0.7,450.0,0.40641711229946526,0.3917525773195876,0.4222222222222222,450.0,0.3560693641618497,0.3710843373493976,0.3422222222222222,450.0,0.27429805615550756,0.2668067226890756,0.2822222222222222,450.0,0.5151515151515151,0.5021097046413502,0.5288888888888889,450.0,0.2722159730033746,0.275626423690205,0.2688888888888889,450.0,0.3130630630630631,0.317351598173516,0.3088888888888889,450.0,0.7633069082672708,0.7782909930715936,0.7488888888888889,450.0,0.5142231947483589,0.5064655172413793,0.5222222222222223,450.0,0.5104972375690607,0.5076923076923077,0.5133333333333333,450.0,0.4317180616740088,0.4279475982532751,0.43555555555555553,450.0,0.65121412803532,0.6469298245614035,0.6555555555555556,450.0,0.48593925759280093,0.4920273348519362,0.48,450.0,0.566998892580288,0.565121412803532,0.5688888888888889,450.0,0.4346846846846847,0.4406392694063927,0.4288888888888889,450.0,0.5152542372881357,0.5241379310344828,0.5066666666666667,450.0,0.46569178852643417,0.4715261958997722,0.46,450.0,0.42044134727061555,0.44038929440389296,0.4022222222222222,450.0,0.5679012345679011,0.5736961451247166,0.5622222222222222,450.0
73,0.5740997791290283,0.8173094987869263,2.339916706085205,0.4767777919769287,0.4767777777777778,0.4767311205720054,0.0003000000142492354,188.3049871250405,42000.0,223.04241985960078,0.4108352144469526,0.41743119266055045,0.40444444444444444,450.0,0.6816720257234726,0.6583850931677019,0.7066666666666667,450.0,0.40174672489082974,0.3948497854077253,0.4088888888888889,450.0,0.3605823068309071,0.36343115124153497,0.35777777777777775,450.0,0.26783754116355657,0.2646420824295011,0.27111111111111114,450.0,0.5142857142857142,0.508695652173913,0.52,450.0,0.2729357798165138,0.28199052132701424,0.2644444444444444,450.0,0.3038548752834467,0.3101851851851852,0.29777777777777775,450.0,0.7676537585421412,0.7873831775700935,0.7488888888888889,450.0,0.5016574585635359,0.4989010989010989,0.5044444444444445,450.0,0.4963655244029076,0.46588693957115007,0.5311111111111111,450.0,0.434108527131783,0.4326710816777042,0.43555555555555553,450.0,0.6525612472160356,0.6540178571428571,0.6511111111111111,450.0,0.48604651162790696,0.5097560975609756,0.46444444444444444,450.0,0.5765765765765765,0.5844748858447488,0.5688888888888889,450.0,0.4252998909487459,0.41755888650963596,0.43333333333333335,450.0,0.5129358830146232,0.5193621867881549,0.5066666666666667,450.0,0.4762954796030871,0.4726477024070022,0.48,450.0,0.41729729729729725,0.4063157894736842,0.4288888888888889,450.0,0.5740740740740741,0.5990338164251208,0.5511111111111111,450.0
74,0.5728321671485901,0.8171428442001343,2.3447415828704834,0.47688889503479004,0.4768888888888889,0.4763150234951031,0.0003000000142492354,188.26306883402867,42000.0,223.09208205368674,0.4095341278439869,0.39957716701902746,0.42,450.0,0.6796536796536797,0.6624472573839663,0.6977777777777778,450.0,0.4081196581196581,0.39300411522633744,0.42444444444444446,450.0,0.36040044493882095,0.36080178173719374,0.36,450.0,0.2641509433962264,0.2638580931263858,0.2644444444444444,450.0,0.5130890052356021,0.48514851485148514,0.5444444444444444,450.0,0.2656072644721907,0.271461716937355,0.26,450.0,0.3047404063205417,0.30963302752293576,0.3,450.0,0.7581552305961755,0.7676537585421412,0.7488888888888889,450.0,0.5016357688113413,0.4925053533190578,0.5111111111111111,450.0,0.5026624068157615,0.48261758691206547,0.5244444444444445,450.0,0.4380733944954128,0.45260663507109006,0.42444444444444446,450.0,0.6477024070021883,0.6379310344827587,0.6577777777777778,450.0,0.48829431438127097,0.4899328859060403,0.4866666666666667,450.0,0.574712643678161,0.5952380952380952,0.5555555555555556,450.0,0.43291995490417134,0.43935926773455375,0.4266666666666667,450.0,0.5098039215686274,0.5299760191846523,0.4911111111111111,450.0,0.4692982456140351,0.46320346320346323,0.47555555555555556,450.0,0.42344497607655496,0.4585492227979275,0.3933333333333333,450.0,0.5743016759776537,0.5775280898876405,0.5711111111111111,450.0
75,0.5706662535667419,0.8180476427078247,2.3472189903259277,0.47699999809265137,0.47700000000000004,0.476186953257962,0.0003000000142492354,188.31786258303327,42000.0,223.02717025306785,0.4096871846619576,0.3752310536044362,0.45111111111111113,450.0,0.684723726977248,0.6680761099365751,0.7022222222222222,450.0,0.39863325740318906,0.4088785046728972,0.3888888888888889,450.0,0.3715846994535519,0.3655913978494624,0.37777777777777777,450.0,0.26562499999999994,0.26681614349775784,0.2644444444444444,450.0,0.5176991150442478,0.5154185022026432,0.52,450.0,0.26035502958579887,0.27848101265822783,0.24444444444444444,450.0,0.3047830923248054,0.3051224944320713,0.30444444444444446,450.0,0.7563959955506118,0.7572383073496659,0.7555555555555555,450.0,0.5127635960044395,0.5121951219512195,0.5133333333333333,450.0,0.5038002171552659,0.49256900212314225,0.5155555555555555,450.0,0.4344904815229563,0.43792325056433407,0.4311111111111111,450.0,0.652267818574514,0.634453781512605,0.6711111111111111,450.0,0.4851258581235698,0.5,0.4711111111111111,450.0,0.5704697986577182,0.5743243243243243,0.5666666666666667,450.0,0.4237837837837838,0.4126315789473684,0.43555555555555553,450.0,0.5140924464487036,0.5217391304347826,0.5066666666666667,450.0,0.46206115515288787,0.47113163972286376,0.4533333333333333,450.0,0.42494226327944573,0.4423076923076923,0.4088888888888889,450.0,0.5704545454545453,0.5837209302325581,0.5577777777777778,450.0
76,0.568439245223999,0.8176190257072449,2.35599684715271,0.476666659116745,0.4766666666666667,0.4767065047404696,0.0003000000142492354,188.21808387496276,42000.0,223.14540205340464,0.40567066521264994,0.39828693790149894,0.41333333333333333,450.0,0.6796116504854369,0.660377358490566,0.7,450.0,0.39424141749723146,0.39293598233995586,0.39555555555555555,450.0,0.3569794050343249,0.36792452830188677,0.3466666666666667,450.0,0.2740585774058577,0.25889328063241107,0.2911111111111111,450.0,0.5134264232008593,0.4968814968814969,0.5311111111111111,450.0,0.268041237113402,0.2765957446808511,0.26,450.0,0.3068309070548712,0.309255079006772,0.30444444444444446,450.0,0.7606263982102908,0.7657657657657657,0.7555555555555555,450.0,0.5175438596491228,0.5108225108225108,0.5244444444444445,450.0,0.5117845117845118,0.5170068027210885,0.5066666666666667,450.0,0.43749999999999994,0.43946188340807174,0.43555555555555553,450.0,0.6467331118493909,0.6445916114790287,0.6488888888888888,450.0,0.4816132858837485,0.5165394402035624,0.45111111111111113,450.0,0.5752508361204013,0.5771812080536913,0.5733333333333334,450.0,0.4255788313120176,0.4223194748358862,0.4288888888888889,450.0,0.5177777777777778,0.5177777777777778,0.5177777777777778,450.0,0.46643913538111487,0.47785547785547783,0.45555555555555555,450.0,0.42299349240780915,0.413135593220339,0.43333333333333335,450.0,0.5714285714285714,0.5833333333333334,0.56,450.0
77,0.5664738416671753,0.8188571333885193,2.3606197834014893,0.4749999940395355,0.475,0.4750024337072293,0.0003000000142492354,188.03385350003373,42000.0,223.3640337535946,0.4088983050847458,0.39068825910931176,0.4288888888888889,450.0,0.6829787234042553,0.6551020408163265,0.7133333333333334,450.0,0.3986928104575163,0.391025641025641,0.4066666666666667,450.0,0.364692218350755,0.3819951338199513,0.3488888888888889,450.0,0.27414330218068533,0.2573099415204678,0.29333333333333333,450.0,0.5080385852090032,0.4906832298136646,0.5266666666666666,450.0,0.25943396226415094,0.27638190954773867,0.24444444444444444,450.0,0.3016877637130802,0.28714859437751006,0.31777777777777777,450.0,0.7555555555555555,0.7555555555555555,0.7555555555555555,450.0,0.5112107623318386,0.5158371040723982,0.5066666666666667,450.0,0.5082508250825083,0.5032679738562091,0.5133333333333333,450.0,0.43873978996499413,0.4619164619164619,0.4177777777777778,450.0,0.6502793296089385,0.6539325842696629,0.6466666666666666,450.0,0.48115299334811534,0.48008849557522126,0.4822222222222222,450.0,0.563758389261745,0.5675675675675675,0.56,450.0,0.42792792792792794,0.4337899543378995,0.4222222222222222,450.0,0.5099778270509978,0.5088495575221239,0.5111111111111111,450.0,0.47231638418079097,0.4804597701149425,0.46444444444444444,450.0,0.4112149532710281,0.43349753694581283,0.39111111111111113,450.0,0.5710982658959538,0.5951807228915663,0.5488888888888889,450.0
78,0.5653724670410156,0.8194761872291565,2.360252857208252,0.476666659116745,0.4766666666666667,0.476616315358397,0.0003000000142492354,188.1448347090045,42000.0,223.23227775537705,0.41425389755011144,0.41517857142857145,0.41333333333333333,450.0,0.6802575107296138,0.6576763485477178,0.7044444444444444,450.0,0.39555555555555555,0.39555555555555555,0.39555555555555555,450.0,0.360178970917226,0.36261261261261263,0.35777777777777775,450.0,0.26948775055679286,0.2700892857142857,0.2688888888888889,450.0,0.5142857142857142,0.4909090909090909,0.54,450.0,0.2674033149171271,0.26593406593406593,0.2688888888888889,450.0,0.30022075055187636,0.2982456140350877,0.3022222222222222,450.0,0.7598647125140924,0.7711670480549199,0.7488888888888889,450.0,0.5077605321507761,0.5066371681415929,0.5088888888888888,450.0,0.5076923076923077,0.5021739130434782,0.5133333333333333,450.0,0.43714609286523215,0.4457274826789838,0.4288888888888889,450.0,0.6503340757238308,0.6517857142857143,0.6488888888888888,450.0,0.48630136986301364,0.5,0.47333333333333333,450.0,0.5771365149833518,0.5764966740576497,0.5777777777777777,450.0,0.4259055982436883,0.420824295010846,0.4311111111111111,450.0,0.5116796440489433,0.512249443207127,0.5111111111111111,450.0,0.4663677130044843,0.47058823529411764,0.4622222222222222,450.0,0.4228187919463087,0.42567567567567566,0.42,450.0,0.5776754890678941,0.5990453460620525,0.5577777777777778,450.0
79,0.5629256963729858,0.8202857375144958,2.3688948154449463,0.47833332419395447,0.47833333333333333,0.4783278700462598,0.0003000000142492354,188.21594266599277,42000.0,223.14794063185724,0.4085778781038375,0.4151376146788991,0.4022222222222222,450.0,0.6816720257234726,0.6583850931677019,0.7066666666666667,450.0,0.40615384615384614,0.37714285714285717,0.44,450.0,0.3613348676639816,0.3747016706443914,0.3488888888888889,450.0,0.27586206896551724,0.26778242677824265,0.28444444444444444,450.0,0.5151832460732984,0.4871287128712871,0.5466666666666666,450.0,0.26855895196506546,0.26394849785407726,0.2733333333333333,450.0,0.30158730158730157,0.30787037037037035,0.29555555555555557,450.0,0.7583892617449665,0.7635135135135135,0.7533333333333333,450.0,0.5139043381535038,0.5144766146993318,0.5133333333333333,450.0,0.5174353205849268,0.5239179954441914,0.5111111111111111,450.0,0.4372197309417041,0.4411764705882353,0.43333333333333335,450.0,0.6518847006651886,0.6504424778761062,0.6533333333333333,450.0,0.4814398200224972,0.4874715261958998,0.47555555555555556,450.0,0.578177727784027,0.5854214123006833,0.5711111111111111,450.0,0.4272930648769575,0.43018018018018017,0.42444444444444446,450.0,0.513157894736842,0.5064935064935064,0.52,450.0,0.4703196347031963,0.4835680751173709,0.4577777777777778,450.0,0.4230317273795535,0.4488778054862843,0.4,450.0,0.5753739930955121,0.5966587112171837,0.5555555555555556,450.0
80,0.5613048076629639,0.8203333616256714,2.3754172325134277,0.47600001096725464,0.476,0.4768225082193158,0.0003000000142492354,188.08659304096363,42000.0,223.30140240699006,0.405982905982906,0.39094650205761317,0.4222222222222222,450.0,0.6737513283740703,0.6456211812627292,0.7044444444444444,450.0,0.40350877192982454,0.39826839826839827,0.4088888888888889,450.0,0.36743674367436746,0.3638344226579521,0.3711111111111111,450.0,0.27622014537902384,0.25925925925925924,0.29555555555555557,450.0,0.5095137420718816,0.48588709677419356,0.5355555555555556,450.0,0.26339285714285715,0.2645739910313901,0.26222222222222225,450.0,0.29880043620501634,0.29336188436830835,0.30444444444444446,450.0,0.7578475336322869,0.7647058823529411,0.7511111111111111,450.0,0.5162011173184357,0.5191011235955056,0.5133333333333333,450.0,0.5112107623318386,0.5158371040723982,0.5066666666666667,450.0,0.4365256124721604,0.4375,0.43555555555555553,450.0,0.6467331118493909,0.6445916114790287,0.6488888888888888,450.0,0.4854586129753915,0.48873873873873874,0.4822222222222222,450.0,0.578397212543554,0.6058394160583942,0.5533333333333333,450.0,0.4264870931537598,0.4308390022675737,0.4222222222222222,450.0,0.516347237880496,0.5240274599542334,0.5088888888888888,450.0,0.47533632286995514,0.4796380090497738,0.4711111111111111,450.0,0.41320293398533003,0.4592391304347826,0.37555555555555553,450.0,0.574095682613769,0.6044226044226044,0.5466666666666666,450.0
81,0.5596612095832825,0.8207857012748718,2.3786003589630127,0.47477778792381287,0.47477777777777774,0.4744022750375775,0.0003000000142492354,188.01454520900734,42000.0,223.38697228616266,0.413510747185261,0.38330170777988615,0.4488888888888889,450.0,0.6729362591431556,0.6351084812623274,0.7155555555555555,450.0,0.3937708565072302,0.39420935412026725,0.3933333333333333,450.0,0.3595769682726205,0.38154613466334164,0.34,450.0,0.26956521739130435,0.26382978723404255,0.27555555555555555,450.0,0.5110876451953538,0.4869215291750503,0.5377777777777778,450.0,0.26168224299065423,0.27586206896551724,0.24888888888888888,450.0,0.2971548998946259,0.28256513026052105,0.31333333333333335,450.0,0.7583892617449665,0.7635135135135135,0.7533333333333333,450.0,0.5073280721533259,0.5148741418764302,0.5,450.0,0.5032822757111598,0.4956896551724138,0.5111111111111111,450.0,0.44067796610169496,0.4482758620689655,0.43333333333333335,450.0,0.6485310119695321,0.6353944562899787,0.6622222222222223,450.0,0.4837625979843225,0.48758465011286684,0.48,450.0,0.5792474344355758,0.594847775175644,0.5644444444444444,450.0,0.42391304347826086,0.4148936170212766,0.43333333333333335,450.0,0.5124555160142349,0.549618320610687,0.48,450.0,0.4695459579180509,0.46799116997792495,0.4711111111111111,450.0,0.41086186540731995,0.43828715365239296,0.38666666666666666,450.0,0.5707656612529002,0.5970873786407767,0.5466666666666666,450.0
82,0.5579966306686401,0.8214285969734192,2.3804421424865723,0.4781111180782318,0.47811111111111104,0.477610880807242,0.0003000000142492354,188.267188250029,42000.0,223.08720064497766,0.41059602649006616,0.40789473684210525,0.41333333333333333,450.0,0.6839826839826839,0.6666666666666666,0.7022222222222222,450.0,0.3968072976054732,0.40749414519906324,0.38666666666666666,450.0,0.3729903536977492,0.36024844720496896,0.38666666666666666,450.0,0.26573426573426573,0.27941176470588236,0.25333333333333335,450.0,0.5161290322580646,0.5,0.5333333333333333,450.0,0.27149321266968324,0.2764976958525346,0.26666666666666666,450.0,0.29874572405929306,0.30679156908665106,0.2911111111111111,450.0,0.7641723356009069,0.7800925925925926,0.7488888888888889,450.0,0.5098468271334792,0.5021551724137931,0.5177777777777778,450.0,0.5071350164654227,0.5010845986984815,0.5133333333333333,450.0,0.4352678571428571,0.437219730941704,0.43333333333333335,450.0,0.6525612472160356,0.6540178571428571,0.6511111111111111,450.0,0.48863636363636365,0.5,0.4777777777777778,450.0,0.5714285714285714,0.5785876993166287,0.5644444444444444,450.0,0.43255295429208473,0.43400447427293065,0.4311111111111111,450.0,0.5096262740656851,0.5196304849884527,0.5,450.0,0.4737991266375545,0.4656652360515021,0.4822222222222222,450.0,0.41831425598335065,0.3933463796477495,0.44666666666666666,450.0,0.5723981900452488,0.5829493087557603,0.5622222222222222,450.0
83,0.5559647679328918,0.8225476145744324,2.386615514755249,0.4741111099720001,0.47411111111111126,0.47454971845333915,0.0003000000142492354,188.60881091601914,42000.0,222.68312808939302,0.39651416122004357,0.3888888888888889,0.40444444444444444,450.0,0.6736842105263158,0.64,0.7111111111111111,450.0,0.3934782608695652,0.3851063829787234,0.4022222222222222,450.0,0.3572216097023153,0.3544857768052516,0.36,450.0,0.2653721682847896,0.2578616352201258,0.2733333333333333,450.0,0.511727078891258,0.4918032786885246,0.5333333333333333,450.0,0.2689265536723164,0.2735632183908046,0.2644444444444444,450.0,0.2984749455337691,0.29273504273504275,0.30444444444444446,450.0,0.7630979498861047,0.7827102803738317,0.7444444444444445,450.0,0.5044444444444445,0.5044444444444445,0.5044444444444445,450.0,0.5027085590465872,0.4904862579281184,0.5155555555555555,450.0,0.4383860414394765,0.430406852248394,0.44666666666666666,450.0,0.653288740245262,0.6554809843400448,0.6511111111111111,450.0,0.4792408066429419,0.5139949109414759,0.4488888888888889,450.0,0.5822784810126582,0.60381861575179,0.5622222222222222,450.0,0.434589800443459,0.4336283185840708,0.43555555555555553,450.0,0.5137816979051819,0.5098468271334792,0.5177777777777778,450.0,0.4700460829493088,0.4880382775119617,0.4533333333333333,450.0,0.41588785046728977,0.43842364532019706,0.39555555555555555,450.0,0.5678449258836945,0.5831381733021077,0.5533333333333333,450.0
84,0.5544741153717041,0.8227381110191345,2.393415689468384,0.47644445300102234,0.4764444444444444,0.47616314902940965,0.0003000000142492354,188.1268936249544,42000.0,223.2535667320924,0.40348964013086147,0.3961456102783726,0.4111111111111111,450.0,0.6802139037433156,0.6556701030927835,0.7066666666666667,450.0,0.40087623220153334,0.3952483801295896,0.4066666666666667,450.0,0.36262513904338156,0.36302895322939865,0.3622222222222222,450.0,0.26578073089701,0.26490066225165565,0.26666666666666666,450.0,0.5133120340788073,0.49284253578732107,0.5355555555555556,450.0,0.26410835214446954,0.268348623853211,0.26,450.0,0.30469644902634596,0.3144208037825059,0.29555555555555557,450.0,0.7578475336322869,0.7647058823529411,0.7511111111111111,450.0,0.501108647450111,0.5,0.5022222222222222,450.0,0.5064935064935066,0.4936708860759494,0.52,450.0,0.4424379232505643,0.44954128440366975,0.43555555555555553,450.0,0.6473214285714286,0.6502242152466368,0.6444444444444445,450.0,0.4794359576968273,0.5087281795511222,0.4533333333333333,450.0,0.5766174801362088,0.5893271461716937,0.5644444444444444,450.0,0.42411194833153926,0.4112734864300626,0.43777777777777777,450.0,0.5191011235955056,0.525,0.5133333333333333,450.0,0.47345132743362833,0.4713656387665198,0.47555555555555556,450.0,0.4265193370165746,0.42417582417582417,0.4288888888888889,450.0,0.5737142857142857,0.5905882352941176,0.5577777777777778,450.0
85,0.5526807308197021,0.8233095407485962,2.3980026245117188,0.4740000069141388,0.47400000000000003,0.47386517304561904,0.0003000000142492354,188.12745729199378,42000.0,223.25289782028756,0.39999999999999997,0.38556701030927837,0.41555555555555557,450.0,0.6646026831785347,0.6204238921001927,0.7155555555555555,450.0,0.39344262295081966,0.3870967741935484,0.4,450.0,0.3550973654066438,0.3664302600472813,0.34444444444444444,450.0,0.2681318681318682,0.26521739130434785,0.27111111111111114,450.0,0.5158562367864693,0.49193548387096775,0.5422222222222223,450.0,0.2582857142857143,0.26588235294117646,0.2511111111111111,450.0,0.29946524064171126,0.28865979381443296,0.3111111111111111,450.0,0.7593220338983051,0.7724137931034483,0.7466666666666667,450.0,0.507865168539326,0.5136363636363637,0.5022222222222222,450.0,0.5128205128205128,0.5145413870246085,0.5111111111111111,450.0,0.4353448275862069,0.4225941422594142,0.4488888888888889,450.0,0.6496106785317018,0.6503340757238307,0.6488888888888888,450.0,0.4799081515499426,0.49643705463182897,0.46444444444444444,450.0,0.5841924398625429,0.6028368794326241,0.5666666666666667,450.0,0.43333333333333335,0.43333333333333335,0.43333333333333335,450.0,0.5120551090700345,0.5296912114014252,0.4955555555555556,450.0,0.4684095860566449,0.4594017094017094,0.4777777777777778,450.0,0.4123957091775924,0.44473007712082263,0.3844444444444444,450.0,0.5671641791044776,0.5866983372921615,0.5488888888888889,450.0
86,0.5508220195770264,0.8234999775886536,2.4081172943115234,0.47644445300102234,0.4764444444444444,0.4763635862946908,0.0003000000142492354,188.14351641695248,42000.0,223.23384190886546,0.40087623220153334,0.3952483801295896,0.4066666666666667,450.0,0.6751592356687899,0.6463414634146342,0.7066666666666667,450.0,0.3991552270327349,0.38028169014084506,0.42,450.0,0.3628318584070796,0.36123348017621143,0.36444444444444446,450.0,0.27253668763102723,0.25793650793650796,0.28888888888888886,450.0,0.514344262295082,0.47718631178707227,0.5577777777777778,450.0,0.26785714285714285,0.26905829596412556,0.26666666666666666,450.0,0.30367734282325026,0.3256997455470738,0.28444444444444444,450.0,0.7569988801791713,0.7629796839729119,0.7511111111111111,450.0,0.5142231947483589,0.5064655172413793,0.5222222222222223,450.0,0.5155350978135788,0.5346062052505967,0.49777777777777776,450.0,0.44147157190635455,0.4429530201342282,0.44,450.0,0.6503884572697003,0.6496674057649667,0.6511111111111111,450.0,0.4737456242707119,0.4987714987714988,0.45111111111111113,450.0,0.5743473325766175,0.5870069605568445,0.5622222222222222,450.0,0.4261931187569367,0.42572062084257206,0.4266666666666667,450.0,0.5119453924914675,0.5244755244755245,0.5,450.0,0.4789053591790194,0.4918032786885246,0.4666666666666667,450.0,0.41887226697353275,0.4343675417661098,0.40444444444444444,450.0,0.568207440811725,0.5766590389016019,0.56,450.0
87,0.5494562983512878,0.8245238065719604,2.406393051147461,0.47611111402511597,0.47611111111111104,0.4755329478674522,0.0003000000142492354,188.13419379200786,42000.0,223.24490382877013,0.40222222222222226,0.4022222222222222,0.4022222222222222,450.0,0.6776315789473684,0.6688311688311688,0.6866666666666666,450.0,0.4,0.40224719101123596,0.3977777777777778,450.0,0.3561030235162374,0.35891647855530473,0.35333333333333333,450.0,0.2684869169510808,0.27505827505827507,0.26222222222222225,450.0,0.5152471083070451,0.48902195608782434,0.5444444444444444,450.0,0.2663605051664753,0.2755344418052256,0.2577777777777778,450.0,0.2980561555075594,0.28991596638655465,0.30666666666666664,450.0,0.7641723356009069,0.7800925925925926,0.7488888888888889,450.0,0.5070729053318825,0.4968017057569296,0.5177777777777778,450.0,0.5108695652173914,0.5,0.5222222222222223,450.0,0.43820224719101125,0.4431818181818182,0.43333333333333335,450.0,0.65121412803532,0.6469298245614035,0.6555555555555556,450.0,0.48394495412844035,0.5,0.4688888888888889,450.0,0.5720524017467249,0.5622317596566524,0.5822222222222222,450.0,0.42826086956521736,0.41914893617021276,0.43777777777777777,450.0,0.5095398428731762,0.5147392290249433,0.5044444444444445,450.0,0.46770601336302897,0.46875,0.4666666666666667,450.0,0.4208092485549133,0.43855421686746987,0.40444444444444444,450.0,0.5727069351230425,0.5765765765765766,0.5688888888888889,450.0
88,0.5475392937660217,0.8250238299369812,2.4095664024353027,0.4763333201408386,0.4763333333333333,0.47520060695624966,0.0003000000142492354,188.04903179197572,42000.0,223.3460050273558,0.40269966254218226,0.40774487471526194,0.3977777777777778,450.0,0.6708463949843261,0.6331360946745562,0.7133333333333334,450.0,0.391025641025641,0.3765432098765432,0.4066666666666667,450.0,0.3570621468926554,0.3632183908045977,0.3511111111111111,450.0,0.2620380739081747,0.26410835214446954,0.26,450.0,0.5139318885448916,0.4797687861271676,0.5533333333333333,450.0,0.27188940092165903,0.2822966507177033,0.26222222222222225,450.0,0.3027624309392265,0.3010989010989011,0.30444444444444446,450.0,0.7563959955506118,0.7572383073496659,0.7555555555555555,450.0,0.5098468271334792,0.5021551724137931,0.5177777777777778,450.0,0.5124716553287981,0.5231481481481481,0.5022222222222222,450.0,0.43941109852774635,0.44803695150115475,0.4311111111111111,450.0,0.6497797356828193,0.6441048034934498,0.6555555555555556,450.0,0.4790011350737798,0.4895591647331787,0.4688888888888889,450.0,0.5730464326160815,0.5842956120092379,0.5622222222222222,450.0,0.43101482326111745,0.4426229508196721,0.42,450.0,0.5164835164835165,0.5108695652173914,0.5222222222222223,450.0,0.47268673355629875,0.4742729306487696,0.4711111111111111,450.0,0.41986455981941306,0.42660550458715596,0.41333333333333333,450.0,0.571753986332574,0.5864485981308412,0.5577777777777778,450.0
89,0.5465133190155029,0.824738085269928,2.4140255451202393,0.47522222995758057,0.47522222222222216,0.4749601007604656,0.0003000000142492354,188.11389216699172,42000.0,223.2689968623685,0.3969631236442517,0.3877118644067797,0.4066666666666667,450.0,0.6730975348338692,0.650103519668737,0.6977777777777778,450.0,0.3940042826552463,0.38016528925619836,0.4088888888888889,450.0,0.3578485181119649,0.35357917570498915,0.3622222222222222,450.0,0.2635135135135136,0.2671232876712329,0.26,450.0,0.5199568500539375,0.5052410901467506,0.5355555555555556,450.0,0.2656072644721907,0.271461716937355,0.26,450.0,0.3010033444816054,0.30201342281879195,0.3,450.0,0.7564534231200898,0.764172335600907,0.7488888888888889,450.0,0.5076252723311546,0.49786324786324787,0.5177777777777778,450.0,0.5105438401775805,0.5099778270509978,0.5111111111111111,450.0,0.44,0.44,0.44,450.0,0.6479820627802692,0.6538461538461539,0.6422222222222222,450.0,0.4857468643101483,0.49882903981264637,0.47333333333333333,450.0,0.5762331838565022,0.581447963800905,0.5711111111111111,450.0,0.43159065628476084,0.43207126948775054,0.4311111111111111,450.0,0.5112612612612613,0.5182648401826484,0.5044444444444445,450.0,0.47200878155872666,0.46637744034707157,0.4777777777777778,450.0,0.4195804195804196,0.4411764705882353,0.4,450.0,0.5681818181818183,0.5813953488372093,0.5555555555555556,450.0
90,0.544658899307251,0.8256666660308838,2.422682523727417,0.47611111402511597,0.4761111111111111,0.47548216190210163,0.0003000000142492354,188.05770441697678,42000.0,223.33570501782899,0.4085106382978723,0.39183673469387753,0.4266666666666667,450.0,0.6804798255179935,0.6680942184154176,0.6933333333333334,450.0,0.3957219251336898,0.38144329896907214,0.4111111111111111,450.0,0.3590308370044053,0.3558951965065502,0.3622222222222222,450.0,0.2711864406779661,0.27586206896551724,0.26666666666666666,450.0,0.5100956429330499,0.48879837067209775,0.5333333333333333,450.0,0.2557603686635944,0.26555023923444976,0.24666666666666667,450.0,0.30267753201396974,0.31784841075794623,0.28888888888888886,450.0,0.7604049493813273,0.7699316628701595,0.7511111111111111,450.0,0.5159914712153519,0.4959016393442623,0.5377777777777778,450.0,0.5079006772009029,0.5160550458715596,0.5,450.0,0.432967032967033,0.4282608695652174,0.43777777777777777,450.0,0.6495535714285714,0.6524663677130045,0.6466666666666666,450.0,0.47926267281105983,0.49760765550239233,0.4622222222222222,450.0,0.5682326621923938,0.5720720720720721,0.5644444444444444,450.0,0.42669584245076586,0.4202586206896552,0.43333333333333335,450.0,0.5136363636363636,0.5255813953488372,0.5022222222222222,450.0,0.4742268041237113,0.48936170212765956,0.46,450.0,0.4277715565509519,0.43115124153498874,0.42444444444444446,450.0,0.5695364238410596,0.5657894736842105,0.5733333333333334,450.0
91,0.5426679253578186,0.8269761800765991,2.431126832962036,0.47466665506362915,0.4746666666666667,0.47432488466501344,0.0003000000142492354,188.27496599999722,42000.0,223.07798478104954,0.4026845637583893,0.40540540540540543,0.4,450.0,0.6767895878524947,0.6610169491525424,0.6933333333333334,450.0,0.39601769911504425,0.394273127753304,0.3977777777777778,450.0,0.34443168771526983,0.35629453681710216,0.3333333333333333,450.0,0.2601809954751131,0.26497695852534564,0.25555555555555554,450.0,0.5071982281284606,0.5055187637969095,0.5088888888888888,450.0,0.2644444444444444,0.2644444444444444,0.2644444444444444,450.0,0.30162412993039445,0.3155339805825243,0.28888888888888886,450.0,0.7613636363636365,0.7790697674418605,0.7444444444444445,450.0,0.5064935064935066,0.4936708860759494,0.52,450.0,0.5010799136069114,0.48739495798319327,0.5155555555555555,450.0,0.4385382059800665,0.4370860927152318,0.44,450.0,0.6494382022471911,0.6568181818181819,0.6422222222222222,450.0,0.48606465997770343,0.48769574944071586,0.48444444444444446,450.0,0.5771365149833518,0.5764966740576497,0.5777777777777777,450.0,0.42720510095642933,0.4093686354378819,0.44666666666666666,450.0,0.5116279069767442,0.5099337748344371,0.5133333333333333,450.0,0.4692737430167598,0.47191011235955055,0.4666666666666667,450.0,0.4334763948497854,0.4190871369294606,0.4488888888888889,450.0,0.5714285714285714,0.5933014354066986,0.5511111111111111,450.0
92,0.5414775609970093,0.8269761800765991,2.4301886558532715,0.47566667199134827,0.4756666666666667,0.4751304925219392,0.0003000000142492354,188.27047087496612,42000.0,223.0833109664498,0.40522875816993464,0.3974358974358974,0.41333333333333333,450.0,0.676659528907923,0.6528925619834711,0.7022222222222222,450.0,0.40129449838187703,0.389937106918239,0.41333333333333333,450.0,0.3634336677814939,0.36465324384787473,0.3622222222222222,450.0,0.26785714285714285,0.26905829596412556,0.26666666666666666,450.0,0.5134575569358178,0.4806201550387597,0.5511111111111111,450.0,0.26742857142857146,0.2752941176470588,0.26,450.0,0.29910714285714285,0.3004484304932735,0.29777777777777775,450.0,0.7564534231200898,0.764172335600907,0.7488888888888889,450.0,0.505971769815418,0.49469214437367304,0.5177777777777778,450.0,0.5043103448275862,0.4895397489539749,0.52,450.0,0.43963553530751714,0.45093457943925236,0.4288888888888889,450.0,0.6496674057649666,0.6482300884955752,0.6511111111111111,450.0,0.48187134502923973,0.508641975308642,0.4577777777777778,450.0,0.5759280089988751,0.5831435079726651,0.5688888888888889,450.0,0.434108527131783,0.4326710816777042,0.43555555555555553,450.0,0.5063291139240507,0.5250596658711217,0.4888888888888889,450.0,0.46501128668171554,0.4724770642201835,0.4577777777777778,450.0,0.42294713160854897,0.428246013667426,0.4177777777777778,450.0,0.5659090909090909,0.5790697674418605,0.5533333333333333,450.0
93,0.5397002696990967,0.8277381062507629,2.439116954803467,0.4763333201408386,0.4763333333333333,0.4757599466226111,0.0003000000142492354,188.3163762909826,42000.0,223.02893050099087,0.40439560439560435,0.4,0.4088888888888889,450.0,0.6796536796536797,0.6624472573839663,0.6977777777777778,450.0,0.3973509933774835,0.39473684210526316,0.4,450.0,0.3579418344519016,0.36036036036036034,0.35555555555555557,450.0,0.27901785714285715,0.2802690582959641,0.2777777777777778,450.0,0.5071868583162218,0.4713740458015267,0.5488888888888889,450.0,0.26851851851851855,0.28019323671497587,0.2577777777777778,450.0,0.3010033444816054,0.30201342281879195,0.3,450.0,0.7544642857142857,0.757847533632287,0.7511111111111111,450.0,0.5072951739618407,0.5124716553287982,0.5022222222222222,450.0,0.5054229934924078,0.4936440677966102,0.5177777777777778,450.0,0.4431418522860492,0.46898263027295284,0.42,450.0,0.6547486033519553,0.6584269662921348,0.6511111111111111,450.0,0.4876404494382023,0.49318181818181817,0.4822222222222222,450.0,0.5629965947786606,0.5754060324825986,0.5511111111111111,450.0,0.42443729903536975,0.40993788819875776,0.44,450.0,0.5158371040723982,0.5253456221198156,0.5066666666666667,450.0,0.4674751929437706,0.4638949671772429,0.4711111111111111,450.0,0.42234636871508374,0.4247191011235955,0.42,450.0,0.5743243243243242,0.5821917808219178,0.5666666666666667,450.0
94,0.538517415523529,0.8284047842025757,2.4407968521118164,0.4745555520057678,0.4745555555555557,0.47426861752542965,0.0003000000142492354,188.14060004102066,42000.0,223.23730226672316,0.4056399132321041,0.3961864406779661,0.41555555555555557,450.0,0.6758474576271187,0.645748987854251,0.7088888888888889,450.0,0.39403620873269435,0.3783231083844581,0.4111111111111111,450.0,0.3518930957683742,0.35267857142857145,0.3511111111111111,450.0,0.2666666666666667,0.271264367816092,0.26222222222222225,450.0,0.5096359743040686,0.49173553719008267,0.5288888888888889,450.0,0.2618510158013544,0.26605504587155965,0.2577777777777778,450.0,0.30482456140350883,0.3008658008658009,0.3088888888888889,450.0,0.7539149888143176,0.759009009009009,0.7488888888888889,450.0,0.511326860841424,0.4968553459119497,0.5266666666666666,450.0,0.5083986562150057,0.5124153498871332,0.5044444444444445,450.0,0.43832599118942733,0.4344978165938865,0.44222222222222224,450.0,0.6494960806270997,0.654627539503386,0.6444444444444445,450.0,0.48775055679287305,0.4888392857142857,0.4866666666666667,450.0,0.5691244239631336,0.5909090909090909,0.5488888888888889,450.0,0.429042904290429,0.42483660130718953,0.43333333333333335,450.0,0.5117845117845118,0.5170068027210885,0.5066666666666667,450.0,0.47289504036908886,0.49160671462829736,0.45555555555555555,450.0,0.4179456906729634,0.44584382871536526,0.3933333333333333,450.0,0.5649717514124294,0.5747126436781609,0.5555555555555556,450.0
95,0.5367259383201599,0.8284524083137512,2.4477667808532715,0.47477778792381287,0.47477777777777785,0.47359492438350587,0.0003000000142492354,188.3464886249858,42000.0,222.9932732307298,0.4139344262295082,0.3840304182509506,0.4488888888888889,450.0,0.676659528907923,0.6528925619834711,0.7022222222222222,450.0,0.39289678135405104,0.3924611973392461,0.3933333333333333,450.0,0.3554555680539932,0.35990888382687924,0.3511111111111111,450.0,0.2627218934911243,0.2810126582278481,0.24666666666666667,450.0,0.5110876451953538,0.4869215291750503,0.5377777777777778,450.0,0.2565266742338252,0.26218097447795824,0.2511111111111111,450.0,0.296127562642369,0.3037383177570093,0.28888888888888886,450.0,0.7530726256983241,0.7573033707865169,0.7488888888888889,450.0,0.5005302226935313,0.4787018255578093,0.5244444444444445,450.0,0.5021929824561403,0.49567099567099565,0.5088888888888888,450.0,0.43644544431946003,0.4419134396355353,0.4311111111111111,450.0,0.6518353726362623,0.6525612472160356,0.6511111111111111,450.0,0.48423423423423423,0.4908675799086758,0.4777777777777778,450.0,0.5760000000000001,0.5929411764705882,0.56,450.0,0.4246424642464246,0.420479302832244,0.4288888888888889,450.0,0.5141562853907135,0.5242494226327945,0.5044444444444445,450.0,0.4743169398907104,0.4666666666666667,0.4822222222222222,450.0,0.42641946697566635,0.44552058111380144,0.4088888888888889,450.0,0.5626423690205011,0.5771028037383178,0.5488888888888889,450.0
96,0.5354422330856323,0.8277381062507629,2.4483213424682617,0.4745555520057678,0.47455555555555556,0.4746461261157594,0.0003000000142492354,188.3917805000092,42000.0,222.9396626993392,0.40595111583421895,0.3890020366598778,0.42444444444444446,450.0,0.6828193832599119,0.6768558951965066,0.6888888888888889,450.0,0.39548022598870053,0.40229885057471265,0.3888888888888889,450.0,0.36819172113289766,0.3611111111111111,0.37555555555555553,450.0,0.2568181818181818,0.2627906976744186,0.2511111111111111,450.0,0.5133333333333333,0.5133333333333333,0.5133333333333333,450.0,0.2635658914728682,0.26269315673289184,0.2644444444444444,450.0,0.3023516237402016,0.3047404063205418,0.3,450.0,0.7573033707865169,0.7659090909090909,0.7488888888888889,450.0,0.5086206896551725,0.49372384937238495,0.5244444444444445,450.0,0.49784482758620685,0.48326359832635984,0.5133333333333333,450.0,0.43400447427293065,0.4369369369369369,0.4311111111111111,450.0,0.6496106785317018,0.6503340757238307,0.6488888888888888,450.0,0.48532731376975163,0.49311926605504586,0.4777777777777778,450.0,0.5739710789766408,0.5746102449888641,0.5733333333333334,450.0,0.42424242424242425,0.41350210970464135,0.43555555555555553,450.0,0.5147392290249433,0.5254629629629629,0.5044444444444445,450.0,0.4667418263810597,0.47368421052631576,0.46,450.0,0.42678774120317825,0.4361948955916473,0.4177777777777778,450.0,0.5652173913043479,0.5825471698113207,0.5488888888888889,450.0
97,0.5338215231895447,0.8295000195503235,2.448779582977295,0.47433334589004517,0.47433333333333333,0.4740778282937287,0.0003000000142492354,188.0262112080236,42000.0,223.37311234513533,0.40174672489082974,0.3948497854077253,0.4088888888888889,450.0,0.6736842105263158,0.64,0.7111111111111111,450.0,0.39684329199549045,0.40274599542334094,0.39111111111111113,450.0,0.36323851203501095,0.3577586206896552,0.3688888888888889,450.0,0.27867095391211144,0.2691511387163561,0.28888888888888886,450.0,0.5127118644067796,0.4898785425101215,0.5377777777777778,450.0,0.26589595375722547,0.27710843373493976,0.25555555555555554,450.0,0.2975929978118162,0.29310344827586204,0.3022222222222222,450.0,0.7539149888143176,0.759009009009009,0.7488888888888889,450.0,0.5083612040133779,0.5100671140939598,0.5066666666666667,450.0,0.5049180327868853,0.4967741935483871,0.5133333333333333,450.0,0.4323094425483504,0.4428904428904429,0.4222222222222222,450.0,0.6503884572697003,0.6496674057649667,0.6511111111111111,450.0,0.48027842227378187,0.5024271844660194,0.46,450.0,0.5691244239631336,0.5909090909090909,0.5488888888888889,450.0,0.4246424642464246,0.420479302832244,0.4288888888888889,450.0,0.5094549499443827,0.5100222717149221,0.5088888888888888,450.0,0.47045707915273133,0.4720357941834452,0.4688888888888889,450.0,0.4229885057471265,0.4380952380952381,0.4088888888888889,450.0,0.5643340857787811,0.573394495412844,0.5555555555555556,450.0
98,0.531856119632721,0.8301428556442261,2.4628541469573975,0.4735555648803711,0.4735555555555556,0.4722974740433926,0.0003000000142492354,188.18990312499227,42000.0,223.17881726154232,0.40816326530612246,0.37735849056603776,0.4444444444444444,450.0,0.6752411575562701,0.6521739130434783,0.7,450.0,0.3929359823399558,0.39035087719298245,0.39555555555555555,450.0,0.3473325766174802,0.35498839907192575,0.34,450.0,0.26146788990825687,0.27014218009478674,0.25333333333333335,450.0,0.5085836909871244,0.491701244813278,0.5266666666666666,450.0,0.25986078886310904,0.27184466019417475,0.24888888888888888,450.0,0.29411764705882354,0.3125,0.2777777777777778,450.0,0.7530726256983241,0.7573033707865169,0.7488888888888889,450.0,0.5088888888888888,0.5088888888888888,0.5088888888888888,450.0,0.5032537960954446,0.4915254237288136,0.5155555555555555,450.0,0.4434687156970362,0.43817787418655096,0.4488888888888889,450.0,0.6519337016574586,0.6483516483516484,0.6555555555555556,450.0,0.4864253393665159,0.49539170506912444,0.4777777777777778,450.0,0.5685393258426966,0.575,0.5622222222222222,450.0,0.42391304347826086,0.4148936170212766,0.43333333333333335,450.0,0.5045454545454545,0.5162790697674419,0.49333333333333335,450.0,0.46485260770975056,0.47453703703703703,0.45555555555555555,450.0,0.4276315789473684,0.42207792207792205,0.43333333333333335,450.0,0.5617214043035108,0.5727482678983834,0.5511111111111111,450.0
99,0.5305711030960083,0.8308333158493042,2.467763662338257,0.4732222259044647,0.4732222222222222,0.47389098995007173,0.0003000000142492354,188.17316120903706,42000.0,223.1986736585841,0.3900226757369615,0.39814814814814814,0.38222222222222224,450.0,0.6794055201698513,0.6504065040650406,0.7111111111111111,450.0,0.3948772678762006,0.3798767967145791,0.4111111111111111,450.0,0.35280898876404493,0.3568181818181818,0.3488888888888889,450.0,0.26550598476605003,0.2601279317697228,0.27111111111111114,450.0,0.509090909090909,0.49072164948453606,0.5288888888888889,450.0,0.26750261233019856,0.252465483234714,0.28444444444444444,450.0,0.2993197278911565,0.3055555555555556,0.29333333333333333,450.0,0.7564534231200898,0.764172335600907,0.7488888888888889,450.0,0.5122494432071268,0.5133928571428571,0.5111111111111111,450.0,0.5043478260869565,0.49361702127659574,0.5155555555555555,450.0,0.4456641053787047,0.4403470715835141,0.45111111111111113,450.0,0.6494382022471911,0.6568181818181819,0.6422222222222222,450.0,0.47871116225546606,0.4964200477326969,0.4622222222222222,450.0,0.5727272727272728,0.586046511627907,0.56,450.0,0.4251101321585902,0.42139737991266374,0.4288888888888889,450.0,0.5109826589595377,0.5325301204819277,0.4911111111111111,450.0,0.46875000000000006,0.47085201793721976,0.4666666666666667,450.0,0.4227642276422764,0.44282238442822386,0.40444444444444444,450.0,0.5720876585928489,0.5947242206235012,0.5511111111111111,450.0
100,0.5288403630256653,0.8315714001655579,2.4699697494506836,0.4738888740539551,0.4738888888888889,0.47440328572106,0.0003000000142492354,188.01806487503927,42000.0,223.38279052023046,0.3950892857142857,0.3968609865470852,0.3933333333333333,450.0,0.6810344827586207,0.6610878661087866,0.7022222222222222,450.0,0.39608269858541895,0.3880597014925373,0.40444444444444444,450.0,0.36903499469777307,0.35294117647058826,0.38666666666666666,450.0,0.27215189873417717,0.25903614457831325,0.2866666666666667,450.0,0.5152471083070451,0.48902195608782434,0.5444444444444444,450.0,0.25711035267349264,0.2634032634032634,0.2511111111111111,450.0,0.29671574178935445,0.302540415704388,0.2911111111111111,450.0,0.761904761904762,0.7777777777777778,0.7466666666666667,450.0,0.5,0.48936170212765956,0.5111111111111111,450.0,0.5032397408207343,0.4894957983193277,0.5177777777777778,450.0,0.4385382059800665,0.4370860927152318,0.44,450.0,0.6465324384787472,0.6509009009009009,0.6422222222222222,450.0,0.4813084112149533,0.5073891625615764,0.4577777777777778,450.0,0.5844748858447489,0.6009389671361502,0.5688888888888889,450.0,0.4230769230769231,0.4308755760368664,0.41555555555555557,450.0,0.5067264573991032,0.5113122171945701,0.5022222222222222,450.0,0.4667418263810597,0.47368421052631576,0.46,450.0,0.42758620689655175,0.44285714285714284,0.41333333333333333,450.0,0.5654692931633836,0.5907990314769975,0.5422222222222223,450.0
