epoch,loss,accuracy,val_loss,val_accuracy,val_balanced_accuracy,val_macro_f1,learning_rate,epoch_seconds,train_examples,train_examples_per_second,val_class_0_f1,val_class_0_precision,val_class_0_recall,val_class_0_support,val_class_10_f1,val_class_10_precision,val_class_10_recall,val_class_10_support,val_class_11_f1,val_class_11_precision,val_class_11_recall,val_class_11_support,val_class_12_f1,val_class_12_precision,val_class_12_recall,val_class_12_support,val_class_13_f1,val_class_13_precision,val_class_13_recall,val_class_13_support,val_class_14_f1,val_class_14_precision,val_class_14_recall,val_class_14_support,val_class_15_f1,val_class_15_precision,val_class_15_recall,val_class_15_support,val_class_16_f1,val_class_16_precision,val_class_16_recall,val_class_16_support,val_class_17_f1,val_class_17_precision,val_class_17_recall,val_class_17_support,val_class_18_f1,val_class_18_precision,val_class_18_recall,val_class_18_support,val_class_19_f1,val_class_19_precision,val_class_19_recall,val_class_19_support,val_class_1_f1,val_class_1_precision,val_class_1_recall,val_class_1_support,val_class_20_f1,val_class_20_precision,val_class_20_recall,val_class_20_support,val_class_21_f1,val_class_21_precision,val_class_21_recall,val_class_21_support,val_class_22_f1,val_class_22_precision,val_class_22_recall,val_class_22_support,val_class_23_f1,val_class_23_precision,val_class_23_recall,val_class_23_support,val_class_24_f1,val_class_24_precision,val_class_24_recall,val_class_24_support,val_class_25_f1,val_class_25_precision,val_class_25_recall,val_class_25_support,val_class_26_f1,val_class_26_precision,val_class_26_recall,val_class_26_support,val_class_27_f1,val_class_27_precision,val_class_27_recall,val_class_27_support,val_class_28_f1,val_class_28_precision,val_class_28_recall,val_class_28_support,val_class_29_f1,val_class_29_precision,val_class_29_recall,val_class_29_support,val_class_2_f1,val_class_2_precision,val_class_2_recall,val_class_2_support,val_class_30_f1,val_class_30_precision,val_class_30_recall,val_class_30_support,val_class_31_f1,val_class_31_precision,val_class_31_recall,val_class_31_support,val_class_32_f1,val_class_32_precision,val_class_32_recall,val_class_32_support,val_class_33_f1,val_class_33_precision,val_class_33_recall,val_class_33_support,val_class_34_f1,val_class_34_precision,val_class_34_recall,val_class_34_support,val_class_35_f1,val_class_35_precision,val_class_35_recall,val_class_35_support,val_class_36_f1,val_class_36_precision,val_class_36_recall,val_class_36_support,val_class_37_f1,val_class_37_precision,val_class_37_recall,val_class_37_support,val_class_38_f1,val_class_38_precision,val_class_38_recall,val_class_38_support,val_class_39_f1,val_class_39_precision,val_class_39_recall,val_class_39_support,val_class_3_f1,val_class_3_precision,val_class_3_recall,val_class_3_support,val_class_40_f1,val_class_40_precision,val_class_40_recall,val_class_40_support,val_class_41_f1,val_class_41_precision,val_class_41_recall,val_class_41_support,val_class_42_f1,val_class_42_precision,val_class_42_recall,val_class_42_support,val_class_4_f1,val_class_4_precision,val_class_4_recall,val_class_4_support,val_class_5_f1,val_class_5_precision,val_class_5_recall,val_class_5_support,val_class_6_f1,val_class_6_precision,val_class_6_recall,val_class_6_support,val_class_7_f1,val_class_7_precision,val_class_7_recall,val_class_7_support,val_class_8_f1,val_class_8_precision,val_class_8_recall,val_class_8_support,val_class_9_f1,val_class_9_precision,val_class_9_recall,val_class_9_support
1,3.3955607414245605,0.3674924373626709,3.0023648738861084,0.7356477379798889,0.4428769329900871,0.4081093280223461,0.0003000000142492354,118.48796954099089,27489.0,231.99823666899943,0.0,0.0,0.0,32.0,0.86,0.7562814070351759,0.9966887417218543,302.0,0.7838383838383839,0.6531986531986532,0.9797979797979798,198.0,0.9605055292259084,0.9559748427672956,0.9650793650793651,315.0,0.9877300613496932,0.9817073170731707,0.9938271604938271,324.0,0.9878542510121457,0.976,1.0,122.0,0.0,0.0,0.0,95.0,0.0,0.0,0.0,68.0,0.9970149253731343,0.9940476190476191,1.0,167.0,0.7871853546910754,0.669260700389105,0.9555555555555556,180.0,0.0,0.0,0.0,32.0,0.9428571428571428,1.0,0.8918918918918919,333.0,0.0,0.0,0.0,50.0,0.0,0.0,0.0,50.0,0.0,0.0,0.0,59.0,0.34408602150537637,1.0,0.2077922077922078,77.0,0.0,0.0,0.0,41.0,0.9146341463414633,0.8426966292134831,1.0,225.0,0.0,0.0,0.0,90.0,0.0,0.0,0.0,36.0,0.649789029535865,0.48125,1.0,77.0,0.0,0.0,0.0,41.0,0.47943262411347515,0.31529850746268656,1.0,338.0,0.0,0.0,0.0,68.0,0.9878542510121457,0.976,1.0,122.0,0.0,0.0,0.0,36.0,0.0,0.0,0.0,104.0,0.0,0.0,0.0,63.0,0.9221556886227544,1.0,0.8555555555555555,180.0,0.0,0.0,0.0,59.0,0.0,0.0,0.0,32.0,0.7234539089848308,0.5677655677655677,0.9967845659163987,311.0,0.0,0.0,0.0,45.0,0.890625,0.9941860465116279,0.8066037735849056,212.0,0.0,0.0,0.0,50.0,0.0,0.0,0.0,36.0,0.0,0.0,0.0,41.0,0.746938775510204,0.9481865284974094,0.6161616161616161,297.0,0.8893129770992367,0.9708333333333333,0.8204225352112676,284.0,0.0,0.0,0.0,68.0,0.8736616702355461,0.8,0.9622641509433962,212.0,0.9213973799126637,0.8577235772357723,0.9952830188679245,212.0,0.8983739837398375,0.8154981549815498,1.0,221.0
2,2.6535699367523193,0.7786387205123901,2.3315677642822266,0.7984758615493774,0.4956861747135225,0.45322021600177537,0.0003000000142492354,122.24160191701958,27489.0,224.87434366787969,0.0,0.0,0.0,32.0,0.9869281045751634,0.9741935483870968,1.0,302.0,0.8491379310344828,0.7406015037593985,0.9949494949494949,198.0,0.9585253456221199,0.9285714285714286,0.9904761904761905,315.0,0.9281609195402298,0.8682795698924731,0.9969135802469136,324.0,0.9494163424124513,0.9037037037037037,1.0,122.0,0.7898089171974523,1.0,0.6526315789473685,95.0,0.6122448979591837,1.0,0.4411764705882353,68.0,0.9970149253731343,0.9940476190476191,1.0,167.0,0.7655913978494623,0.624561403508772,0.9888888888888889,180.0,0.0,0.0,0.0,32.0,0.9410071942446043,0.9033149171270718,0.9819819819819819,333.0,0.0,0.0,0.0,50.0,0.0,0.0,0.0,50.0,0.0,0.0,0.0,59.0,0.5471698113207547,1.0,0.37662337662337664,77.0,0.0,0.0,0.0,41.0,0.8333333333333333,0.7142857142857143,1.0,225.0,0.0,0.0,0.0,90.0,0.0,0.0,0.0,36.0,0.6443514644351465,0.47530864197530864,1.0,77.0,0.0,0.0,0.0,41.0,0.9494382022471909,0.9037433155080213,1.0,338.0,0.0,0.0,0.0,68.0,0.7052023121387282,0.5446428571428571,1.0,122.0,0.0,0.0,0.0,36.0,0.0,0.0,0.0,104.0,0.0,0.0,0.0,63.0,0.9276139410187667,0.8963730569948186,0.9611111111111111,180.0,0.0,0.0,0.0,59.0,0.0,0.0,0.0,32.0,0.7466986794717888,0.5957854406130269,1.0,311.0,0.0,0.0,0.0,45.0,0.843813387423935,0.7402135231316725,0.9811320754716981,212.0,0.0,0.0,0.0,50.0,0.0,0.0,0.0,36.0,0.0,0.0,0.0,41.0,0.9147286821705427,0.8477011494252874,0.9932659932659933,297.0,0.8191330343796712,0.7116883116883117,0.9647887323943662,284.0,0.0,0.0,0.0,68.0,0.9110629067245118,0.8433734939759037,0.9905660377358491,212.0,0.9769585253456221,0.954954954954955,1.0,212.0,0.8911290322580644,0.8036363636363636,1.0,221.0
3,2.0183968544006348,0.8212375640869141,1.7315831184387207,0.8392887115478516,0.5682993023846099,0.5434098461433519,0.0003000000142492354,122.72099116700701,27489.0,223.99590924580386,0.0,0.0,0.0,32.0,0.9901639344262295,0.9805194805194806,1.0,302.0,0.8347457627118645,0.718978102189781,0.9949494949494949,198.0,0.989010989010989,0.9782608695652174,1.0,315.0,0.9389534883720929,0.8873626373626373,0.9969135802469136,324.0,0.9207547169811321,0.8531468531468531,1.0,122.0,0.9387755102040817,0.9108910891089109,0.968421052631579,95.0,0.8070175438596492,1.0,0.6764705882352942,68.0,0.9737609329446064,0.9488636363636364,1.0,167.0,0.7639484978540773,0.6223776223776224,0.9888888888888889,180.0,0.0,0.0,0.0,32.0,0.964809384164223,0.9426934097421203,0.987987987987988,333.0,0.0392156862745098,1.0,0.02,50.0,0.4,0.8666666666666667,0.26,50.0,0.2898550724637681,1.0,0.1694915254237288,59.0,0.8153846153846155,1.0,0.6883116883116883,77.0,0.0,0.0,0.0,41.0,0.8982035928143712,0.8152173913043478,1.0,225.0,0.0,0.0,0.0,90.0,0.0,0.0,0.0,36.0,0.7333333333333334,0.5789473684210527,1.0,77.0,0.0,0.0,0.0,41.0,0.9854227405247813,0.9712643678160919,1.0,338.0,0.0,0.0,0.0,68.0,0.6630434782608696,0.4959349593495935,1.0,122.0,0.0,0.0,0.0,36.0,0.8241758241758242,0.9615384615384616,0.7211538461538461,104.0,0.0,0.0,0.0,63.0,0.8778054862842892,0.7963800904977375,0.9777777777777777,180.0,0.0,0.0,0.0,59.0,0.0,0.0,0.0,32.0,0.788339670468948,0.6506276150627615,1.0,311.0,0.0,0.0,0.0,45.0,0.954337899543379,0.9247787610619469,0.9858490566037735,212.0,0.8372093023255813,1.0,0.72,50.0,0.0,0.0,0.0,36.0,0.0,0.0,0.0,41.0,0.9473684210526316,0.9,1.0,297.0,0.8692913385826773,0.7863247863247863,0.971830985915493,284.0,0.4719101123595506,1.0,0.3088235294117647,68.0,0.9318681318681319,0.8724279835390947,1.0,212.0,0.9549549549549551,0.9137931034482759,1.0,212.0,0.962962962962963,0.9285714285714286,1.0,221.0
4,1.4749672412872314,0.8626723289489746,1.263649821281433,0.8712955117225647,0.6388158027174775,0.6090200046465628,0.0003000000142492354,122.77643629198428,27489.0,223.8947539951905,0.0,0.0,0.0,32.0,0.9885433715220949,0.9773462783171522,1.0,302.0,0.8473118279569892,0.7378277153558053,0.9949494949494949,198.0,0.9859154929577464,0.9722222222222222,1.0,315.0,0.9817629179331306,0.9670658682634731,0.9969135802469136,324.0,0.976,0.953125,1.0,122.0,0.9538461538461539,0.93,0.9789473684210527,95.0,0.9538461538461539,1.0,0.9117647058823529,68.0,0.9681159420289854,0.9382022471910112,1.0,167.0,0.7722342733188721,0.6334519572953736,0.9888888888888889,180.0,0.0,0.0,0.0,32.0,0.9605839416058394,0.9346590909090909,0.987987987987988,333.0,0.6111111111111112,1.0,0.44,50.0,0.6796116504854369,0.660377358490566,0.7,50.0,0.9661016949152542,0.9661016949152542,0.9661016949152542,59.0,0.9523809523809523,1.0,0.9090909090909091,77.0,0.0,0.0,0.0,41.0,0.9183673469387755,0.8490566037735849,1.0,225.0,0.0,0.0,0.0,90.0,0.0,0.0,0.0,36.0,0.8105263157894737,0.6814159292035398,1.0,77.0,0.0,0.0,0.0,41.0,0.983941605839416,0.9711815561959655,0.9970414201183432,338.0,0.0,0.0,0.0,68.0,0.8,0.6666666666666666,1.0,122.0,0.0,0.0,0.0,36.0,0.8251121076233184,0.773109243697479,0.8846153846153846,104.0,0.0,0.0,0.0,63.0,0.8827930174563592,0.8009049773755657,0.9833333333333333,180.0,0.0,0.0,0.0,59.0,0.0,0.0,0.0,32.0,0.8162729658792651,0.6895787139689579,1.0,311.0,0.0,0.0,0.0,45.0,0.9653579676674364,0.9457013574660633,0.9858490566037735,212.0,0.924731182795699,1.0,0.86,50.0,0.0,0.0,0.0,36.0,0.0,0.0,0.0,41.0,0.9488817891373802,0.9027355623100304,1.0,297.0,0.9387755102040817,0.9078947368421053,0.971830985915493,284.0,0.8985507246376812,0.8857142857142857,0.9117647058823529,68.0,0.9571106094808126,0.9177489177489178,1.0,212.0,0.9571106094808126,0.9177489177489178,1.0,212.0,0.962962962962963,0.9285714285714286,1.0,221.0
5,1.0791555643081665,0.8877005577087402,0.9434853792190552,0.8926333785057068,0.6836206451049255,0.6653110005324148,0.0003000000142492354,122.78565558401169,27489.0,223.8779429832635,0.0,0.0,0.0,32.0,0.9917898193760263,0.9837133550488599,1.0,302.0,0.8528138528138528,0.7462121212121212,0.9949494949494949,198.0,0.9921259842519685,0.984375,1.0,315.0,0.99079754601227,0.9847560975609756,0.9969135802469136,324.0,0.991869918699187,0.9838709677419355,1.0,122.0,0.9738219895287958,0.96875,0.9789473684210527,95.0,0.9781021897810219,0.9710144927536232,0.9852941176470589,68.0,0.9940476190476192,0.9881656804733728,1.0,167.0,0.8436018957345971,0.7355371900826446,0.9888888888888889,180.0,0.0,0.0,0.0,32.0,0.9939577039274925,1.0,0.987987987987988,333.0,0.888888888888889,1.0,0.8,50.0,0.7142857142857142,0.6451612903225806,0.8,50.0,0.959349593495935,0.921875,1.0,59.0,0.9736842105263157,0.9866666666666667,0.961038961038961,77.0,0.0,0.0,0.0,41.0,0.9036144578313253,0.8241758241758241,1.0,225.0,0.512396694214876,1.0,0.34444444444444444,90.0,0.0,0.0,0.0,36.0,0.8901734104046243,0.8020833333333334,1.0,77.0,0.0,0.0,0.0,41.0,0.9810771470160117,0.9656160458452722,0.9970414201183432,338.0,0.5217391304347826,1.0,0.35294117647058826,68.0,0.832764505119454,0.7134502923976608,1.0,122.0,0.0,0.0,0.0,36.0,0.8032786885245902,0.7,0.9423076923076923,104.0,0.29729729729729726,1.0,0.1746031746031746,63.0,0.9132653061224489,0.8443396226415094,0.9944444444444445,180.0,0.0,0.0,0.0,59.0,0.0,0.0,0.0,32.0,0.8315508021390374,0.7116704805491991,1.0,311.0,0.0,0.0,0.0,45.0,0.963302752293578,0.9375,0.9905660377358491,212.0,0.9690721649484536,1.0,0.94,50.0,0.05405405405405406,1.0,0.027777777777777776,36.0,0.326530612244898,1.0,0.1951219512195122,41.0,0.9642857142857143,0.9310344827586207,1.0,297.0,0.9355932203389831,0.9019607843137255,0.971830985915493,284.0,0.846153846153846,0.75,0.9705882352941176,68.0,0.9680365296803652,0.9380530973451328,1.0,212.0,0.9814814814814815,0.9636363636363636,1.0,212.0,0.973568281938326,0.9484978540772532,1.0,221.0
6,0.8138008117675781,0.9145112633705139,0.7260398864746094,0.9209144711494446,0.7496383774968713,0.740756464183922,0.0003000000142492354,122.71773462498095,27489.0,224.00185339148382,0.0,0.0,0.0,32.0,0.9983471074380166,0.9966996699669967,1.0,302.0,0.8853932584269663,0.7975708502024291,0.9949494949494949,198.0,0.9952606635071091,0.9905660377358491,1.0,315.0,0.9969135802469136,0.9969135802469136,0.9969135802469136,324.0,0.9838709677419354,0.9682539682539683,1.0,122.0,0.9738219895287958,0.96875,0.9789473684210527,95.0,0.9855072463768115,0.9714285714285714,1.0,68.0,0.9970149253731343,0.9940476190476191,1.0,167.0,0.9861495844875346,0.9834254143646409,0.9888888888888889,180.0,0.0,0.0,0.0,32.0,0.9909638554216867,0.9939577039274925,0.987987987987988,333.0,0.9387755102040817,0.9583333333333334,0.92,50.0,0.7563025210084033,0.6521739130434783,0.9,50.0,0.9007633587786259,0.8194444444444444,1.0,59.0,0.967741935483871,0.9615384615384616,0.974025974025974,77.0,0.0,0.0,0.0,41.0,0.9036144578313253,0.8241758241758241,1.0,225.0,0.9887640449438202,1.0,0.9777777777777777,90.0,0.0,0.0,0.0,36.0,0.9447852760736196,0.8953488372093024,1.0,77.0,0.21739130434782605,1.0,0.12195121951219512,41.0,0.983941605839416,0.9711815561959655,0.9970414201183432,338.0,0.8943089430894309,1.0,0.8088235294117647,68.0,0.8714285714285713,0.7721518987341772,1.0,122.0,0.4347826086956522,1.0,0.2777777777777778,36.0,0.8298755186721991,0.7299270072992701,0.9615384615384616,104.0,0.4819277108433735,1.0,0.31746031746031744,63.0,0.9521276595744681,0.9132653061224489,0.9944444444444445,180.0,0.0,0.0,0.0,59.0,0.0,0.0,0.0,32.0,0.8416779431664412,0.7266355140186916,1.0,311.0,0.0,0.0,0.0,45.0,0.974477958236659,0.958904109589041,0.9905660377358491,212.0,0.9591836734693877,0.9791666666666666,0.94,50.0,0.6666666666666666,1.0,0.5,36.0,0.7761194029850745,1.0,0.6341463414634146,41.0,0.9658536585365853,0.9339622641509434,1.0,297.0,0.963855421686747,0.9427609427609428,0.9859154929577465,284.0,0.8815789473684211,0.7976190476190477,0.9852941176470589,68.0,0.9929742388758782,0.986046511627907,1.0,212.0,0.9837587006960556,0.9680365296803652,1.0,212.0,0.9866071428571429,0.973568281938326,1.0,221.0
7,0.6262028813362122,0.9356105923652649,0.5657324194908142,0.938696026802063,0.8040324916399797,0.7921803138398791,0.0003000000142492354,122.82321587501792,27489.0,223.8094793737706,0.0,0.0,0.0,32.0,0.9983471074380166,0.9966996699669967,1.0,302.0,0.9162790697674419,0.8491379310344828,0.9949494949494949,198.0,0.9952606635071091,0.9905660377358491,1.0,315.0,0.9984544049459042,1.0,0.9969135802469136,324.0,0.9959183673469388,0.991869918699187,1.0,122.0,0.9893617021276596,1.0,0.9789473684210527,95.0,0.9927007299270074,0.9855072463768116,1.0,68.0,0.9970149253731343,0.9940476190476191,1.0,167.0,0.9944134078212291,1.0,0.9888888888888889,180.0,0.0,0.0,0.0,32.0,0.982089552238806,0.9762611275964391,0.987987987987988,333.0,0.9387755102040817,0.9583333333333334,0.92,50.0,0.765625,0.6282051282051282,0.98,50.0,0.8740740740740741,0.7763157894736842,1.0,59.0,0.9681528662420381,0.95,0.987012987012987,77.0,0.0,0.0,0.0,41.0,0.9127789046653144,0.8395522388059702,1.0,225.0,1.0,1.0,1.0,90.0,0.0,0.0,0.0,36.0,0.9685534591194969,0.9390243902439024,1.0,77.0,0.9210526315789475,1.0,0.8536585365853658,41.0,0.9882697947214075,0.9796511627906976,0.9970414201183432,338.0,0.9774436090225563,1.0,0.9558823529411765,68.0,0.9838709677419354,0.9682539682539683,1.0,122.0,0.9090909090909091,1.0,0.8333333333333334,36.0,0.9017857142857143,0.8416666666666667,0.9711538461538461,104.0,0.7647058823529412,1.0,0.6190476190476191,63.0,0.9675675675675677,0.9421052631578948,0.9944444444444445,180.0,0.0,0.0,0.0,59.0,0.0,0.0,0.0,32.0,0.8532235939643348,0.7440191387559809,1.0,311.0,0.0,0.0,0.0,45.0,0.9790209790209791,0.967741935483871,0.9905660377358491,212.0,0.8990825688073395,0.8305084745762712,0.98,50.0,0.8387096774193548,1.0,0.7222222222222222,36.0,0.9210526315789475,1.0,0.8536585365853658,41.0,0.9690048939641109,0.939873417721519,1.0,297.0,0.9704347826086956,0.9587628865979382,0.9823943661971831,284.0,0.9571428571428572,0.9305555555555556,0.9852941176470589,68.0,0.9906542056074767,0.9814814814814815,1.0,212.0,0.9883449883449883,0.9769585253456221,1.0,212.0,0.9954954954954954,0.9910313901345291,1.0,221.0
8,0.4849016070365906,0.9500527381896973,0.4425061047077179,0.9561388492584229,0.8556645865422912,0.8563271697710585,0.0003000000142492354,122.81964012503158,27489.0,223.815995324656,0.0,0.0,0.0,32.0,0.9966996699669968,0.993421052631579,1.0,302.0,0.9205607476635513,0.8565217391304348,0.9949494949494949,198.0,0.9952606635071091,0.9905660377358491,1.0,315.0,0.9984544049459042,1.0,0.9969135802469136,324.0,1.0,1.0,1.0,122.0,0.9893617021276596,1.0,0.9789473684210527,95.0,1.0,1.0,1.0,68.0,1.0,1.0,1.0,167.0,0.9944134078212291,1.0,0.9888888888888889,180.0,0.0,0.0,0.0,32.0,0.9865067466266867,0.9850299401197605,0.987987987987988,333.0,0.9504950495049505,0.9411764705882353,0.96,50.0,0.7777777777777777,0.6447368421052632,0.98,50.0,0.8613138686131386,0.7564102564102564,1.0,59.0,0.9681528662420381,0.95,0.987012987012987,77.0,0.5090909090909091,1.0,0.34146341463414637,41.0,0.9513742071881607,0.907258064516129,1.0,225.0,1.0,1.0,1.0,90.0,0.4,1.0,0.25,36.0,0.9746835443037974,0.9506172839506173,1.0,77.0,1.0,1.0,1.0,41.0,0.9911764705882354,0.9853801169590644,0.9970414201183432,338.0,0.9774436090225563,1.0,0.9558823529411765,68.0,1.0,1.0,1.0,122.0,0.9859154929577464,1.0,0.9722222222222222,36.0,0.9528301886792453,0.9351851851851852,0.9711538461538461,104.0,0.8947368421052632,1.0,0.8095238095238095,63.0,0.970189701897019,0.9470899470899471,0.9944444444444445,180.0,0.611764705882353,1.0,0.4406779661016949,59.0,0.0,0.0,0.0,32.0,0.9067055393586005,0.8293333333333334,1.0,311.0,0.5714285714285715,1.0,0.4,45.0,0.9836829836829836,0.9723502304147466,0.9952830188679245,212.0,0.8596491228070174,0.765625,0.98,50.0,0.9565217391304348,1.0,0.9166666666666666,36.0,0.9620253164556963,1.0,0.926829268292683,41.0,0.9753694581280787,0.9519230769230769,1.0,297.0,0.9841269841269842,0.9858657243816255,0.9823943661971831,284.0,0.9852941176470589,0.9852941176470589,0.9852941176470589,68.0,0.9883449883449883,0.9769585253456221,1.0,212.0,0.9929742388758782,0.986046511627907,1.0,212.0,0.9977426636568849,0.9954954954954955,1.0,221.0
9,0.37544137239456177,0.9692240357398987,0.34748491644859314,0.9691786766052246,0.8956788744296756,0.8944559095396849,0.0003000000142492354,122.78100545797497,27489.0,223.88642198738822,0.0,0.0,0.0,32.0,0.9983471074380166,0.9966996699669967,1.0,302.0,0.9635036496350364,0.9295774647887324,1.0,198.0,0.9952606635071091,0.9905660377358491,1.0,315.0,0.9969135802469136,0.9969135802469136,0.9969135802469136,324.0,1.0,1.0,1.0,122.0,0.9893617021276596,1.0,0.9789473684210527,95.0,1.0,1.0,1.0,68.0,1.0,1.0,1.0,167.0,0.9944134078212291,1.0,0.9888888888888889,180.0,0.0,0.0,0.0,32.0,0.9909638554216867,0.9939577039274925,0.987987987987988,333.0,0.9504950495049505,0.9411764705882353,0.96,50.0,0.7777777777777777,0.6447368421052632,0.98,50.0,0.8613138686131386,0.7564102564102564,1.0,59.0,0.9746835443037974,0.9506172839506173,1.0,77.0,0.8611111111111112,1.0,0.7560975609756098,41.0,0.982532751091703,0.9656652360515021,1.0,225.0,1.0,1.0,1.0,90.0,0.8750000000000001,1.0,0.7777777777777778,36.0,0.9871794871794872,0.9746835443037974,1.0,77.0,1.0,1.0,1.0,41.0,0.9941176470588234,0.9883040935672515,1.0,338.0,0.9850746268656716,1.0,0.9705882352941176,68.0,1.0,1.0,1.0,122.0,1.0,1.0,1.0,36.0,0.9758454106280192,0.9805825242718447,0.9711538461538461,104.0,0.9500000000000001,1.0,0.9047619047619048,63.0,0.970189701897019,0.9470899470899471,0.9944444444444445,180.0,0.7835051546391751,1.0,0.6440677966101694,59.0,0.11764705882352941,1.0,0.0625,32.0,0.9409984871406959,0.8885714285714286,1.0,311.0,0.8311688311688311,1.0,0.7111111111111111,45.0,0.9859813084112149,0.9768518518518519,0.9952830188679245,212.0,0.8521739130434782,0.7538461538461538,0.98,50.0,0.9714285714285714,1.0,0.9444444444444444,36.0,0.9620253164556963,1.0,0.926829268292683,41.0,0.99,0.9801980198019802,1.0,297.0,0.9876106194690265,0.9928825622775801,0.9823943661971831,284.0,0.9927007299270074,0.9855072463768116,1.0,68.0,0.986046511627907,0.9724770642201835,1.0,212.0,0.9929742388758782,0.986046511627907,1.0,212.0,0.9932584269662922,0.9866071428571429,1.0,221.0
10,0.2926512658596039,0.9813379645347595,0.2761315703392029,0.9837425947189331,0.9463330668491037,0.9474301823259812,0.0003000000142492354,122.84358291694662,27489.0,223.77237253479535,0.72,1.0,0.5625,32.0,0.9983471074380166,0.9966996699669967,1.0,302.0,0.9826302729528535,0.9658536585365853,1.0,198.0,0.9952606635071091,0.9905660377358491,1.0,315.0,0.9984544049459042,1.0,0.9969135802469136,324.0,1.0,1.0,1.0,122.0,0.9893617021276596,1.0,0.9789473684210527,95.0,1.0,1.0,1.0,68.0,1.0,1.0,1.0,167.0,0.9944134078212291,1.0,0.9888888888888889,180.0,0.0,0.0,0.0,32.0,0.9939577039274925,1.0,0.987987987987988,333.0,0.9320388349514563,0.9056603773584906,0.96,50.0,0.7967479674796748,0.6712328767123288,0.98,50.0,0.9516129032258065,0.9076923076923077,1.0,59.0,0.9685534591194969,0.9390243902439024,1.0,77.0,0.975,1.0,0.9512195121951219,41.0,0.9933774834437086,0.9868421052631579,1.0,225.0,1.0,1.0,1.0,90.0,0.9577464788732395,0.9714285714285714,0.9444444444444444,36.0,1.0,1.0,1.0,77.0,1.0,1.0,1.0,41.0,0.9941176470588234,0.9883040935672515,1.0,338.0,0.9925925925925926,1.0,0.9852941176470589,68.0,1.0,1.0,1.0,122.0,0.9863013698630138,0.972972972972973,1.0,36.0,0.9855072463768114,0.9902912621359223,0.9807692307692307,104.0,0.9919999999999999,1.0,0.9841269841269841,63.0,0.9862258953168044,0.9781420765027322,0.9944444444444445,180.0,0.9380530973451328,0.9814814814814815,0.8983050847457628,59.0,0.7924528301886793,1.0,0.65625,32.0,0.9841772151898734,0.9688473520249221,1.0,311.0,0.9655172413793104,1.0,0.9333333333333333,45.0,0.9906103286384976,0.985981308411215,0.9952830188679245,212.0,0.9514563106796116,0.9245283018867925,0.98,50.0,1.0,1.0,1.0,36.0,0.975,1.0,0.9512195121951219,41.0,0.9949748743718593,0.99,1.0,297.0,0.9911190053285969,1.0,0.9823943661971831,284.0,0.9927007299270074,0.9855072463768116,1.0,68.0,0.986046511627907,0.9724770642201835,1.0,212.0,0.9976470588235293,0.9953051643192489,1.0,212.0,0.9954954954954954,0.9910313901345291,1.0,221.0
11,0.23085087537765503,0.9893411993980408,0.2230057418346405,0.9872989058494568,0.9609383567993011,0.9586890201861631,0.0003000000142492354,122.85387804202037,27489.0,223.75362046444957,0.9508196721311475,1.0,0.90625,32.0,0.9983471074380166,0.9966996699669967,1.0,302.0,0.9974811083123425,0.9949748743718593,1.0,198.0,0.9952456418383518,0.9936708860759493,0.9968253968253968,315.0,0.9984544049459042,1.0,0.9969135802469136,324.0,1.0,1.0,1.0,122.0,0.9893617021276596,1.0,0.9789473684210527,95.0,1.0,1.0,1.0,68.0,1.0,1.0,1.0,167.0,0.9944134078212291,1.0,0.9888888888888889,180.0,0.0,0.0,0.0,32.0,0.9939577039274925,1.0,0.987987987987988,333.0,0.9074074074074074,0.8448275862068966,0.98,50.0,0.8032786885245902,0.6805555555555556,0.98,50.0,0.9915966386554621,0.9833333333333333,1.0,59.0,0.9871794871794872,0.9746835443037974,1.0,77.0,0.975,1.0,0.9512195121951219,41.0,0.9933774834437086,0.9868421052631579,1.0,225.0,1.0,1.0,1.0,90.0,0.9863013698630138,0.972972972972973,1.0,36.0,1.0,1.0,1.0,77.0,0.9879518072289156,0.9761904761904762,1.0,41.0,0.9941176470588234,0.9883040935672515,1.0,338.0,0.9852941176470589,0.9852941176470589,0.9852941176470589,68.0,1.0,1.0,1.0,122.0,0.9863013698630138,0.972972972972973,1.0,36.0,0.9903846153846154,0.9903846153846154,0.9903846153846154,104.0,0.9919999999999999,1.0,0.9841269841269841,63.0,0.9889502762430938,0.9835164835164835,0.9944444444444445,180.0,0.9473684210526316,0.9818181818181818,0.9152542372881356,59.0,0.9152542372881356,1.0,0.84375,32.0,0.9873015873015873,0.9749216300940439,1.0,311.0,0.9772727272727273,1.0,0.9555555555555556,45.0,0.9929411764705881,0.9906103286384976,0.9952830188679245,212.0,0.98989898989899,1.0,0.98,50.0,1.0,1.0,1.0,36.0,0.9620253164556963,1.0,0.926829268292683,41.0,0.9966442953020134,0.9933110367892977,1.0,297.0,0.9911190053285969,1.0,0.9823943661971831,284.0,0.9927007299270074,0.9855072463768116,1.0,68.0,0.9929742388758782,0.986046511627907,1.0,212.0,0.9976470588235293,0.9953051643192489,1.0,212.0,0.9932584269662922,0.9866071428571429,1.0,221.0
12,0.1840607225894928,0.9925788640975952,0.1820111721754074,0.9895004034042358,0.9693594714082864,0.9673770605956273,0.0003000000142492354,122.70823433302576,27489.0,224.01919601740693,0.9841269841269841,1.0,0.96875,32.0,0.9950576606260296,0.9901639344262295,1.0,302.0,0.9949494949494949,0.9949494949494949,0.9949494949494949,198.0,0.9952456418383518,0.9936708860759493,0.9968253968253968,315.0,0.9969135802469136,0.9969135802469136,0.9969135802469136,324.0,1.0,1.0,1.0,122.0,0.9893617021276596,1.0,0.9789473684210527,95.0,1.0,1.0,1.0,68.0,1.0,1.0,1.0,167.0,0.9944134078212291,1.0,0.9888888888888889,180.0,0.17142857142857143,1.0,0.09375,32.0,0.9939577039274925,1.0,0.987987987987988,333.0,0.9074074074074074,0.8448275862068966,0.98,50.0,0.823529411764706,0.7101449275362319,0.98,50.0,1.0,1.0,1.0,59.0,0.9871794871794872,0.9746835443037974,1.0,77.0,1.0,1.0,1.0,41.0,0.9977827050997783,0.995575221238938,1.0,225.0,1.0,1.0,1.0,90.0,0.9863013698630138,0.972972972972973,1.0,36.0,1.0,1.0,1.0,77.0,0.9879518072289156,0.9761904761904762,1.0,41.0,0.9955817378497791,0.9912023460410557,1.0,338.0,0.9852941176470589,0.9852941176470589,0.9852941176470589,68.0,1.0,1.0,1.0,122.0,1.0,1.0,1.0,36.0,0.9903846153846154,0.9903846153846154,0.9903846153846154,104.0,0.9919999999999999,1.0,0.9841269841269841,63.0,0.9889502762430938,0.9835164835164835,0.9944444444444445,180.0,0.9661016949152542,0.9661016949152542,0.9661016949152542,59.0,0.9508196721311475,1.0,0.90625,32.0,0.9904458598726115,0.9810725552050473,1.0,311.0,0.9772727272727273,1.0,0.9555555555555556,45.0,0.9976359338061466,1.0,0.9952830188679245,212.0,0.98989898989899,1.0,0.98,50.0,1.0,1.0,1.0,36.0,0.9876543209876543,1.0,0.975609756097561,41.0,1.0,1.0,1.0,297.0,0.9911190053285969,1.0,0.9823943661971831,284.0,1.0,1.0,1.0,68.0,0.9953051643192489,0.9906542056074766,1.0,212.0,0.9976470588235293,0.9953051643192489,1.0,212.0,0.9954954954954954,0.9910313901345291,1.0,221.0
13,0.1480964571237564,0.9945068955421448,0.15042348206043243,0.9913632273674011,0.9779707044052149,0.978847645018142,0.0003000000142492354,122.82529675000114,27489.0,223.80568765041264,1.0,1.0,1.0,32.0,0.993421052631579,0.9869281045751634,1.0,302.0,0.9949494949494949,0.9949494949494949,0.9949494949494949,198.0,0.9952456418383518,0.9936708860759493,0.9968253968253968,315.0,0.9969135802469136,0.9969135802469136,0.9969135802469136,324.0,1.0,1.0,1.0,122.0,0.9893617021276596,1.0,0.9789473684210527,95.0,1.0,1.0,1.0,68.0,1.0,1.0,1.0,167.0,0.9944134078212291,1.0,0.9888888888888889,180.0,0.5454545454545454,1.0,0.375,32.0,0.9939577039274925,1.0,0.987987987987988,333.0,0.9074074074074074,0.8448275862068966,0.98,50.0,0.890909090909091,0.8166666666666667,0.98,50.0,1.0,1.0,1.0,59.0,0.9871794871794872,0.9746835443037974,1.0,77.0,1.0,1.0,1.0,41.0,0.9977827050997783,0.995575221238938,1.0,225.0,1.0,1.0,1.0,90.0,0.9863013698630138,0.972972972972973,1.0,36.0,1.0,1.0,1.0,77.0,0.9879518072289156,0.9761904761904762,1.0,41.0,0.9955817378497791,0.9912023460410557,1.0,338.0,0.9852941176470589,0.9852941176470589,0.9852941176470589,68.0,1.0,1.0,1.0,122.0,1.0,1.0,1.0,36.0,0.9903846153846154,0.9903846153846154,0.9903846153846154,104.0,0.9919999999999999,1.0,0.9841269841269841,63.0,0.9916897506925207,0.988950276243094,0.9944444444444445,180.0,0.9661016949152542,0.9661016949152542,0.9661016949152542,59.0,0.9841269841269841,1.0,0.96875,32.0,0.9920255183413079,0.9841772151898734,1.0,311.0,0.9772727272727273,1.0,0.9555555555555556,45.0,0.9952606635071091,1.0,0.9905660377358491,212.0,0.98989898989899,1.0,0.98,50.0,1.0,1.0,1.0,36.0,0.9876543209876543,1.0,0.975609756097561,41.0,1.0,1.0,1.0,297.0,0.9911190053285969,1.0,0.9823943661971831,284.0,1.0,1.0,1.0,68.0,0.9976470588235293,0.9953051643192489,1.0,212.0,0.9976470588235293,0.9953051643192489,1.0,212.0,0.9954954954954954,0.9910313901345291,1.0,221.0
14,0.12014039605855942,0.9970533847808838,0.1256479173898697,0.9930567145347595,0.9843261425654302,0.9851813042411417,0.0003000000142492354,122.75964870903408,27489.0,223.92537196937286,1.0,1.0,1.0,32.0,0.993421052631579,0.9869281045751634,1.0,302.0,0.9949494949494949,0.9949494949494949,0.9949494949494949,198.0,0.9952456418383518,0.9936708860759493,0.9968253968253968,315.0,0.9969135802469136,0.9969135802469136,0.9969135802469136,324.0,1.0,1.0,1.0,122.0,0.9893617021276596,1.0,0.9789473684210527,95.0,1.0,1.0,1.0,68.0,1.0,1.0,1.0,167.0,0.9944134078212291,1.0,0.9888888888888889,180.0,0.6938775510204082,1.0,0.53125,32.0,0.9939577039274925,1.0,0.987987987987988,333.0,0.9245283018867924,0.875,0.98,50.0,0.9158878504672898,0.8596491228070176,0.98,50.0,1.0,1.0,1.0,59.0,0.9871794871794872,0.9746835443037974,1.0,77.0,1.0,1.0,1.0,41.0,0.9977827050997783,0.995575221238938,1.0,225.0,1.0,1.0,1.0,90.0,0.9863013698630138,0.972972972972973,1.0,36.0,1.0,1.0,1.0,77.0,0.9879518072289156,0.9761904761904762,1.0,41.0,0.9955817378497791,0.9912023460410557,1.0,338.0,0.9852941176470589,0.9852941176470589,0.9852941176470589,68.0,1.0,1.0,1.0,122.0,1.0,1.0,1.0,36.0,0.9903846153846154,0.9903846153846154,0.9903846153846154,104.0,0.9919999999999999,1.0,0.9841269841269841,63.0,0.9916897506925207,0.988950276243094,0.9944444444444445,180.0,0.9914529914529915,1.0,0.9830508474576272,59.0,1.0,1.0,1.0,32.0,0.9952,0.9904458598726115,1.0,311.0,1.0,1.0,1.0,45.0,0.9952606635071091,1.0,0.9905660377358491,212.0,0.98989898989899,1.0,0.98,50.0,1.0,1.0,1.0,36.0,1.0,1.0,1.0,41.0,1.0,1.0,1.0,297.0,0.9911190053285969,1.0,0.9823943661971831,284.0,1.0,1.0,1.0,68.0,1.0,1.0,1.0,212.0,0.9976470588235293,0.9953051643192489,1.0,212.0,0.9954954954954954,0.9910313901345291,1.0,221.0
15,0.09796139597892761,0.9982538223266602,0.10585052520036697,0.994580864906311,0.9909190093140217,0.9916586340807502,0.0003000000142492354,122.68908916699002,27489.0,224.05415336147124,1.0,1.0,1.0,32.0,0.993421052631579,0.9869281045751634,1.0,302.0,0.9949494949494949,0.9949494949494949,0.9949494949494949,198.0,0.9952456418383518,0.9936708860759493,0.9968253968253968,315.0,0.9969135802469136,0.9969135802469136,0.9969135802469136,324.0,1.0,1.0,1.0,122.0,0.9893617021276596,1.0,0.9789473684210527,95.0,1.0,1.0,1.0,68.0,1.0,1.0,1.0,167.0,0.9944134078212291,1.0,0.9888888888888889,180.0,0.8813559322033898,0.9629629629629629,0.8125,32.0,0.9939577039274925,1.0,0.987987987987988,333.0,0.9607843137254902,0.9423076923076923,0.98,50.0,0.9702970297029702,0.9607843137254902,0.98,50.0,1.0,1.0,1.0,59.0,0.9871794871794872,0.9746835443037974,1.0,77.0,1.0,1.0,1.0,41.0,0.9977827050997783,0.995575221238938,1.0,225.0,1.0,1.0,1.0,90.0,0.9863013698630138,0.972972972972973,1.0,36.0,1.0,1.0,1.0,77.0,0.9879518072289156,0.9761904761904762,1.0,41.0,0.9955817378497791,0.9912023460410557,1.0,338.0,0.9852941176470589,0.9852941176470589,0.9852941176470589,68.0,1.0,1.0,1.0,122.0,1.0,1.0,1.0,36.0,0.9903846153846154,0.9903846153846154,0.9903846153846154,104.0,0.9919999999999999,1.0,0.9841269841269841,63.0,0.9916897506925207,0.988950276243094,0.9944444444444445,180.0,1.0,1.0,1.0,59.0,1.0,1.0,1.0,32.0,0.9967948717948718,0.9936102236421726,1.0,311.0,1.0,1.0,1.0,45.0,0.9929078014184397,0.995260663507109,0.9905660377358491,212.0,0.98989898989899,1.0,0.98,50.0,1.0,1.0,1.0,36.0,1.0,1.0,1.0,41.0,1.0,1.0,1.0,297.0,0.9911190053285969,1.0,0.9823943661971831,284.0,0.9925925925925926,1.0,0.9852941176470589,68.0,1.0,1.0,1.0,212.0,0.9976470588235293,0.9953051643192489,1.0,212.0,0.9954954954954954,0.9910313901345291,1.0,221.0
16,0.0804213285446167,0.9988722801208496,0.08987566083669662,0.9949195384979248,0.9912484786175954,0.9919195729405176,0.0003000000142492354,122.74306666699704,27489.0,223.95562329054306,1.0,1.0,1.0,32.0,0.993421052631579,0.9869281045751634,1.0,302.0,0.9974683544303797,1.0,0.9949494949494949,198.0,0.9968253968253968,0.9968253968253968,0.9968253968253968,315.0,0.9969135802469136,0.9969135802469136,0.9969135802469136,324.0,1.0,1.0,1.0,122.0,0.9893617021276596,1.0,0.9789473684210527,95.0,1.0,1.0,1.0,68.0,1.0,1.0,1.0,167.0,0.9944134078212291,1.0,0.9888888888888889,180.0,0.896551724137931,1.0,0.8125,32.0,0.9939577039274925,1.0,0.987987987987988,333.0,0.9423076923076924,0.9074074074074074,0.98,50.0,0.98,0.98,0.98,50.0,1.0,1.0,1.0,59.0,0.9871794871794872,0.9746835443037974,1.0,77.0,1.0,1.0,1.0,41.0,0.9977827050997783,0.995575221238938,1.0,225.0,1.0,1.0,1.0,90.0,0.9863013698630138,0.972972972972973,1.0,36.0,1.0,1.0,1.0,77.0,0.9879518072289156,0.9761904761904762,1.0,41.0,0.9970501474926253,0.9941176470588236,1.0,338.0,0.9852941176470589,0.9852941176470589,0.9852941176470589,68.0,1.0,1.0,1.0,122.0,1.0,1.0,1.0,36.0,0.9855072463768114,0.9902912621359223,0.9807692307692307,104.0,0.9841269841269841,0.9841269841269841,0.9841269841269841,63.0,0.994475138121547,0.989010989010989,1.0,180.0,1.0,1.0,1.0,59.0,1.0,1.0,1.0,32.0,0.9967948717948718,0.9936102236421726,1.0,311.0,1.0,1.0,1.0,45.0,0.9929078014184397,0.995260663507109,0.9905660377358491,212.0,0.98989898989899,1.0,0.98,50.0,1.0,1.0,1.0,36.0,1.0,1.0,1.0,41.0,1.0,1.0,1.0,297.0,0.9929078014184397,1.0,0.9859154929577465,284.0,1.0,1.0,1.0,68.0,1.0,1.0,1.0,212.0,0.9976470588235293,0.9953051643192489,1.0,212.0,0.9954954954954954,0.9910313901345291,1.0,221.0
17,0.06638932973146439,0.9991996884346008,0.0771913155913353,0.9952582716941833,0.99338771755922,0.9934199166733048,0.0003000000142492354,122.7113385410048,27489.0,224.01352904168974,1.0,1.0,1.0,32.0,0.993421052631579,0.9869281045751634,1.0,302.0,0.9974683544303797,1.0,0.9949494949494949,198.0,0.9952456418383518,0.9936708860759493,0.9968253968253968,315.0,0.9969135802469136,0.9969135802469136,0.9969135802469136,324.0,1.0,1.0,1.0,122.0,0.9893617021276596,1.0,0.9789473684210527,95.0,1.0,1.0,1.0,68.0,1.0,1.0,1.0,167.0,0.9944134078212291,1.0,0.9888888888888889,180.0,0.9354838709677419,0.9666666666666667,0.90625,32.0,0.9939577039274925,1.0,0.987987987987988,333.0,0.9702970297029702,0.9607843137254902,0.98,50.0,0.98989898989899,1.0,0.98,50.0,1.0,1.0,1.0,59.0,0.9871794871794872,0.9746835443037974,1.0,77.0,0.9879518072289156,0.9761904761904762,1.0,41.0,1.0,1.0,1.0,225.0,1.0,1.0,1.0,90.0,0.9863013698630138,0.972972972972973,1.0,36.0,1.0,1.0,1.0,77.0,0.9879518072289156,0.9761904761904762,1.0,41.0,0.9955686853766617,0.9941002949852508,0.9970414201183432,338.0,0.9852941176470589,0.9852941176470589,0.9852941176470589,68.0,1.0,1.0,1.0,122.0,1.0,1.0,1.0,36.0,0.9855072463768114,0.9902912621359223,0.9807692307692307,104.0,0.9841269841269841,0.9841269841269841,0.9841269841269841,63.0,0.994475138121547,0.989010989010989,1.0,180.0,1.0,1.0,1.0,59.0,1.0,1.0,1.0,32.0,0.9967948717948718,0.9936102236421726,1.0,311.0,1.0,1.0,1.0,45.0,0.9952830188679245,0.9952830188679245,0.9952830188679245,212.0,0.98989898989899,1.0,0.98,50.0,1.0,1.0,1.0,36.0,1.0,1.0,1.0,41.0,1.0,1.0,1.0,297.0,0.9911190053285969,1.0,0.9823943661971831,284.0,1.0,1.0,1.0,68.0,1.0,1.0,1.0,212.0,0.9976470588235293,0.9953051643192489,1.0,212.0,0.9954954954954954,0.9910313901345291,1.0,221.0
18,0.05513705313205719,0.9994179606437683,0.06748852878808975,0.9952582716941833,0.9933662450549435,0.9929792130348143,0.0003000000142492354,122.73424958297983,27489.0,223.9717119988978,1.0,1.0,1.0,32.0,0.993421052631579,0.9869281045751634,1.0,302.0,0.9974683544303797,1.0,0.9949494949494949,198.0,0.9968253968253968,0.9968253968253968,0.9968253968253968,315.0,0.9984544049459042,1.0,0.9969135802469136,324.0,1.0,1.0,1.0,122.0,0.9893617021276596,1.0,0.9789473684210527,95.0,1.0,1.0,1.0,68.0,1.0,1.0,1.0,167.0,0.9944134078212291,1.0,0.9888888888888889,180.0,0.9354838709677419,0.9666666666666667,0.90625,32.0,0.9939577039274925,1.0,0.987987987987988,333.0,0.9702970297029702,0.9607843137254902,0.98,50.0,0.98989898989899,1.0,0.98,50.0,1.0,1.0,1.0,59.0,0.9871794871794872,0.9746835443037974,1.0,77.0,0.9879518072289156,0.9761904761904762,1.0,41.0,0.9977728285077951,1.0,0.9955555555555555,225.0,1.0,1.0,1.0,90.0,0.9863013698630138,0.972972972972973,1.0,36.0,1.0,1.0,1.0,77.0,0.9879518072289156,0.9761904761904762,1.0,41.0,0.9955686853766617,0.9941002949852508,0.9970414201183432,338.0,0.9781021897810219,0.9710144927536232,0.9852941176470589,68.0,1.0,1.0,1.0,122.0,0.9863013698630138,0.972972972972973,1.0,36.0,0.9855072463768114,0.9902912621359223,0.9807692307692307,104.0,0.9841269841269841,0.9841269841269841,0.9841269841269841,63.0,0.994475138121547,0.989010989010989,1.0,180.0,1.0,1.0,1.0,59.0,1.0,1.0,1.0,32.0,0.9983948635634029,0.9967948717948718,1.0,311.0,1.0,1.0,1.0,45.0,0.9952830188679245,0.9952830188679245,0.9952830188679245,212.0,0.98989898989899,1.0,0.98,50.0,1.0,1.0,1.0,36.0,1.0,1.0,1.0,41.0,1.0,1.0,1.0,297.0,0.9929078014184397,1.0,0.9859154929577465,284.0,1.0,1.0,1.0,68.0,1.0,1.0,1.0,212.0,0.9953051643192489,0.9906542056074766,1.0,212.0,0.9954954954954954,0.9910313901345291,1.0,221.0
19,0.046268876641988754,0.999527096748352,0.05911612510681152,0.995766282081604,0.9945402164324034,0.9940775704808121,0.0003000000142492354,122.80365933297435,27489.0,223.84512114142558,1.0,1.0,1.0,32.0,0.993421052631579,0.9869281045751634,1.0,302.0,0.9974683544303797,1.0,0.9949494949494949,198.0,0.9968253968253968,0.9968253968253968,0.9968253968253968,315.0,0.9969135802469136,0.9969135802469136,0.9969135802469136,324.0,1.0,1.0,1.0,122.0,0.9893617021276596,1.0,0.9789473684210527,95.0,1.0,1.0,1.0,68.0,1.0,1.0,1.0,167.0,0.9944134078212291,1.0,0.9888888888888889,180.0,0.9523809523809523,0.967741935483871,0.9375,32.0,0.9939577039274925,1.0,0.987987987987988,333.0,0.98,0.98,0.98,50.0,0.98989898989899,1.0,0.98,50.0,1.0,1.0,1.0,59.0,0.9871794871794872,0.9746835443037974,1.0,77.0,0.9879518072289156,0.9761904761904762,1.0,41.0,0.9977728285077951,1.0,0.9955555555555555,225.0,1.0,1.0,1.0,90.0,0.9863013698630138,0.972972972972973,1.0,36.0,1.0,1.0,1.0,77.0,0.9879518072289156,0.9761904761904762,1.0,41.0,0.9955686853766617,0.9941002949852508,0.9970414201183432,338.0,0.9781021897810219,0.9710144927536232,0.9852941176470589,68.0,1.0,1.0,1.0,122.0,0.9863013698630138,0.972972972972973,1.0,36.0,0.9952153110047847,0.9904761904761905,1.0,104.0,0.9919999999999999,1.0,0.9841269841269841,63.0,0.994475138121547,0.989010989010989,1.0,180.0,1.0,1.0,1.0,59.0,1.0,1.0,1.0,32.0,0.9983948635634029,0.9967948717948718,1.0,311.0,1.0,1.0,1.0,45.0,0.9952830188679245,0.9952830188679245,0.9952830188679245,212.0,0.98989898989899,1.0,0.98,50.0,1.0,1.0,1.0,36.0,1.0,1.0,1.0,41.0,1.0,1.0,1.0,297.0,0.9929078014184397,1.0,0.9859154929577465,284.0,1.0,1.0,1.0,68.0,1.0,1.0,1.0,212.0,0.9976470588235293,0.9953051643192489,1.0,212.0,0.9977426636568849,0.9954954954954955,1.0,221.0
20,0.03931770101189613,0.999527096748352,0.05292576551437378,0.9955969452857971,0.9944322019119042,0.9937659654556079,0.0003000000142492354,122.80033150000963,27489.0,223.85118724209505,1.0,1.0,1.0,32.0,0.993421052631579,0.9869281045751634,1.0,302.0,0.9974683544303797,1.0,0.9949494949494949,198.0,0.9984101748807631,1.0,0.9968253968253968,315.0,0.9969135802469136,0.9969135802469136,0.9969135802469136,324.0,1.0,1.0,1.0,122.0,0.9947089947089947,1.0,0.9894736842105263,95.0,1.0,1.0,1.0,68.0,1.0,1.0,1.0,167.0,0.9915966386554621,1.0,0.9833333333333333,180.0,0.9523809523809523,0.967741935483871,0.9375,32.0,0.9939577039274925,1.0,0.987987987987988,333.0,0.98,0.98,0.98,50.0,0.98989898989899,1.0,0.98,50.0,1.0,1.0,1.0,59.0,0.9746835443037974,0.9506172839506173,1.0,77.0,1.0,1.0,1.0,41.0,0.9977728285077951,1.0,0.9955555555555555,225.0,0.994475138121547,0.989010989010989,1.0,90.0,0.972972972972973,0.9473684210526315,1.0,36.0,1.0,1.0,1.0,77.0,0.9879518072289156,0.9761904761904762,1.0,41.0,0.9955686853766617,0.9941002949852508,0.9970414201183432,338.0,0.9925925925925926,1.0,0.9852941176470589,68.0,1.0,1.0,1.0,122.0,0.9863013698630138,0.972972972972973,1.0,36.0,0.9903846153846154,0.9903846153846154,0.9903846153846154,104.0,0.9841269841269841,0.9841269841269841,0.9841269841269841,63.0,0.994475138121547,0.989010989010989,1.0,180.0,1.0,1.0,1.0,59.0,1.0,1.0,1.0,32.0,0.9983948635634029,0.9967948717948718,1.0,311.0,1.0,1.0,1.0,45.0,0.9952830188679245,0.9952830188679245,0.9952830188679245,212.0,0.98989898989899,1.0,0.98,50.0,1.0,1.0,1.0,36.0,1.0,1.0,1.0,41.0,1.0,1.0,1.0,297.0,0.9929078014184397,1.0,0.9859154929577465,284.0,1.0,1.0,1.0,68.0,1.0,1.0,1.0,212.0,0.9976470588235293,0.9953051643192489,1.0,212.0,0.9977426636568849,0.9954954954954955,1.0,221.0
21,0.03377669304609299,0.999599814414978,0.04732934385538101,0.995766282081604,0.9951589460979506,0.9945635975868582,0.0003000000142492354,123.44920341699617,27489.0,222.6745838703029,1.0,1.0,1.0,32.0,0.993421052631579,0.9869281045751634,1.0,302.0,0.9974683544303797,1.0,0.9949494949494949,198.0,0.9984101748807631,1.0,0.9968253968253968,315.0,0.9969135802469136,0.9969135802469136,0.9969135802469136,324.0,1.0,1.0,1.0,122.0,0.9947089947089947,1.0,0.9894736842105263,95.0,1.0,1.0,1.0,68.0,1.0,1.0,1.0,167.0,0.9915966386554621,1.0,0.9833333333333333,180.0,0.96875,0.96875,0.96875,32.0,0.9939577039274925,1.0,0.987987987987988,333.0,0.98,0.98,0.98,50.0,0.98989898989899,1.0,0.98,50.0,1.0,1.0,1.0,59.0,0.9871794871794872,0.9746835443037974,1.0,77.0,0.9879518072289156,0.9761904761904762,1.0,41.0,0.9977728285077951,1.0,0.9955555555555555,225.0,0.994475138121547,0.989010989010989,1.0,90.0,0.9863013698630138,0.972972972972973,1.0,36.0,1.0,1.0,1.0,77.0,0.9879518072289156,0.9761904761904762,1.0,41.0,0.9955686853766617,0.9941002949852508,0.9970414201183432,338.0,0.9852941176470589,0.9852941176470589,0.9852941176470589,68.0,1.0,1.0,1.0,122.0,1.0,1.0,1.0,36.0,0.9903846153846154,0.9903846153846154,0.9903846153846154,104.0,0.9841269841269841,0.9841269841269841,0.9841269841269841,63.0,0.994475138121547,0.989010989010989,1.0,180.0,1.0,1.0,1.0,59.0,1.0,1.0,1.0,32.0,0.9983948635634029,0.9967948717948718,1.0,311.0,1.0,1.0,1.0,45.0,0.9952830188679245,0.9952830188679245,0.9952830188679245,212.0,0.98989898989899,1.0,0.98,50.0,1.0,1.0,1.0,36.0,1.0,1.0,1.0,41.0,1.0,1.0,1.0,297.0,0.9929078014184397,1.0,0.9859154929577465,284.0,1.0,1.0,1.0,68.0,1.0,1.0,1.0,212.0,0.9976470588235293,0.9953051643192489,1.0,212.0,0.9954954954954954,0.9910313901345291,1.0,221.0
22,0.029214654117822647,0.9997089505195618,0.043053314089775085,0.9959356188774109,0.995288145064359,0.9947384488216364,0.0003000000142492354,122.84342333301902,27489.0,223.7726632339075,1.0,1.0,1.0,32.0,0.993421052631579,0.9869281045751634,1.0,302.0,0.9974683544303797,1.0,0.9949494949494949,198.0,0.9984101748807631,1.0,0.9968253968253968,315.0,0.9969135802469136,0.9969135802469136,0.9969135802469136,324.0,1.0,1.0,1.0,122.0,0.9947089947089947,1.0,0.9894736842105263,95.0,1.0,1.0,1.0,68.0,1.0,1.0,1.0,167.0,0.9944134078212291,1.0,0.9888888888888889,180.0,0.96875,0.96875,0.96875,32.0,0.9939577039274925,1.0,0.987987987987988,333.0,0.98,0.98,0.98,50.0,0.98989898989899,1.0,0.98,50.0,1.0,1.0,1.0,59.0,0.9935483870967742,0.9871794871794872,1.0,77.0,0.9879518072289156,0.9761904761904762,1.0,41.0,0.9977728285077951,1.0,0.9955555555555555,225.0,1.0,1.0,1.0,90.0,0.9863013698630138,0.972972972972973,1.0,36.0,1.0,1.0,1.0,77.0,0.9879518072289156,0.9761904761904762,1.0,41.0,0.9955686853766617,0.9941002949852508,0.9970414201183432,338.0,0.9781021897810219,0.9710144927536232,0.9852941176470589,68.0,1.0,1.0,1.0,122.0,1.0,1.0,1.0,36.0,0.9903846153846154,0.9903846153846154,0.9903846153846154,104.0,0.9841269841269841,0.9841269841269841,0.9841269841269841,63.0,0.994475138121547,0.989010989010989,1.0,180.0,1.0,1.0,1.0,59.0,1.0,1.0,1.0,32.0,0.9983948635634029,0.9967948717948718,1.0,311.0,1.0,1.0,1.0,45.0,0.9952830188679245,0.9952830188679245,0.9952830188679245,212.0,0.98989898989899,1.0,0.98,50.0,1.0,1.0,1.0,36.0,1.0,1.0,1.0,41.0,1.0,1.0,1.0,297.0,0.9929078014184397,1.0,0.9859154929577465,284.0,1.0,1.0,1.0,68.0,1.0,1.0,1.0,212.0,0.9976470588235293,0.9953051643192489,1.0,212.0,0.9954954954954954,0.9910313901345291,1.0,221.0
23,0.025499220937490463,0.9997089505195618,0.03973526880145073,0.9959356188774109,0.9954298719912151,0.9950401927505222,0.0003000000142492354,122.70041866600513,27489.0,224.0334654018258,1.0,1.0,1.0,32.0,0.993421052631579,0.9869281045751634,1.0,302.0,0.9974683544303797,1.0,0.9949494949494949,198.0,0.9968253968253968,0.9968253968253968,0.9968253968253968,315.0,0.9969135802469136,0.9969135802469136,0.9969135802469136,324.0,1.0,1.0,1.0,122.0,0.9947089947089947,1.0,0.9894736842105263,95.0,1.0,1.0,1.0,68.0,1.0,1.0,1.0,167.0,0.9944134078212291,1.0,0.9888888888888889,180.0,0.96875,0.96875,0.96875,32.0,0.9939577039274925,1.0,0.987987987987988,333.0,0.98,0.98,0.98,50.0,0.98989898989899,1.0,0.98,50.0,1.0,1.0,1.0,59.0,0.9871794871794872,0.9746835443037974,1.0,77.0,0.9761904761904763,0.9534883720930233,1.0,41.0,0.9977728285077951,1.0,0.9955555555555555,225.0,1.0,1.0,1.0,90.0,1.0,1.0,1.0,36.0,1.0,1.0,1.0,77.0,0.9879518072289156,0.9761904761904762,1.0,41.0,0.9941002949852508,0.9911764705882353,0.9970414201183432,338.0,0.9852941176470589,0.9852941176470589,0.9852941176470589,68.0,1.0,1.0,1.0,122.0,1.0,1.0,1.0,36.0,0.9952153110047847,0.9904761904761905,1.0,104.0,0.9919999999999999,1.0,0.9841269841269841,63.0,0.994475138121547,0.989010989010989,1.0,180.0,1.0,1.0,1.0,59.0,1.0,1.0,1.0,32.0,0.9983948635634029,0.9967948717948718,1.0,311.0,1.0,1.0,1.0,45.0,0.9976359338061466,1.0,0.9952830188679245,212.0,0.98989898989899,1.0,0.98,50.0,1.0,1.0,1.0,36.0,1.0,1.0,1.0,41.0,1.0,1.0,1.0,297.0,0.9911190053285969,1.0,0.9823943661971831,284.0,1.0,1.0,1.0,68.0,1.0,1.0,1.0,212.0,0.9976470588235293,0.9953051643192489,1.0,212.0,0.9954954954954954,0.9910313901345291,1.0,221.0
24,0.022376716136932373,0.9997453689575195,0.03647442162036896,0.9961050152778625,0.9955117586600655,0.9947804437253258,0.0003000000142492354,122.72454858297715,27489.0,223.989416277331,1.0,1.0,1.0,32.0,0.993421052631579,0.9869281045751634,1.0,302.0,0.9974683544303797,1.0,0.9949494949494949,198.0,0.9984101748807631,1.0,0.9968253968253968,315.0,0.9969135802469136,0.9969135802469136,0.9969135802469136,324.0,1.0,1.0,1.0,122.0,0.9947089947089947,1.0,0.9894736842105263,95.0,1.0,1.0,1.0,68.0,1.0,1.0,1.0,167.0,0.9944134078212291,1.0,0.9888888888888889,180.0,0.96875,0.96875,0.96875,32.0,0.9939577039274925,1.0,0.987987987987988,333.0,0.98,0.98,0.98,50.0,0.98989898989899,1.0,0.98,50.0,1.0,1.0,1.0,59.0,0.980891719745223,0.9625,1.0,77.0,1.0,1.0,1.0,41.0,0.9977728285077951,1.0,0.9955555555555555,225.0,1.0,1.0,1.0,90.0,0.972972972972973,0.9473684210526315,1.0,36.0,1.0,1.0,1.0,77.0,0.9879518072289156,0.9761904761904762,1.0,41.0,0.9955686853766617,0.9941002949852508,0.9970414201183432,338.0,0.9925925925925926,1.0,0.9852941176470589,68.0,1.0,1.0,1.0,122.0,0.9863013698630138,0.972972972972973,1.0,36.0,0.9952153110047847,0.9904761904761905,1.0,104.0,0.9919999999999999,1.0,0.9841269841269841,63.0,0.994475138121547,0.989010989010989,1.0,180.0,1.0,1.0,1.0,59.0,1.0,1.0,1.0,32.0,0.9983948635634029,0.9967948717948718,1.0,311.0,1.0,1.0,1.0,45.0,0.9952830188679245,0.9952830188679245,0.9952830188679245,212.0,0.98989898989899,1.0,0.98,50.0,1.0,1.0,1.0,36.0,1.0,1.0,1.0,41.0,1.0,1.0,1.0,297.0,0.9929078014184397,1.0,0.9859154929577465,284.0,1.0,1.0,1.0,68.0,1.0,1.0,1.0,212.0,0.9976470588235293,0.9953051643192489,1.0,212.0,0.9977426636568849,0.9954954954954955,1.0,221.0
25,0.019733907654881477,0.9998545050621033,0.0340891107916832,0.995766282081604,0.9951589460979506,0.9946086510542662,0.0003000000142492354,122.73227220802801,27489.0,223.97532047159413,1.0,1.0,1.0,32.0,0.993421052631579,0.9869281045751634,1.0,302.0,0.9974683544303797,1.0,0.9949494949494949,198.0,0.9984101748807631,1.0,0.9968253968253968,315.0,0.9969135802469136,0.9969135802469136,0.9969135802469136,324.0,1.0,1.0,1.0,122.0,0.9947089947089947,1.0,0.9894736842105263,95.0,1.0,1.0,1.0,68.0,1.0,1.0,1.0,167.0,0.9915966386554621,1.0,0.9833333333333333,180.0,0.96875,0.96875,0.96875,32.0,0.9939577039274925,1.0,0.987987987987988,333.0,0.98,0.98,0.98,50.0,0.98989898989899,1.0,0.98,50.0,1.0,1.0,1.0,59.0,0.9871794871794872,0.9746835443037974,1.0,77.0,0.9761904761904763,0.9534883720930233,1.0,41.0,0.9977728285077951,1.0,0.9955555555555555,225.0,0.994475138121547,0.989010989010989,1.0,90.0,1.0,1.0,1.0,36.0,1.0,1.0,1.0,77.0,0.9879518072289156,0.9761904761904762,1.0,41.0,0.9955686853766617,0.9941002949852508,0.9970414201183432,338.0,0.9852941176470589,0.9852941176470589,0.9852941176470589,68.0,1.0,1.0,1.0,122.0,1.0,1.0,1.0,36.0,0.9903846153846154,0.9903846153846154,0.9903846153846154,104.0,0.9841269841269841,0.9841269841269841,0.9841269841269841,63.0,0.994475138121547,0.989010989010989,1.0,180.0,1.0,1.0,1.0,59.0,1.0,1.0,1.0,32.0,0.9983948635634029,0.9967948717948718,1.0,311.0,1.0,1.0,1.0,45.0,0.9952830188679245,0.9952830188679245,0.9952830188679245,212.0,0.98989898989899,1.0,0.98,50.0,1.0,1.0,1.0,36.0,1.0,1.0,1.0,41.0,1.0,1.0,1.0,297.0,0.9929078014184397,1.0,0.9859154929577465,284.0,1.0,1.0,1.0,68.0,1.0,1.0,1.0,212.0,0.9976470588235293,0.9953051643192489,1.0,212.0,0.9954954954954954,0.9910313901345291,1.0,221.0
26,0.017485706135630608,0.9998545050621033,0.0318165123462677,0.9961050152778625,0.9956572849683826,0.9950999324010149,0.0003000000142492354,122.64512541599106,27489.0,224.13446850628645,1.0,1.0,1.0,32.0,0.993421052631579,0.9869281045751634,1.0,302.0,0.9974683544303797,1.0,0.9949494949494949,198.0,0.9984101748807631,1.0,0.9968253968253968,315.0,0.9969135802469136,0.9969135802469136,0.9969135802469136,324.0,1.0,1.0,1.0,122.0,0.9947089947089947,1.0,0.9894736842105263,95.0,1.0,1.0,1.0,68.0,1.0,1.0,1.0,167.0,0.9944134078212291,1.0,0.9888888888888889,180.0,0.96875,0.96875,0.96875,32.0,0.9939577039274925,1.0,0.987987987987988,333.0,0.98,0.98,0.98,50.0,0.98989898989899,1.0,0.98,50.0,1.0,1.0,1.0,59.0,0.9871794871794872,0.9746835443037974,1.0,77.0,0.9761904761904763,0.9534883720930233,1.0,41.0,0.9977728285077951,1.0,0.9955555555555555,225.0,1.0,1.0,1.0,90.0,1.0,1.0,1.0,36.0,1.0,1.0,1.0,77.0,0.9879518072289156,0.9761904761904762,1.0,41.0,0.9955686853766617,0.9941002949852508,0.9970414201183432,338.0,0.9852941176470589,0.9852941176470589,0.9852941176470589,68.0,1.0,1.0,1.0,122.0,1.0,1.0,1.0,36.0,0.9951690821256038,1.0,0.9903846153846154,104.0,0.9921259842519685,0.984375,1.0,63.0,0.994475138121547,0.989010989010989,1.0,180.0,1.0,1.0,1.0,59.0,1.0,1.0,1.0,32.0,0.9983948635634029,0.9967948717948718,1.0,311.0,1.0,1.0,1.0,45.0,0.9952830188679245,0.9952830188679245,0.9952830188679245,212.0,0.98989898989899,1.0,0.98,50.0,1.0,1.0,1.0,36.0,1.0,1.0,1.0,41.0,1.0,1.0,1.0,297.0,0.9929078014184397,1.0,0.9859154929577465,284.0,1.0,1.0,1.0,68.0,1.0,1.0,1.0,212.0,0.9976470588235293,0.9953051643192489,1.0,212.0,0.9954954954954954,0.9910313901345291,1.0,221.0
27,0.01557652186602354,0.9998908638954163,0.030228428542613983,0.9961050152778625,0.9954055986701847,0.9948742617445817,0.0003000000142492354,122.64981541602174,27489.0,224.12589783978683,1.0,1.0,1.0,32.0,0.993421052631579,0.9869281045751634,1.0,302.0,1.0,1.0,1.0,198.0,0.9984101748807631,1.0,0.9968253968253968,315.0,0.9969135802469136,0.9969135802469136,0.9969135802469136,324.0,1.0,1.0,1.0,122.0,0.9947089947089947,1.0,0.9894736842105263,95.0,1.0,1.0,1.0,68.0,1.0,1.0,1.0,167.0,0.9944134078212291,1.0,0.9888888888888889,180.0,0.96875,0.96875,0.96875,32.0,0.9939577039274925,1.0,0.987987987987988,333.0,0.98,0.98,0.98,50.0,0.98989898989899,1.0,0.98,50.0,1.0,1.0,1.0,59.0,0.980891719745223,0.9625,1.0,77.0,1.0,1.0,1.0,41.0,0.9977728285077951,1.0,0.9955555555555555,225.0,1.0,1.0,1.0,90.0,0.972972972972973,0.9473684210526315,1.0,36.0,1.0,1.0,1.0,77.0,0.9879518072289156,0.9761904761904762,1.0,41.0,0.9955686853766617,0.9941002949852508,0.9970414201183432,338.0,0.9925925925925926,1.0,0.9852941176470589,68.0,1.0,1.0,1.0,122.0,1.0,1.0,1.0,36.0,0.9903846153846154,0.9903846153846154,0.9903846153846154,104.0,0.9841269841269841,0.9841269841269841,0.9841269841269841,63.0,0.9972299168975068,0.994475138121547,1.0,180.0,1.0,1.0,1.0,59.0,1.0,1.0,1.0,32.0,0.9983948635634029,0.9967948717948718,1.0,311.0,1.0,1.0,1.0,45.0,0.9952830188679245,0.9952830188679245,0.9952830188679245,212.0,0.98989898989899,1.0,0.98,50.0,1.0,1.0,1.0,36.0,1.0,1.0,1.0,41.0,1.0,1.0,1.0,297.0,0.9929078014184397,1.0,0.9859154929577465,284.0,1.0,1.0,1.0,68.0,1.0,1.0,1.0,212.0,0.9976470588235293,0.9953051643192489,1.0,212.0,0.9954954954954954,0.9910313901345291,1.0,221.0
28,0.01386090088635683,0.9998545050621033,0.02852475643157959,0.9959356188774109,0.995288145064359,0.9948232128121971,0.0003000000142492354,122.67240170802688,27489.0,224.0846320546221,1.0,1.0,1.0,32.0,0.993421052631579,0.9869281045751634,1.0,302.0,0.9974683544303797,1.0,0.9949494949494949,198.0,0.9984101748807631,1.0,0.9968253968253968,315.0,0.9969135802469136,0.9969135802469136,0.9969135802469136,324.0,1.0,1.0,1.0,122.0,0.9947089947089947,1.0,0.9894736842105263,95.0,1.0,1.0,1.0,68.0,1.0,1.0,1.0,167.0,0.9944134078212291,1.0,0.9888888888888889,180.0,0.96875,0.96875,0.96875,32.0,0.9939577039274925,1.0,0.987987987987988,333.0,0.98,0.98,0.98,50.0,0.98989898989899,1.0,0.98,50.0,1.0,1.0,1.0,59.0,0.9871794871794872,0.9746835443037974,1.0,77.0,0.9761904761904763,0.9534883720930233,1.0,41.0,0.9977728285077951,1.0,0.9955555555555555,225.0,1.0,1.0,1.0,90.0,1.0,1.0,1.0,36.0,1.0,1.0,1.0,77.0,0.9879518072289156,0.9761904761904762,1.0,41.0,0.9941002949852508,0.9911764705882353,0.9970414201183432,338.0,0.9852941176470589,0.9852941176470589,0.9852941176470589,68.0,1.0,1.0,1.0,122.0,1.0,1.0,1.0,36.0,0.9903846153846154,0.9903846153846154,0.9903846153846154,104.0,0.9841269841269841,0.9841269841269841,0.9841269841269841,63.0,0.994475138121547,0.989010989010989,1.0,180.0,1.0,1.0,1.0,59.0,1.0,1.0,1.0,32.0,0.9983948635634029,0.9967948717948718,1.0,311.0,1.0,1.0,1.0,45.0,0.9976359338061466,1.0,0.9952830188679245,212.0,0.98989898989899,1.0,0.98,50.0,1.0,1.0,1.0,36.0,1.0,1.0,1.0,41.0,1.0,1.0,1.0,297.0,0.9929078014184397,1.0,0.9859154929577465,284.0,1.0,1.0,1.0,68.0,1.0,1.0,1.0,212.0,0.9976470588235293,0.9953051643192489,1.0,212.0,0.9954954954954954,0.9910313901345291,1.0,221.0
29,0.012380524538457394,0.9999272227287292,0.026829654350876808,0.9961050152778625,0.9956455396077999,0.9947924441037336,0.0003000000142492354,122.6773222089978,27489.0,224.07564417789203,1.0,1.0,1.0,32.0,0.9950576606260296,0.9901639344262295,1.0,302.0,1.0,1.0,1.0,198.0,0.9984101748807631,1.0,0.9968253968253968,315.0,0.9969135802469136,0.9969135802469136,0.9969135802469136,324.0,1.0,1.0,1.0,122.0,0.9947089947089947,1.0,0.9894736842105263,95.0,1.0,1.0,1.0,68.0,1.0,1.0,1.0,167.0,0.9915966386554621,1.0,0.9833333333333333,180.0,0.96875,0.96875,0.96875,32.0,0.9939577039274925,1.0,0.987987987987988,333.0,0.98,0.98,0.98,50.0,0.98989898989899,1.0,0.98,50.0,1.0,1.0,1.0,59.0,0.980891719745223,0.9625,1.0,77.0,0.9761904761904763,0.9534883720930233,1.0,41.0,0.9977728285077951,1.0,0.9955555555555555,225.0,0.994475138121547,0.989010989010989,1.0,90.0,1.0,1.0,1.0,36.0,1.0,1.0,1.0,77.0,0.9879518072289156,0.9761904761904762,1.0,41.0,0.9941002949852508,0.9911764705882353,0.9970414201183432,338.0,0.9925925925925926,1.0,0.9852941176470589,68.0,1.0,1.0,1.0,122.0,0.9863013698630138,0.972972972972973,1.0,36.0,0.9951690821256038,1.0,0.9903846153846154,104.0,0.9921259842519685,0.984375,1.0,63.0,0.9972299168975068,0.994475138121547,1.0,180.0,1.0,1.0,1.0,59.0,1.0,1.0,1.0,32.0,0.9983948635634029,0.9967948717948718,1.0,311.0,1.0,1.0,1.0,45.0,0.9976359338061466,1.0,0.9952830188679245,212.0,0.98989898989899,1.0,0.98,50.0,1.0,1.0,1.0,36.0,1.0,1.0,1.0,41.0,1.0,1.0,1.0,297.0,0.9929078014184397,1.0,0.9859154929577465,284.0,1.0,1.0,1.0,68.0,1.0,1.0,1.0,212.0,0.9976470588235293,0.9953051643192489,1.0,212.0,0.9954954954954954,0.9910313901345291,1.0,221.0
30,0.011102813296020031,0.999963641166687,0.025817839428782463,0.9961050152778625,0.9956928519053578,0.9950377066021873,0.0003000000142492354,122.67888004198903,27489.0,224.07279876203143,1.0,1.0,1.0,32.0,0.993421052631579,0.9869281045751634,1.0,302.0,1.0,1.0,1.0,198.0,0.9968253968253968,0.9968253968253968,0.9968253968253968,315.0,0.9984544049459042,1.0,0.9969135802469136,324.0,1.0,1.0,1.0,122.0,0.9947089947089947,1.0,0.9894736842105263,95.0,1.0,1.0,1.0,68.0,1.0,1.0,1.0,167.0,0.9944134078212291,1.0,0.9888888888888889,180.0,0.9841269841269841,1.0,0.96875,32.0,0.9939577039274925,1.0,0.987987987987988,333.0,0.9702970297029702,0.9607843137254902,0.98,50.0,0.98989898989899,1.0,0.98,50.0,1.0,1.0,1.0,59.0,0.980891719745223,0.9625,1.0,77.0,0.9761904761904763,0.9534883720930233,1.0,41.0,0.9977728285077951,1.0,0.9955555555555555,225.0,1.0,1.0,1.0,90.0,1.0,1.0,1.0,36.0,1.0,1.0,1.0,77.0,0.9879518072289156,0.9761904761904762,1.0,41.0,0.9941002949852508,0.9911764705882353,0.9970414201183432,338.0,0.9925925925925926,1.0,0.9852941176470589,68.0,1.0,1.0,1.0,122.0,0.9863013698630138,0.972972972972973,1.0,36.0,0.9951690821256038,1.0,0.9903846153846154,104.0,0.9921259842519685,0.984375,1.0,63.0,0.9972299168975068,0.994475138121547,1.0,180.0,1.0,1.0,1.0,59.0,1.0,1.0,1.0,32.0,0.9983948635634029,0.9967948717948718,1.0,311.0,1.0,1.0,1.0,45.0,0.9976359338061466,1.0,0.9952830188679245,212.0,0.98989898989899,1.0,0.98,50.0,1.0,1.0,1.0,36.0,1.0,1.0,1.0,41.0,1.0,1.0,1.0,297.0,0.9911190053285969,1.0,0.9823943661971831,284.0,1.0,1.0,1.0,68.0,1.0,1.0,1.0,212.0,0.9976470588235293,0.9953051643192489,1.0,212.0,0.9954954954954954,0.9910313901345291,1.0,221.0
31,0.009947382844984531,1.0,0.025066468864679337,0.9961050152778625,0.9957143244096343,0.9952903036746988,0.0003000000142492354,122.61941641697194,27489.0,224.18146165793695,1.0,1.0,1.0,32.0,0.993421052631579,0.9869281045751634,1.0,302.0,1.0,1.0,1.0,198.0,0.9968253968253968,0.9968253968253968,0.9968253968253968,315.0,0.9969135802469136,0.9969135802469136,0.9969135802469136,324.0,1.0,1.0,1.0,122.0,0.9947089947089947,1.0,0.9894736842105263,95.0,1.0,1.0,1.0,68.0,1.0,1.0,1.0,167.0,0.9944134078212291,1.0,0.9888888888888889,180.0,0.96875,0.96875,0.96875,32.0,0.9939577039274925,1.0,0.987987987987988,333.0,0.98,0.98,0.98,50.0,0.98989898989899,1.0,0.98,50.0,1.0,1.0,1.0,59.0,0.9871794871794872,0.9746835443037974,1.0,77.0,0.9761904761904763,0.9534883720930233,1.0,41.0,1.0,1.0,1.0,225.0,1.0,1.0,1.0,90.0,1.0,1.0,1.0,36.0,1.0,1.0,1.0,77.0,0.9879518072289156,0.9761904761904762,1.0,41.0,0.9941002949852508,0.9911764705882353,0.9970414201183432,338.0,0.9925925925925926,1.0,0.9852941176470589,68.0,1.0,1.0,1.0,122.0,1.0,1.0,1.0,36.0,0.9951690821256038,1.0,0.9903846153846154,104.0,0.9921259842519685,0.984375,1.0,63.0,0.9972299168975068,0.994475138121547,1.0,180.0,1.0,1.0,1.0,59.0,1.0,1.0,1.0,32.0,0.9983948635634029,0.9967948717948718,1.0,311.0,1.0,1.0,1.0,45.0,0.9976359338061466,1.0,0.9952830188679245,212.0,0.98989898989899,1.0,0.98,50.0,1.0,1.0,1.0,36.0,1.0,1.0,1.0,41.0,1.0,1.0,1.0,297.0,0.9893238434163701,1.0,0.9788732394366197,284.0,1.0,1.0,1.0,68.0,1.0,1.0,1.0,212.0,0.9953051643192489,0.9906542056074766,1.0,212.0,0.9954954954954954,0.9910313901345291,1.0,221.0
32,0.008960171602666378,1.0,0.023457307368516922,0.9962743520736694,0.9957747385742083,0.9949864355233665,0.0003000000142492354,122.66212545800954,27489.0,224.10340516568178,1.0,1.0,1.0,32.0,0.9950576606260296,0.9901639344262295,1.0,302.0,1.0,1.0,1.0,198.0,0.9984101748807631,1.0,0.9968253968253968,315.0,0.9969135802469136,0.9969135802469136,0.9969135802469136,324.0,1.0,1.0,1.0,122.0,0.9947089947089947,1.0,0.9894736842105263,95.0,1.0,1.0,1.0,68.0,1.0,1.0,1.0,167.0,0.9944134078212291,1.0,0.9888888888888889,180.0,0.96875,0.96875,0.96875,32.0,0.9939577039274925,1.0,0.987987987987988,333.0,0.98,0.98,0.98,50.0,0.98989898989899,1.0,0.98,50.0,1.0,1.0,1.0,59.0,0.980891719745223,0.9625,1.0,77.0,0.9761904761904763,0.9534883720930233,1.0,41.0,0.9977728285077951,1.0,0.9955555555555555,225.0,1.0,1.0,1.0,90.0,1.0,1.0,1.0,36.0,1.0,1.0,1.0,77.0,0.9879518072289156,0.9761904761904762,1.0,41.0,0.9941002949852508,0.9911764705882353,0.9970414201183432,338.0,0.9925925925925926,1.0,0.9852941176470589,68.0,1.0,1.0,1.0,122.0,0.9863013698630138,0.972972972972973,1.0,36.0,0.9951690821256038,1.0,0.9903846153846154,104.0,0.9921259842519685,0.984375,1.0,63.0,0.9972299168975068,0.994475138121547,1.0,180.0,1.0,1.0,1.0,59.0,1.0,1.0,1.0,32.0,0.9983948635634029,0.9967948717948718,1.0,311.0,1.0,1.0,1.0,45.0,0.9976359338061466,1.0,0.9952830188679245,212.0,0.98989898989899,1.0,0.98,50.0,1.0,1.0,1.0,36.0,1.0,1.0,1.0,41.0,1.0,1.0,1.0,297.0,0.9929078014184397,1.0,0.9859154929577465,284.0,1.0,1.0,1.0,68.0,1.0,1.0,1.0,212.0,0.9976470588235293,0.9953051643192489,1.0,212.0,0.9954954954954954,0.9910313901345291,1.0,221.0
33,0.00803459994494915,1.0,0.02278766594827175,0.9962743520736694,0.9956506847701675,0.9951041473700752,0.0003000000142492354,122.72563183301827,27489.0,223.98743921238727,1.0,1.0,1.0,32.0,0.9950576606260296,0.9901639344262295,1.0,302.0,1.0,1.0,1.0,198.0,0.9968253968253968,0.9968253968253968,0.9968253968253968,315.0,0.9969135802469136,0.9969135802469136,0.9969135802469136,324.0,1.0,1.0,1.0,122.0,0.9947089947089947,1.0,0.9894736842105263,95.0,1.0,1.0,1.0,68.0,1.0,1.0,1.0,167.0,0.9944134078212291,1.0,0.9888888888888889,180.0,0.96875,0.96875,0.96875,32.0,0.9939577039274925,1.0,0.987987987987988,333.0,0.98,0.98,0.98,50.0,0.98989898989899,1.0,0.98,50.0,1.0,1.0,1.0,59.0,0.9871794871794872,0.9746835443037974,1.0,77.0,0.9761904761904763,0.9534883720930233,1.0,41.0,1.0,1.0,1.0,225.0,1.0,1.0,1.0,90.0,1.0,1.0,1.0,36.0,1.0,1.0,1.0,77.0,0.9879518072289156,0.9761904761904762,1.0,41.0,0.9941002949852508,0.9911764705882353,0.9970414201183432,338.0,0.9925925925925926,1.0,0.9852941176470589,68.0,1.0,1.0,1.0,122.0,0.9863013698630138,0.972972972972973,1.0,36.0,0.9952153110047847,0.9904761904761905,1.0,104.0,0.9919999999999999,1.0,0.9841269841269841,63.0,0.9972299168975068,0.994475138121547,1.0,180.0,1.0,1.0,1.0,59.0,1.0,1.0,1.0,32.0,0.9983948635634029,0.9967948717948718,1.0,311.0,1.0,1.0,1.0,45.0,0.9976359338061466,1.0,0.9952830188679245,212.0,0.98989898989899,1.0,0.98,50.0,1.0,1.0,1.0,36.0,1.0,1.0,1.0,41.0,1.0,1.0,1.0,297.0,0.9911190053285969,1.0,0.9823943661971831,284.0,1.0,1.0,1.0,68.0,1.0,1.0,1.0,212.0,0.9976470588235293,0.9953051643192489,1.0,212.0,0.9954954954954954,0.9910313901345291,1.0,221.0
34,0.007267553359270096,1.0,0.02182946167886257,0.9961050152778625,0.9956928519053578,0.9951884924535368,0.0003000000142492354,122.6253127080272,27489.0,224.17068216129033,1.0,1.0,1.0,32.0,0.993421052631579,0.9869281045751634,1.0,302.0,1.0,1.0,1.0,198.0,0.9968253968253968,0.9968253968253968,0.9968253968253968,315.0,0.9969135802469136,0.9969135802469136,0.9969135802469136,324.0,1.0,1.0,1.0,122.0,0.9947089947089947,1.0,0.9894736842105263,95.0,1.0,1.0,1.0,68.0,1.0,1.0,1.0,167.0,0.9944134078212291,1.0,0.9888888888888889,180.0,0.96875,0.96875,0.96875,32.0,0.9939577039274925,1.0,0.987987987987988,333.0,0.98,0.98,0.98,50.0,0.98989898989899,1.0,0.98,50.0,1.0,1.0,1.0,59.0,0.980891719745223,0.9625,1.0,77.0,0.9761904761904763,0.9534883720930233,1.0,41.0,0.9977728285077951,1.0,0.9955555555555555,225.0,1.0,1.0,1.0,90.0,1.0,1.0,1.0,36.0,1.0,1.0,1.0,77.0,0.9879518072289156,0.9761904761904762,1.0,41.0,0.9941002949852508,0.9911764705882353,0.9970414201183432,338.0,0.9925925925925926,1.0,0.9852941176470589,68.0,1.0,1.0,1.0,122.0,1.0,1.0,1.0,36.0,0.9951690821256038,1.0,0.9903846153846154,104.0,0.9921259842519685,0.984375,1.0,63.0,0.9972299168975068,0.994475138121547,1.0,180.0,1.0,1.0,1.0,59.0,1.0,1.0,1.0,32.0,0.9983948635634029,0.9967948717948718,1.0,311.0,1.0,1.0,1.0,45.0,0.9976359338061466,1.0,0.9952830188679245,212.0,0.98989898989899,1.0,0.98,50.0,1.0,1.0,1.0,36.0,1.0,1.0,1.0,41.0,1.0,1.0,1.0,297.0,0.9911190053285969,1.0,0.9823943661971831,284.0,1.0,1.0,1.0,68.0,1.0,1.0,1.0,212.0,0.9976470588235293,0.9953051643192489,1.0,212.0,0.9954954954954954,0.9910313901345291,1.0,221.0
35,0.006518580485135317,1.0,0.021183021366596222,0.9962743520736694,0.9957962110784845,0.9953865142890362,0.0003000000142492354,122.47901908302447,27489.0,224.4384401982034,1.0,1.0,1.0,32.0,0.993421052631579,0.9869281045751634,1.0,302.0,1.0,1.0,1.0,198.0,0.9968253968253968,0.9968253968253968,0.9968253968253968,315.0,0.9969135802469136,0.9969135802469136,0.9969135802469136,324.0,1.0,1.0,1.0,122.0,0.9947089947089947,1.0,0.9894736842105263,95.0,1.0,1.0,1.0,68.0,1.0,1.0,1.0,167.0,0.9944134078212291,1.0,0.9888888888888889,180.0,0.96875,0.96875,0.96875,32.0,0.9939577039274925,1.0,0.987987987987988,333.0,0.98,0.98,0.98,50.0,0.98989898989899,1.0,0.98,50.0,1.0,1.0,1.0,59.0,0.9871794871794872,0.9746835443037974,1.0,77.0,0.9761904761904763,0.9534883720930233,1.0,41.0,1.0,1.0,1.0,225.0,1.0,1.0,1.0,90.0,1.0,1.0,1.0,36.0,1.0,1.0,1.0,77.0,0.9879518072289156,0.9761904761904762,1.0,41.0,0.9941002949852508,0.9911764705882353,0.9970414201183432,338.0,0.9925925925925926,1.0,0.9852941176470589,68.0,1.0,1.0,1.0,122.0,1.0,1.0,1.0,36.0,0.9951690821256038,1.0,0.9903846153846154,104.0,0.9921259842519685,0.984375,1.0,63.0,0.9972299168975068,0.994475138121547,1.0,180.0,1.0,1.0,1.0,59.0,1.0,1.0,1.0,32.0,0.9983948635634029,0.9967948717948718,1.0,311.0,1.0,1.0,1.0,45.0,0.9976359338061466,1.0,0.9952830188679245,212.0,0.98989898989899,1.0,0.98,50.0,1.0,1.0,1.0,36.0,1.0,1.0,1.0,41.0,1.0,1.0,1.0,297.0,0.9911190053285969,1.0,0.9823943661971831,284.0,1.0,1.0,1.0,68.0,1.0,1.0,1.0,212.0,0.9976470588235293,0.9953051643192489,1.0,212.0,0.9954954954954954,0.9910313901345291,1.0,221.0
36,0.005899230483919382,1.0,0.02069959230720997,0.9961050152778625,0.9957143244096343,0.9952903036746988,0.0003000000142492354,122.58027533302084,27489.0,224.25304499699536,1.0,1.0,1.0,32.0,0.993421052631579,0.9869281045751634,1.0,302.0,1.0,1.0,1.0,198.0,0.9968253968253968,0.9968253968253968,0.9968253968253968,315.0,0.9969135802469136,0.9969135802469136,0.9969135802469136,324.0,1.0,1.0,1.0,122.0,0.9947089947089947,1.0,0.9894736842105263,95.0,1.0,1.0,1.0,68.0,1.0,1.0,1.0,167.0,0.9944134078212291,1.0,0.9888888888888889,180.0,0.96875,0.96875,0.96875,32.0,0.9939577039274925,1.0,0.987987987987988,333.0,0.98,0.98,0.98,50.0,0.98989898989899,1.0,0.98,50.0,1.0,1.0,1.0,59.0,0.9871794871794872,0.9746835443037974,1.0,77.0,0.9761904761904763,0.9534883720930233,1.0,41.0,1.0,1.0,1.0,225.0,1.0,1.0,1.0,90.0,1.0,1.0,1.0,36.0,1.0,1.0,1.0,77.0,0.9879518072289156,0.9761904761904762,1.0,41.0,0.9941002949852508,0.9911764705882353,0.9970414201183432,338.0,0.9925925925925926,1.0,0.9852941176470589,68.0,1.0,1.0,1.0,122.0,1.0,1.0,1.0,36.0,0.9951690821256038,1.0,0.9903846153846154,104.0,0.9921259842519685,0.984375,1.0,63.0,0.9972299168975068,0.994475138121547,1.0,180.0,1.0,1.0,1.0,59.0,1.0,1.0,1.0,32.0,0.9983948635634029,0.9967948717948718,1.0,311.0,1.0,1.0,1.0,45.0,0.9976359338061466,1.0,0.9952830188679245,212.0,0.98989898989899,1.0,0.98,50.0,1.0,1.0,1.0,36.0,1.0,1.0,1.0,41.0,1.0,1.0,1.0,297.0,0.9893238434163701,1.0,0.9788732394366197,284.0,1.0,1.0,1.0,68.0,1.0,1.0,1.0,212.0,0.9953051643192489,0.9906542056074766,1.0,212.0,0.9954954954954954,0.9910313901345291,1.0,221.0
37,0.005353649612516165,1.0,0.020007172599434853,0.9964436888694763,0.9958780977473349,0.9951641702950834,0.0003000000142492354,122.80151999997906,27489.0,223.8490207613447,1.0,1.0,1.0,32.0,0.9966996699669968,0.993421052631579,1.0,302.0,1.0,1.0,1.0,198.0,0.9968253968253968,0.9968253968253968,0.9968253968253968,315.0,0.9969135802469136,0.9969135802469136,0.9969135802469136,324.0,1.0,1.0,1.0,122.0,0.9947089947089947,1.0,0.9894736842105263,95.0,1.0,1.0,1.0,68.0,1.0,1.0,1.0,167.0,0.9944134078212291,1.0,0.9888888888888889,180.0,0.96875,0.96875,0.96875,32.0,0.9939577039274925,1.0,0.987987987987988,333.0,0.98,0.98,0.98,50.0,0.98989898989899,1.0,0.98,50.0,1.0,1.0,1.0,59.0,0.9935483870967742,0.9871794871794872,1.0,77.0,0.9761904761904763,0.9534883720930233,1.0,41.0,1.0,1.0,1.0,225.0,1.0,1.0,1.0,90.0,1.0,1.0,1.0,36.0,1.0,1.0,1.0,77.0,0.9879518072289156,0.9761904761904762,1.0,41.0,0.9941002949852508,0.9911764705882353,0.9970414201183432,338.0,0.9852941176470589,0.9852941176470589,0.9852941176470589,68.0,1.0,1.0,1.0,122.0,0.9863013698630138,0.972972972972973,1.0,36.0,0.9951690821256038,1.0,0.9903846153846154,104.0,0.9921259842519685,0.984375,1.0,63.0,0.9972299168975068,0.994475138121547,1.0,180.0,1.0,1.0,1.0,59.0,1.0,1.0,1.0,32.0,0.9983948635634029,0.9967948717948718,1.0,311.0,1.0,1.0,1.0,45.0,0.9976359338061466,1.0,0.9952830188679245,212.0,0.98989898989899,1.0,0.98,50.0,1.0,1.0,1.0,36.0,1.0,1.0,1.0,41.0,1.0,1.0,1.0,297.0,0.9929078014184397,1.0,0.9859154929577465,284.0,1.0,1.0,1.0,68.0,1.0,1.0,1.0,212.0,0.9976470588235293,0.9953051643192489,1.0,212.0,0.9954954954954954,0.9910313901345291,1.0,221.0
38,0.00482674827799201,1.0,0.019574949517846107,0.9962743520736694,0.9957962110784845,0.9952379559561855,0.0003000000142492354,122.50016425002832,27489.0,224.39969912116788,1.0,1.0,1.0,32.0,0.9950576606260296,0.9901639344262295,1.0,302.0,1.0,1.0,1.0,198.0,0.9968253968253968,0.9968253968253968,0.9968253968253968,315.0,0.9969135802469136,0.9969135802469136,0.9969135802469136,324.0,1.0,1.0,1.0,122.0,0.9947089947089947,1.0,0.9894736842105263,95.0,1.0,1.0,1.0,68.0,1.0,1.0,1.0,167.0,0.9944134078212291,1.0,0.9888888888888889,180.0,0.9841269841269841,1.0,0.96875,32.0,0.9939577039274925,1.0,0.987987987987988,333.0,0.9702970297029702,0.9607843137254902,0.98,50.0,0.98989898989899,1.0,0.98,50.0,1.0,1.0,1.0,59.0,0.9871794871794872,0.9746835443037974,1.0,77.0,0.9761904761904763,0.9534883720930233,1.0,41.0,1.0,1.0,1.0,225.0,1.0,1.0,1.0,90.0,1.0,1.0,1.0,36.0,1.0,1.0,1.0,77.0,0.9879518072289156,0.9761904761904762,1.0,41.0,0.9941002949852508,0.9911764705882353,0.9970414201183432,338.0,0.9925925925925926,1.0,0.9852941176470589,68.0,1.0,1.0,1.0,122.0,0.9863013698630138,0.972972972972973,1.0,36.0,0.9951690821256038,1.0,0.9903846153846154,104.0,0.9921259842519685,0.984375,1.0,63.0,0.9972299168975068,0.994475138121547,1.0,180.0,1.0,1.0,1.0,59.0,1.0,1.0,1.0,32.0,0.9983948635634029,0.9967948717948718,1.0,311.0,1.0,1.0,1.0,45.0,0.9976359338061466,1.0,0.9952830188679245,212.0,0.98989898989899,1.0,0.98,50.0,1.0,1.0,1.0,36.0,1.0,1.0,1.0,41.0,1.0,1.0,1.0,297.0,0.9911190053285969,1.0,0.9823943661971831,284.0,1.0,1.0,1.0,68.0,1.0,1.0,1.0,212.0,0.9976470588235293,0.9953051643192489,1.0,212.0,0.9954954954954954,0.9910313901345291,1.0,221.0
39,0.004357687663286924,1.0,0.01874002441763878,0.9961050152778625,0.9956928519053578,0.9949079803106872,0.0003000000142492354,122.72715858300216,27489.0,223.98465276460212,1.0,1.0,1.0,32.0,0.9950576606260296,0.9901639344262295,1.0,302.0,1.0,1.0,1.0,198.0,0.9968253968253968,0.9968253968253968,0.9968253968253968,315.0,0.9969135802469136,0.9969135802469136,0.9969135802469136,324.0,1.0,1.0,1.0,122.0,0.9947089947089947,1.0,0.9894736842105263,95.0,1.0,1.0,1.0,68.0,1.0,1.0,1.0,167.0,0.9944134078212291,1.0,0.9888888888888889,180.0,0.96875,0.96875,0.96875,32.0,0.9939577039274925,1.0,0.987987987987988,333.0,0.98,0.98,0.98,50.0,0.98989898989899,1.0,0.98,50.0,1.0,1.0,1.0,59.0,0.980891719745223,0.9625,1.0,77.0,0.9761904761904763,0.9534883720930233,1.0,41.0,0.9977728285077951,1.0,0.9955555555555555,225.0,1.0,1.0,1.0,90.0,1.0,1.0,1.0,36.0,1.0,1.0,1.0,77.0,0.9879518072289156,0.9761904761904762,1.0,41.0,0.9941002949852508,0.9911764705882353,0.9970414201183432,338.0,0.9925925925925926,1.0,0.9852941176470589,68.0,1.0,1.0,1.0,122.0,0.9863013698630138,0.972972972972973,1.0,36.0,0.9951690821256038,1.0,0.9903846153846154,104.0,0.9921259842519685,0.984375,1.0,63.0,0.9972299168975068,0.994475138121547,1.0,180.0,1.0,1.0,1.0,59.0,1.0,1.0,1.0,32.0,0.9983948635634029,0.9967948717948718,1.0,311.0,1.0,1.0,1.0,45.0,0.9976359338061466,1.0,0.9952830188679245,212.0,0.98989898989899,1.0,0.98,50.0,1.0,1.0,1.0,36.0,1.0,1.0,1.0,41.0,1.0,1.0,1.0,297.0,0.9911190053285969,1.0,0.9823943661971831,284.0,1.0,1.0,1.0,68.0,1.0,1.0,1.0,212.0,0.9976470588235293,0.9953051643192489,1.0,212.0,0.9954954954954954,0.9910313901345291,1.0,221.0
40,0.003938681446015835,1.0,0.018336903303861618,0.9962743520736694,0.9957962110784845,0.9953865142890362,0.0003000000142492354,122.63607779197628,27489.0,224.15100429605002,1.0,1.0,1.0,32.0,0.993421052631579,0.9869281045751634,1.0,302.0,1.0,1.0,1.0,198.0,0.9968253968253968,0.9968253968253968,0.9968253968253968,315.0,0.9969135802469136,0.9969135802469136,0.9969135802469136,324.0,1.0,1.0,1.0,122.0,0.9947089947089947,1.0,0.9894736842105263,95.0,1.0,1.0,1.0,68.0,1.0,1.0,1.0,167.0,0.9944134078212291,1.0,0.9888888888888889,180.0,0.96875,0.96875,0.96875,32.0,0.9939577039274925,1.0,0.987987987987988,333.0,0.98,0.98,0.98,50.0,0.98989898989899,1.0,0.98,50.0,1.0,1.0,1.0,59.0,0.9871794871794872,0.9746835443037974,1.0,77.0,0.9761904761904763,0.9534883720930233,1.0,41.0,1.0,1.0,1.0,225.0,1.0,1.0,1.0,90.0,1.0,1.0,1.0,36.0,1.0,1.0,1.0,77.0,0.9879518072289156,0.9761904761904762,1.0,41.0,0.9941002949852508,0.9911764705882353,0.9970414201183432,338.0,0.9925925925925926,1.0,0.9852941176470589,68.0,1.0,1.0,1.0,122.0,1.0,1.0,1.0,36.0,0.9951690821256038,1.0,0.9903846153846154,104.0,0.9921259842519685,0.984375,1.0,63.0,0.9972299168975068,0.994475138121547,1.0,180.0,1.0,1.0,1.0,59.0,1.0,1.0,1.0,32.0,0.9983948635634029,0.9967948717948718,1.0,311.0,1.0,1.0,1.0,45.0,0.9976359338061466,1.0,0.9952830188679245,212.0,0.98989898989899,1.0,0.98,50.0,1.0,1.0,1.0,36.0,1.0,1.0,1.0,41.0,1.0,1.0,1.0,297.0,0.9911190053285969,1.0,0.9823943661971831,284.0,1.0,1.0,1.0,68.0,1.0,1.0,1.0,212.0,0.9976470588235293,0.9953051643192489,1.0,212.0,0.9954954954954954,0.9910313901345291,1.0,221.0
41,0.003558335592970252,1.0,0.01828634738922119,0.9964436888694763,0.9958780977473349,0.9954649695017157,0.0003000000142492354,122.76349641702836,27489.0,223.9183536009735,1.0,1.0,1.0,32.0,0.993421052631579,0.9869281045751634,1.0,302.0,1.0,1.0,1.0,198.0,0.9984101748807631,1.0,0.9968253968253968,315.0,0.9969135802469136,0.9969135802469136,0.9969135802469136,324.0,1.0,1.0,1.0,122.0,0.9947089947089947,1.0,0.9894736842105263,95.0,1.0,1.0,1.0,68.0,1.0,1.0,1.0,167.0,0.9944134078212291,1.0,0.9888888888888889,180.0,0.96875,0.96875,0.96875,32.0,0.9939577039274925,1.0,0.987987987987988,333.0,0.98,0.98,0.98,50.0,0.98989898989899,1.0,0.98,50.0,1.0,1.0,1.0,59.0,0.9871794871794872,0.9746835443037974,1.0,77.0,0.9761904761904763,0.9534883720930233,1.0,41.0,1.0,1.0,1.0,225.0,1.0,1.0,1.0,90.0,1.0,1.0,1.0,36.0,1.0,1.0,1.0,77.0,0.9879518072289156,0.9761904761904762,1.0,41.0,0.9941002949852508,0.9911764705882353,0.9970414201183432,338.0,0.9925925925925926,1.0,0.9852941176470589,68.0,1.0,1.0,1.0,122.0,1.0,1.0,1.0,36.0,0.9951690821256038,1.0,0.9903846153846154,104.0,0.9921259842519685,0.984375,1.0,63.0,0.9972299168975068,0.994475138121547,1.0,180.0,1.0,1.0,1.0,59.0,1.0,1.0,1.0,32.0,0.9983948635634029,0.9967948717948718,1.0,311.0,1.0,1.0,1.0,45.0,0.9976359338061466,1.0,0.9952830188679245,212.0,0.98989898989899,1.0,0.98,50.0,1.0,1.0,1.0,36.0,1.0,1.0,1.0,41.0,1.0,1.0,1.0,297.0,0.9929078014184397,1.0,0.9859154929577465,284.0,1.0,1.0,1.0,68.0,1.0,1.0,1.0,212.0,0.9976470588235293,0.9953051643192489,1.0,212.0,0.9954954954954954,0.9910313901345291,1.0,221.0
42,0.0032558890525251627,1.0,0.017828868702054024,0.9962743520736694,0.9957962110784845,0.9953648962651236,0.0003000000142492354,122.56191541603766,27489.0,224.28663836305358,1.0,1.0,1.0,32.0,0.993421052631579,0.9869281045751634,1.0,302.0,1.0,1.0,1.0,198.0,0.9968253968253968,0.9968253968253968,0.9968253968253968,315.0,0.9969135802469136,0.9969135802469136,0.9969135802469136,324.0,1.0,1.0,1.0,122.0,0.9947089947089947,1.0,0.9894736842105263,95.0,1.0,1.0,1.0,68.0,1.0,1.0,1.0,167.0,0.9944134078212291,1.0,0.9888888888888889,180.0,0.96875,0.96875,0.96875,32.0,0.9939577039274925,1.0,0.987987987987988,333.0,0.98,0.98,0.98,50.0,0.98989898989899,1.0,0.98,50.0,1.0,1.0,1.0,59.0,0.9935483870967742,0.9871794871794872,1.0,77.0,0.9761904761904763,0.9534883720930233,1.0,41.0,1.0,1.0,1.0,225.0,1.0,1.0,1.0,90.0,1.0,1.0,1.0,36.0,1.0,1.0,1.0,77.0,0.9879518072289156,0.9761904761904762,1.0,41.0,0.9941002949852508,0.9911764705882353,0.9970414201183432,338.0,0.9852941176470589,0.9852941176470589,0.9852941176470589,68.0,1.0,1.0,1.0,122.0,1.0,1.0,1.0,36.0,0.9951690821256038,1.0,0.9903846153846154,104.0,0.9921259842519685,0.984375,1.0,63.0,0.9972299168975068,0.994475138121547,1.0,180.0,1.0,1.0,1.0,59.0,1.0,1.0,1.0,32.0,0.9983948635634029,0.9967948717948718,1.0,311.0,1.0,1.0,1.0,45.0,0.9976359338061466,1.0,0.9952830188679245,212.0,0.98989898989899,1.0,0.98,50.0,1.0,1.0,1.0,36.0,1.0,1.0,1.0,41.0,1.0,1.0,1.0,297.0,0.9911190053285969,1.0,0.9823943661971831,284.0,1.0,1.0,1.0,68.0,1.0,1.0,1.0,212.0,0.9976470588235293,0.9953051643192489,1.0,212.0,0.9954954954954954,0.9910313901345291,1.0,221.0
43,0.0029303100891411304,1.0,0.017426032572984695,0.9967823624610901,0.9960596521902715,0.995853852105376,0.0003000000142492354,122.59617412497755,27489.0,224.22396291075967,1.0,1.0,1.0,32.0,0.9966996699669968,0.993421052631579,1.0,302.0,1.0,1.0,1.0,198.0,1.0,1.0,1.0,315.0,0.9969135802469136,0.9969135802469136,0.9969135802469136,324.0,1.0,1.0,1.0,122.0,0.9947089947089947,1.0,0.9894736842105263,95.0,1.0,1.0,1.0,68.0,1.0,1.0,1.0,167.0,0.9972144846796658,1.0,0.9944444444444445,180.0,0.9841269841269841,1.0,0.96875,32.0,0.9939577039274925,1.0,0.987987987987988,333.0,0.9702970297029702,0.9607843137254902,0.98,50.0,0.98989898989899,1.0,0.98,50.0,1.0,1.0,1.0,59.0,0.980891719745223,0.9625,1.0,77.0,0.9879518072289156,0.9761904761904762,1.0,41.0,0.9977728285077951,1.0,0.9955555555555555,225.0,1.0,1.0,1.0,90.0,1.0,1.0,1.0,36.0,1.0,1.0,1.0,77.0,1.0,1.0,1.0,41.0,0.9941002949852508,0.9911764705882353,0.9970414201183432,338.0,0.9925925925925926,1.0,0.9852941176470589,68.0,1.0,1.0,1.0,122.0,0.9863013698630138,0.972972972972973,1.0,36.0,0.9951690821256038,1.0,0.9903846153846154,104.0,0.9921259842519685,0.984375,1.0,63.0,0.9972299168975068,0.994475138121547,1.0,180.0,1.0,1.0,1.0,59.0,1.0,1.0,1.0,32.0,0.9983948635634029,0.9967948717948718,1.0,311.0,1.0,1.0,1.0,45.0,0.9976359338061466,1.0,0.9952830188679245,212.0,0.98989898989899,1.0,0.98,50.0,1.0,1.0,1.0,36.0,1.0,1.0,1.0,41.0,1.0,1.0,1.0,297.0,0.9946902654867256,1.0,0.9894366197183099,284.0,1.0,1.0,1.0,68.0,1.0,1.0,1.0,212.0,0.9976470588235293,0.9953051643192489,1.0,212.0,0.9954954954954954,0.9910313901345291,1.0,221.0
44,0.002648833906278014,1.0,0.016933150589466095,0.9969517588615417,0.9962832657859781,0.996125810852147,0.0003000000142492354,122.54131533397594,27489.0,224.32434257034916,1.0,1.0,1.0,32.0,0.9966996699669968,0.993421052631579,1.0,302.0,1.0,1.0,1.0,198.0,1.0,1.0,1.0,315.0,0.9969135802469136,0.9969135802469136,0.9969135802469136,324.0,1.0,1.0,1.0,122.0,0.9947089947089947,1.0,0.9894736842105263,95.0,1.0,1.0,1.0,68.0,1.0,1.0,1.0,167.0,0.9972144846796658,1.0,0.9944444444444445,180.0,0.9841269841269841,1.0,0.96875,32.0,0.9939577039274925,1.0,0.987987987987988,333.0,0.9702970297029702,0.9607843137254902,0.98,50.0,0.98989898989899,1.0,0.98,50.0,1.0,1.0,1.0,59.0,0.9871794871794872,0.9746835443037974,1.0,77.0,0.9879518072289156,0.9761904761904762,1.0,41.0,0.9977728285077951,1.0,0.9955555555555555,225.0,1.0,1.0,1.0,90.0,1.0,1.0,1.0,36.0,1.0,1.0,1.0,77.0,1.0,1.0,1.0,41.0,0.9941002949852508,0.9911764705882353,0.9970414201183432,338.0,0.9852941176470589,0.9852941176470589,0.9852941176470589,68.0,1.0,1.0,1.0,122.0,0.9863013698630138,0.972972972972973,1.0,36.0,1.0,1.0,1.0,104.0,1.0,1.0,1.0,63.0,0.9972299168975068,0.994475138121547,1.0,180.0,1.0,1.0,1.0,59.0,1.0,1.0,1.0,32.0,0.9983948635634029,0.9967948717948718,1.0,311.0,1.0,1.0,1.0,45.0,0.9976359338061466,1.0,0.9952830188679245,212.0,0.98989898989899,1.0,0.98,50.0,1.0,1.0,1.0,36.0,1.0,1.0,1.0,41.0,1.0,1.0,1.0,297.0,0.9946902654867256,1.0,0.9894366197183099,284.0,1.0,1.0,1.0,68.0,1.0,1.0,1.0,212.0,0.9976470588235293,0.9953051643192489,1.0,212.0,0.9954954954954954,0.9910313901345291,1.0,221.0
45,0.0024247460532933474,1.0,0.01721501350402832,0.9962743520736694,0.9958220508717662,0.9953550899436073,0.0003000000142492354,122.57155337498989,27489.0,224.26900241609397,1.0,1.0,1.0,32.0,0.9950576606260296,0.9901639344262295,1.0,302.0,1.0,1.0,1.0,198.0,0.9968253968253968,0.9968253968253968,0.9968253968253968,315.0,0.9969135802469136,0.9969135802469136,0.9969135802469136,324.0,1.0,1.0,1.0,122.0,0.9947089947089947,1.0,0.9894736842105263,95.0,1.0,1.0,1.0,68.0,1.0,1.0,1.0,167.0,0.9972144846796658,1.0,0.9944444444444445,180.0,0.9841269841269841,1.0,0.96875,32.0,0.9939577039274925,1.0,0.987987987987988,333.0,0.9702970297029702,0.9607843137254902,0.98,50.0,0.98989898989899,1.0,0.98,50.0,1.0,1.0,1.0,59.0,0.9871794871794872,0.9746835443037974,1.0,77.0,0.9879518072289156,0.9761904761904762,1.0,41.0,0.9977728285077951,1.0,0.9955555555555555,225.0,1.0,1.0,1.0,90.0,1.0,1.0,1.0,36.0,1.0,1.0,1.0,77.0,0.9879518072289156,0.9761904761904762,1.0,41.0,0.9941002949852508,0.9911764705882353,0.9970414201183432,338.0,0.9852941176470589,0.9852941176470589,0.9852941176470589,68.0,1.0,1.0,1.0,122.0,0.9863013698630138,0.972972972972973,1.0,36.0,0.9951690821256038,1.0,0.9903846153846154,104.0,0.9921259842519685,0.984375,1.0,63.0,0.9972299168975068,0.994475138121547,1.0,180.0,1.0,1.0,1.0,59.0,1.0,1.0,1.0,32.0,0.9983948635634029,0.9967948717948718,1.0,311.0,1.0,1.0,1.0,45.0,0.9976359338061466,1.0,0.9952830188679245,212.0,0.98989898989899,1.0,0.98,50.0,1.0,1.0,1.0,36.0,1.0,1.0,1.0,41.0,1.0,1.0,1.0,297.0,0.9911190053285969,1.0,0.9823943661971831,284.0,1.0,1.0,1.0,68.0,1.0,1.0,1.0,212.0,0.9976470588235293,0.9953051643192489,1.0,212.0,0.9954954954954954,0.9910313901345291,1.0,221.0
46,0.002193826250731945,1.0,0.016697127372026443,0.9966130256652832,0.9959858242094669,0.9955366888986243,0.0003000000142492354,122.65417483303463,27489.0,224.11793187977443,1.0,1.0,1.0,32.0,0.9966996699669968,0.993421052631579,1.0,302.0,1.0,1.0,1.0,198.0,0.9984101748807631,1.0,0.9968253968253968,315.0,0.9969135802469136,0.9969135802469136,0.9969135802469136,324.0,1.0,1.0,1.0,122.0,0.9947089947089947,1.0,0.9894736842105263,95.0,1.0,1.0,1.0,68.0,1.0,1.0,1.0,167.0,0.9972144846796658,1.0,0.9944444444444445,180.0,0.9841269841269841,1.0,0.96875,32.0,0.9939577039274925,1.0,0.987987987987988,333.0,0.9702970297029702,0.9607843137254902,0.98,50.0,0.98989898989899,1.0,0.98,50.0,1.0,1.0,1.0,59.0,0.980891719745223,0.9625,1.0,77.0,0.9879518072289156,0.9761904761904762,1.0,41.0,0.9977728285077951,1.0,0.9955555555555555,225.0,1.0,1.0,1.0,90.0,1.0,1.0,1.0,36.0,1.0,1.0,1.0,77.0,0.9879518072289156,0.9761904761904762,1.0,41.0,0.9941002949852508,0.9911764705882353,0.9970414201183432,338.0,0.9925925925925926,1.0,0.9852941176470589,68.0,1.0,1.0,1.0,122.0,0.9863013698630138,0.972972972972973,1.0,36.0,0.9951690821256038,1.0,0.9903846153846154,104.0,0.9921259842519685,0.984375,1.0,63.0,0.9972299168975068,0.994475138121547,1.0,180.0,1.0,1.0,1.0,59.0,1.0,1.0,1.0,32.0,0.9983948635634029,0.9967948717948718,1.0,311.0,1.0,1.0,1.0,45.0,0.9976359338061466,1.0,0.9952830188679245,212.0,0.98989898989899,1.0,0.98,50.0,1.0,1.0,1.0,36.0,1.0,1.0,1.0,41.0,1.0,1.0,1.0,297.0,0.9946902654867256,1.0,0.9894366197183099,284.0,1.0,1.0,1.0,68.0,1.0,1.0,1.0,212.0,0.9976470588235293,0.9953051643192489,1.0,212.0,0.9954954954954954,0.9910313901345291,1.0,221.0
47,0.001989832380786538,1.0,0.016293389722704887,0.9967823624610901,0.9960891833825936,0.9959934792403508,0.0003000000142492354,122.46254670905182,27489.0,224.46862929699427,1.0,1.0,1.0,32.0,0.9950576606260296,0.9901639344262295,1.0,302.0,1.0,1.0,1.0,198.0,0.9984101748807631,1.0,0.9968253968253968,315.0,0.9969135802469136,0.9969135802469136,0.9969135802469136,324.0,1.0,1.0,1.0,122.0,0.9947089947089947,1.0,0.9894736842105263,95.0,1.0,1.0,1.0,68.0,1.0,1.0,1.0,167.0,0.9972144846796658,1.0,0.9944444444444445,180.0,0.9841269841269841,1.0,0.96875,32.0,0.9939577039274925,1.0,0.987987987987988,333.0,0.9702970297029702,0.9607843137254902,0.98,50.0,0.98989898989899,1.0,0.98,50.0,1.0,1.0,1.0,59.0,0.9935483870967742,0.9871794871794872,1.0,77.0,0.9879518072289156,0.9761904761904762,1.0,41.0,1.0,1.0,1.0,225.0,1.0,1.0,1.0,90.0,1.0,1.0,1.0,36.0,1.0,1.0,1.0,77.0,0.9879518072289156,0.9761904761904762,1.0,41.0,0.9941002949852508,0.9911764705882353,0.9970414201183432,338.0,0.9852941176470589,0.9852941176470589,0.9852941176470589,68.0,1.0,1.0,1.0,122.0,1.0,1.0,1.0,36.0,0.9951690821256038,1.0,0.9903846153846154,104.0,0.9921259842519685,0.984375,1.0,63.0,0.9972299168975068,0.994475138121547,1.0,180.0,1.0,1.0,1.0,59.0,1.0,1.0,1.0,32.0,0.9983948635634029,0.9967948717948718,1.0,311.0,1.0,1.0,1.0,45.0,0.9976359338061466,1.0,0.9952830188679245,212.0,0.98989898989899,1.0,0.98,50.0,1.0,1.0,1.0,36.0,1.0,1.0,1.0,41.0,1.0,1.0,1.0,297.0,0.9946902654867256,1.0,0.9894366197183099,284.0,1.0,1.0,1.0,68.0,1.0,1.0,1.0,212.0,0.9976470588235293,0.9953051643192489,1.0,212.0,0.9954954954954954,0.9910313901345291,1.0,221.0
48,0.0018023373559117317,1.0,0.01611137203872204,0.9967823624610901,0.9960891833825936,0.9957130927102109,0.0003000000142492354,122.63571883301483,27489.0,224.15166039373898,1.0,1.0,1.0,32.0,0.9966996699669968,0.993421052631579,1.0,302.0,1.0,1.0,1.0,198.0,0.9984101748807631,1.0,0.9968253968253968,315.0,0.9969135802469136,0.9969135802469136,0.9969135802469136,324.0,1.0,1.0,1.0,122.0,0.9947089947089947,1.0,0.9894736842105263,95.0,1.0,1.0,1.0,68.0,1.0,1.0,1.0,167.0,0.9972144846796658,1.0,0.9944444444444445,180.0,0.9841269841269841,1.0,0.96875,32.0,0.9939577039274925,1.0,0.987987987987988,333.0,0.9702970297029702,0.9607843137254902,0.98,50.0,0.98989898989899,1.0,0.98,50.0,1.0,1.0,1.0,59.0,0.9935483870967742,0.9871794871794872,1.0,77.0,0.9879518072289156,0.9761904761904762,1.0,41.0,1.0,1.0,1.0,225.0,1.0,1.0,1.0,90.0,1.0,1.0,1.0,36.0,1.0,1.0,1.0,77.0,0.9879518072289156,0.9761904761904762,1.0,41.0,0.9941002949852508,0.9911764705882353,0.9970414201183432,338.0,0.9852941176470589,0.9852941176470589,0.9852941176470589,68.0,1.0,1.0,1.0,122.0,0.9863013698630138,0.972972972972973,1.0,36.0,0.9951690821256038,1.0,0.9903846153846154,104.0,0.9921259842519685,0.984375,1.0,63.0,0.9972299168975068,0.994475138121547,1.0,180.0,1.0,1.0,1.0,59.0,1.0,1.0,1.0,32.0,0.9983948635634029,0.9967948717948718,1.0,311.0,1.0,1.0,1.0,45.0,0.9976359338061466,1.0,0.9952830188679245,212.0,0.98989898989899,1.0,0.98,50.0,1.0,1.0,1.0,36.0,1.0,1.0,1.0,41.0,1.0,1.0,1.0,297.0,0.9946902654867256,1.0,0.9894366197183099,284.0,1.0,1.0,1.0,68.0,1.0,1.0,1.0,212.0,0.9976470588235293,0.9953051643192489,1.0,212.0,0.9954954954954954,0.9910313901345291,1.0,221.0
49,0.0016411097021773458,1.0,0.015936128795146942,0.9969517588615417,0.9963127969783002,0.9960085562828255,0.0003000000142492354,122.7587017500191,27489.0,223.92709932675484,1.0,1.0,1.0,32.0,0.9966996699669968,0.993421052631579,1.0,302.0,1.0,1.0,1.0,198.0,0.9984101748807631,1.0,0.9968253968253968,315.0,0.9969135802469136,0.9969135802469136,0.9969135802469136,324.0,1.0,1.0,1.0,122.0,0.9947089947089947,1.0,0.9894736842105263,95.0,1.0,1.0,1.0,68.0,1.0,1.0,1.0,167.0,0.9972144846796658,1.0,0.9944444444444445,180.0,0.9841269841269841,1.0,0.96875,32.0,0.9939577039274925,1.0,0.987987987987988,333.0,0.9702970297029702,0.9607843137254902,0.98,50.0,0.98989898989899,1.0,0.98,50.0,1.0,1.0,1.0,59.0,0.9935483870967742,0.9871794871794872,1.0,77.0,0.9879518072289156,0.9761904761904762,1.0,41.0,1.0,1.0,1.0,225.0,1.0,1.0,1.0,90.0,1.0,1.0,1.0,36.0,1.0,1.0,1.0,77.0,0.9879518072289156,0.9761904761904762,1.0,41.0,0.9941002949852508,0.9911764705882353,0.9970414201183432,338.0,0.9852941176470589,0.9852941176470589,0.9852941176470589,68.0,1.0,1.0,1.0,122.0,0.9863013698630138,0.972972972972973,1.0,36.0,1.0,1.0,1.0,104.0,1.0,1.0,1.0,63.0,0.9972299168975068,0.994475138121547,1.0,180.0,1.0,1.0,1.0,59.0,1.0,1.0,1.0,32.0,0.9983948635634029,0.9967948717948718,1.0,311.0,1.0,1.0,1.0,45.0,0.9976359338061466,1.0,0.9952830188679245,212.0,0.98989898989899,1.0,0.98,50.0,1.0,1.0,1.0,36.0,1.0,1.0,1.0,41.0,1.0,1.0,1.0,297.0,0.9946902654867256,1.0,0.9894366197183099,284.0,1.0,1.0,1.0,68.0,1.0,1.0,1.0,212.0,0.9976470588235293,0.9953051643192489,1.0,212.0,0.9954954954954954,0.9910313901345291,1.0,221.0
50,0.0015031619695946574,1.0,0.01613563485443592,0.9966130256652832,0.9960072967137432,0.9959139659365662,0.0003000000142492354,122.57417920901207,27489.0,224.26419803412327,1.0,1.0,1.0,32.0,0.993421052631579,0.9869281045751634,1.0,302.0,1.0,1.0,1.0,198.0,0.9984101748807631,1.0,0.9968253968253968,315.0,0.9969135802469136,0.9969135802469136,0.9969135802469136,324.0,1.0,1.0,1.0,122.0,0.9947089947089947,1.0,0.9894736842105263,95.0,1.0,1.0,1.0,68.0,1.0,1.0,1.0,167.0,0.9972144846796658,1.0,0.9944444444444445,180.0,0.9841269841269841,1.0,0.96875,32.0,0.9939577039274925,1.0,0.987987987987988,333.0,0.9702970297029702,0.9607843137254902,0.98,50.0,0.98989898989899,1.0,0.98,50.0,1.0,1.0,1.0,59.0,0.9935483870967742,0.9871794871794872,1.0,77.0,0.9879518072289156,0.9761904761904762,1.0,41.0,1.0,1.0,1.0,225.0,1.0,1.0,1.0,90.0,1.0,1.0,1.0,36.0,1.0,1.0,1.0,77.0,0.9879518072289156,0.9761904761904762,1.0,41.0,0.9941002949852508,0.9911764705882353,0.9970414201183432,338.0,0.9852941176470589,0.9852941176470589,0.9852941176470589,68.0,1.0,1.0,1.0,122.0,1.0,1.0,1.0,36.0,0.9951690821256038,1.0,0.9903846153846154,104.0,0.9921259842519685,0.984375,1.0,63.0,0.9972299168975068,0.994475138121547,1.0,180.0,1.0,1.0,1.0,59.0,1.0,1.0,1.0,32.0,0.9983948635634029,0.9967948717948718,1.0,311.0,1.0,1.0,1.0,45.0,0.9976359338061466,1.0,0.9952830188679245,212.0,0.98989898989899,1.0,0.98,50.0,1.0,1.0,1.0,36.0,1.0,1.0,1.0,41.0,1.0,1.0,1.0,297.0,0.9929078014184397,1.0,0.9859154929577465,284.0,1.0,1.0,1.0,68.0,1.0,1.0,1.0,212.0,0.9976470588235293,0.9953051643192489,1.0,212.0,0.9954954954954954,0.9910313901345291,1.0,221.0
51,0.0013563563115894794,1.0,0.016082776710391045,0.9964436888694763,0.9961855206400645,0.9956187975535918,0.0003000000142492354,122.55468929104973,27489.0,224.29986285320823,1.0,1.0,1.0,32.0,0.9950576606260296,0.9901639344262295,1.0,302.0,1.0,1.0,1.0,198.0,0.9968253968253968,0.9968253968253968,0.9968253968253968,315.0,0.9969135802469136,0.9969135802469136,0.9969135802469136,324.0,1.0,1.0,1.0,122.0,0.9947089947089947,1.0,0.9894736842105263,95.0,1.0,1.0,1.0,68.0,1.0,1.0,1.0,167.0,0.9944444444444445,0.9944444444444445,0.9944444444444445,180.0,0.9841269841269841,1.0,0.96875,32.0,0.9939577039274925,1.0,0.987987987987988,333.0,0.98,0.98,0.98,50.0,0.98989898989899,1.0,0.98,50.0,1.0,1.0,1.0,59.0,0.9935483870967742,0.9871794871794872,1.0,77.0,0.9879518072289156,0.9761904761904762,1.0,41.0,1.0,1.0,1.0,225.0,1.0,1.0,1.0,90.0,1.0,1.0,1.0,36.0,1.0,1.0,1.0,77.0,0.9879518072289156,0.9761904761904762,1.0,41.0,0.9941002949852508,0.9911764705882353,0.9970414201183432,338.0,0.9927007299270074,0.9855072463768116,1.0,68.0,1.0,1.0,1.0,122.0,0.9863013698630138,0.972972972972973,1.0,36.0,0.9951690821256038,1.0,0.9903846153846154,104.0,0.9921259842519685,0.984375,1.0,63.0,0.9972299168975068,0.994475138121547,1.0,180.0,1.0,1.0,1.0,59.0,1.0,1.0,1.0,32.0,0.9983948635634029,0.9967948717948718,1.0,311.0,1.0,1.0,1.0,45.0,0.9976359338061466,1.0,0.9952830188679245,212.0,0.98989898989899,1.0,0.98,50.0,1.0,1.0,1.0,36.0,0.9879518072289156,0.9761904761904762,1.0,41.0,1.0,1.0,1.0,297.0,0.9893238434163701,1.0,0.9788732394366197,284.0,1.0,1.0,1.0,68.0,1.0,1.0,1.0,212.0,0.9976470588235293,0.9953051643192489,1.0,212.0,0.9977426636568849,0.9954954954954955,1.0,221.0
52,0.0012351337354630232,1.0,0.015704691410064697,0.9962743520736694,0.9956979970677255,0.9957274884559745,0.0003000000142492354,122.3798071249621,27489.0,224.6203899629533,1.0,1.0,1.0,32.0,0.993421052631579,0.9869281045751634,1.0,302.0,1.0,1.0,1.0,198.0,0.9968253968253968,0.9968253968253968,0.9968253968253968,315.0,0.9969135802469136,0.9969135802469136,0.9969135802469136,324.0,1.0,1.0,1.0,122.0,0.9947089947089947,1.0,0.9894736842105263,95.0,1.0,1.0,1.0,68.0,1.0,1.0,1.0,167.0,0.9944444444444445,0.9944444444444445,0.9944444444444445,180.0,0.9841269841269841,1.0,0.96875,32.0,0.9939577039274925,1.0,0.987987987987988,333.0,0.9702970297029702,0.9607843137254902,0.98,50.0,0.98989898989899,1.0,0.98,50.0,1.0,1.0,1.0,59.0,0.9935483870967742,0.9871794871794872,1.0,77.0,0.9879518072289156,0.9761904761904762,1.0,41.0,1.0,1.0,1.0,225.0,1.0,1.0,1.0,90.0,1.0,1.0,1.0,36.0,1.0,1.0,1.0,77.0,0.9879518072289156,0.9761904761904762,1.0,41.0,0.9941002949852508,0.9911764705882353,0.9970414201183432,338.0,0.9852941176470589,0.9852941176470589,0.9852941176470589,68.0,1.0,1.0,1.0,122.0,1.0,1.0,1.0,36.0,0.9952153110047847,0.9904761904761905,1.0,104.0,0.9919999999999999,1.0,0.9841269841269841,63.0,0.9972299168975068,0.994475138121547,1.0,180.0,1.0,1.0,1.0,59.0,1.0,1.0,1.0,32.0,0.9983948635634029,0.9967948717948718,1.0,311.0,1.0,1.0,1.0,45.0,0.9976359338061466,1.0,0.9952830188679245,212.0,0.98989898989899,1.0,0.98,50.0,1.0,1.0,1.0,36.0,1.0,1.0,1.0,41.0,1.0,1.0,1.0,297.0,0.9893238434163701,1.0,0.9788732394366197,284.0,1.0,1.0,1.0,68.0,1.0,1.0,1.0,212.0,0.9976470588235293,0.9953051643192489,1.0,212.0,0.9954954954954954,0.9910313901345291,1.0,221.0
53,0.001128773088566959,1.0,0.015431162901222706,0.9967823624610901,0.9960891833825936,0.9959934792403508,0.0003000000142492354,122.66916845896048,27489.0,224.09053835884254,1.0,1.0,1.0,32.0,0.9950576606260296,0.9901639344262295,1.0,302.0,1.0,1.0,1.0,198.0,0.9984101748807631,1.0,0.9968253968253968,315.0,0.9969135802469136,0.9969135802469136,0.9969135802469136,324.0,1.0,1.0,1.0,122.0,0.9947089947089947,1.0,0.9894736842105263,95.0,1.0,1.0,1.0,68.0,1.0,1.0,1.0,167.0,0.9972144846796658,1.0,0.9944444444444445,180.0,0.9841269841269841,1.0,0.96875,32.0,0.9939577039274925,1.0,0.987987987987988,333.0,0.9702970297029702,0.9607843137254902,0.98,50.0,0.98989898989899,1.0,0.98,50.0,1.0,1.0,1.0,59.0,0.9935483870967742,0.9871794871794872,1.0,77.0,0.9879518072289156,0.9761904761904762,1.0,41.0,1.0,1.0,1.0,225.0,1.0,1.0,1.0,90.0,1.0,1.0,1.0,36.0,1.0,1.0,1.0,77.0,0.9879518072289156,0.9761904761904762,1.0,41.0,0.9941002949852508,0.9911764705882353,0.9970414201183432,338.0,0.9852941176470589,0.9852941176470589,0.9852941176470589,68.0,1.0,1.0,1.0,122.0,1.0,1.0,1.0,36.0,0.9951690821256038,1.0,0.9903846153846154,104.0,0.9921259842519685,0.984375,1.0,63.0,0.9972299168975068,0.994475138121547,1.0,180.0,1.0,1.0,1.0,59.0,1.0,1.0,1.0,32.0,0.9983948635634029,0.9967948717948718,1.0,311.0,1.0,1.0,1.0,45.0,0.9976359338061466,1.0,0.9952830188679245,212.0,0.98989898989899,1.0,0.98,50.0,1.0,1.0,1.0,36.0,1.0,1.0,1.0,41.0,1.0,1.0,1.0,297.0,0.9946902654867256,1.0,0.9894366197183099,284.0,1.0,1.0,1.0,68.0,1.0,1.0,1.0,212.0,0.9976470588235293,0.9953051643192489,1.0,212.0,0.9954954954954954,0.9910313901345291,1.0,221.0
54,0.0010275357635691762,1.0,0.015636194497346878,0.9969517588615417,0.9961630113633981,0.9960302559169626,0.0003000000142492354,122.31443345797015,27489.0,224.74044332180802,1.0,1.0,1.0,32.0,0.9966996699669968,0.993421052631579,1.0,302.0,1.0,1.0,1.0,198.0,1.0,1.0,1.0,315.0,0.9969135802469136,0.9969135802469136,0.9969135802469136,324.0,1.0,1.0,1.0,122.0,0.9947089947089947,1.0,0.9894736842105263,95.0,1.0,1.0,1.0,68.0,1.0,1.0,1.0,167.0,0.9972144846796658,1.0,0.9944444444444445,180.0,0.9841269841269841,1.0,0.96875,32.0,0.9939577039274925,1.0,0.987987987987988,333.0,0.9702970297029702,0.9607843137254902,0.98,50.0,0.98989898989899,1.0,0.98,50.0,1.0,1.0,1.0,59.0,0.9935483870967742,0.9871794871794872,1.0,77.0,0.9879518072289156,0.9761904761904762,1.0,41.0,1.0,1.0,1.0,225.0,1.0,1.0,1.0,90.0,1.0,1.0,1.0,36.0,1.0,1.0,1.0,77.0,1.0,1.0,1.0,41.0,0.9941002949852508,0.9911764705882353,0.9970414201183432,338.0,0.9852941176470589,0.9852941176470589,0.9852941176470589,68.0,1.0,1.0,1.0,122.0,0.9863013698630138,0.972972972972973,1.0,36.0,0.9951690821256038,1.0,0.9903846153846154,104.0,0.9921259842519685,0.984375,1.0,63.0,0.9972299168975068,0.994475138121547,1.0,180.0,1.0,1.0,1.0,59.0,1.0,1.0,1.0,32.0,0.9983948635634029,0.9967948717948718,1.0,311.0,1.0,1.0,1.0,45.0,0.9976359338061466,1.0,0.9952830188679245,212.0,0.98989898989899,1.0,0.98,50.0,1.0,1.0,1.0,36.0,1.0,1.0,1.0,41.0,1.0,1.0,1.0,297.0,0.9946902654867256,1.0,0.9894366197183099,284.0,1.0,1.0,1.0,68.0,1.0,1.0,1.0,212.0,0.9976470588235293,0.9953051643192489,1.0,212.0,0.9954954954954954,0.9910313901345291,1.0,221.0
55,0.0009344479185529053,1.0,0.015171035192906857,0.9969517588615417,0.9961630113633981,0.9963106424471024,0.0003000000142492354,122.60632324998733,27489.0,224.20540206520582,1.0,1.0,1.0,32.0,0.9950576606260296,0.9901639344262295,1.0,302.0,1.0,1.0,1.0,198.0,1.0,1.0,1.0,315.0,0.9969135802469136,0.9969135802469136,0.9969135802469136,324.0,1.0,1.0,1.0,122.0,0.9947089947089947,1.0,0.9894736842105263,95.0,1.0,1.0,1.0,68.0,1.0,1.0,1.0,167.0,0.9972144846796658,1.0,0.9944444444444445,180.0,0.9841269841269841,1.0,0.96875,32.0,0.9939577039274925,1.0,0.987987987987988,333.0,0.9702970297029702,0.9607843137254902,0.98,50.0,0.98989898989899,1.0,0.98,50.0,1.0,1.0,1.0,59.0,0.9935483870967742,0.9871794871794872,1.0,77.0,0.9879518072289156,0.9761904761904762,1.0,41.0,1.0,1.0,1.0,225.0,1.0,1.0,1.0,90.0,1.0,1.0,1.0,36.0,1.0,1.0,1.0,77.0,1.0,1.0,1.0,41.0,0.9941002949852508,0.9911764705882353,0.9970414201183432,338.0,0.9852941176470589,0.9852941176470589,0.9852941176470589,68.0,1.0,1.0,1.0,122.0,1.0,1.0,1.0,36.0,0.9951690821256038,1.0,0.9903846153846154,104.0,0.9921259842519685,0.984375,1.0,63.0,0.9972299168975068,0.994475138121547,1.0,180.0,1.0,1.0,1.0,59.0,1.0,1.0,1.0,32.0,0.9983948635634029,0.9967948717948718,1.0,311.0,1.0,1.0,1.0,45.0,0.9976359338061466,1.0,0.9952830188679245,212.0,0.98989898989899,1.0,0.98,50.0,1.0,1.0,1.0,36.0,1.0,1.0,1.0,41.0,1.0,1.0,1.0,297.0,0.9946902654867256,1.0,0.9894366197183099,284.0,1.0,1.0,1.0,68.0,1.0,1.0,1.0,212.0,0.9976470588235293,0.9953051643192489,1.0,212.0,0.9954954954954954,0.9910313901345291,1.0,221.0
56,0.0008531742496415973,1.0,0.015033446252346039,0.9966130256652832,0.9960072967137432,0.9954752667071071,0.0003000000142492354,122.39997583301738,27489.0,224.5833776756747,1.0,1.0,1.0,32.0,0.9966996699669968,0.993421052631579,1.0,302.0,1.0,1.0,1.0,198.0,0.9984101748807631,1.0,0.9968253968253968,315.0,0.9969135802469136,0.9969135802469136,0.9969135802469136,324.0,1.0,1.0,1.0,122.0,0.9947089947089947,1.0,0.9894736842105263,95.0,1.0,1.0,1.0,68.0,1.0,1.0,1.0,167.0,0.9944444444444445,0.9944444444444445,0.9944444444444445,180.0,0.96875,0.96875,0.96875,32.0,0.9939577039274925,1.0,0.987987987987988,333.0,0.98,0.98,0.98,50.0,0.98989898989899,1.0,0.98,50.0,1.0,1.0,1.0,59.0,0.9935483870967742,0.9871794871794872,1.0,77.0,0.9879518072289156,0.9761904761904762,1.0,41.0,1.0,1.0,1.0,225.0,1.0,1.0,1.0,90.0,1.0,1.0,1.0,36.0,1.0,1.0,1.0,77.0,0.9879518072289156,0.9761904761904762,1.0,41.0,0.9941002949852508,0.9911764705882353,0.9970414201183432,338.0,0.9852941176470589,0.9852941176470589,0.9852941176470589,68.0,1.0,1.0,1.0,122.0,0.9863013698630138,0.972972972972973,1.0,36.0,0.9951690821256038,1.0,0.9903846153846154,104.0,0.9921259842519685,0.984375,1.0,63.0,0.9972299168975068,0.994475138121547,1.0,180.0,1.0,1.0,1.0,59.0,1.0,1.0,1.0,32.0,0.9983948635634029,0.9967948717948718,1.0,311.0,1.0,1.0,1.0,45.0,0.9976359338061466,1.0,0.9952830188679245,212.0,0.98989898989899,1.0,0.98,50.0,1.0,1.0,1.0,36.0,1.0,1.0,1.0,41.0,1.0,1.0,1.0,297.0,0.9929078014184397,1.0,0.9859154929577465,284.0,1.0,1.0,1.0,68.0,1.0,1.0,1.0,212.0,0.9976470588235293,0.9953051643192489,1.0,212.0,0.9954954954954954,0.9910313901345291,1.0,221.0
57,0.0007759287254884839,1.0,0.014991086907684803,0.9969517588615417,0.9961630113633981,0.9963106424471024,0.0003000000142492354,122.39657416701084,27489.0,224.5896193343704,1.0,1.0,1.0,32.0,0.9950576606260296,0.9901639344262295,1.0,302.0,1.0,1.0,1.0,198.0,1.0,1.0,1.0,315.0,0.9969135802469136,0.9969135802469136,0.9969135802469136,324.0,1.0,1.0,1.0,122.0,0.9947089947089947,1.0,0.9894736842105263,95.0,1.0,1.0,1.0,68.0,1.0,1.0,1.0,167.0,0.9972144846796658,1.0,0.9944444444444445,180.0,0.9841269841269841,1.0,0.96875,32.0,0.9939577039274925,1.0,0.987987987987988,333.0,0.9702970297029702,0.9607843137254902,0.98,50.0,0.98989898989899,1.0,0.98,50.0,1.0,1.0,1.0,59.0,0.9935483870967742,0.9871794871794872,1.0,77.0,0.9879518072289156,0.9761904761904762,1.0,41.0,1.0,1.0,1.0,225.0,1.0,1.0,1.0,90.0,1.0,1.0,1.0,36.0,1.0,1.0,1.0,77.0,1.0,1.0,1.0,41.0,0.9941002949852508,0.9911764705882353,0.9970414201183432,338.0,0.9852941176470589,0.9852941176470589,0.9852941176470589,68.0,1.0,1.0,1.0,122.0,1.0,1.0,1.0,36.0,0.9951690821256038,1.0,0.9903846153846154,104.0,0.9921259842519685,0.984375,1.0,63.0,0.9972299168975068,0.994475138121547,1.0,180.0,1.0,1.0,1.0,59.0,1.0,1.0,1.0,32.0,0.9983948635634029,0.9967948717948718,1.0,311.0,1.0,1.0,1.0,45.0,0.9976359338061466,1.0,0.9952830188679245,212.0,0.98989898989899,1.0,0.98,50.0,1.0,1.0,1.0,36.0,1.0,1.0,1.0,41.0,1.0,1.0,1.0,297.0,0.9946902654867256,1.0,0.9894366197183099,284.0,1.0,1.0,1.0,68.0,1.0,1.0,1.0,212.0,0.9976470588235293,0.9953051643192489,1.0,212.0,0.9954954954954954,0.9910313901345291,1.0,221.0
58,0.0007066460675559938,1.0,0.015035014599561691,0.9969517588615417,0.9961630113633981,0.9963106424471024,0.0003000000142492354,122.53456629096763,27489.0,224.33669806057242,1.0,1.0,1.0,32.0,0.9950576606260296,0.9901639344262295,1.0,302.0,1.0,1.0,1.0,198.0,1.0,1.0,1.0,315.0,0.9969135802469136,0.9969135802469136,0.9969135802469136,324.0,1.0,1.0,1.0,122.0,0.9947089947089947,1.0,0.9894736842105263,95.0,1.0,1.0,1.0,68.0,1.0,1.0,1.0,167.0,0.9972144846796658,1.0,0.9944444444444445,180.0,0.9841269841269841,1.0,0.96875,32.0,0.9939577039274925,1.0,0.987987987987988,333.0,0.9702970297029702,0.9607843137254902,0.98,50.0,0.98989898989899,1.0,0.98,50.0,1.0,1.0,1.0,59.0,0.9935483870967742,0.9871794871794872,1.0,77.0,0.9879518072289156,0.9761904761904762,1.0,41.0,1.0,1.0,1.0,225.0,1.0,1.0,1.0,90.0,1.0,1.0,1.0,36.0,1.0,1.0,1.0,77.0,1.0,1.0,1.0,41.0,0.9941002949852508,0.9911764705882353,0.9970414201183432,338.0,0.9852941176470589,0.9852941176470589,0.9852941176470589,68.0,1.0,1.0,1.0,122.0,1.0,1.0,1.0,36.0,0.9951690821256038,1.0,0.9903846153846154,104.0,0.9921259842519685,0.984375,1.0,63.0,0.9972299168975068,0.994475138121547,1.0,180.0,1.0,1.0,1.0,59.0,1.0,1.0,1.0,32.0,0.9983948635634029,0.9967948717948718,1.0,311.0,1.0,1.0,1.0,45.0,0.9976359338061466,1.0,0.9952830188679245,212.0,0.98989898989899,1.0,0.98,50.0,1.0,1.0,1.0,36.0,1.0,1.0,1.0,41.0,1.0,1.0,1.0,297.0,0.9946902654867256,1.0,0.9894366197183099,284.0,1.0,1.0,1.0,68.0,1.0,1.0,1.0,212.0,0.9976470588235293,0.9953051643192489,1.0,212.0,0.9954954954954954,0.9910313901345291,1.0,221.0
59,0.0006440630531869829,1.0,0.015291501767933369,0.9969517588615417,0.9964311806466154,0.9958830591745663,0.0003000000142492354,122.46019416698255,27489.0,224.47294148919065,1.0,1.0,1.0,32.0,0.9966996699669968,0.993421052631579,1.0,302.0,1.0,1.0,1.0,198.0,0.9984101748807631,1.0,0.9968253968253968,315.0,0.9969135802469136,0.9969135802469136,0.9969135802469136,324.0,1.0,1.0,1.0,122.0,0.9947089947089947,1.0,0.9894736842105263,95.0,1.0,1.0,1.0,68.0,1.0,1.0,1.0,167.0,0.9972144846796658,1.0,0.9944444444444445,180.0,0.9841269841269841,1.0,0.96875,32.0,0.9939577039274925,1.0,0.987987987987988,333.0,0.98,0.98,0.98,50.0,0.98989898989899,1.0,0.98,50.0,1.0,1.0,1.0,59.0,0.9935483870967742,0.9871794871794872,1.0,77.0,0.9879518072289156,0.9761904761904762,1.0,41.0,1.0,1.0,1.0,225.0,1.0,1.0,1.0,90.0,1.0,1.0,1.0,36.0,1.0,1.0,1.0,77.0,0.9879518072289156,0.9761904761904762,1.0,41.0,0.9941002949852508,0.9911764705882353,0.9970414201183432,338.0,0.9927007299270074,0.9855072463768116,1.0,68.0,1.0,1.0,1.0,122.0,0.9863013698630138,0.972972972972973,1.0,36.0,0.9951690821256038,1.0,0.9903846153846154,104.0,0.9921259842519685,0.984375,1.0,63.0,0.9972299168975068,0.994475138121547,1.0,180.0,1.0,1.0,1.0,59.0,1.0,1.0,1.0,32.0,0.9983948635634029,0.9967948717948718,1.0,311.0,1.0,1.0,1.0,45.0,0.9976359338061466,1.0,0.9952830188679245,212.0,0.98989898989899,1.0,0.98,50.0,1.0,1.0,1.0,36.0,0.9879518072289156,0.9761904761904762,1.0,41.0,1.0,1.0,1.0,297.0,0.9946902654867256,1.0,0.9894366197183099,284.0,1.0,1.0,1.0,68.0,1.0,1.0,1.0,212.0,0.9976470588235293,0.9953051643192489,1.0,212.0,0.9977426636568849,0.9954954954954955,1.0,221.0
60,0.0005864625563845038,1.0,0.015058229677379131,0.9967823624610901,0.9960811246945479,0.9959243837238576,0.0003000000142492354,122.53300854103873,27489.0,224.33955003066288,1.0,1.0,1.0,32.0,0.9966996699669968,0.993421052631579,1.0,302.0,1.0,1.0,1.0,198.0,1.0,1.0,1.0,315.0,0.9969135802469136,0.9969135802469136,0.9969135802469136,324.0,1.0,1.0,1.0,122.0,0.9947089947089947,1.0,0.9894736842105263,95.0,1.0,1.0,1.0,68.0,1.0,1.0,1.0,167.0,0.9944444444444445,0.9944444444444445,0.9944444444444445,180.0,0.9841269841269841,1.0,0.96875,32.0,0.9939577039274925,1.0,0.987987987987988,333.0,0.9702970297029702,0.9607843137254902,0.98,50.0,0.98989898989899,1.0,0.98,50.0,1.0,1.0,1.0,59.0,0.9935483870967742,0.9871794871794872,1.0,77.0,0.9879518072289156,0.9761904761904762,1.0,41.0,1.0,1.0,1.0,225.0,1.0,1.0,1.0,90.0,1.0,1.0,1.0,36.0,1.0,1.0,1.0,77.0,1.0,1.0,1.0,41.0,0.9941002949852508,0.9911764705882353,0.9970414201183432,338.0,0.9852941176470589,0.9852941176470589,0.9852941176470589,68.0,1.0,1.0,1.0,122.0,0.9863013698630138,0.972972972972973,1.0,36.0,0.9951690821256038,1.0,0.9903846153846154,104.0,0.9921259842519685,0.984375,1.0,63.0,0.9972299168975068,0.994475138121547,1.0,180.0,1.0,1.0,1.0,59.0,1.0,1.0,1.0,32.0,0.9983948635634029,0.9967948717948718,1.0,311.0,1.0,1.0,1.0,45.0,0.9976359338061466,1.0,0.9952830188679245,212.0,0.98989898989899,1.0,0.98,50.0,1.0,1.0,1.0,36.0,1.0,1.0,1.0,41.0,1.0,1.0,1.0,297.0,0.9929078014184397,1.0,0.9859154929577465,284.0,1.0,1.0,1.0,68.0,1.0,1.0,1.0,212.0,0.9976470588235293,0.9953051643192489,1.0,212.0,0.9954954954954954,0.9910313901345291,1.0,221.0
61,0.0005374933243729174,1.0,0.015088574029505253,0.9969517588615417,0.9962691713532791,0.9962998532727741,0.0003000000142492354,122.57383895799285,27489.0,224.26482056599963,1.0,1.0,1.0,32.0,0.9966996699669968,0.993421052631579,1.0,302.0,0.9974683544303797,1.0,0.9949494949494949,198.0,1.0,1.0,1.0,315.0,0.9969135802469136,0.9969135802469136,0.9969135802469136,324.0,1.0,1.0,1.0,122.0,0.9947089947089947,1.0,0.9894736842105263,95.0,1.0,1.0,1.0,68.0,1.0,1.0,1.0,167.0,0.9972144846796658,1.0,0.9944444444444445,180.0,0.9841269841269841,1.0,0.96875,32.0,0.9939577039274925,1.0,0.987987987987988,333.0,0.9702970297029702,0.9607843137254902,0.98,50.0,0.98989898989899,1.0,0.98,50.0,1.0,1.0,1.0,59.0,0.9935483870967742,0.9871794871794872,1.0,77.0,1.0,1.0,1.0,41.0,1.0,1.0,1.0,225.0,1.0,1.0,1.0,90.0,1.0,1.0,1.0,36.0,1.0,1.0,1.0,77.0,1.0,1.0,1.0,41.0,0.9941002949852508,0.9911764705882353,0.9970414201183432,338.0,0.9852941176470589,0.9852941176470589,0.9852941176470589,68.0,1.0,1.0,1.0,122.0,0.9863013698630138,0.972972972972973,1.0,36.0,1.0,1.0,1.0,104.0,0.9921259842519685,0.984375,1.0,63.0,0.994475138121547,0.989010989010989,1.0,180.0,1.0,1.0,1.0,59.0,1.0,1.0,1.0,32.0,0.9983948635634029,0.9967948717948718,1.0,311.0,1.0,1.0,1.0,45.0,0.9976359338061466,1.0,0.9952830188679245,212.0,0.98989898989899,1.0,0.98,50.0,1.0,1.0,1.0,36.0,1.0,1.0,1.0,41.0,1.0,1.0,1.0,297.0,0.9946902654867256,1.0,0.9894366197183099,284.0,1.0,1.0,1.0,68.0,1.0,1.0,1.0,212.0,0.9976470588235293,0.9953051643192489,1.0,212.0,0.9954954954954954,0.9910313901345291,1.0,221.0
62,0.0004923221422359347,1.0,0.015039915218949318,0.9967823624610901,0.9960811246945479,0.9959243837238576,0.0003000000142492354,122.53438208298758,27489.0,224.3370353096718,1.0,1.0,1.0,32.0,0.9966996699669968,0.993421052631579,1.0,302.0,1.0,1.0,1.0,198.0,1.0,1.0,1.0,315.0,0.9969135802469136,0.9969135802469136,0.9969135802469136,324.0,1.0,1.0,1.0,122.0,0.9947089947089947,1.0,0.9894736842105263,95.0,1.0,1.0,1.0,68.0,1.0,1.0,1.0,167.0,0.9944444444444445,0.9944444444444445,0.9944444444444445,180.0,0.9841269841269841,1.0,0.96875,32.0,0.9939577039274925,1.0,0.987987987987988,333.0,0.9702970297029702,0.9607843137254902,0.98,50.0,0.98989898989899,1.0,0.98,50.0,1.0,1.0,1.0,59.0,0.9935483870967742,0.9871794871794872,1.0,77.0,0.9879518072289156,0.9761904761904762,1.0,41.0,1.0,1.0,1.0,225.0,1.0,1.0,1.0,90.0,1.0,1.0,1.0,36.0,1.0,1.0,1.0,77.0,1.0,1.0,1.0,41.0,0.9941002949852508,0.9911764705882353,0.9970414201183432,338.0,0.9852941176470589,0.9852941176470589,0.9852941176470589,68.0,1.0,1.0,1.0,122.0,0.9863013698630138,0.972972972972973,1.0,36.0,0.9951690821256038,1.0,0.9903846153846154,104.0,0.9921259842519685,0.984375,1.0,63.0,0.9972299168975068,0.994475138121547,1.0,180.0,1.0,1.0,1.0,59.0,1.0,1.0,1.0,32.0,0.9983948635634029,0.9967948717948718,1.0,311.0,1.0,1.0,1.0,45.0,0.9976359338061466,1.0,0.9952830188679245,212.0,0.98989898989899,1.0,0.98,50.0,1.0,1.0,1.0,36.0,1.0,1.0,1.0,41.0,1.0,1.0,1.0,297.0,0.9929078014184397,1.0,0.9859154929577465,284.0,1.0,1.0,1.0,68.0,1.0,1.0,1.0,212.0,0.9976470588235293,0.9953051643192489,1.0,212.0,0.9954954954954954,0.9910313901345291,1.0,221.0
63,0.00044498604256659746,1.0,0.015290549956262112,0.9969517588615417,0.9964231219585699,0.9963104760950766,0.0003000000142492354,122.59672716702335,27489.0,224.22295142144807,1.0,1.0,1.0,32.0,0.9966996699669968,0.993421052631579,1.0,302.0,1.0,1.0,1.0,198.0,1.0,1.0,1.0,315.0,0.9969135802469136,0.9969135802469136,0.9969135802469136,324.0,1.0,1.0,1.0,122.0,0.9947089947089947,1.0,0.9894736842105263,95.0,1.0,1.0,1.0,68.0,1.0,1.0,1.0,167.0,0.9944444444444445,0.9944444444444445,0.9944444444444445,180.0,0.9841269841269841,1.0,0.96875,32.0,0.9939577039274925,1.0,0.987987987987988,333.0,0.98,0.98,0.98,50.0,0.98989898989899,1.0,0.98,50.0,1.0,1.0,1.0,59.0,0.9935483870967742,0.9871794871794872,1.0,77.0,1.0,1.0,1.0,41.0,1.0,1.0,1.0,225.0,1.0,1.0,1.0,90.0,1.0,1.0,1.0,36.0,1.0,1.0,1.0,77.0,1.0,1.0,1.0,41.0,0.9941002949852508,0.9911764705882353,0.9970414201183432,338.0,0.9927007299270074,0.9855072463768116,1.0,68.0,1.0,1.0,1.0,122.0,0.9863013698630138,0.972972972972973,1.0,36.0,0.9951690821256038,1.0,0.9903846153846154,104.0,0.9921259842519685,0.984375,1.0,63.0,0.994475138121547,0.989010989010989,1.0,180.0,1.0,1.0,1.0,59.0,1.0,1.0,1.0,32.0,0.9983948635634029,0.9967948717948718,1.0,311.0,1.0,1.0,1.0,45.0,0.9976359338061466,1.0,0.9952830188679245,212.0,0.98989898989899,1.0,0.98,50.0,1.0,1.0,1.0,36.0,0.9879518072289156,0.9761904761904762,1.0,41.0,1.0,1.0,1.0,297.0,0.9929078014184397,1.0,0.9859154929577465,284.0,1.0,1.0,1.0,68.0,1.0,1.0,1.0,212.0,0.9976470588235293,0.9953051643192489,1.0,212.0,0.9977426636568849,0.9954954954954955,1.0,221.0
64,0.0004079477221239358,1.0,0.014687458984553814,0.9967823624610901,0.9960811246945479,0.996140509630721,0.0003000000142492354,122.29161750001367,27489.0,224.78237316631228,1.0,1.0,1.0,32.0,0.9966996699669968,0.993421052631579,1.0,302.0,1.0,1.0,1.0,198.0,1.0,1.0,1.0,315.0,0.9969135802469136,0.9969135802469136,0.9969135802469136,324.0,1.0,1.0,1.0,122.0,0.9947089947089947,1.0,0.9894736842105263,95.0,1.0,1.0,1.0,68.0,1.0,1.0,1.0,167.0,0.9944444444444445,0.9944444444444445,0.9944444444444445,180.0,0.9841269841269841,1.0,0.96875,32.0,0.9939577039274925,1.0,0.987987987987988,333.0,0.9702970297029702,0.9607843137254902,0.98,50.0,0.98989898989899,1.0,0.98,50.0,1.0,1.0,1.0,59.0,0.9935483870967742,0.9871794871794872,1.0,77.0,1.0,1.0,1.0,41.0,1.0,1.0,1.0,225.0,1.0,1.0,1.0,90.0,1.0,1.0,1.0,36.0,1.0,1.0,1.0,77.0,1.0,1.0,1.0,41.0,0.9941002949852508,0.9911764705882353,0.9970414201183432,338.0,0.9852941176470589,0.9852941176470589,0.9852941176470589,68.0,1.0,1.0,1.0,122.0,0.9863013698630138,0.972972972972973,1.0,36.0,0.9951690821256038,1.0,0.9903846153846154,104.0,0.9921259842519685,0.984375,1.0,63.0,0.994475138121547,0.989010989010989,1.0,180.0,1.0,1.0,1.0,59.0,1.0,1.0,1.0,32.0,0.9983948635634029,0.9967948717948718,1.0,311.0,1.0,1.0,1.0,45.0,0.9976359338061466,1.0,0.9952830188679245,212.0,0.98989898989899,1.0,0.98,50.0,1.0,1.0,1.0,36.0,1.0,1.0,1.0,41.0,1.0,1.0,1.0,297.0,0.9929078014184397,1.0,0.9859154929577465,284.0,1.0,1.0,1.0,68.0,1.0,1.0,1.0,212.0,0.9976470588235293,0.9953051643192489,1.0,212.0,0.9954954954954954,0.9910313901345291,1.0,221.0
65,0.00037075707223266363,1.0,0.014574430882930756,0.9969517588615417,0.9961630113633981,0.9960302559169626,0.0003000000142492354,122.58373854099773,27489.0,224.24670945083304,1.0,1.0,1.0,32.0,0.9966996699669968,0.993421052631579,1.0,302.0,1.0,1.0,1.0,198.0,1.0,1.0,1.0,315.0,0.9969135802469136,0.9969135802469136,0.9969135802469136,324.0,1.0,1.0,1.0,122.0,0.9947089947089947,1.0,0.9894736842105263,95.0,1.0,1.0,1.0,68.0,1.0,1.0,1.0,167.0,0.9972144846796658,1.0,0.9944444444444445,180.0,0.9841269841269841,1.0,0.96875,32.0,0.9939577039274925,1.0,0.987987987987988,333.0,0.9702970297029702,0.9607843137254902,0.98,50.0,0.98989898989899,1.0,0.98,50.0,1.0,1.0,1.0,59.0,0.9935483870967742,0.9871794871794872,1.0,77.0,0.9879518072289156,0.9761904761904762,1.0,41.0,1.0,1.0,1.0,225.0,1.0,1.0,1.0,90.0,1.0,1.0,1.0,36.0,1.0,1.0,1.0,77.0,1.0,1.0,1.0,41.0,0.9941002949852508,0.9911764705882353,0.9970414201183432,338.0,0.9852941176470589,0.9852941176470589,0.9852941176470589,68.0,1.0,1.0,1.0,122.0,0.9863013698630138,0.972972972972973,1.0,36.0,0.9951690821256038,1.0,0.9903846153846154,104.0,0.9921259842519685,0.984375,1.0,63.0,0.9972299168975068,0.994475138121547,1.0,180.0,1.0,1.0,1.0,59.0,1.0,1.0,1.0,32.0,0.9983948635634029,0.9967948717948718,1.0,311.0,1.0,1.0,1.0,45.0,0.9976359338061466,1.0,0.9952830188679245,212.0,0.98989898989899,1.0,0.98,50.0,1.0,1.0,1.0,36.0,1.0,1.0,1.0,41.0,1.0,1.0,1.0,297.0,0.9946902654867256,1.0,0.9894366197183099,284.0,1.0,1.0,1.0,68.0,1.0,1.0,1.0,212.0,0.9976470588235293,0.9953051643192489,1.0,212.0,0.9954954954954954,0.9910313901345291,1.0,221.0
66,0.00034005375346168876,1.0,0.014696575701236725,0.9971210956573486,0.9971498661446163,0.9969216299645318,0.0003000000142492354,122.31525270798011,27489.0,224.7389380425697,1.0,1.0,1.0,32.0,0.9966996699669968,0.993421052631579,1.0,302.0,1.0,1.0,1.0,198.0,1.0,1.0,1.0,315.0,0.9969135802469136,0.9969135802469136,0.9969135802469136,324.0,1.0,1.0,1.0,122.0,0.9947089947089947,1.0,0.9894736842105263,95.0,1.0,1.0,1.0,68.0,1.0,1.0,1.0,167.0,0.9944444444444445,0.9944444444444445,0.9944444444444445,180.0,1.0,1.0,1.0,32.0,0.9939577039274925,1.0,0.987987987987988,333.0,0.98989898989899,1.0,0.98,50.0,0.98989898989899,1.0,0.98,50.0,1.0,1.0,1.0,59.0,0.9935483870967742,0.9871794871794872,1.0,77.0,0.9879518072289156,0.9761904761904762,1.0,41.0,1.0,1.0,1.0,225.0,1.0,1.0,1.0,90.0,1.0,1.0,1.0,36.0,1.0,1.0,1.0,77.0,1.0,1.0,1.0,41.0,0.9941002949852508,0.9911764705882353,0.9970414201183432,338.0,0.9927007299270074,0.9855072463768116,1.0,68.0,1.0,1.0,1.0,122.0,0.9863013698630138,0.972972972972973,1.0,36.0,0.9951690821256038,1.0,0.9903846153846154,104.0,0.9921259842519685,0.984375,1.0,63.0,0.9972299168975068,0.994475138121547,1.0,180.0,1.0,1.0,1.0,59.0,1.0,1.0,1.0,32.0,0.9983948635634029,0.9967948717948718,1.0,311.0,1.0,1.0,1.0,45.0,0.9976359338061466,1.0,0.9952830188679245,212.0,0.98989898989899,1.0,0.98,50.0,1.0,1.0,1.0,36.0,1.0,1.0,1.0,41.0,1.0,1.0,1.0,297.0,0.9929078014184397,1.0,0.9859154929577465,284.0,1.0,1.0,1.0,68.0,1.0,1.0,1.0,212.0,0.9976470588235293,0.9953051643192489,1.0,212.0,0.9954954954954954,0.9910313901345291,1.0,221.0
67,0.0003100276517216116,1.0,0.014857683330774307,0.9967823624610901,0.9960811246945479,0.996140509630721,0.0003000000142492354,122.55267687496962,27489.0,224.30354604204,1.0,1.0,1.0,32.0,0.9966996699669968,0.993421052631579,1.0,302.0,1.0,1.0,1.0,198.0,1.0,1.0,1.0,315.0,0.9969135802469136,0.9969135802469136,0.9969135802469136,324.0,1.0,1.0,1.0,122.0,0.9947089947089947,1.0,0.9894736842105263,95.0,1.0,1.0,1.0,68.0,1.0,1.0,1.0,167.0,0.9944444444444445,0.9944444444444445,0.9944444444444445,180.0,0.9841269841269841,1.0,0.96875,32.0,0.9939577039274925,1.0,0.987987987987988,333.0,0.9702970297029702,0.9607843137254902,0.98,50.0,0.98989898989899,1.0,0.98,50.0,1.0,1.0,1.0,59.0,0.9935483870967742,0.9871794871794872,1.0,77.0,1.0,1.0,1.0,41.0,1.0,1.0,1.0,225.0,1.0,1.0,1.0,90.0,1.0,1.0,1.0,36.0,1.0,1.0,1.0,77.0,1.0,1.0,1.0,41.0,0.9941002949852508,0.9911764705882353,0.9970414201183432,338.0,0.9852941176470589,0.9852941176470589,0.9852941176470589,68.0,1.0,1.0,1.0,122.0,0.9863013698630138,0.972972972972973,1.0,36.0,0.9951690821256038,1.0,0.9903846153846154,104.0,0.9921259842519685,0.984375,1.0,63.0,0.994475138121547,0.989010989010989,1.0,180.0,1.0,1.0,1.0,59.0,1.0,1.0,1.0,32.0,0.9983948635634029,0.9967948717948718,1.0,311.0,1.0,1.0,1.0,45.0,0.9976359338061466,1.0,0.9952830188679245,212.0,0.98989898989899,1.0,0.98,50.0,1.0,1.0,1.0,36.0,1.0,1.0,1.0,41.0,1.0,1.0,1.0,297.0,0.9929078014184397,1.0,0.9859154929577465,284.0,1.0,1.0,1.0,68.0,1.0,1.0,1.0,212.0,0.9976470588235293,0.9953051643192489,1.0,212.0,0.9954954954954954,0.9910313901345291,1.0,221.0
68,0.00028404072509147227,1.0,0.014929540455341339,0.9971210956573486,0.9965050086274201,0.9968984323465874,0.0003000000142492354,122.54889479099074,27489.0,224.31046846144932,1.0,1.0,1.0,32.0,0.9966996699669968,0.993421052631579,1.0,302.0,1.0,1.0,1.0,198.0,1.0,1.0,1.0,315.0,0.9969135802469136,0.9969135802469136,0.9969135802469136,324.0,1.0,1.0,1.0,122.0,0.9947089947089947,1.0,0.9894736842105263,95.0,1.0,1.0,1.0,68.0,1.0,1.0,1.0,167.0,0.9944444444444445,0.9944444444444445,0.9944444444444445,180.0,0.9841269841269841,1.0,0.96875,32.0,0.9939577039274925,1.0,0.987987987987988,333.0,0.98,0.98,0.98,50.0,0.98989898989899,1.0,0.98,50.0,1.0,1.0,1.0,59.0,0.9935483870967742,0.9871794871794872,1.0,77.0,1.0,1.0,1.0,41.0,1.0,1.0,1.0,225.0,1.0,1.0,1.0,90.0,1.0,1.0,1.0,36.0,1.0,1.0,1.0,77.0,1.0,1.0,1.0,41.0,0.9941002949852508,0.9911764705882353,0.9970414201183432,338.0,0.9927007299270074,0.9855072463768116,1.0,68.0,1.0,1.0,1.0,122.0,1.0,1.0,1.0,36.0,0.9951690821256038,1.0,0.9903846153846154,104.0,0.9921259842519685,0.984375,1.0,63.0,0.994475138121547,0.989010989010989,1.0,180.0,1.0,1.0,1.0,59.0,1.0,1.0,1.0,32.0,0.9983948635634029,0.9967948717948718,1.0,311.0,1.0,1.0,1.0,45.0,0.9976359338061466,1.0,0.9952830188679245,212.0,0.98989898989899,1.0,0.98,50.0,1.0,1.0,1.0,36.0,1.0,1.0,1.0,41.0,1.0,1.0,1.0,297.0,0.9946902654867256,1.0,0.9894366197183099,284.0,1.0,1.0,1.0,68.0,1.0,1.0,1.0,212.0,0.9976470588235293,0.9953051643192489,1.0,212.0,0.9954954954954954,0.9910313901345291,1.0,221.0
69,0.00025882115005515516,1.0,0.014727664180099964,0.9967823624610901,0.9960811246945479,0.996140509630721,0.0003000000142492354,122.48030995798763,27489.0,224.4360747407407,1.0,1.0,1.0,32.0,0.9966996699669968,0.993421052631579,1.0,302.0,1.0,1.0,1.0,198.0,1.0,1.0,1.0,315.0,0.9969135802469136,0.9969135802469136,0.9969135802469136,324.0,1.0,1.0,1.0,122.0,0.9947089947089947,1.0,0.9894736842105263,95.0,1.0,1.0,1.0,68.0,1.0,1.0,1.0,167.0,0.9944444444444445,0.9944444444444445,0.9944444444444445,180.0,0.9841269841269841,1.0,0.96875,32.0,0.9939577039274925,1.0,0.987987987987988,333.0,0.9702970297029702,0.9607843137254902,0.98,50.0,0.98989898989899,1.0,0.98,50.0,1.0,1.0,1.0,59.0,0.9935483870967742,0.9871794871794872,1.0,77.0,1.0,1.0,1.0,41.0,1.0,1.0,1.0,225.0,1.0,1.0,1.0,90.0,1.0,1.0,1.0,36.0,1.0,1.0,1.0,77.0,1.0,1.0,1.0,41.0,0.9941002949852508,0.9911764705882353,0.9970414201183432,338.0,0.9852941176470589,0.9852941176470589,0.9852941176470589,68.0,1.0,1.0,1.0,122.0,0.9863013698630138,0.972972972972973,1.0,36.0,0.9951690821256038,1.0,0.9903846153846154,104.0,0.9921259842519685,0.984375,1.0,63.0,0.994475138121547,0.989010989010989,1.0,180.0,1.0,1.0,1.0,59.0,1.0,1.0,1.0,32.0,0.9983948635634029,0.9967948717948718,1.0,311.0,1.0,1.0,1.0,45.0,0.9976359338061466,1.0,0.9952830188679245,212.0,0.98989898989899,1.0,0.98,50.0,1.0,1.0,1.0,36.0,1.0,1.0,1.0,41.0,1.0,1.0,1.0,297.0,0.9929078014184397,1.0,0.9859154929577465,284.0,1.0,1.0,1.0,68.0,1.0,1.0,1.0,212.0,0.9976470588235293,0.9953051643192489,1.0,212.0,0.9954954954954954,0.9910313901345291,1.0,221.0
70,0.00023585582675877959,1.0,0.014658721163868904,0.9971210956573486,0.9971498661446163,0.9969098250665186,0.0003000000142492354,122.3829464999726,27489.0,224.61462798663825,1.0,1.0,1.0,32.0,0.9966996699669968,0.993421052631579,1.0,302.0,1.0,1.0,1.0,198.0,1.0,1.0,1.0,315.0,0.9969135802469136,0.9969135802469136,0.9969135802469136,324.0,1.0,1.0,1.0,122.0,0.9947089947089947,1.0,0.9894736842105263,95.0,1.0,1.0,1.0,68.0,1.0,1.0,1.0,167.0,0.9944444444444445,0.9944444444444445,0.9944444444444445,180.0,1.0,1.0,1.0,32.0,0.9939577039274925,1.0,0.987987987987988,333.0,0.98989898989899,1.0,0.98,50.0,0.98989898989899,1.0,0.98,50.0,1.0,1.0,1.0,59.0,0.9935483870967742,0.9871794871794872,1.0,77.0,1.0,1.0,1.0,41.0,1.0,1.0,1.0,225.0,1.0,1.0,1.0,90.0,1.0,1.0,1.0,36.0,1.0,1.0,1.0,77.0,1.0,1.0,1.0,41.0,0.9941002949852508,0.9911764705882353,0.9970414201183432,338.0,0.9927007299270074,0.9855072463768116,1.0,68.0,1.0,1.0,1.0,122.0,0.9863013698630138,0.972972972972973,1.0,36.0,0.9951690821256038,1.0,0.9903846153846154,104.0,0.9921259842519685,0.984375,1.0,63.0,0.994475138121547,0.989010989010989,1.0,180.0,1.0,1.0,1.0,59.0,1.0,1.0,1.0,32.0,0.9983948635634029,0.9967948717948718,1.0,311.0,1.0,1.0,1.0,45.0,0.9976359338061466,1.0,0.9952830188679245,212.0,0.98989898989899,1.0,0.98,50.0,1.0,1.0,1.0,36.0,0.9879518072289156,0.9761904761904762,1.0,41.0,1.0,1.0,1.0,297.0,0.9929078014184397,1.0,0.9859154929577465,284.0,1.0,1.0,1.0,68.0,1.0,1.0,1.0,212.0,0.9976470588235293,0.9953051643192489,1.0,212.0,0.9977426636568849,0.9954954954954955,1.0,221.0
71,0.00021565686620306224,1.0,0.015085929073393345,0.9967823624610901,0.9960811246945479,0.9959125788258444,0.0003000000142492354,123.7086690000142,27489.0,222.20754796090196,1.0,1.0,1.0,32.0,0.9966996699669968,0.993421052631579,1.0,302.0,1.0,1.0,1.0,198.0,1.0,1.0,1.0,315.0,0.9969135802469136,0.9969135802469136,0.9969135802469136,324.0,1.0,1.0,1.0,122.0,0.9947089947089947,1.0,0.9894736842105263,95.0,1.0,1.0,1.0,68.0,1.0,1.0,1.0,167.0,0.9944444444444445,0.9944444444444445,0.9944444444444445,180.0,0.9841269841269841,1.0,0.96875,32.0,0.9939577039274925,1.0,0.987987987987988,333.0,0.9702970297029702,0.9607843137254902,0.98,50.0,0.98989898989899,1.0,0.98,50.0,1.0,1.0,1.0,59.0,0.9935483870967742,0.9871794871794872,1.0,77.0,1.0,1.0,1.0,41.0,1.0,1.0,1.0,225.0,1.0,1.0,1.0,90.0,1.0,1.0,1.0,36.0,1.0,1.0,1.0,77.0,1.0,1.0,1.0,41.0,0.9941002949852508,0.9911764705882353,0.9970414201183432,338.0,0.9852941176470589,0.9852941176470589,0.9852941176470589,68.0,1.0,1.0,1.0,122.0,0.9863013698630138,0.972972972972973,1.0,36.0,0.9951690821256038,1.0,0.9903846153846154,104.0,0.9921259842519685,0.984375,1.0,63.0,0.994475138121547,0.989010989010989,1.0,180.0,1.0,1.0,1.0,59.0,1.0,1.0,1.0,32.0,0.9983948635634029,0.9967948717948718,1.0,311.0,1.0,1.0,1.0,45.0,0.9976359338061466,1.0,0.9952830188679245,212.0,0.98989898989899,1.0,0.98,50.0,1.0,1.0,1.0,36.0,0.9879518072289156,0.9761904761904762,1.0,41.0,1.0,1.0,1.0,297.0,0.9929078014184397,1.0,0.9859154929577465,284.0,1.0,1.0,1.0,68.0,1.0,1.0,1.0,212.0,0.9976470588235293,0.9953051643192489,1.0,212.0,0.9977426636568849,0.9954954954954955,1.0,221.0
72,0.0001975884079001844,1.0,0.014672250486910343,0.9969517588615417,0.9961630113633981,0.9962844091704919,0.0003000000142492354,122.55028895800933,27489.0,224.30791664162325,1.0,1.0,1.0,32.0,0.9966996699669968,0.993421052631579,1.0,302.0,1.0,1.0,1.0,198.0,1.0,1.0,1.0,315.0,0.9969135802469136,0.9969135802469136,0.9969135802469136,324.0,1.0,1.0,1.0,122.0,0.9947089947089947,1.0,0.9894736842105263,95.0,1.0,1.0,1.0,68.0,1.0,1.0,1.0,167.0,0.9944444444444445,0.9944444444444445,0.9944444444444445,180.0,0.9841269841269841,1.0,0.96875,32.0,0.9939577039274925,1.0,0.987987987987988,333.0,0.9702970297029702,0.9607843137254902,0.98,50.0,0.98989898989899,1.0,0.98,50.0,1.0,1.0,1.0,59.0,0.9935483870967742,0.9871794871794872,1.0,77.0,0.9879518072289156,0.9761904761904762,1.0,41.0,1.0,1.0,1.0,225.0,1.0,1.0,1.0,90.0,1.0,1.0,1.0,36.0,1.0,1.0,1.0,77.0,1.0,1.0,1.0,41.0,0.9941002949852508,0.9911764705882353,0.9970414201183432,338.0,0.9852941176470589,0.9852941176470589,0.9852941176470589,68.0,1.0,1.0,1.0,122.0,1.0,1.0,1.0,36.0,0.9951690821256038,1.0,0.9903846153846154,104.0,0.9921259842519685,0.984375,1.0,63.0,0.9972299168975068,0.994475138121547,1.0,180.0,1.0,1.0,1.0,59.0,1.0,1.0,1.0,32.0,0.9983948635634029,0.9967948717948718,1.0,311.0,1.0,1.0,1.0,45.0,0.9976359338061466,1.0,0.9952830188679245,212.0,0.98989898989899,1.0,0.98,50.0,1.0,1.0,1.0,36.0,1.0,1.0,1.0,41.0,1.0,1.0,1.0,297.0,0.9946902654867256,1.0,0.9894366197183099,284.0,1.0,1.0,1.0,68.0,1.0,1.0,1.0,212.0,0.9976470588235293,0.9953051643192489,1.0,212.0,0.9954954954954954,0.9910313901345291,1.0,221.0
73,0.00017982524877879769,1.0,0.015035886317491531,0.9969517588615417,0.9970324125387906,0.996951080670575,0.0003000000142492354,122.40965979202883,27489.0,224.56561064464333,1.0,1.0,1.0,32.0,0.9950576606260296,0.9901639344262295,1.0,302.0,0.9974683544303797,1.0,0.9949494949494949,198.0,1.0,1.0,1.0,315.0,0.9969135802469136,0.9969135802469136,0.9969135802469136,324.0,1.0,1.0,1.0,122.0,0.9947089947089947,1.0,0.9894736842105263,95.0,1.0,1.0,1.0,68.0,1.0,1.0,1.0,167.0,0.9944444444444445,0.9944444444444445,0.9944444444444445,180.0,1.0,1.0,1.0,32.0,0.9939577039274925,1.0,0.987987987987988,333.0,0.98989898989899,1.0,0.98,50.0,0.98989898989899,1.0,0.98,50.0,1.0,1.0,1.0,59.0,0.9935483870967742,0.9871794871794872,1.0,77.0,1.0,1.0,1.0,41.0,1.0,1.0,1.0,225.0,1.0,1.0,1.0,90.0,1.0,1.0,1.0,36.0,1.0,1.0,1.0,77.0,1.0,1.0,1.0,41.0,0.9941002949852508,0.9911764705882353,0.9970414201183432,338.0,0.9927007299270074,0.9855072463768116,1.0,68.0,1.0,1.0,1.0,122.0,1.0,1.0,1.0,36.0,0.9951690821256038,1.0,0.9903846153846154,104.0,0.9843749999999999,0.9692307692307692,1.0,63.0,0.994475138121547,0.989010989010989,1.0,180.0,1.0,1.0,1.0,59.0,1.0,1.0,1.0,32.0,0.9983948635634029,0.9967948717948718,1.0,311.0,1.0,1.0,1.0,45.0,0.9976359338061466,1.0,0.9952830188679245,212.0,0.98989898989899,1.0,0.98,50.0,1.0,1.0,1.0,36.0,0.9879518072289156,0.9761904761904762,1.0,41.0,1.0,1.0,1.0,297.0,0.9929078014184397,1.0,0.9859154929577465,284.0,1.0,1.0,1.0,68.0,1.0,1.0,1.0,212.0,0.9976470588235293,0.9953051643192489,1.0,212.0,0.9977426636568849,0.9954954954954955,1.0,221.0
74,0.00016404170310124755,1.0,0.014736725017428398,0.9971210956573486,0.9965050086274201,0.9968984323465874,0.0003000000142492354,122.60594458301784,27489.0,224.20609452086472,1.0,1.0,1.0,32.0,0.9966996699669968,0.993421052631579,1.0,302.0,1.0,1.0,1.0,198.0,1.0,1.0,1.0,315.0,0.9969135802469136,0.9969135802469136,0.9969135802469136,324.0,1.0,1.0,1.0,122.0,0.9947089947089947,1.0,0.9894736842105263,95.0,1.0,1.0,1.0,68.0,1.0,1.0,1.0,167.0,0.9944444444444445,0.9944444444444445,0.9944444444444445,180.0,0.9841269841269841,1.0,0.96875,32.0,0.9939577039274925,1.0,0.987987987987988,333.0,0.98,0.98,0.98,50.0,0.98989898989899,1.0,0.98,50.0,1.0,1.0,1.0,59.0,0.9935483870967742,0.9871794871794872,1.0,77.0,1.0,1.0,1.0,41.0,1.0,1.0,1.0,225.0,1.0,1.0,1.0,90.0,1.0,1.0,1.0,36.0,1.0,1.0,1.0,77.0,1.0,1.0,1.0,41.0,0.9941002949852508,0.9911764705882353,0.9970414201183432,338.0,0.9927007299270074,0.9855072463768116,1.0,68.0,1.0,1.0,1.0,122.0,1.0,1.0,1.0,36.0,0.9951690821256038,1.0,0.9903846153846154,104.0,0.9921259842519685,0.984375,1.0,63.0,0.994475138121547,0.989010989010989,1.0,180.0,1.0,1.0,1.0,59.0,1.0,1.0,1.0,32.0,0.9983948635634029,0.9967948717948718,1.0,311.0,1.0,1.0,1.0,45.0,0.9976359338061466,1.0,0.9952830188679245,212.0,0.98989898989899,1.0,0.98,50.0,1.0,1.0,1.0,36.0,1.0,1.0,1.0,41.0,1.0,1.0,1.0,297.0,0.9946902654867256,1.0,0.9894366197183099,284.0,1.0,1.0,1.0,68.0,1.0,1.0,1.0,212.0,0.9976470588235293,0.9953051643192489,1.0,212.0,0.9954954954954954,0.9910313901345291,1.0,221.0
75,0.0001497190969530493,1.0,0.014855942688882351,0.9969517588615417,0.9968078688805945,0.9965073692018922,0.0003000000142492354,122.532185167016,27489.0,224.34105751506394,1.0,1.0,1.0,32.0,0.9966996699669968,0.993421052631579,1.0,302.0,1.0,1.0,1.0,198.0,1.0,1.0,1.0,315.0,0.9969135802469136,0.9969135802469136,0.9969135802469136,324.0,1.0,1.0,1.0,122.0,0.9947089947089947,1.0,0.9894736842105263,95.0,1.0,1.0,1.0,68.0,1.0,1.0,1.0,167.0,0.9944444444444445,0.9944444444444445,0.9944444444444445,180.0,1.0,1.0,1.0,32.0,0.9939577039274925,1.0,0.987987987987988,333.0,0.98,0.98,0.98,50.0,0.98989898989899,1.0,0.98,50.0,1.0,1.0,1.0,59.0,0.9935483870967742,0.9871794871794872,1.0,77.0,1.0,1.0,1.0,41.0,1.0,1.0,1.0,225.0,1.0,1.0,1.0,90.0,1.0,1.0,1.0,36.0,1.0,1.0,1.0,77.0,1.0,1.0,1.0,41.0,0.9941002949852508,0.9911764705882353,0.9970414201183432,338.0,0.9852941176470589,0.9852941176470589,0.9852941176470589,68.0,1.0,1.0,1.0,122.0,0.9863013698630138,0.972972972972973,1.0,36.0,0.9951690821256038,1.0,0.9903846153846154,104.0,0.9921259842519685,0.984375,1.0,63.0,0.994475138121547,0.989010989010989,1.0,180.0,1.0,1.0,1.0,59.0,1.0,1.0,1.0,32.0,0.9983948635634029,0.9967948717948718,1.0,311.0,1.0,1.0,1.0,45.0,0.9976359338061466,1.0,0.9952830188679245,212.0,0.98989898989899,1.0,0.98,50.0,1.0,1.0,1.0,36.0,0.9879518072289156,0.9761904761904762,1.0,41.0,1.0,1.0,1.0,297.0,0.9929078014184397,1.0,0.9859154929577465,284.0,1.0,1.0,1.0,68.0,1.0,1.0,1.0,212.0,0.9976470588235293,0.9953051643192489,1.0,212.0,0.9977426636568849,0.9954954954954955,1.0,221.0
76,0.00013720344577450305,1.0,0.015152654610574245,0.9967823624610901,0.9960811246945479,0.996140509630721,0.0003000000142492354,122.56788570794743,27489.0,224.27571334223958,1.0,1.0,1.0,32.0,0.9966996699669968,0.993421052631579,1.0,302.0,1.0,1.0,1.0,198.0,1.0,1.0,1.0,315.0,0.9969135802469136,0.9969135802469136,0.9969135802469136,324.0,1.0,1.0,1.0,122.0,0.9947089947089947,1.0,0.9894736842105263,95.0,1.0,1.0,1.0,68.0,1.0,1.0,1.0,167.0,0.9944444444444445,0.9944444444444445,0.9944444444444445,180.0,0.9841269841269841,1.0,0.96875,32.0,0.9939577039274925,1.0,0.987987987987988,333.0,0.9702970297029702,0.9607843137254902,0.98,50.0,0.98989898989899,1.0,0.98,50.0,1.0,1.0,1.0,59.0,0.9935483870967742,0.9871794871794872,1.0,77.0,1.0,1.0,1.0,41.0,1.0,1.0,1.0,225.0,1.0,1.0,1.0,90.0,1.0,1.0,1.0,36.0,1.0,1.0,1.0,77.0,1.0,1.0,1.0,41.0,0.9941002949852508,0.9911764705882353,0.9970414201183432,338.0,0.9852941176470589,0.9852941176470589,0.9852941176470589,68.0,1.0,1.0,1.0,122.0,0.9863013698630138,0.972972972972973,1.0,36.0,0.9951690821256038,1.0,0.9903846153846154,104.0,0.9921259842519685,0.984375,1.0,63.0,0.994475138121547,0.989010989010989,1.0,180.0,1.0,1.0,1.0,59.0,1.0,1.0,1.0,32.0,0.9983948635634029,0.9967948717948718,1.0,311.0,1.0,1.0,1.0,45.0,0.9976359338061466,1.0,0.9952830188679245,212.0,0.98989898989899,1.0,0.98,50.0,1.0,1.0,1.0,36.0,1.0,1.0,1.0,41.0,1.0,1.0,1.0,297.0,0.9929078014184397,1.0,0.9859154929577465,284.0,1.0,1.0,1.0,68.0,1.0,1.0,1.0,212.0,0.9976470588235293,0.9953051643192489,1.0,212.0,0.9954954954954954,0.9910313901345291,1.0,221.0
77,0.0001259501586901024,1.0,0.014670202508568764,0.9967823624610901,0.9966904152747688,0.9967765556108252,0.0003000000142492354,122.52098345803097,27489.0,224.36156831385733,1.0,1.0,1.0,32.0,0.9950576606260296,0.9901639344262295,1.0,302.0,0.9974683544303797,1.0,0.9949494949494949,198.0,1.0,1.0,1.0,315.0,0.9969135802469136,0.9969135802469136,0.9969135802469136,324.0,1.0,1.0,1.0,122.0,0.9947089947089947,1.0,0.9894736842105263,95.0,1.0,1.0,1.0,68.0,1.0,1.0,1.0,167.0,0.9944444444444445,0.9944444444444445,0.9944444444444445,180.0,1.0,1.0,1.0,32.0,0.9939577039274925,1.0,0.987987987987988,333.0,0.98,0.98,0.98,50.0,0.98989898989899,1.0,0.98,50.0,1.0,1.0,1.0,59.0,0.9935483870967742,0.9871794871794872,1.0,77.0,1.0,1.0,1.0,41.0,1.0,1.0,1.0,225.0,1.0,1.0,1.0,90.0,1.0,1.0,1.0,36.0,1.0,1.0,1.0,77.0,1.0,1.0,1.0,41.0,0.9941002949852508,0.9911764705882353,0.9970414201183432,338.0,0.9852941176470589,0.9852941176470589,0.9852941176470589,68.0,1.0,1.0,1.0,122.0,1.0,1.0,1.0,36.0,0.9951690821256038,1.0,0.9903846153846154,104.0,0.9843749999999999,0.9692307692307692,1.0,63.0,0.994475138121547,0.989010989010989,1.0,180.0,1.0,1.0,1.0,59.0,1.0,1.0,1.0,32.0,0.9983948635634029,0.9967948717948718,1.0,311.0,1.0,1.0,1.0,45.0,0.9976359338061466,1.0,0.9952830188679245,212.0,0.98989898989899,1.0,0.98,50.0,1.0,1.0,1.0,36.0,1.0,1.0,1.0,41.0,1.0,1.0,1.0,297.0,0.9929078014184397,1.0,0.9859154929577465,284.0,1.0,1.0,1.0,68.0,1.0,1.0,1.0,212.0,0.9976470588235293,0.9953051643192489,1.0,212.0,0.9954954954954954,0.9910313901345291,1.0,221.0
78,0.00011471841571619734,1.0,0.014589100144803524,0.9969517588615417,0.9961630113633981,0.9962844091704919,0.0003000000142492354,122.3485972500057,27489.0,224.67768832550894,1.0,1.0,1.0,32.0,0.9966996699669968,0.993421052631579,1.0,302.0,1.0,1.0,1.0,198.0,1.0,1.0,1.0,315.0,0.9969135802469136,0.9969135802469136,0.9969135802469136,324.0,1.0,1.0,1.0,122.0,0.9947089947089947,1.0,0.9894736842105263,95.0,1.0,1.0,1.0,68.0,1.0,1.0,1.0,167.0,0.9944444444444445,0.9944444444444445,0.9944444444444445,180.0,0.9841269841269841,1.0,0.96875,32.0,0.9939577039274925,1.0,0.987987987987988,333.0,0.9702970297029702,0.9607843137254902,0.98,50.0,0.98989898989899,1.0,0.98,50.0,1.0,1.0,1.0,59.0,0.9935483870967742,0.9871794871794872,1.0,77.0,0.9879518072289156,0.9761904761904762,1.0,41.0,1.0,1.0,1.0,225.0,1.0,1.0,1.0,90.0,1.0,1.0,1.0,36.0,1.0,1.0,1.0,77.0,1.0,1.0,1.0,41.0,0.9941002949852508,0.9911764705882353,0.9970414201183432,338.0,0.9852941176470589,0.9852941176470589,0.9852941176470589,68.0,1.0,1.0,1.0,122.0,1.0,1.0,1.0,36.0,0.9951690821256038,1.0,0.9903846153846154,104.0,0.9921259842519685,0.984375,1.0,63.0,0.9972299168975068,0.994475138121547,1.0,180.0,1.0,1.0,1.0,59.0,1.0,1.0,1.0,32.0,0.9983948635634029,0.9967948717948718,1.0,311.0,1.0,1.0,1.0,45.0,0.9976359338061466,1.0,0.9952830188679245,212.0,0.98989898989899,1.0,0.98,50.0,1.0,1.0,1.0,36.0,1.0,1.0,1.0,41.0,1.0,1.0,1.0,297.0,0.9946902654867256,1.0,0.9894366197183099,284.0,1.0,1.0,1.0,68.0,1.0,1.0,1.0,212.0,0.9976470588235293,0.9953051643192489,1.0,212.0,0.9954954954954954,0.9910313901345291,1.0,221.0
79,0.00010476367606315762,1.0,0.014968197792768478,0.9971210956573486,0.9965050086274201,0.9968984323465874,0.0003000000142492354,122.29681637499016,27489.0,224.77281759904858,1.0,1.0,1.0,32.0,0.9966996699669968,0.993421052631579,1.0,302.0,1.0,1.0,1.0,198.0,1.0,1.0,1.0,315.0,0.9969135802469136,0.9969135802469136,0.9969135802469136,324.0,1.0,1.0,1.0,122.0,0.9947089947089947,1.0,0.9894736842105263,95.0,1.0,1.0,1.0,68.0,1.0,1.0,1.0,167.0,0.9944444444444445,0.9944444444444445,0.9944444444444445,180.0,0.9841269841269841,1.0,0.96875,32.0,0.9939577039274925,1.0,0.987987987987988,333.0,0.98,0.98,0.98,50.0,0.98989898989899,1.0,0.98,50.0,1.0,1.0,1.0,59.0,0.9935483870967742,0.9871794871794872,1.0,77.0,1.0,1.0,1.0,41.0,1.0,1.0,1.0,225.0,1.0,1.0,1.0,90.0,1.0,1.0,1.0,36.0,1.0,1.0,1.0,77.0,1.0,1.0,1.0,41.0,0.9941002949852508,0.9911764705882353,0.9970414201183432,338.0,0.9927007299270074,0.9855072463768116,1.0,68.0,1.0,1.0,1.0,122.0,1.0,1.0,1.0,36.0,0.9951690821256038,1.0,0.9903846153846154,104.0,0.9921259842519685,0.984375,1.0,63.0,0.994475138121547,0.989010989010989,1.0,180.0,1.0,1.0,1.0,59.0,1.0,1.0,1.0,32.0,0.9983948635634029,0.9967948717948718,1.0,311.0,1.0,1.0,1.0,45.0,0.9976359338061466,1.0,0.9952830188679245,212.0,0.98989898989899,1.0,0.98,50.0,1.0,1.0,1.0,36.0,1.0,1.0,1.0,41.0,1.0,1.0,1.0,297.0,0.9946902654867256,1.0,0.9894366197183099,284.0,1.0,1.0,1.0,68.0,1.0,1.0,1.0,212.0,0.9976470588235293,0.9953051643192489,1.0,212.0,0.9954954954954954,0.9910313901345291,1.0,221.0
80,9.559808677295223e-05,1.0,0.014983872883021832,0.9969517588615417,0.9968078688805945,0.9967353000067688,0.0003000000142492354,122.3897360410192,27489.0,224.6021675444009,1.0,1.0,1.0,32.0,0.9966996699669968,0.993421052631579,1.0,302.0,1.0,1.0,1.0,198.0,1.0,1.0,1.0,315.0,0.9969135802469136,0.9969135802469136,0.9969135802469136,324.0,1.0,1.0,1.0,122.0,0.9947089947089947,1.0,0.9894736842105263,95.0,1.0,1.0,1.0,68.0,1.0,1.0,1.0,167.0,0.9944444444444445,0.9944444444444445,0.9944444444444445,180.0,1.0,1.0,1.0,32.0,0.9939577039274925,1.0,0.987987987987988,333.0,0.98,0.98,0.98,50.0,0.98989898989899,1.0,0.98,50.0,1.0,1.0,1.0,59.0,0.9935483870967742,0.9871794871794872,1.0,77.0,1.0,1.0,1.0,41.0,1.0,1.0,1.0,225.0,1.0,1.0,1.0,90.0,1.0,1.0,1.0,36.0,1.0,1.0,1.0,77.0,1.0,1.0,1.0,41.0,0.9941002949852508,0.9911764705882353,0.9970414201183432,338.0,0.9852941176470589,0.9852941176470589,0.9852941176470589,68.0,1.0,1.0,1.0,122.0,0.9863013698630138,0.972972972972973,1.0,36.0,0.9951690821256038,1.0,0.9903846153846154,104.0,0.9921259842519685,0.984375,1.0,63.0,0.994475138121547,0.989010989010989,1.0,180.0,1.0,1.0,1.0,59.0,1.0,1.0,1.0,32.0,0.9983948635634029,0.9967948717948718,1.0,311.0,1.0,1.0,1.0,45.0,0.9976359338061466,1.0,0.9952830188679245,212.0,0.98989898989899,1.0,0.98,50.0,1.0,1.0,1.0,36.0,1.0,1.0,1.0,41.0,1.0,1.0,1.0,297.0,0.9929078014184397,1.0,0.9859154929577465,284.0,1.0,1.0,1.0,68.0,1.0,1.0,1.0,212.0,0.9976470588235293,0.9953051643192489,1.0,212.0,0.9954954954954954,0.9910313901345291,1.0,221.0
81,8.683300256961957e-05,1.0,0.014896185137331486,0.9969517588615417,0.9968078688805945,0.996787755732032,0.0003000000142492354,122.5363178330008,27489.0,224.33349137733612,1.0,1.0,1.0,32.0,0.9950576606260296,0.9901639344262295,1.0,302.0,1.0,1.0,1.0,198.0,1.0,1.0,1.0,315.0,0.9969135802469136,0.9969135802469136,0.9969135802469136,324.0,1.0,1.0,1.0,122.0,0.9947089947089947,1.0,0.9894736842105263,95.0,1.0,1.0,1.0,68.0,1.0,1.0,1.0,167.0,0.9944444444444445,0.9944444444444445,0.9944444444444445,180.0,1.0,1.0,1.0,32.0,0.9939577039274925,1.0,0.987987987987988,333.0,0.98,0.98,0.98,50.0,0.98989898989899,1.0,0.98,50.0,1.0,1.0,1.0,59.0,0.9935483870967742,0.9871794871794872,1.0,77.0,1.0,1.0,1.0,41.0,1.0,1.0,1.0,225.0,1.0,1.0,1.0,90.0,1.0,1.0,1.0,36.0,1.0,1.0,1.0,77.0,1.0,1.0,1.0,41.0,0.9941002949852508,0.9911764705882353,0.9970414201183432,338.0,0.9852941176470589,0.9852941176470589,0.9852941176470589,68.0,1.0,1.0,1.0,122.0,1.0,1.0,1.0,36.0,0.9951690821256038,1.0,0.9903846153846154,104.0,0.9921259842519685,0.984375,1.0,63.0,0.994475138121547,0.989010989010989,1.0,180.0,1.0,1.0,1.0,59.0,1.0,1.0,1.0,32.0,0.9983948635634029,0.9967948717948718,1.0,311.0,1.0,1.0,1.0,45.0,0.9976359338061466,1.0,0.9952830188679245,212.0,0.98989898989899,1.0,0.98,50.0,1.0,1.0,1.0,36.0,0.9879518072289156,0.9761904761904762,1.0,41.0,1.0,1.0,1.0,297.0,0.9929078014184397,1.0,0.9859154929577465,284.0,1.0,1.0,1.0,68.0,1.0,1.0,1.0,212.0,0.9976470588235293,0.9953051643192489,1.0,212.0,0.9977426636568849,0.9954954954954955,1.0,221.0
82,7.992736937012523e-05,1.0,0.014942534267902374,0.9969517588615417,0.9968078688805945,0.996787755732032,0.0003000000142492354,122.27862500003539,27489.0,224.80625702155257,1.0,1.0,1.0,32.0,0.9950576606260296,0.9901639344262295,1.0,302.0,1.0,1.0,1.0,198.0,1.0,1.0,1.0,315.0,0.9969135802469136,0.9969135802469136,0.9969135802469136,324.0,1.0,1.0,1.0,122.0,0.9947089947089947,1.0,0.9894736842105263,95.0,1.0,1.0,1.0,68.0,1.0,1.0,1.0,167.0,0.9944444444444445,0.9944444444444445,0.9944444444444445,180.0,1.0,1.0,1.0,32.0,0.9939577039274925,1.0,0.987987987987988,333.0,0.98,0.98,0.98,50.0,0.98989898989899,1.0,0.98,50.0,1.0,1.0,1.0,59.0,0.9935483870967742,0.9871794871794872,1.0,77.0,1.0,1.0,1.0,41.0,1.0,1.0,1.0,225.0,1.0,1.0,1.0,90.0,1.0,1.0,1.0,36.0,1.0,1.0,1.0,77.0,1.0,1.0,1.0,41.0,0.9941002949852508,0.9911764705882353,0.9970414201183432,338.0,0.9852941176470589,0.9852941176470589,0.9852941176470589,68.0,1.0,1.0,1.0,122.0,1.0,1.0,1.0,36.0,0.9951690821256038,1.0,0.9903846153846154,104.0,0.9921259842519685,0.984375,1.0,63.0,0.994475138121547,0.989010989010989,1.0,180.0,1.0,1.0,1.0,59.0,1.0,1.0,1.0,32.0,0.9983948635634029,0.9967948717948718,1.0,311.0,1.0,1.0,1.0,45.0,0.9976359338061466,1.0,0.9952830188679245,212.0,0.98989898989899,1.0,0.98,50.0,1.0,1.0,1.0,36.0,0.9879518072289156,0.9761904761904762,1.0,41.0,1.0,1.0,1.0,297.0,0.9929078014184397,1.0,0.9859154929577465,284.0,1.0,1.0,1.0,68.0,1.0,1.0,1.0,212.0,0.9976470588235293,0.9953051643192489,1.0,212.0,0.9977426636568849,0.9954954954954955,1.0,221.0
83,7.330955122597516e-05,1.0,0.014793513342738152,0.9969517588615417,0.9961630113633981,0.9965005350773551,0.0003000000142492354,122.3001512499759,27489.0,224.76668850403746,1.0,1.0,1.0,32.0,0.9966996699669968,0.993421052631579,1.0,302.0,1.0,1.0,1.0,198.0,1.0,1.0,1.0,315.0,0.9969135802469136,0.9969135802469136,0.9969135802469136,324.0,1.0,1.0,1.0,122.0,0.9947089947089947,1.0,0.9894736842105263,95.0,1.0,1.0,1.0,68.0,1.0,1.0,1.0,167.0,0.9944444444444445,0.9944444444444445,0.9944444444444445,180.0,0.9841269841269841,1.0,0.96875,32.0,0.9939577039274925,1.0,0.987987987987988,333.0,0.9702970297029702,0.9607843137254902,0.98,50.0,0.98989898989899,1.0,0.98,50.0,1.0,1.0,1.0,59.0,0.9935483870967742,0.9871794871794872,1.0,77.0,1.0,1.0,1.0,41.0,1.0,1.0,1.0,225.0,1.0,1.0,1.0,90.0,1.0,1.0,1.0,36.0,1.0,1.0,1.0,77.0,1.0,1.0,1.0,41.0,0.9941002949852508,0.9911764705882353,0.9970414201183432,338.0,0.9852941176470589,0.9852941176470589,0.9852941176470589,68.0,1.0,1.0,1.0,122.0,1.0,1.0,1.0,36.0,0.9951690821256038,1.0,0.9903846153846154,104.0,0.9921259842519685,0.984375,1.0,63.0,0.994475138121547,0.989010989010989,1.0,180.0,1.0,1.0,1.0,59.0,1.0,1.0,1.0,32.0,0.9983948635634029,0.9967948717948718,1.0,311.0,1.0,1.0,1.0,45.0,0.9976359338061466,1.0,0.9952830188679245,212.0,0.98989898989899,1.0,0.98,50.0,1.0,1.0,1.0,36.0,1.0,1.0,1.0,41.0,1.0,1.0,1.0,297.0,0.9946902654867256,1.0,0.9894366197183099,284.0,1.0,1.0,1.0,68.0,1.0,1.0,1.0,212.0,0.9976470588235293,0.9953051643192489,1.0,212.0,0.9954954954954954,0.9910313901345291,1.0,221.0
84,6.645840039709583e-05,1.0,0.015092689543962479,0.9971210956573486,0.9968897555494447,0.997095325453403,0.0003000000142492354,122.52075516601326,27489.0,224.3619863651096,1.0,1.0,1.0,32.0,0.9966996699669968,0.993421052631579,1.0,302.0,1.0,1.0,1.0,198.0,1.0,1.0,1.0,315.0,0.9969135802469136,0.9969135802469136,0.9969135802469136,324.0,1.0,1.0,1.0,122.0,0.9947089947089947,1.0,0.9894736842105263,95.0,1.0,1.0,1.0,68.0,1.0,1.0,1.0,167.0,0.9944444444444445,0.9944444444444445,0.9944444444444445,180.0,1.0,1.0,1.0,32.0,0.9939577039274925,1.0,0.987987987987988,333.0,0.98,0.98,0.98,50.0,0.98989898989899,1.0,0.98,50.0,1.0,1.0,1.0,59.0,0.9935483870967742,0.9871794871794872,1.0,77.0,1.0,1.0,1.0,41.0,1.0,1.0,1.0,225.0,1.0,1.0,1.0,90.0,1.0,1.0,1.0,36.0,1.0,1.0,1.0,77.0,1.0,1.0,1.0,41.0,0.9941002949852508,0.9911764705882353,0.9970414201183432,338.0,0.9852941176470589,0.9852941176470589,0.9852941176470589,68.0,1.0,1.0,1.0,122.0,1.0,1.0,1.0,36.0,0.9951690821256038,1.0,0.9903846153846154,104.0,0.9921259842519685,0.984375,1.0,63.0,0.994475138121547,0.989010989010989,1.0,180.0,1.0,1.0,1.0,59.0,1.0,1.0,1.0,32.0,0.9983948635634029,0.9967948717948718,1.0,311.0,1.0,1.0,1.0,45.0,0.9976359338061466,1.0,0.9952830188679245,212.0,0.98989898989899,1.0,0.98,50.0,1.0,1.0,1.0,36.0,1.0,1.0,1.0,41.0,1.0,1.0,1.0,297.0,0.9946902654867256,1.0,0.9894366197183099,284.0,1.0,1.0,1.0,68.0,1.0,1.0,1.0,212.0,0.9976470588235293,0.9953051643192489,1.0,212.0,0.9954954954954954,0.9910313901345291,1.0,221.0
85,6.0865302657475695e-05,1.0,0.014773227274417877,0.9971210956573486,0.9968897555494447,0.997095325453403,0.0003000000142492354,122.33673879201524,27489.0,224.69946699113882,1.0,1.0,1.0,32.0,0.9966996699669968,0.993421052631579,1.0,302.0,1.0,1.0,1.0,198.0,1.0,1.0,1.0,315.0,0.9969135802469136,0.9969135802469136,0.9969135802469136,324.0,1.0,1.0,1.0,122.0,0.9947089947089947,1.0,0.9894736842105263,95.0,1.0,1.0,1.0,68.0,1.0,1.0,1.0,167.0,0.9944444444444445,0.9944444444444445,0.9944444444444445,180.0,1.0,1.0,1.0,32.0,0.9939577039274925,1.0,0.987987987987988,333.0,0.98,0.98,0.98,50.0,0.98989898989899,1.0,0.98,50.0,1.0,1.0,1.0,59.0,0.9935483870967742,0.9871794871794872,1.0,77.0,1.0,1.0,1.0,41.0,1.0,1.0,1.0,225.0,1.0,1.0,1.0,90.0,1.0,1.0,1.0,36.0,1.0,1.0,1.0,77.0,1.0,1.0,1.0,41.0,0.9941002949852508,0.9911764705882353,0.9970414201183432,338.0,0.9852941176470589,0.9852941176470589,0.9852941176470589,68.0,1.0,1.0,1.0,122.0,1.0,1.0,1.0,36.0,0.9951690821256038,1.0,0.9903846153846154,104.0,0.9921259842519685,0.984375,1.0,63.0,0.994475138121547,0.989010989010989,1.0,180.0,1.0,1.0,1.0,59.0,1.0,1.0,1.0,32.0,0.9983948635634029,0.9967948717948718,1.0,311.0,1.0,1.0,1.0,45.0,0.9976359338061466,1.0,0.9952830188679245,212.0,0.98989898989899,1.0,0.98,50.0,1.0,1.0,1.0,36.0,1.0,1.0,1.0,41.0,1.0,1.0,1.0,297.0,0.9946902654867256,1.0,0.9894366197183099,284.0,1.0,1.0,1.0,68.0,1.0,1.0,1.0,212.0,0.9976470588235293,0.9953051643192489,1.0,212.0,0.9954954954954954,0.9910313901345291,1.0,221.0
86,5.57863422727678e-05,1.0,0.015175332315266132,0.9969517588615417,0.9968078688805945,0.996787755732032,0.0003000000142492354,122.48005600000033,27489.0,224.43654010086283,1.0,1.0,1.0,32.0,0.9950576606260296,0.9901639344262295,1.0,302.0,1.0,1.0,1.0,198.0,1.0,1.0,1.0,315.0,0.9969135802469136,0.9969135802469136,0.9969135802469136,324.0,1.0,1.0,1.0,122.0,0.9947089947089947,1.0,0.9894736842105263,95.0,1.0,1.0,1.0,68.0,1.0,1.0,1.0,167.0,0.9944444444444445,0.9944444444444445,0.9944444444444445,180.0,1.0,1.0,1.0,32.0,0.9939577039274925,1.0,0.987987987987988,333.0,0.98,0.98,0.98,50.0,0.98989898989899,1.0,0.98,50.0,1.0,1.0,1.0,59.0,0.9935483870967742,0.9871794871794872,1.0,77.0,1.0,1.0,1.0,41.0,1.0,1.0,1.0,225.0,1.0,1.0,1.0,90.0,1.0,1.0,1.0,36.0,1.0,1.0,1.0,77.0,1.0,1.0,1.0,41.0,0.9941002949852508,0.9911764705882353,0.9970414201183432,338.0,0.9852941176470589,0.9852941176470589,0.9852941176470589,68.0,1.0,1.0,1.0,122.0,1.0,1.0,1.0,36.0,0.9951690821256038,1.0,0.9903846153846154,104.0,0.9921259842519685,0.984375,1.0,63.0,0.994475138121547,0.989010989010989,1.0,180.0,1.0,1.0,1.0,59.0,1.0,1.0,1.0,32.0,0.9983948635634029,0.9967948717948718,1.0,311.0,1.0,1.0,1.0,45.0,0.9976359338061466,1.0,0.9952830188679245,212.0,0.98989898989899,1.0,0.98,50.0,1.0,1.0,1.0,36.0,0.9879518072289156,0.9761904761904762,1.0,41.0,1.0,1.0,1.0,297.0,0.9929078014184397,1.0,0.9859154929577465,284.0,1.0,1.0,1.0,68.0,1.0,1.0,1.0,212.0,0.9976470588235293,0.9953051643192489,1.0,212.0,0.9977426636568849,0.9954954954954955,1.0,221.0
87,5.109232006361708e-05,1.0,0.015151823870837688,0.9971210956573486,0.9968897555494447,0.997095325453403,0.0003000000142492354,122.51010229199892,27489.0,224.38149577641235,1.0,1.0,1.0,32.0,0.9966996699669968,0.993421052631579,1.0,302.0,1.0,1.0,1.0,198.0,1.0,1.0,1.0,315.0,0.9969135802469136,0.9969135802469136,0.9969135802469136,324.0,1.0,1.0,1.0,122.0,0.9947089947089947,1.0,0.9894736842105263,95.0,1.0,1.0,1.0,68.0,1.0,1.0,1.0,167.0,0.9944444444444445,0.9944444444444445,0.9944444444444445,180.0,1.0,1.0,1.0,32.0,0.9939577039274925,1.0,0.987987987987988,333.0,0.98,0.98,0.98,50.0,0.98989898989899,1.0,0.98,50.0,1.0,1.0,1.0,59.0,0.9935483870967742,0.9871794871794872,1.0,77.0,1.0,1.0,1.0,41.0,1.0,1.0,1.0,225.0,1.0,1.0,1.0,90.0,1.0,1.0,1.0,36.0,1.0,1.0,1.0,77.0,1.0,1.0,1.0,41.0,0.9941002949852508,0.9911764705882353,0.9970414201183432,338.0,0.9852941176470589,0.9852941176470589,0.9852941176470589,68.0,1.0,1.0,1.0,122.0,1.0,1.0,1.0,36.0,0.9951690821256038,1.0,0.9903846153846154,104.0,0.9921259842519685,0.984375,1.0,63.0,0.994475138121547,0.989010989010989,1.0,180.0,1.0,1.0,1.0,59.0,1.0,1.0,1.0,32.0,0.9983948635634029,0.9967948717948718,1.0,311.0,1.0,1.0,1.0,45.0,0.9976359338061466,1.0,0.9952830188679245,212.0,0.98989898989899,1.0,0.98,50.0,1.0,1.0,1.0,36.0,1.0,1.0,1.0,41.0,1.0,1.0,1.0,297.0,0.9946902654867256,1.0,0.9894366197183099,284.0,1.0,1.0,1.0,68.0,1.0,1.0,1.0,212.0,0.9976470588235293,0.9953051643192489,1.0,212.0,0.9954954954954954,0.9910313901345291,1.0,221.0
88,4.6742457925574854e-05,1.0,0.01473813783377409,0.9969517588615417,0.9961630113633981,0.9965005350773551,0.0003000000142492354,122.49483437504387,27489.0,224.40946298059075,1.0,1.0,1.0,32.0,0.9966996699669968,0.993421052631579,1.0,302.0,1.0,1.0,1.0,198.0,1.0,1.0,1.0,315.0,0.9969135802469136,0.9969135802469136,0.9969135802469136,324.0,1.0,1.0,1.0,122.0,0.9947089947089947,1.0,0.9894736842105263,95.0,1.0,1.0,1.0,68.0,1.0,1.0,1.0,167.0,0.9944444444444445,0.9944444444444445,0.9944444444444445,180.0,0.9841269841269841,1.0,0.96875,32.0,0.9939577039274925,1.0,0.987987987987988,333.0,0.9702970297029702,0.9607843137254902,0.98,50.0,0.98989898989899,1.0,0.98,50.0,1.0,1.0,1.0,59.0,0.9935483870967742,0.9871794871794872,1.0,77.0,1.0,1.0,1.0,41.0,1.0,1.0,1.0,225.0,1.0,1.0,1.0,90.0,1.0,1.0,1.0,36.0,1.0,1.0,1.0,77.0,1.0,1.0,1.0,41.0,0.9941002949852508,0.9911764705882353,0.9970414201183432,338.0,0.9852941176470589,0.9852941176470589,0.9852941176470589,68.0,1.0,1.0,1.0,122.0,1.0,1.0,1.0,36.0,0.9951690821256038,1.0,0.9903846153846154,104.0,0.9921259842519685,0.984375,1.0,63.0,0.994475138121547,0.989010989010989,1.0,180.0,1.0,1.0,1.0,59.0,1.0,1.0,1.0,32.0,0.9983948635634029,0.9967948717948718,1.0,311.0,1.0,1.0,1.0,45.0,0.9976359338061466,1.0,0.9952830188679245,212.0,0.98989898989899,1.0,0.98,50.0,1.0,1.0,1.0,36.0,1.0,1.0,1.0,41.0,1.0,1.0,1.0,297.0,0.9946902654867256,1.0,0.9894366197183099,284.0,1.0,1.0,1.0,68.0,1.0,1.0,1.0,212.0,0.9976470588235293,0.9953051643192489,1.0,212.0,0.9954954954954954,0.9910313901345291,1.0,221.0
89,4.269494820619002e-05,1.0,0.014843061566352844,0.9971210956573486,0.9968897555494447,0.997095325453403,0.0003000000142492354,122.42003833304625,27489.0,224.54657239377434,1.0,1.0,1.0,32.0,0.9966996699669968,0.993421052631579,1.0,302.0,1.0,1.0,1.0,198.0,1.0,1.0,1.0,315.0,0.9969135802469136,0.9969135802469136,0.9969135802469136,324.0,1.0,1.0,1.0,122.0,0.9947089947089947,1.0,0.9894736842105263,95.0,1.0,1.0,1.0,68.0,1.0,1.0,1.0,167.0,0.9944444444444445,0.9944444444444445,0.9944444444444445,180.0,1.0,1.0,1.0,32.0,0.9939577039274925,1.0,0.987987987987988,333.0,0.98,0.98,0.98,50.0,0.98989898989899,1.0,0.98,50.0,1.0,1.0,1.0,59.0,0.9935483870967742,0.9871794871794872,1.0,77.0,1.0,1.0,1.0,41.0,1.0,1.0,1.0,225.0,1.0,1.0,1.0,90.0,1.0,1.0,1.0,36.0,1.0,1.0,1.0,77.0,1.0,1.0,1.0,41.0,0.9941002949852508,0.9911764705882353,0.9970414201183432,338.0,0.9852941176470589,0.9852941176470589,0.9852941176470589,68.0,1.0,1.0,1.0,122.0,1.0,1.0,1.0,36.0,0.9951690821256038,1.0,0.9903846153846154,104.0,0.9921259842519685,0.984375,1.0,63.0,0.994475138121547,0.989010989010989,1.0,180.0,1.0,1.0,1.0,59.0,1.0,1.0,1.0,32.0,0.9983948635634029,0.9967948717948718,1.0,311.0,1.0,1.0,1.0,45.0,0.9976359338061466,1.0,0.9952830188679245,212.0,0.98989898989899,1.0,0.98,50.0,1.0,1.0,1.0,36.0,1.0,1.0,1.0,41.0,1.0,1.0,1.0,297.0,0.9946902654867256,1.0,0.9894366197183099,284.0,1.0,1.0,1.0,68.0,1.0,1.0,1.0,212.0,0.9976470588235293,0.9953051643192489,1.0,212.0,0.9954954954954954,0.9910313901345291,1.0,221.0
90,3.9354847103822976e-05,1.0,0.015331100672483444,0.9967823624610901,0.9960811246945479,0.9961929653559844,0.0003000000142492354,122.3567430000403,27489.0,224.66273068408617,1.0,1.0,1.0,32.0,0.9950576606260296,0.9901639344262295,1.0,302.0,1.0,1.0,1.0,198.0,1.0,1.0,1.0,315.0,0.9969135802469136,0.9969135802469136,0.9969135802469136,324.0,1.0,1.0,1.0,122.0,0.9947089947089947,1.0,0.9894736842105263,95.0,1.0,1.0,1.0,68.0,1.0,1.0,1.0,167.0,0.9944444444444445,0.9944444444444445,0.9944444444444445,180.0,0.9841269841269841,1.0,0.96875,32.0,0.9939577039274925,1.0,0.987987987987988,333.0,0.9702970297029702,0.9607843137254902,0.98,50.0,0.98989898989899,1.0,0.98,50.0,1.0,1.0,1.0,59.0,0.9935483870967742,0.9871794871794872,1.0,77.0,1.0,1.0,1.0,41.0,1.0,1.0,1.0,225.0,1.0,1.0,1.0,90.0,1.0,1.0,1.0,36.0,1.0,1.0,1.0,77.0,1.0,1.0,1.0,41.0,0.9941002949852508,0.9911764705882353,0.9970414201183432,338.0,0.9852941176470589,0.9852941176470589,0.9852941176470589,68.0,1.0,1.0,1.0,122.0,1.0,1.0,1.0,36.0,0.9951690821256038,1.0,0.9903846153846154,104.0,0.9921259842519685,0.984375,1.0,63.0,0.994475138121547,0.989010989010989,1.0,180.0,1.0,1.0,1.0,59.0,1.0,1.0,1.0,32.0,0.9983948635634029,0.9967948717948718,1.0,311.0,1.0,1.0,1.0,45.0,0.9976359338061466,1.0,0.9952830188679245,212.0,0.98989898989899,1.0,0.98,50.0,1.0,1.0,1.0,36.0,0.9879518072289156,0.9761904761904762,1.0,41.0,1.0,1.0,1.0,297.0,0.9929078014184397,1.0,0.9859154929577465,284.0,1.0,1.0,1.0,68.0,1.0,1.0,1.0,212.0,0.9976470588235293,0.9953051643192489,1.0,212.0,0.9977426636568849,0.9954954954954955,1.0,221.0
91,3.5924727853853256e-05,1.0,0.015210827812552452,0.9969517588615417,0.9968078688805945,0.9965073692018922,0.0003000000142492354,122.44267466699239,27489.0,224.5050598148227,1.0,1.0,1.0,32.0,0.9966996699669968,0.993421052631579,1.0,302.0,1.0,1.0,1.0,198.0,1.0,1.0,1.0,315.0,0.9969135802469136,0.9969135802469136,0.9969135802469136,324.0,1.0,1.0,1.0,122.0,0.9947089947089947,1.0,0.9894736842105263,95.0,1.0,1.0,1.0,68.0,1.0,1.0,1.0,167.0,0.9944444444444445,0.9944444444444445,0.9944444444444445,180.0,1.0,1.0,1.0,32.0,0.9939577039274925,1.0,0.987987987987988,333.0,0.98,0.98,0.98,50.0,0.98989898989899,1.0,0.98,50.0,1.0,1.0,1.0,59.0,0.9935483870967742,0.9871794871794872,1.0,77.0,1.0,1.0,1.0,41.0,1.0,1.0,1.0,225.0,1.0,1.0,1.0,90.0,1.0,1.0,1.0,36.0,1.0,1.0,1.0,77.0,1.0,1.0,1.0,41.0,0.9941002949852508,0.9911764705882353,0.9970414201183432,338.0,0.9852941176470589,0.9852941176470589,0.9852941176470589,68.0,1.0,1.0,1.0,122.0,0.9863013698630138,0.972972972972973,1.0,36.0,0.9951690821256038,1.0,0.9903846153846154,104.0,0.9921259842519685,0.984375,1.0,63.0,0.994475138121547,0.989010989010989,1.0,180.0,1.0,1.0,1.0,59.0,1.0,1.0,1.0,32.0,0.9983948635634029,0.9967948717948718,1.0,311.0,1.0,1.0,1.0,45.0,0.9976359338061466,1.0,0.9952830188679245,212.0,0.98989898989899,1.0,0.98,50.0,1.0,1.0,1.0,36.0,0.9879518072289156,0.9761904761904762,1.0,41.0,1.0,1.0,1.0,297.0,0.9929078014184397,1.0,0.9859154929577465,284.0,1.0,1.0,1.0,68.0,1.0,1.0,1.0,212.0,0.9976470588235293,0.9953051643192489,1.0,212.0,0.9977426636568849,0.9954954954954955,1.0,221.0
92,3.279694283264689e-05,1.0,0.014871835708618164,0.9969517588615417,0.9961630113633981,0.9965005350773551,0.0003000000142492354,122.4118510420085,27489.0,224.5615907774036,1.0,1.0,1.0,32.0,0.9966996699669968,0.993421052631579,1.0,302.0,1.0,1.0,1.0,198.0,1.0,1.0,1.0,315.0,0.9969135802469136,0.9969135802469136,0.9969135802469136,324.0,1.0,1.0,1.0,122.0,0.9947089947089947,1.0,0.9894736842105263,95.0,1.0,1.0,1.0,68.0,1.0,1.0,1.0,167.0,0.9944444444444445,0.9944444444444445,0.9944444444444445,180.0,0.9841269841269841,1.0,0.96875,32.0,0.9939577039274925,1.0,0.987987987987988,333.0,0.9702970297029702,0.9607843137254902,0.98,50.0,0.98989898989899,1.0,0.98,50.0,1.0,1.0,1.0,59.0,0.9935483870967742,0.9871794871794872,1.0,77.0,1.0,1.0,1.0,41.0,1.0,1.0,1.0,225.0,1.0,1.0,1.0,90.0,1.0,1.0,1.0,36.0,1.0,1.0,1.0,77.0,1.0,1.0,1.0,41.0,0.9941002949852508,0.9911764705882353,0.9970414201183432,338.0,0.9852941176470589,0.9852941176470589,0.9852941176470589,68.0,1.0,1.0,1.0,122.0,1.0,1.0,1.0,36.0,0.9951690821256038,1.0,0.9903846153846154,104.0,0.9921259842519685,0.984375,1.0,63.0,0.994475138121547,0.989010989010989,1.0,180.0,1.0,1.0,1.0,59.0,1.0,1.0,1.0,32.0,0.9983948635634029,0.9967948717948718,1.0,311.0,1.0,1.0,1.0,45.0,0.9976359338061466,1.0,0.9952830188679245,212.0,0.98989898989899,1.0,0.98,50.0,1.0,1.0,1.0,36.0,1.0,1.0,1.0,41.0,1.0,1.0,1.0,297.0,0.9946902654867256,1.0,0.9894366197183099,284.0,1.0,1.0,1.0,68.0,1.0,1.0,1.0,212.0,0.9976470588235293,0.9953051643192489,1.0,212.0,0.9954954954954954,0.9910313901345291,1.0,221.0
93,3.0040155252208933e-05,1.0,0.015265914611518383,0.9969517588615417,0.996772301943619,0.9968561945273194,0.0003000000142492354,122.44631812500302,27489.0,224.49837954242957,1.0,1.0,1.0,32.0,0.9966996699669968,0.993421052631579,1.0,302.0,0.9974683544303797,1.0,0.9949494949494949,198.0,1.0,1.0,1.0,315.0,0.9969135802469136,0.9969135802469136,0.9969135802469136,324.0,1.0,1.0,1.0,122.0,0.9947089947089947,1.0,0.9894736842105263,95.0,1.0,1.0,1.0,68.0,1.0,1.0,1.0,167.0,0.9944444444444445,0.9944444444444445,0.9944444444444445,180.0,1.0,1.0,1.0,32.0,0.9939577039274925,1.0,0.987987987987988,333.0,0.98,0.98,0.98,50.0,0.98989898989899,1.0,0.98,50.0,1.0,1.0,1.0,59.0,0.9935483870967742,0.9871794871794872,1.0,77.0,1.0,1.0,1.0,41.0,1.0,1.0,1.0,225.0,1.0,1.0,1.0,90.0,1.0,1.0,1.0,36.0,1.0,1.0,1.0,77.0,1.0,1.0,1.0,41.0,0.9941002949852508,0.9911764705882353,0.9970414201183432,338.0,0.9852941176470589,0.9852941176470589,0.9852941176470589,68.0,1.0,1.0,1.0,122.0,1.0,1.0,1.0,36.0,0.9951690821256038,1.0,0.9903846153846154,104.0,0.9843749999999999,0.9692307692307692,1.0,63.0,0.994475138121547,0.989010989010989,1.0,180.0,1.0,1.0,1.0,59.0,1.0,1.0,1.0,32.0,0.9983948635634029,0.9967948717948718,1.0,311.0,1.0,1.0,1.0,45.0,0.9976359338061466,1.0,0.9952830188679245,212.0,0.98989898989899,1.0,0.98,50.0,1.0,1.0,1.0,36.0,1.0,1.0,1.0,41.0,1.0,1.0,1.0,297.0,0.9946902654867256,1.0,0.9894366197183099,284.0,1.0,1.0,1.0,68.0,1.0,1.0,1.0,212.0,0.9976470588235293,0.9953051643192489,1.0,212.0,0.9954954954954954,0.9910313901345291,1.0,221.0
94,2.758480331976898e-05,1.0,0.015385462902486324,0.9969517588615417,0.9961630113633981,0.9962726042724785,0.0003000000142492354,122.36915520799812,27489.0,224.63994258418566,1.0,1.0,1.0,32.0,0.9966996699669968,0.993421052631579,1.0,302.0,1.0,1.0,1.0,198.0,1.0,1.0,1.0,315.0,0.9969135802469136,0.9969135802469136,0.9969135802469136,324.0,1.0,1.0,1.0,122.0,0.9947089947089947,1.0,0.9894736842105263,95.0,1.0,1.0,1.0,68.0,1.0,1.0,1.0,167.0,0.9944444444444445,0.9944444444444445,0.9944444444444445,180.0,0.9841269841269841,1.0,0.96875,32.0,0.9939577039274925,1.0,0.987987987987988,333.0,0.9702970297029702,0.9607843137254902,0.98,50.0,0.98989898989899,1.0,0.98,50.0,1.0,1.0,1.0,59.0,0.9935483870967742,0.9871794871794872,1.0,77.0,1.0,1.0,1.0,41.0,1.0,1.0,1.0,225.0,1.0,1.0,1.0,90.0,1.0,1.0,1.0,36.0,1.0,1.0,1.0,77.0,1.0,1.0,1.0,41.0,0.9941002949852508,0.9911764705882353,0.9970414201183432,338.0,0.9852941176470589,0.9852941176470589,0.9852941176470589,68.0,1.0,1.0,1.0,122.0,1.0,1.0,1.0,36.0,0.9951690821256038,1.0,0.9903846153846154,104.0,0.9921259842519685,0.984375,1.0,63.0,0.994475138121547,0.989010989010989,1.0,180.0,1.0,1.0,1.0,59.0,1.0,1.0,1.0,32.0,0.9983948635634029,0.9967948717948718,1.0,311.0,1.0,1.0,1.0,45.0,0.9976359338061466,1.0,0.9952830188679245,212.0,0.98989898989899,1.0,0.98,50.0,1.0,1.0,1.0,36.0,0.9879518072289156,0.9761904761904762,1.0,41.0,1.0,1.0,1.0,297.0,0.9946902654867256,1.0,0.9894366197183099,284.0,1.0,1.0,1.0,68.0,1.0,1.0,1.0,212.0,0.9976470588235293,0.9953051643192489,1.0,212.0,0.9977426636568849,0.9954954954954955,1.0,221.0
95,2.519112422305625e-05,1.0,0.015203394927084446,0.9972904324531555,0.9973548718285145,0.9972522928532755,0.0003000000142492354,122.57423933403334,27489.0,224.26408802822198,1.0,1.0,1.0,32.0,0.9966996699669968,0.993421052631579,1.0,302.0,1.0,1.0,1.0,198.0,1.0,1.0,1.0,315.0,0.9969135802469136,0.9969135802469136,0.9969135802469136,324.0,1.0,1.0,1.0,122.0,0.9947089947089947,1.0,0.9894736842105263,95.0,1.0,1.0,1.0,68.0,1.0,1.0,1.0,167.0,0.9944444444444445,0.9944444444444445,0.9944444444444445,180.0,1.0,1.0,1.0,32.0,0.9939577039274925,1.0,0.987987987987988,333.0,0.99009900990099,0.9803921568627451,1.0,50.0,0.98989898989899,1.0,0.98,50.0,1.0,1.0,1.0,59.0,1.0,1.0,1.0,77.0,1.0,1.0,1.0,41.0,1.0,1.0,1.0,225.0,1.0,1.0,1.0,90.0,1.0,1.0,1.0,36.0,1.0,1.0,1.0,77.0,1.0,1.0,1.0,41.0,0.9941002949852508,0.9911764705882353,0.9970414201183432,338.0,0.9852941176470589,0.9852941176470589,0.9852941176470589,68.0,1.0,1.0,1.0,122.0,1.0,1.0,1.0,36.0,0.9951690821256038,1.0,0.9903846153846154,104.0,0.9921259842519685,0.984375,1.0,63.0,0.994475138121547,0.989010989010989,1.0,180.0,1.0,1.0,1.0,59.0,1.0,1.0,1.0,32.0,0.9983948635634029,0.9967948717948718,1.0,311.0,1.0,1.0,1.0,45.0,0.9976359338061466,1.0,0.9952830188679245,212.0,0.98989898989899,1.0,0.98,50.0,1.0,1.0,1.0,36.0,0.9879518072289156,0.9761904761904762,1.0,41.0,1.0,1.0,1.0,297.0,0.9946902654867256,1.0,0.9894366197183099,284.0,1.0,1.0,1.0,68.0,1.0,1.0,1.0,212.0,0.9976470588235293,0.9953051643192489,1.0,212.0,0.9977426636568849,0.9954954954954955,1.0,221.0
96,2.2977981643634848e-05,1.0,0.015606892295181751,0.9971210956573486,0.9968897555494447,0.9968673946485264,0.0003000000142492354,122.48091079096776,27489.0,224.43497376431293,1.0,1.0,1.0,32.0,0.9966996699669968,0.993421052631579,1.0,302.0,1.0,1.0,1.0,198.0,1.0,1.0,1.0,315.0,0.9969135802469136,0.9969135802469136,0.9969135802469136,324.0,1.0,1.0,1.0,122.0,0.9947089947089947,1.0,0.9894736842105263,95.0,1.0,1.0,1.0,68.0,1.0,1.0,1.0,167.0,0.9944444444444445,0.9944444444444445,0.9944444444444445,180.0,1.0,1.0,1.0,32.0,0.9939577039274925,1.0,0.987987987987988,333.0,0.98,0.98,0.98,50.0,0.98989898989899,1.0,0.98,50.0,1.0,1.0,1.0,59.0,0.9935483870967742,0.9871794871794872,1.0,77.0,1.0,1.0,1.0,41.0,1.0,1.0,1.0,225.0,1.0,1.0,1.0,90.0,1.0,1.0,1.0,36.0,1.0,1.0,1.0,77.0,1.0,1.0,1.0,41.0,0.9941002949852508,0.9911764705882353,0.9970414201183432,338.0,0.9852941176470589,0.9852941176470589,0.9852941176470589,68.0,1.0,1.0,1.0,122.0,1.0,1.0,1.0,36.0,0.9951690821256038,1.0,0.9903846153846154,104.0,0.9921259842519685,0.984375,1.0,63.0,0.994475138121547,0.989010989010989,1.0,180.0,1.0,1.0,1.0,59.0,1.0,1.0,1.0,32.0,0.9983948635634029,0.9967948717948718,1.0,311.0,1.0,1.0,1.0,45.0,0.9976359338061466,1.0,0.9952830188679245,212.0,0.98989898989899,1.0,0.98,50.0,1.0,1.0,1.0,36.0,0.9879518072289156,0.9761904761904762,1.0,41.0,1.0,1.0,1.0,297.0,0.9946902654867256,1.0,0.9894366197183099,284.0,1.0,1.0,1.0,68.0,1.0,1.0,1.0,212.0,0.9976470588235293,0.9953051643192489,1.0,212.0,0.9977426636568849,0.9954954954954955,1.0,221.0
97,2.132907866325695e-05,1.0,0.015551400370895863,0.9969517588615417,0.996772301943619,0.9968561945273194,0.0003000000142492354,122.36461608298123,27489.0,224.64827562044906,1.0,1.0,1.0,32.0,0.9966996699669968,0.993421052631579,1.0,302.0,0.9974683544303797,1.0,0.9949494949494949,198.0,1.0,1.0,1.0,315.0,0.9969135802469136,0.9969135802469136,0.9969135802469136,324.0,1.0,1.0,1.0,122.0,0.9947089947089947,1.0,0.9894736842105263,95.0,1.0,1.0,1.0,68.0,1.0,1.0,1.0,167.0,0.9944444444444445,0.9944444444444445,0.9944444444444445,180.0,1.0,1.0,1.0,32.0,0.9939577039274925,1.0,0.987987987987988,333.0,0.98,0.98,0.98,50.0,0.98989898989899,1.0,0.98,50.0,1.0,1.0,1.0,59.0,0.9935483870967742,0.9871794871794872,1.0,77.0,1.0,1.0,1.0,41.0,1.0,1.0,1.0,225.0,1.0,1.0,1.0,90.0,1.0,1.0,1.0,36.0,1.0,1.0,1.0,77.0,1.0,1.0,1.0,41.0,0.9941002949852508,0.9911764705882353,0.9970414201183432,338.0,0.9852941176470589,0.9852941176470589,0.9852941176470589,68.0,1.0,1.0,1.0,122.0,1.0,1.0,1.0,36.0,0.9951690821256038,1.0,0.9903846153846154,104.0,0.9843749999999999,0.9692307692307692,1.0,63.0,0.994475138121547,0.989010989010989,1.0,180.0,1.0,1.0,1.0,59.0,1.0,1.0,1.0,32.0,0.9983948635634029,0.9967948717948718,1.0,311.0,1.0,1.0,1.0,45.0,0.9976359338061466,1.0,0.9952830188679245,212.0,0.98989898989899,1.0,0.98,50.0,1.0,1.0,1.0,36.0,1.0,1.0,1.0,41.0,1.0,1.0,1.0,297.0,0.9946902654867256,1.0,0.9894366197183099,284.0,1.0,1.0,1.0,68.0,1.0,1.0,1.0,212.0,0.9976470588235293,0.9953051643192489,1.0,212.0,0.9954954954954954,0.9910313901345291,1.0,221.0
98,1.9376990167074837e-05,1.0,0.015459642745554447,0.9969517588615417,0.996772301943619,0.9966282637224428,0.0003000000142492354,122.60727187502198,27489.0,224.20366736502,1.0,1.0,1.0,32.0,0.9966996699669968,0.993421052631579,1.0,302.0,0.9974683544303797,1.0,0.9949494949494949,198.0,1.0,1.0,1.0,315.0,0.9969135802469136,0.9969135802469136,0.9969135802469136,324.0,1.0,1.0,1.0,122.0,0.9947089947089947,1.0,0.9894736842105263,95.0,1.0,1.0,1.0,68.0,1.0,1.0,1.0,167.0,0.9944444444444445,0.9944444444444445,0.9944444444444445,180.0,1.0,1.0,1.0,32.0,0.9939577039274925,1.0,0.987987987987988,333.0,0.98,0.98,0.98,50.0,0.98989898989899,1.0,0.98,50.0,1.0,1.0,1.0,59.0,0.9935483870967742,0.9871794871794872,1.0,77.0,1.0,1.0,1.0,41.0,1.0,1.0,1.0,225.0,1.0,1.0,1.0,90.0,1.0,1.0,1.0,36.0,1.0,1.0,1.0,77.0,1.0,1.0,1.0,41.0,0.9941002949852508,0.9911764705882353,0.9970414201183432,338.0,0.9852941176470589,0.9852941176470589,0.9852941176470589,68.0,1.0,1.0,1.0,122.0,1.0,1.0,1.0,36.0,0.9951690821256038,1.0,0.9903846153846154,104.0,0.9843749999999999,0.9692307692307692,1.0,63.0,0.994475138121547,0.989010989010989,1.0,180.0,1.0,1.0,1.0,59.0,1.0,1.0,1.0,32.0,0.9983948635634029,0.9967948717948718,1.0,311.0,1.0,1.0,1.0,45.0,0.9976359338061466,1.0,0.9952830188679245,212.0,0.98989898989899,1.0,0.98,50.0,1.0,1.0,1.0,36.0,0.9879518072289156,0.9761904761904762,1.0,41.0,1.0,1.0,1.0,297.0,0.9946902654867256,1.0,0.9894366197183099,284.0,1.0,1.0,1.0,68.0,1.0,1.0,1.0,212.0,0.9976470588235293,0.9953051643192489,1.0,212.0,0.9977426636568849,0.9954954954954955,1.0,221.0
99,1.7742899217410013e-05,1.0,0.0154976025223732,0.9972904324531555,0.9973548718285145,0.9974802236581521,0.0003000000142492354,122.62861266703112,27489.0,224.16464968612058,1.0,1.0,1.0,32.0,0.9966996699669968,0.993421052631579,1.0,302.0,1.0,1.0,1.0,198.0,1.0,1.0,1.0,315.0,0.9969135802469136,0.9969135802469136,0.9969135802469136,324.0,1.0,1.0,1.0,122.0,0.9947089947089947,1.0,0.9894736842105263,95.0,1.0,1.0,1.0,68.0,1.0,1.0,1.0,167.0,0.9944444444444445,0.9944444444444445,0.9944444444444445,180.0,1.0,1.0,1.0,32.0,0.9939577039274925,1.0,0.987987987987988,333.0,0.99009900990099,0.9803921568627451,1.0,50.0,0.98989898989899,1.0,0.98,50.0,1.0,1.0,1.0,59.0,1.0,1.0,1.0,77.0,1.0,1.0,1.0,41.0,1.0,1.0,1.0,225.0,1.0,1.0,1.0,90.0,1.0,1.0,1.0,36.0,1.0,1.0,1.0,77.0,1.0,1.0,1.0,41.0,0.9941002949852508,0.9911764705882353,0.9970414201183432,338.0,0.9852941176470589,0.9852941176470589,0.9852941176470589,68.0,1.0,1.0,1.0,122.0,1.0,1.0,1.0,36.0,0.9951690821256038,1.0,0.9903846153846154,104.0,0.9921259842519685,0.984375,1.0,63.0,0.994475138121547,0.989010989010989,1.0,180.0,1.0,1.0,1.0,59.0,1.0,1.0,1.0,32.0,0.9983948635634029,0.9967948717948718,1.0,311.0,1.0,1.0,1.0,45.0,0.9976359338061466,1.0,0.9952830188679245,212.0,0.98989898989899,1.0,0.98,50.0,1.0,1.0,1.0,36.0,1.0,1.0,1.0,41.0,1.0,1.0,1.0,297.0,0.9946902654867256,1.0,0.9894366197183099,284.0,1.0,1.0,1.0,68.0,1.0,1.0,1.0,212.0,0.9976470588235293,0.9953051643192489,1.0,212.0,0.9954954954954954,0.9910313901345291,1.0,221.0
100,1.6267336832243018e-05,1.0,0.015437624417245388,0.9971210956573486,0.9968897555494447,0.997095325453403,0.0003000000142492354,122.52535179100232,27489.0,224.35356926694953,1.0,1.0,1.0,32.0,0.9966996699669968,0.993421052631579,1.0,302.0,1.0,1.0,1.0,198.0,1.0,1.0,1.0,315.0,0.9969135802469136,0.9969135802469136,0.9969135802469136,324.0,1.0,1.0,1.0,122.0,0.9947089947089947,1.0,0.9894736842105263,95.0,1.0,1.0,1.0,68.0,1.0,1.0,1.0,167.0,0.9944444444444445,0.9944444444444445,0.9944444444444445,180.0,1.0,1.0,1.0,32.0,0.9939577039274925,1.0,0.987987987987988,333.0,0.98,0.98,0.98,50.0,0.98989898989899,1.0,0.98,50.0,1.0,1.0,1.0,59.0,0.9935483870967742,0.9871794871794872,1.0,77.0,1.0,1.0,1.0,41.0,1.0,1.0,1.0,225.0,1.0,1.0,1.0,90.0,1.0,1.0,1.0,36.0,1.0,1.0,1.0,77.0,1.0,1.0,1.0,41.0,0.9941002949852508,0.9911764705882353,0.9970414201183432,338.0,0.9852941176470589,0.9852941176470589,0.9852941176470589,68.0,1.0,1.0,1.0,122.0,1.0,1.0,1.0,36.0,0.9951690821256038,1.0,0.9903846153846154,104.0,0.9921259842519685,0.984375,1.0,63.0,0.994475138121547,0.989010989010989,1.0,180.0,1.0,1.0,1.0,59.0,1.0,1.0,1.0,32.0,0.9983948635634029,0.9967948717948718,1.0,311.0,1.0,1.0,1.0,45.0,0.9976359338061466,1.0,0.9952830188679245,212.0,0.98989898989899,1.0,0.98,50.0,1.0,1.0,1.0,36.0,1.0,1.0,1.0,41.0,1.0,1.0,1.0,297.0,0.9946902654867256,1.0,0.9894366197183099,284.0,1.0,1.0,1.0,68.0,1.0,1.0,1.0,212.0,0.9976470588235293,0.9953051643192489,1.0,212.0,0.9954954954954954,0.9910313901345291,1.0,221.0
