dataset,epoch,phase,batches,batch_seconds_sum,evaluations_sum,batch_seconds_mean,batch_seconds_min,batch_seconds_max,batch_seconds_std,batch_seconds_count,examples_per_second_mean,examples_per_second_min,examples_per_second_max,examples_per_second_std,examples_per_second_count,evaluations_per_second_mean,evaluations_per_second_min,evaluations_per_second_max,evaluations_per_second_std,evaluations_per_second_count,keras_accuracy_mean,keras_accuracy_min,keras_accuracy_max,keras_accuracy_std,keras_accuracy_count,keras_loss_mean,keras_loss_min,keras_loss_max,keras_loss_std,keras_loss_count
mnist,1,train,383,209.44838624887052,19795596,0.5468626272816463,0.4940732079849113,0.842448459006846,0.03147176442281207,383,234.5584836984709,151.93807838511322,259.07091890703987,11.163609074393571,383,94761.62741418225,61382.98366758574,104664.65123844412,4510.098066055003,383,0.8004978603389182,0.171875,0.9401007890701294,0.18833286098636232,383,1.6090547982457413,1.224755883216858,2.2514710426330566,0.29412745815729724,383
mnist,1,validation,83,0.45998320705257356,42012,0.0055419663500310065,0.003541165991919115,0.04472291699494235,0.004366513282856469,83,24861.15152662287,1976.7500354329306,27125.10916679546,4090.655513713957,83,99444.60610649148,7907.000141731723,108500.43666718184,16362.622054855829,83,0.991163905844631,0.9895833134651184,0.9957386255264282,0.0015617703380900595,83,0.7347270458577627,0.7276809811592102,0.744664192199707,0.002839840820927687,83
mnist,2,train,383,216.2809126228385,19795596,0.5647021217306488,0.5349094170087483,0.6329442080168519,0.007432314240522984,383,226.58441443141808,192.5559669074128,234.28793194729099,3.331116661323007,383,91540.1034302929,77792.61063059476,94652.32450670555,1345.7711311744952,383,0.9983687414824185,0.9973958134651184,1.0,0.00033917265859805093,383,0.5791673408942808,0.46469646692276,0.7221789956092834,0.0738448447240155,383
mnist,2,validation,83,0.41093403607374057,42012,0.004951012482816151,0.003454666002653539,0.0056168329901993275,0.00024096934260449225,83,25503.061912500096,2026.245082628329,27323.425093805552,2734.396020926264,83,102012.24765000038,8104.980330513316,109293.70037522221,10937.584083705056,83,0.9921679453677442,0.9904513955116272,0.9957386255264282,0.001258796665052882,83,0.3000334662845336,0.29066407680511475,0.3061091899871826,0.0031640499448693854,83
mnist,3,train,383,221.65289650912746,19795596,0.5787281893188706,0.5279445000051055,0.6948803330014925,0.028010679691126306,383,221.52894482202692,184.20437868361006,242.44972719435881,9.919838886065858,383,89497.69370809886,74418.56898817846,97949.68978652096,4007.614909970606,383,0.9984886549782815,0.9921875,0.9988571405410767,0.0005127040872992992,383,0.23400759047223132,0.19540449976921082,0.3079445958137512,0.025274551681055538,383
mnist,3,validation,83,0.40671329395263456,42012,0.0049001601681040305,0.0036242500063963234,0.005745959002524614,0.00023990951300723715,83,25787.562792298457,1931.4340864029587,27858.39051519374,2815.1734109404792,83,103150.25116919383,7725.736345611835,111433.56206077496,11260.693643761917,83,0.993147740881127,0.9913194179534912,1.0,0.0018141399997320148,83,0.15372540433722806,0.14103074371814728,0.15999899804592133,0.0036463197298032663,83
mnist,4,train,383,218.96482487826142,19795596,0.5717097255307086,0.5302627079945523,1.0172489169926848,0.0398044633056292,383,224.49140424829224,125.82957608685315,241.38978297020844,10.60349895415719,383,90694.52731631008,50835.148739088676,97521.47231996422,4283.8135774795055,383,0.9991540907257219,0.9987398982048035,1.0,0.0001857664454009854,383,0.1161859461322777,0.1006561815738678,0.13366800546646118,0.009692238711785877,383
mnist,4,validation,83,0.41287458495935425,42012,0.004974392589871738,0.0034121669887099415,0.007153124985052273,0.0004553231156726952,83,25493.808626486436,2051.4822466665187,28061.71377533302,3112.3362840754135,83,101975.23450594574,8205.928986666075,112246.85510133208,12449.345136301654,83,0.9939264260142683,0.9924665093421936,1.0,0.0015054272154667629,83,0.09554325160850961,0.08156771957874298,0.10159338265657425,0.003924393268545488,83
mnist,5,train,383,216.25539966393262,19795596,0.5646355082609207,0.5313898749882355,0.5936796250171028,0.004878196632025305,383,226.59006861905146,192.60735281011569,240.87775478001683,2.564998875906638,383,91542.38772209677,77813.37053528674,97314.6129311268,1036.259545866282,383,0.9994862826623743,0.9993175864219666,1.0,0.00015165112480928974,383,0.06671063146765488,0.05965925008058548,0.07468181103467941,0.0041131126347269545,383
mnist,5,validation,83,0.40897079510614276,42012,0.004927358977182443,0.0037681669928133488,0.006871624995255843,0.00029803912485474714,83,25675.86197544412,1857.667139845555,27617.949602961948,2874.388780211844,83,102703.44790177648,7430.66855938222,110471.79841184779,11497.555120847375,83,0.9939993088503918,0.9924665093421936,1.0,0.0014679169222858621,83,0.06787856107196176,0.052732329815626144,0.07423435151576996,0.0044055840514248025,83
mnist,6,train,383,218.2193707038532,19795596,0.5697633699839509,0.5302992090000771,0.9138694999855943,0.024073132756574318,383,224.82860833697032,140.06376184128885,241.3731678788557,7.268340160011736,383,90830.75776813601,56585.75978388069,97514.75982305771,2936.409424644741,383,0.9995267244916672,0.9947916865348816,1.0,0.0004003982243500788,383,0.04314520875327581,0.03878287971019745,0.07055887579917908,0.0038467226342245612,383
mnist,6,validation,83,0.41039266606094316,42012,0.004944489952541484,0.0034802500158548355,0.006549374986207113,0.00032431160565069185,83,25577.40506451813,2011.3497501933425,27466.82681050455,2881.93501702266,83,102309.62025807252,8045.39900077337,109867.3072420182,11527.74006809064,83,0.9934328097894968,0.9916087985038757,1.0,0.0014792981258212217,83,0.053049407944262744,0.03745497390627861,0.059286460280418396,0.0046177290278497625,83
mnist,7,train,383,216.36721921127173,19795596,0.5649274653035815,0.5262148750189226,0.6735454589943402,0.008009417227522655,383,226.49746828628562,190.03914032931755,243.2466394937945,3.3714263014442154,383,91504.97718765939,76775.81269304428,98271.64235549298,1362.0562257834633,383,0.9996288098180885,0.999218761920929,1.0,0.00011033652066867337,383,0.028764429499757507,0.026792727410793304,0.03249109536409378,0.0012447964181352602,383
mnist,7,validation,83,0.41339442000025883,42012,0.004980655662653721,0.003409375000046566,0.0058097500004805624,0.00025844824220509684,83,25353.263902770883,2053.162236452251,27205.580912306064,2740.3108812440532,83,101413.05561108353,8212.648945809004,108822.32364922426,10961.243524976213,83,0.9938173710581768,0.9921875,1.0,0.0013206130818434155,83,0.04392549388828766,0.026824716478586197,0.05008171126246452,0.004851093221865037,83
mnist,8,train,383,215.69197595893638,19795596,0.5631644280912177,0.5315744999970775,0.5849929579999298,0.004194901276594655,383,227.1771880226156,193.68963530824107,240.79409377369254,2.333597083284182,383,91779.5839611367,78250.6126645294,97280.81388457178,942.7732216468088,383,0.999673481242775,0.9995404481887817,1.0,0.00010940837960826654,383,0.02058344350412838,0.01917784847319126,0.023070763796567917,0.000807024936034697,383
mnist,8,validation,83,0.40687520714709535,42012,0.004902110929483077,0.0033812499896157533,0.006097583012888208,0.000270460035720158,83,25768.28175448143,2070.240302106584,28128.777137268946,2810.6464157820533,83,103073.12701792573,8280.961208426335,112515.10854907578,11242.585663128213,83,0.9941250961947153,0.9927455186843872,1.0,0.0014413532013644811,83,0.038134147626269294,0.02030271664261818,0.04422839358448982,0.005084309641412535,83
mnist,9,train,383,215.50702937724418,19795596,0.5626815388439795,0.5271431670116726,0.5886141249793582,0.005681699319847849,383,227.38311325164963,193.8731838845391,242.8182854491324,2.836907296247935,383,91862.77775366647,78324.76628935379,98098.5873214495,1146.1105476841658,383,0.999536268704865,0.998046875,1.0,0.0001544170094440004,383,0.015150631028993479,0.013879913836717606,0.018215136602520943,0.0006110217742037015,383
mnist,9,validation,83,0.4092415798804723,42012,0.004930621444343039,0.0036997080023866147,0.005543957988265902,0.00020912242626794635,83,25618.435309233744,1892.041208518193,27764.473915113867,2742.9131505102373,83,102473.74123693498,7568.164834072772,111057.89566045547,10971.65260204095,83,0.9935797108225075,0.9918981194496155,1.0,0.0014128973036978709,83,0.03477275584745838,0.014570636674761772,0.04113304615020752,0.005323827757831969,83
mnist,10,train,383,215.0388789200224,19795596,0.5614592138903979,0.522723500005668,0.5812633750028908,0.005398651199270112,383,227.87601883816916,194.3301202654976,244.87133254696232,2.7588031495504985,383,92061.91161062036,78509.36858726104,98928.01834897278,1114.5564724184014,383,0.999755247143479,0.9988839030265808,1.0,0.00010410530613433154,383,0.010772009776520979,0.009028755128383636,0.011510399170219898,0.00034735974160846436,383
mnist,10,validation,83,0.4094655010267161,42012,0.004933319289478507,0.0035155419900547713,0.0056172090116888285,0.00024321223574808964,83,25603.221314409635,1991.1581257747803,27637.33597388801,2772.3299109618943,83,102412.88525763854,7964.632503099121,110549.34389555204,11089.319643847577,83,0.9937458088599056,0.9918981194496155,1.0,0.0013869530805745477,83,0.032748084167489803,0.010191122069954872,0.03987516462802887,0.0056780499768989,83
mnist,11,train,383,215.08162203853135,19795596,0.561570814722014,0.5239507080113981,0.5845642079948448,0.005848196796273347,383,227.83430099815064,194.67626565374388,244.2977899310625,2.9012069260190616,383,92045.05760325285,78649.21132411253,98696.30713214925,1172.0875981117008,383,0.9998354575652678,0.999727725982666,1.0,7.469173470125087e-05,383,0.008198061570106925,0.007330499589443207,0.009419823065400124,0.0001509876687532875,383
mnist,11,validation,83,0.4082277010020334,42012,0.0049184060361690774,0.0034744999720714986,0.006778250011848286,0.00032504941039572207,83,25715.479793010396,2014.678387182889,27821.29675036394,2906.2892611069415,83,102861.91917204158,8058.713548731556,111285.18700145576,11625.157044427766,83,0.9936026902083891,0.9921875,1.0,0.0014164524547213236,83,0.030943953465804995,0.008219760842621326,0.037353746592998505,0.005839420749437611,83
mnist,12,train,383,215.35827070500818,19795596,0.5622931350000213,0.5226929999771528,0.5924543750006706,0.006243978429680964,383,227.5458520492802,193.43210344313147,244.88562120708514,3.0870427044166195,383,91928.52422790918,78146.56979102512,98933.7909676624,1247.1652525843135,383,0.9997617806218,0.9992897510528564,1.0,9.263978655725756e-05,383,0.00659785247663177,0.005020040087401867,0.008376380428671837,0.00021539236290580544,383
mnist,12,validation,83,0.4107722540793475,42012,0.004949063302160813,0.003372624982148409,0.007419292000122368,0.00039561190368440327,83,25578.946076730528,2075.534646470211,27820.28711626841,2963.5490467604304,83,102315.78430692211,8302.138585880844,111281.14846507364,11854.196187041722,83,0.9931331355887724,0.9910300970077515,1.0,0.0016203875132392359,83,0.030267335294959057,0.006180270574986935,0.037585288286209106,0.006004946802093544,83
mnist,13,train,383,215.54159405105747,19795596,0.5627717860340926,0.5262737910088617,0.585778417007532,0.006219195029646691,383,227.3529458122596,191.75334934013995,243.21940819934287,3.1326820259122643,383,91850.59010815287,77468.35313341653,98260.64091253452,1265.6035384685556,383,0.9998758502168381,0.9997051954269409,1.0,5.360391364924751e-05,383,0.00546633006090556,0.0042426446452736855,0.006339058745652437,0.0003059183473898255,383
mnist,13,validation,83,0.4078742929850705,42012,0.004914148108253862,0.0034335830132476985,0.005625499994494021,0.00025899817664224974,83,25705.248190624206,2038.6866934604736,27816.260572029467,2805.476640537174,83,102820.99276249683,8154.7467738418945,111265.04228811787,11221.906562148695,83,0.9938496293791805,0.9921875,1.0,0.0013539414962401646,83,0.029250131628240448,0.004617153666913509,0.0363551490008831,0.005997840337410181,83
mnist,14,train,383,215.3074617490638,19795596,0.5621604745406366,0.5231688749918249,0.5896589579933789,0.006499669588760283,383,227.60092726392045,195.27301845715584,244.66287296238744,3.109807403939745,383,91950.77461462386,78890.29945669096,98843.80067680453,1256.362191191657,383,0.9998758609550118,0.9997632503509521,1.0,7.656045337299881e-05,383,0.004203813117697796,0.002987551735714078,0.005453723017126322,0.000220306264912525,383
mnist,14,validation,83,0.4154262109659612,42012,0.00500513507187905,0.0047101249801926315,0.005933292006375268,0.00022345795314876593,83,25372.30800998038,1196.9308680072195,27175.499702932542,2848.2443757108176,83,101489.23203992152,4787.723472028878,108701.99881173017,11392.97750284327,83,0.9934191904872297,0.9913194179534912,1.0,0.0015262943582007925,83,0.02916000785407083,0.0035042266827076674,0.03668787330389023,0.006288821803676491,83
mnist,15,train,383,215.42107062216382,19795596,0.5624571034521249,0.5263982499891426,0.6095532079925761,0.0069225796810637496,383,227.48547542899118,193.73543310137555,243.16190261392416,3.2852014152820765,383,91904.13207331246,78269.11497295572,98237.40865602535,1327.221371773959,383,0.9998778223057639,0.9997799396514893,1.0,8.025413564108248e-05,383,0.0035169626015916894,0.002395701128989458,0.004570245277136564,0.00018373470628749034,383
mnist,15,validation,83,0.4091433800640516,42012,0.004929438314024718,0.0033928340126294643,0.007100666000042111,0.000345423819181612,83,25657.714042897544,2063.1719600614833,27590.666460456116,2899.73934629419,83,102630.85617159017,8252.687840245933,110362.66584182446,11598.95738517676,83,0.9936902738479246,0.9918981194496155,1.0,0.0014285069234531013,83,0.028944908198058963,0.0029940116219222546,0.03656294196844101,0.006371044992247069,83
mnist,16,train,383,215.31530179284164,19795596,0.5621809446288294,0.5254627499962226,0.6083228749921545,0.007099683665398571,383,227.5991488584487,193.73807505165632,243.59481238378964,3.356662828936709,383,91950.05613881326,78270.18232086915,98412.30420305103,1356.0917828904312,383,0.99988288652181,0.9995887875556946,1.0,5.76859722937977e-05,383,0.0029471696752023835,0.002003988018259406,0.003611336462199688,0.00016067117940708674,383
mnist,16,validation,83,0.4053634618758224,42012,0.004883897131034005,0.0036892499774694443,0.005685209005605429,0.00021565486491596336,83,25869.111543848274,1897.40463312315,27956.247594640783,2788.499751195014,83,103476.4461753931,7589.6185324926,111824.99037856313,11153.999004780057,83,0.9936390195984438,0.9918981194496155,1.0,0.0014389035674826102,83,0.029593958129477967,0.002334165619686246,0.0376470722258091,0.006688122509757777,83
mnist,17,train,383,215.5290753270383,19795596,0.5627391000705961,0.526257124991389,0.5875419580261223,0.0074070591227531546,383,227.3780238053872,191.97404064021197,243.22711070580647,3.5479661675786915,383,91860.72161737643,77557.51241864564,98263.75272514581,1433.3783317017917,383,0.9999725480926255,0.999925971031189,1.0,2.848878145719009e-05,383,0.002441277340852094,0.002148230094462633,0.006357129197567701,0.00035700730708324566,383
mnist,17,validation,83,0.40984045481309295,42012,0.0049378368049770235,0.0035252920060884207,0.005703540984541178,0.0002586359717699798,83,25587.72444841921,1985.6511142652923,27594.634012901628,2802.965751531595,83,102350.89779367684,7942.604457061169,110378.53605160651,11211.86300612638,83,0.9936787119830948,0.9918981194496155,1.0,0.00141577288667828,83,0.02958035956877452,0.0019664510618895292,0.037364739924669266,0.006850255383945976,83
mnist,18,train,383,215.67567387025338,19795596,0.5631218638910009,0.526675458997488,0.5867106670048088,0.0061385062323448805,383,227.21006948922914,192.69521439728877,243.03391740265326,3.0501173605287497,383,91792.86807364855,77848.86661650466,98185.70263067192,1232.247413653615,383,0.9999776653770367,0.9999234080314636,1.0,2.882353645332884e-05,383,0.0017707298109161985,0.001309792511165142,0.0020383321680128574,0.00013152071543154548,383
mnist,18,validation,83,0.4069419181905687,42012,0.0049029146769948035,0.0034955420123878866,0.005517875018995255,0.00022733534212447933,83,25755.59330463152,2002.5506703088188,27995.734986569034,2761.449003698856,83,103022.37321852607,8010.202681235275,111982.93994627614,11045.796014795424,83,0.9937768241009081,0.9918981194496155,1.0,0.001385588388794635,83,0.028973893189511025,0.0015487675555050373,0.037075672298669815,0.006875184818464691,83
mnist,19,train,383,215.32866230403306,19795596,0.5622158284700602,0.5254012919904198,0.5881633329845499,0.00723894619686983,383,227.58646696104353,194.82988336832346,243.6233065112713,3.4087829837251333,383,91944.93265226159,78711.27288080267,98423.8158305536,1377.1483254249542,383,0.9999901406447508,0.9999670386314392,1.0,1.2689837567631013e-05,383,0.00155214064340557,0.0008543669246137142,0.0017632597591727972,0.0001383894951772313,383
mnist,19,validation,83,0.41261212903191335,42012,0.004971230470264016,0.003316624992294237,0.005864333012141287,0.00027133543048319324,83,25400.188981049345,2110.5792835378206,27174.54176890815,2755.5734235316336,83,101600.75592419738,8442.317134151283,108698.1670756326,11022.293694126534,83,0.9936115476022284,0.9918981194496155,1.0,0.0014582295423853115,83,0.029159303981788367,0.001210048096254468,0.03729598596692085,0.006910808695416538,83
mnist,20,train,383,215.4234038235445,19795596,0.562463195361735,0.526246916007949,0.5912621659808792,0.007442132870446165,383,227.48901264721036,194.11253258263713,243.23182921620491,3.509423816759109,383,91905.56110947297,78421.4631633854,98265.6590033468,1417.8072219706796,383,0.9999985811604533,0.999958872795105,1.0,6.034335355500863e-06,383,0.0011677079841338936,0.0008964128792285919,0.0013555057812482119,5.856486330374676e-05,383
mnist,20,validation,83,0.41260483299265616,42012,0.00497114256617658,0.0034890420211013407,0.006777249975129962,0.00033782906325739774,83,25447.11410197072,2006.2813682566084,27529.101897048033,2899.232121465524,83,101788.45640788288,8025.125473026434,110116.40758819213,11596.928485862096,83,0.9933458142969982,0.9916087985038757,1.0,0.0015659403704696608,83,0.029309020428188955,0.0010920646600425243,0.03816940262913704,0.007187997058786413,83
mnist,21,train,383,215.58051811909536,19795596,0.562873415454557,0.5255530829890631,0.5800678330124356,0.00619678119244736,383,227.3102544840369,194.38523898438737,243.5529428768734,3.031134930756306,383,91833.3428115509,78531.6365496925,98395.38892225685,1224.5785120255475,383,0.9999937656342828,0.999972403049469,1.0,1.0472508895257772e-05,383,0.001095139190211756,0.0006305075366981328,0.0012077554129064083,8.010242191063952e-05,383
mnist,21,validation,83,0.41052971011959016,42012,0.004946141085778195,0.0033805830171331763,0.005618916999083012,0.000248413052250118,83,25525.697711232515,2070.648750385129,27663.713063579842,2740.3706079370027,83,102102.79084493006,8282.595001540516,110654.85225431937,10961.48243174801,83,0.9934323695768793,0.9916087985038757,1.0,0.0015212751981138444,83,0.029637100565645575,0.0008244903874583542,0.03821881115436554,0.007374661916816097,83
mnist,22,train,383,215.72999737400096,19795596,0.5632637007154072,0.5262563329888508,0.6073032910062466,0.006617993964219552,383,227.15665280102442,193.37280423506928,243.22747675648742,3.1714964339510137,383,91771.28773161388,78122.61291096799,98263.90060962092,1281.2845593162097,383,0.9999972119655062,0.9999766945838928,1.0,7.285543509563355e-06,383,0.000896460087161375,0.0006562162307091057,0.001631994266062975,8.522345307761921e-05,383
mnist,22,validation,83,0.4146576221974101,42012,0.004995874966233857,0.0034624159743543714,0.0076977499993517995,0.0005186692382629093,83,25424.179253201288,2021.7097113252757,28017.691393043486,3197.034658876011,83,101696.71701280515,8086.838845301103,112070.76557217394,12788.138635504043,83,0.9934323695768793,0.9916087985038757,1.0,0.0015212751981138444,83,0.03003702508650316,0.0007200228283181787,0.03890232741832733,0.00768898844330166,83
mnist,23,train,383,215.6098687899066,19795596,0.5629500490598084,0.5261548749986105,0.5909039999824017,0.006541246904032402,383,227.28236570272978,194.49820289902064,243.27437810081688,3.1408969576813033,383,91822.07574390284,78577.27397120434,98282.84875273002,1268.9223709032467,383,0.9999826111619218,0.9999523758888245,1.0,1.602205876685302e-05,383,0.0008060218986396145,0.000574484933167696,0.000985239166766405,0.00012425475338961707,383
mnist,23,validation,83,0.4121737019449938,42012,0.004965948216204745,0.003356375003932044,0.005644082993967459,0.0002801428408481724,83,25436.733696783303,2085.583402271616,27870.012411935288,2796.1712963372374,83,101746.93478713321,8342.333609086463,111480.04964774115,11184.68518534895,83,0.9933935755706695,0.9916087985038757,1.0,0.0015467082392535065,83,0.03102392235108797,0.0005609940271824598,0.04017931595444679,0.007762122339816591,83
mnist,24,train,383,215.7732487829635,19795596,0.5633766286761449,0.5238773750024848,0.5829470419848803,0.006502333052008576,383,227.10966967271915,194.644550592558,244.331987040656,3.1106864407610564,383,91752.30654777853,78636.39843939344,98710.12276442503,1256.717322067467,383,0.9998974678721814,0.9973958134651184,1.0,0.000228054780504169,383,0.0011087464847706512,0.0005993609083816409,0.012498137541115284,0.0010288681784918774,383
mnist,24,validation,83,0.41349533313768916,42012,0.004981871483586617,0.0034536249877419323,0.010004667012253776,0.0006010877039274723,83,25499.803064041844,2026.8558470723765,27488.699024098376,3079.8828808647877,83,101999.21225616738,8107.423388289506,109954.7960963935,12319.53152345915,83,0.9932220721819315,0.9913194179534912,1.0,0.001609709350450245,83,0.03233771364194767,0.0004656825040001422,0.04215768352150917,0.008125456435591233,83
mnist,25,train,383,215.70218738919357,19795596,0.5631910897890171,0.5244389169965871,0.5915816669876222,0.007119277884223868,383,227.19143229827043,193.59812029119513,244.0703690203696,3.3828758645331876,383,91785.33864850125,78213.64059764284,98604.42908422933,1366.681849271408,383,0.9999969665437703,0.999976396560669,1.0,7.5774469715127276e-06,383,0.0004868685612400298,0.00040859077125787735,0.0006036426639184356,4.7516763550602374e-05,383
mnist,25,validation,83,0.4098084179859143,42012,0.004937450819107401,0.0035258749849162996,0.005637875001411885,0.00024188261060015002,83,25581.43922269547,1985.3228007079135,27382.121547105384,2765.6411268038983,83,102325.75689078188,7941.291202831654,109528.48618842154,11062.564507215593,83,0.9934059381484985,0.9913194179534912,1.0,0.001554545527887951,83,0.03178814045190026,0.0003608377301134169,0.04186052829027176,0.008058310290822417,83
mnist,26,train,383,216.67001923851785,19795596,0.5657180658969134,0.5255493750155438,0.6255925830046181,0.009334805555032423,383,226.20057633870408,193.58179229815298,243.55466124608034,4.060265730554498,383,91385.03284083646,78207.0440884538,98396.08314341646,1640.347355144017,383,0.9999881489469862,0.999963641166687,1.0,1.3671359287313456e-05,383,0.0005205916801611006,0.0004357200814411044,0.0016954876482486725,0.0001031333637001714,383
mnist,26,validation,83,0.409317668993026,42012,0.004931538180638868,0.0038462499796878546,0.005521125014638528,0.00021638518922321718,83,25629.453070462343,1819.9545107486983,27725.629811179613,2785.7242555811217,83,102517.81228184937,7279.818042994793,110902.51924471845,11142.897022324487,83,0.9934490301522864,0.9913194179534912,1.0,0.0015429793435052588,83,0.03267595490247168,0.000303188047837466,0.04269672930240631,0.008229074493848174,83
mnist,27,train,383,216.414874704642,19795596,0.5650518921792219,0.5236886249913368,0.5944328749901615,0.009475417216301369,383,226.47204053963733,193.2384670914912,244.42005018176107,4.268015105586583,383,91494.70437801348,78068.34070496244,98745.70027343147,1724.2781026569799,383,0.9999716429735288,0.9999186396598816,1.0,2.1189759771497066e-05,383,0.00042212662092828274,0.00017306351219303906,0.0005633400869555771,8.118909236137576e-05,383
mnist,27,validation,83,0.4099061709421221,42012,0.004938628565567736,0.003940459020668641,0.005736708000767976,0.00023050296286791818,83,25605.500531998256,1776.4427857981373,27738.144962389575,2818.5938102660284,83,102422.00212799302,7105.771143192549,110952.5798495583,11274.375241064114,83,0.9936014399471054,0.9918981194496155,1.0,0.0014723978514921462,83,0.03225853649376196,0.000262559944530949,0.04215492680668831,0.008012111687744017,83
mnist,28,train,383,216.2546911284153,19795596,0.5646336582987345,0.5237783330085222,0.5913600419880822,0.009433681729043812,383,226.6392153737253,193.51220607065247,244.37818812546675,4.252698781693796,383,91562.24301098501,78178.9312525436,98728.78800268857,1718.0903078042934,383,0.9999886190922391,0.9999644756317139,1.0,1.3449770610681477e-05,383,0.00034471844804294496,0.0002096511743729934,0.00040803346200846136,4.687249269808514e-05,383
mnist,28,validation,83,0.40857808708096854,42012,0.004922627555192392,0.003687291988171637,0.005659833987010643,0.0002234523873798684,83,25665.515168313774,1898.4121741524968,27815.2571086599,2772.354214902747,83,102662.0606732551,7593.648696609987,111261.0284346396,11089.416859610988,83,0.9936719098723078,0.9918981194496155,1.0,0.0014423153625791206,83,0.03341453711618669,0.00019698645337484777,0.04401729628443718,0.00837538504203001,83
mnist,29,train,383,216.80210420998628,19795596,0.5660629352741157,0.5253725000075065,0.6693772919825278,0.01004691866224064,383,226.06830373684127,191.22250117104522,243.6366577964609,4.1138515135803475,383,91331.59470968388,77253.89047310226,98429.2097497702,1661.9960114864605,383,0.9999988514823017,0.9999784827232361,1.0,4.7691548015854385e-06,383,0.00024988011290761827,0.00020235577540006489,0.0003711874596774578,1.6773622846933026e-05,383
mnist,29,validation,83,0.41108466987498105,42012,0.004952827347891338,0.003649499994935468,0.005791374976979569,0.00023391913954280482,83,25507.881577005104,1918.0709712876098,27392.616759507637,2762.0701978615343,83,102031.52630802042,7672.283885150439,109570.46703803055,11048.280791446137,83,0.9932425000581396,0.9913194179534912,1.0,0.0016050493767436596,83,0.0335810660638465,0.0002073110663332045,0.04504838585853577,0.009315743205069829,83
mnist,30,train,383,216.22640771887382,19795596,0.564559811276433,0.5231810830009636,0.603524500009371,0.009456415205852843,383,226.6692522149401,193.4600637683933,244.65716395132785,4.265887843534582,383,91574.37789483578,78157.8657624309,98841.49423633645,1723.4186887879707,383,1.0,1.0,1.0,0.0,383,0.00026769466996350987,0.0002312598517164588,0.0004188152670394629,3.624425891313086e-05,383
mnist,30,validation,83,0.4123110379441641,42012,0.004967602866797158,0.0034486250078771263,0.008133124996675178,0.0004197864192176724,83,25491.6394101663,2029.7944786722396,27503.961820652214,2942.096661588522,83,101966.5576406652,8119.1779146889585,110015.84728260885,11768.386646354087,83,0.9934259222214481,0.9913194179534912,1.0,0.00154569526879299,83,0.03492162743771269,0.00014359148917719722,0.04598427563905716,0.008977504889207283,83
mnist,31,train,383,216.5680792813364,19795596,0.5654519041288156,0.5265135839872528,0.5867382920114323,0.006399299153916499,383,226.27504504989918,193.7332011683387,243.10863744609287,3.0597309742384264,383,91415.11820015925,78268.21327200883,98215.88952822151,1236.1313135923244,383,0.9999809212223979,0.999948263168335,1.0,1.6711237398337858e-05,383,0.00019701334502923062,7.138070941437036e-05,0.0002473093045409769,4.130907987408908e-05,383
mnist,31,validation,83,0.40770800001337193,42012,0.004912144578474361,0.0032672910019755363,0.005919416988035664,0.0002730301862418777,83,25706.683844608702,2142.447671715656,27545.393449021885,2791.7512747391675,83,102826.73537843481,8569.790686862623,110181.57379608754,11167.00509895667,83,0.9933708109051348,0.9913194179534912,1.0,0.0015581435910097718,83,0.03503027521876803,0.0001272545341635123,0.04600506275892258,0.009255631823071797,83
mnist,32,train,383,216.39766975305974,19795596,0.5650069706346208,0.5233968340035062,0.5916743330017198,0.007143963522255986,383,226.46013282376188,194.8959955591033,244.5563130768623,3.302053972164031,383,91489.8936607998,78737.98220587774,98800.75048305237,1334.029804754269,383,0.9999985682435197,0.9999781847000122,1.0,5.306530963715852e-06,383,0.00013833980339089306,7.387028745142743e-05,0.00017676534480415285,1.2950055131937264e-05,383
mnist,32,validation,83,0.4114158318261616,42012,0.004956817250917609,0.003373749990714714,0.005530666996492073,0.00025949672597393864,83,25475.100822505243,2074.842539982366,27588.93604471117,2758.7994607546825,83,101900.40329002097,8299.370159929464,110355.74417884467,11035.19784301873,83,0.993553130741579,0.9916087985038757,1.0,0.0014862983171777461,83,0.03498769745529427,0.00010442911298014224,0.04664614424109459,0.009694138067429093,83
mnist,33,train,383,216.21069919597358,19795596,0.5645187968563279,0.52397316598217,0.6239068330032751,0.009787042368222585,383,226.68970459980213,193.29466148220592,244.28731910358104,4.357178736296162,383,91582.64065832007,78091.0432388112,98692.07691784673,1760.3002094636495,383,0.999991394987928,0.9999690055847168,1.0,1.200026713691486e-05,383,0.00019429626825764683,7.71830091252923e-05,0.0006867038900963962,5.7525467943480245e-05,383
mnist,33,validation,83,0.4115340440766886,42012,0.004958241494899863,0.0033519589924253523,0.005944375006947666,0.00026940962627202813,83,25469.845540327547,2088.3310374077882,27718.130961262872,2767.872711957343,83,101879.38216131019,8353.324149631153,110872.52384505149,11071.490847829373,83,0.9936184739492026,0.9916087985038757,1.0,0.00144943424055925,83,0.036235066887018615,0.00010177297372138128,0.04747942090034485,0.009816398257217088,83
mnist,34,train,383,216.37627358885948,19795596,0.5649511059761344,0.5254752500040922,0.5858769580081571,0.007312653927236137,383,226.48570366493558,192.87649068756798,243.58901774917692,3.450037319028436,383,91500.22428063396,77922.10223777746,98409.96317066747,1393.8150768874877,383,1.0,1.0,1.0,0.0,383,0.0001175694583977333,5.4348809499060735e-05,0.00013607095752377063,1.0003992559636135e-05,383
mnist,34,validation,83,0.41192345891613513,42012,0.004962933239953436,0.0033848329912871122,0.007819541002390906,0.00042612117708352266,83,25519.742970754578,2068.048857364212,27447.690818949988,2975.617839516705,83,102078.97188301831,8272.195429456848,109790.76327579995,11902.47135806682,83,0.9934259222214481,0.9913194179534912,1.0,0.00154569526879299,83,0.03604778040546562,7.514948811149225e-05,0.04734281823039055,0.00962232305461365,83
mnist,35,train,383,216.20827566445223,19795596,0.5645124690977865,0.524763666006038,0.5847158340038732,0.007367587803102923,383,226.661622193135,194.28912579796682,243.9193265307496,3.432378966519829,383,91571.29536602653,78492.8068223786,98543.40791842285,1386.6811024740107,383,1.0,1.0,1.0,0.0,383,8.724910161043359e-05,6.352242053253576e-05,0.00012245240213815123,7.397630348054761e-06,383
mnist,35,validation,83,0.4126465430308599,42012,0.004971645096757348,0.0033939580025617033,0.00675508301355876,0.0003691898671188875,83,25454.350672660363,2062.4886915856105,27739.14899300007,2946.659980344795,83,101817.40269064145,8249.954766342442,110956.59597200029,11786.63992137918,83,0.9936303381460259,0.9916087985038757,1.0,0.001451389700109863,83,0.03731273451689575,6.647207192145288e-05,0.04888976365327835,0.01005295988021232,83
mnist,36,train,383,216.15559497236973,19795596,0.5643749215988766,0.5268016670015641,0.5868138330115471,0.00754925764854166,383,226.71970525560548,193.17539173493302,242.975692785004,3.5508908783373805,383,91594.76092326462,78042.85826091294,98162.17988514161,1434.5599148483016,383,1.0,1.0,1.0,0.0,383,8.18823840740859e-05,3.812707291217521e-05,0.00011212703248020262,8.389179762089375e-06,383
mnist,36,validation,83,0.41189591787406243,42012,0.004962601420169427,0.003245416999561712,0.006479542003944516,0.0003204010150594373,83,25461.89337846726,2156.887697619547,27602.316327647426,2831.547748682558,83,101847.57351386904,8627.550790478188,110409.2653105897,11326.190994730232,83,0.9935656017567738,0.9913194179534912,1.0,0.0014936921105772453,83,0.03743773073245349,5.2711457101395354e-05,0.04963070526719093,0.010280482749627142,83
mnist,37,train,383,216.17480592575157,19795596,0.5644250807460877,0.5259497909864876,0.5894429580075666,0.007411653994149108,383,226.69814088967277,192.83156447976518,243.36923826876944,3.5053043832666946,383,91586.04891942782,77903.95204982514,98321.17226058285,1416.1429708397445,383,1.0,1.0,1.0,0.0,383,6.776960340686272e-05,5.911267362535e-05,0.00017513675265945494,1.1101571029676172e-05,383
mnist,37,validation,83,0.4074402049300261,42012,0.004908918131687061,0.0034596249752212316,0.006871958990814164,0.0003106225650745392,83,25753.64295415303,2023.3406944787052,27391.643628495163,2856.7298528440538,83,103014.57181661212,8093.362777914821,109566.57451398065,11426.919411376215,83,0.993562087955245,0.9916087985038757,1.0,0.0014953271195076033,83,0.03808151351868986,4.374585842015222e-05,0.05068621411919594,0.01050657015436783,83
mnist,38,train,383,215.6888255602389,19795596,0.5631562025071511,0.520962167007383,0.5920755419938359,0.0075465456419584135,383,227.21031448507773,193.52497706066194,245.69922367930033,3.552213383887296,383,91792.9670519714,78184.09073250742,99262.48636643733,1435.0942070904673,383,1.0,1.0,1.0,0.0,383,5.7971815002794e-05,3.513020055834204e-05,6.892076635267586e-05,5.0812848044881784e-06,383
mnist,38,validation,83,0.4070495859486982,42012,0.004904211878899978,0.003581500001018867,0.005575000017415732,0.0002353964586361189,83,25759.702532642492,1954.488342317084,27699.883857618108,2791.1659945034285,83,103038.81013056997,7817.953369268336,110799.53543047243,11164.663978013714,83,0.9934610501829401,0.9913194179534912,1.0,0.0015433960967612158,83,0.03923950618557584,3.8367601518984884e-05,0.05153714865446091,0.010577807458763527,83
mnist,39,train,383,215.71526490765973,19795596,0.5632252347458478,0.5226334999897517,0.5887096660153475,0.007290754007076693,383,227.18157353008706,190.88676346460713,244.9135005745134,3.5707261930052376,383,91781.35570615518,77118.25243970129,98945.0542321034,1442.5733819741158,383,1.0,1.0,1.0,0.0,383,4.579355791018116e-05,4.267269105184823e-05,7.06675709807314e-05,3.798675119498995e-06,383
mnist,39,validation,83,0.41101432510185987,42012,0.004951979820504336,0.0033337920031044632,0.007024707971140742,0.00040600739676173794,83,25568.166986176984,2099.711077800152,27696.13783397069,2983.8551749232265,83,102272.66794470794,8398.844311200608,110784.55133588276,11935.420699692906,83,0.9931812214564129,0.9913194179534912,1.0,0.0016274145500907637,83,0.038800811487576484,3.490200833766721e-05,0.051816217601299286,0.011388923752735942,83
mnist,40,train,383,216.08858617933583,19795596,0.5641999639147149,0.5265413330052979,0.5840237920056097,0.0077901414132789245,383,226.79313352834754,192.37148989541083,243.09582548709827,3.6613821853746824,383,91624.42594545239,77718.08191774598,98210.7134967877,1479.1984028913714,383,1.0,1.0,1.0,0.0,383,4.991168511059383e-05,4.297398481867276e-05,7.857417222112417e-05,5.876393975245059e-06,383
mnist,40,validation,83,0.4082915838807821,42012,0.004919175709407014,0.0035534159978851676,0.0055292499891947955,0.00022849211649273425,83,25674.322710407898,1969.9354098045608,27311.036397936197,2758.494966474508,83,102697.29084163159,7879.741639218243,109244.14559174479,11033.979865898033,83,0.9935136035264257,0.9916087985038757,1.0,0.0014940257747219539,83,0.04016304494535985,2.7729080102290027e-05,0.05325855314731598,0.010978042694647768,83
mnist,41,train,383,216.09559488479863,19795596,0.5642182634067849,0.5267209160083439,0.6039065840013791,0.008262593664345135,383,226.7908596977183,192.9876921600032,243.01294311610803,3.8091993235097497,383,91623.5073178782,77967.0276326413,98177.22901890764,1538.916526697939,383,1.0,1.0,1.0,0.0,383,3.6290860794531425e-05,2.3571747078676708e-05,5.115492604090832e-05,4.023624895689317e-06,383
mnist,41,validation,83,0.4069635421328712,42012,0.004903175206420135,0.003441207983996719,0.006227375008165836,0.0002731419910634463,83,25768.68223989481,2034.1694057881373,27498.79158597397,2822.2701012690454,83,103074.72895957924,8136.677623152549,109995.16634389588,11289.080405076182,83,0.9933420943926616,0.9913194179534912,1.0,0.001560449431368992,83,0.040547203822178884,2.299387051607482e-05,0.05391377583146095,0.01098524109735785,83
mnist,42,train,383,216.09273974143434,19795596,0.5642108087243717,0.5260623329959344,0.5866174589900766,0.008032844361823548,383,226.79011663681857,195.0175692107584,243.3171735962119,3.669234512418129,383,91623.20712127471,78787.0979611464,98300.1381328696,1482.3707430169238,383,1.0,1.0,1.0,0.0,383,2.8458438383701974e-05,1.4816563634667546e-05,3.2749390811659396e-05,2.5753082697379922e-06,383
mnist,42,validation,83,0.4157787038711831,42012,0.005009381974351604,0.0034084159997291863,0.007053584005916491,0.00041750001268536275,83,25285.020388639354,2053.7399192340904,27000.898510804458,2988.054366970967,83,101140.08155455742,8214.959676936362,108003.59404321783,11952.217467883867,83,0.9934356665036764,0.9913194179534912,1.0,0.0015351920219190717,83,0.041478342855438076,2.0099496396142058e-05,0.05536922812461853,0.011501735133414256,83
mnist,43,train,383,216.1655959217751,19795596,0.5644010337383162,0.5255357499991078,0.5869830409938004,0.007884515819598937,383,226.71374704290236,191.8822325011553,243.5609756333747,3.7141199336054718,383,91592.35380533256,77520.42193046673,98398.63415588338,1500.5044531766107,383,1.0,1.0,1.0,0.0,383,2.553998390262808e-05,1.1866590284626e-05,5.339415292837657e-05,5.387690134401056e-06,383
mnist,43,validation,83,0.41116983609390445,42012,0.004953853446914512,0.0037865840131416917,0.0058141250046901405,0.00022262019952829252,83,25509.18593006312,1848.6319003370452,27589.92307162655,2764.3329927546,83,102036.74372025247,7394.527601348181,110359.6922865062,11057.3319710184,83,0.9936071770736971,0.9916087985038757,1.0,0.001465212394570303,83,0.04209853816195917,1.6288609913317487e-05,0.05591800436377525,0.01140006210974388,83
mnist,44,train,383,215.93438240521937,19795596,0.5637973430945675,0.523868082993431,0.5865773750119843,0.008289685781279704,383,226.96154592253356,192.0981751052504,244.3363208321379,3.8775721577914695,383,91692.46455270358,77607.66274252115,98711.8736161837,1566.5391517477535,383,1.0,1.0,1.0,0.0,383,4.061144072004772e-05,1.3080088137940038e-05,6.0462276451289654e-05,1.317279550887716e-05,383
mnist,44,validation,83,0.41178170309285633,42012,0.004961225338468149,0.0033481669961474836,0.005673249979736283,0.00025360355031500703,83,25446.286090554226,2090.696195277727,27205.823755757778,2731.3902561005157,83,101785.1443622169,8362.784781110908,108823.29502303111,10925.561024402063,83,0.9936071770736971,0.9916087985038757,1.0,0.001465212394570303,83,0.04245284228474417,1.365191383229103e-05,0.056331612169742584,0.011514514980898841,83
mnist,45,train,383,215.9431509975111,19795596,0.5638202375914129,0.5253279579919763,0.5814217909937724,0.008105361795581485,383,226.94965397226824,193.0102344241222,243.65731549729367,3.7861172337443643,383,91687.66020479638,77976.13470734537,98437.55546090665,1529.5913624327231,383,1.0,1.0,1.0,0.0,383,2.7089616612028348e-05,6.623493391089141e-06,5.4266864026430994e-05,1.4518116140695952e-05,383
mnist,45,validation,83,0.422070835105842,42012,0.005085190784407735,0.003423708025366068,0.008493166998960078,0.000685769456996333,83,25086.37340934974,2044.5668696446596,27712.8737892893,3425.8510614255006,83,100345.49363739896,8178.2674785786385,110851.4951571572,13703.404245702002,83,0.9932351823312691,0.9910300970077515,1.0,0.0016337833856396292,83,0.04272177067346147,1.2961027096025646e-05,0.05644352361559868,0.01167829547627091,83
mnist,46,train,383,216.11091704296996,19795596,0.5642582690416971,0.5262229579966515,0.6129797500034329,0.008200239420287839,383,226.7739375693543,192.82897751683896,243.2429031361541,3.7804963851032154,383,91616.67077801914,77902.90691680294,98270.13286700626,1527.320539581699,383,1.0,1.0,1.0,0.0,383,1.7827811744341453e-05,8.421293387073092e-06,2.1588093659374863e-05,1.3231781977811127e-06,383
mnist,46,validation,83,0.4148865460010711,42012,0.004998633084350254,0.0033486669999547303,0.010095832985825837,0.0006173554784108862,83,25416.06654036803,2090.384024477391,27673.6831260627,3087.5438695884645,83,101664.26616147211,8361.536097909564,110694.7325042508,12350.175478353858,83,0.9936468701764761,0.9916087985038757,1.0,0.0014376209882973757,83,0.04300347631947097,1.0929939890047535e-05,0.05699208751320839,0.011855699526966997,83
mnist,47,train,383,216.08281167739187,19795596,0.5641848868861407,0.5239055000129156,0.5836789160093758,0.008150599340469463,383,226.8034084808857,193.05338913037048,244.31887047729882,3.7971057454360433,383,91628.57702627784,77993.56920866967,98704.82367282873,1534.030721156162,383,1.0,1.0,1.0,0.0,383,1.4924420984172384e-05,1.2442620572983287e-05,2.7024114388041198e-05,1.492655378120378e-06,383
mnist,47,validation,83,0.41184691700618714,42012,0.004962011048267315,0.0034485830110497773,0.0068127919803373516,0.00035312192075050397,83,25499.50647767869,2029.8191974996541,27845.51224427289,2927.8921884543547,83,101998.02591071476,8119.276789998617,111382.04897709156,11711.568753817419,83,0.9933708109051348,0.9913194179534912,1.0,0.0015581435910097718,83,0.0439873436892533,9.730553756526206e-06,0.05804574489593506,0.012164709134982406,83
mnist,48,train,383,216.22544275410473,19795596,0.5645572917861742,0.5257791659969371,0.5800610830192454,0.008204381500630686,383,226.6543765368834,192.8614726426752,243.4482160534023,3.8116502255557587,383,91568.36812090088,77916.03494764079,98353.07928557452,1539.9066911245263,383,1.0,1.0,1.0,0.0,383,1.2330121046162269e-05,8.841439921525307e-06,1.6696360034984536e-05,1.0645489482860994e-06,383
mnist,48,validation,83,0.4080333319143392,42012,0.004916064239931798,0.0036714589805342257,0.005723415990360081,0.0002232407556072885,83,25698.4558698891,1906.5989943271668,27423.427567107155,2770.3306158107052,83,102793.8234795564,7626.395977308667,109693.71026842862,11081.322463242821,83,0.9935656017567738,0.9913194179534912,1.0,0.0014936921105772453,83,0.04480881793102548,8.325477210746612e-06,0.059447407722473145,0.012234416733857122,83
mnist,49,train,383,215.9853123529174,19795596,0.5639303194593144,0.5269922920269892,0.5868942499801051,0.008260637324475024,383,226.90713477337283,192.89837478858328,242.88780298411777,3.8379583752422985,383,91670.48244844264,77930.94341458764,98126.67240558358,1550.5351835978888,383,1.0,1.0,1.0,0.0,383,1.0817381331558654e-05,4.186244041193277e-06,1.680175046203658e-05,1.171281164074744e-06,383
mnist,49,validation,83,0.41044337386847474,42012,0.004945100889981623,0.003479790990240872,0.006169625004986301,0.0002695554351074785,83,25548.697628050268,2011.6150710291536,27122.235509069047,2792.8281654241887,83,102194.79051220107,8046.460284116614,108488.94203627619,11171.312661696755,83,0.9936468701764761,0.9916087985038757,1.0,0.0014376209882973757,83,0.04538074173116736,7.995659871085081e-06,0.060047611594200134,0.01211409178057746,83
mnist,50,train,383,216.11330095605808,19795596,0.564264493357854,0.5255031659908127,0.5922914580150973,0.008302207029466125,383,226.77343810476825,192.2542685204732,243.57607771717556,3.8614121692025187,383,91616.46899432637,77670.72448227118,98404.73539773893,1560.010516357817,383,1.0,1.0,1.0,0.0,383,1.0311926286155419e-05,5.693043476640014e-06,1.2693728422163986e-05,1.3482929679918265e-06,383
mnist,50,validation,83,0.4115154648607131,42012,0.004958017648924254,0.0033112499804701656,0.006068958988180384,0.00029970520990813785,83,25482.223356732517,2114.005297481668,27252.406042601306,2817.3474368957022,83,101928.89342693007,8456.021189926672,109009.62417040522,11269.389747582809,83,0.9936600686555885,0.9916087985038757,1.0,0.0014313746827475332,83,0.04669381684404021,6.53938786854269e-06,0.06186344847083092,0.012253227142701315,83
mnist,51,train,383,216.2095526692283,19795596,0.5645158033139119,0.5226157080032863,0.5947488749807235,0.008328402752363883,383,226.6729055068274,192.0958467424933,244.9218384365805,3.8766621527820218,383,91575.85382475826,77606.7220839673,98948.42272837851,1566.171509723937,383,0.999993030614081,0.9999713897705078,1.0,1.0984643846556355e-05,383,3.290583017421552e-05,3.0938422241888475e-06,0.00010926611139439046,3.92495932760062e-05,383
mnist,51,validation,83,0.41406433304655366,42012,0.0049887269041753455,0.0034152500156778842,0.007279666024260223,0.0004066572404124038,83,25384.62110628573,2049.6303251200156,27655.494651044984,2977.3595113089686,83,101538.48442514292,8198.521300480063,110621.97860417994,11909.438045235875,83,0.9934885616762092,0.9913194179534912,1.0,0.0015020687213219057,83,0.04712581702277744,1.2211859939270653e-05,0.06226848065853119,0.012277523219543547,83
mnist,52,train,383,215.92945259672706,19795596,0.5637844715319245,0.5236517089942936,0.5840501250058878,0.00839252873676291,383,226.967488778528,193.3481054671774,244.43728111922357,3.8914054196359418,383,91694.86546652533,78112.63460873967,98752.66157216633,1572.1277895329204,383,0.9999636380541729,0.9998798370361328,1.0,2.7070718617120816e-05,383,0.00022664178207357056,6.1571900005219504e-06,0.0007053726585581899,0.0001577979451868502,383
mnist,52,validation,83,0.410966629977338,42012,0.0049514051804498554,0.0033203749917447567,0.005939708004007116,0.0002822654357441763,83,25509.359152947105,2108.1956156770448,27849.54708588315,2794.6230488905253,83,102037.43661178842,8432.782462708179,111398.1883435326,11178.492195562101,83,0.9937019793384047,0.9916087985038757,1.0,0.001423279599290031,83,0.04638280632549052,6.4172709244303405e-06,0.06195452809333801,0.013218416521827689,83
mnist,53,train,383,216.0171886679018,19795596,0.5640135474357749,0.5269645829976071,0.5813264999887906,0.008163990380594698,383,226.87183141706012,194.00426357135004,242.9005745924698,3.766508548542596,383,91656.21989249228,78377.72248282541,98131.8321353578,1521.669453611209,383,1.0,1.0,1.0,0.0,383,7.55213912332588e-06,3.330338586238213e-06,8.75162186275702e-06,6.333674209835555e-07,383
mnist,53,validation,83,0.408473909861641,42012,0.004921372407971579,0.0033376670035067946,0.005574749986408278,0.00025350042626481764,83,25655.279941835935,2097.273332733701,27968.715199518298,2765.7088195114607,83,102621.11976734374,8389.093330934804,111874.86079807319,11062.835278045843,83,0.9935652620821114,0.9916087985038757,1.0,0.0014737337854057824,83,0.04617561358578226,5.470254563988419e-06,0.06155507266521454,0.013249966265173127,83
mnist,54,train,383,216.05746050103335,19795596,0.5641186958251524,0.525651415984612,0.6219159160100389,0.00864340003432815,383,226.83578833574302,192.2666941915285,243.50738171272633,3.96042572881957,383,91641.65848764019,77675.74445337751,98376.98221194143,1600.0119944431065,383,1.0,1.0,1.0,0.0,383,6.524600233897028e-06,2.3506463548983447e-06,1.4447990906774066e-05,9.888193555454924e-07,383
mnist,54,validation,83,0.4119820461201016,42012,0.004963639109880742,0.003429458010941744,0.005653125001117587,0.00025666194878860344,83,25442.893254280647,2041.138855663601,27371.142753189448,2757.2767826070576,83,101771.57301712259,8164.555422654404,109484.57101275779,11029.10713042823,83,0.9937019793384047,0.9916087985038757,1.0,0.001423279599290031,83,0.046862541812893746,4.725294729723828e-06,0.06252530217170715,0.013343399834476601,83
mnist,55,train,383,216.01882637650124,19795596,0.5640178234373401,0.5259937499940861,0.5855724580178503,0.008682350607886774,383,226.8780485993185,191.77118520520094,243.34889911037752,4.040217200644493,383,91658.73163412466,77475.55882290118,98312.95524059252,1632.2477490603753,383,1.0,1.0,1.0,0.0,383,5.499804315185579e-06,4.4252460611460265e-06,9.019996468850877e-06,4.197024424096068e-07,383
mnist,55,validation,83,0.4152530411956832,42012,0.005003048689104617,0.003519416000926867,0.006789708015276119,0.0003424691358228682,83,25286.146799683196,1988.9663507117352,27687.39710022217,2881.7644372625628,83,101144.58719873278,7955.865402846941,110749.58840088868,11527.057749050251,83,0.9936600686555885,0.9916087985038757,1.0,0.0014313746827475332,83,0.047078136711727246,4.105102107132552e-06,0.06270376592874527,0.013474249915692712,83
mnist,56,train,383,215.9998704426689,19795596,0.5639683301375167,0.522836374992039,0.5834932079887949,0.00818802255997879,383,226.8911971850704,192.48164526306692,244.81846734927154,3.8231463791747387,383,91664.04366276842,77762.58468627903,98906.6608091057,1544.5511371865946,383,1.0,1.0,1.0,0.0,383,5.164117528906888e-06,4.412409452925203e-06,7.320525128307054e-06,3.9718936889597547e-07,383
mnist,56,validation,83,0.4108812870690599,42012,0.004950376952639276,0.0033855840156320482,0.007008207991020754,0.0003349167607009795,83,25541.507290701975,2067.5901019379025,27577.042240402436,2865.1775211007616,83,102166.0291628079,8270.36040775161,110308.16896160974,11460.710084403046,83,0.9935652620821114,0.9916087985038757,1.0,0.0014737337854057824,83,0.04722738568245612,3.4951333418575814e-06,0.06292928755283356,0.013587434063329022,83
mnist,57,train,383,215.9492244181747,19795596,0.563836095086618,0.5253820409998298,0.5858015420089941,0.00816002952532856,383,226.94362612757843,193.25396670787995,243.63223332950102,3.7890260792645103,383,91685.22495554168,78074.6025499835,98427.42226511841,1530.766536022862,383,1.0,1.0,1.0,0.0,383,4.005545483647799e-06,1.6903450159588829e-06,4.567056294035865e-06,4.326781103528873e-07,383
mnist,57,validation,83,0.4091494909080211,42012,0.004929511938650857,0.003386124997632578,0.006473207991803065,0.00029232471412848514,83,25632.49548046648,2067.2597747850646,27331.93155050525,2821.664438072804,83,102529.98192186592,8269.039099140258,109327.726202021,11286.657752291216,83,0.9935652620821114,0.9916087985038757,1.0,0.0014737337854057824,83,0.04814196931072247,3.027643742825603e-06,0.06412073224782944,0.013806565274283169,83
mnist,58,train,383,216.05659570460557,19795596,0.5641164378710328,0.526646417012671,0.589736374997301,0.00878118234519643,383,226.8394426726948,191.92625571934056,243.0473195394783,4.065295984398725,383,91643.13483976868,77538.20731061358,98191.11709394924,1642.3795776970853,383,1.0,1.0,1.0,0.0,383,4.062541216156231e-06,1.5301604889828013e-06,4.726764927909244e-06,3.5860686090934487e-07,383
mnist,58,validation,83,0.4096352909109555,42012,0.004935364950734404,0.003348333004396409,0.006932999996934086,0.00039653891251498376,83,25654.689666481318,2090.592539872498,27931.83938041205,3004.4792418357447,83,102618.75866592527,8362.370159489992,111727.3575216482,12017.916967342979,83,0.9935652620821114,0.9916087985038757,1.0,0.0014737337854057824,83,0.04856138974779483,2.802268681989517e-06,0.06487122178077698,0.0140282479661375,83
mnist,59,train,383,215.9721761716064,19795596,0.563896021335787,0.5258941669890191,0.5869416249915957,0.008626927087560007,383,226.92488014942322,193.94855393186884,243.39497951243237,3.9431406898538888,383,91677.65158036698,78355.21578847502,98331.57172302267,1593.0288387009707,383,1.0,1.0,1.0,0.0,383,3.468451562875808e-06,2.8023443974234397e-06,9.854577001533471e-06,4.535626482084954e-07,383
mnist,59,validation,83,0.4269622510182671,42012,0.0051441235062441824,0.0034707080048974603,0.009029749984620139,0.0007570314510483738,83,24836.354720884574,2016.8795502596047,28003.89958839988,3432.390886198586,83,99345.4188835383,8067.518201038419,112015.59835359952,13729.563544794344,83,0.9935652620821114,0.9916087985038757,1.0,0.0014737337854057824,83,0.0488158162305074,2.5638655642978847e-06,0.06525279581546783,0.013984401647661772,83
mnist,60,train,383,216.02689580299193,19795596,0.5640388924360102,0.5235535420069937,0.6037417920015287,0.009003950843161027,383,226.8727478565673,193.09206863311843,244.48311343539754,4.109227550468872,383,91656.59013405317,78009.19572777984,98771.17782790061,1660.1279303894248,383,1.0,1.0,1.0,0.0,383,3.2311080697370582e-06,1.6791583448139136e-06,6.321751243376639e-06,2.429415246140784e-07,383
mnist,60,validation,83,0.4075771600473672,42012,0.004910568193341774,0.003606040991144255,0.005536542012123391,0.00024231971033744767,83,25731.47889064759,1941.1870295403346,27770.997767514487,2807.2707363355885,83,102925.91556259037,7764.748118161338,111083.99107005795,11229.082945342354,83,0.9936600686555885,0.9916087985038757,1.0,0.0014313746827475332,83,0.048999742116141436,2.1466530597535893e-06,0.06540326029062271,0.014320393878430215,83
mnist,61,train,383,215.92070705624064,19795596,0.5637616372225605,0.5256382919906173,0.5863863340055104,0.00872134373351858,383,226.98056275332488,193.4724342843753,243.51346153884242,3.9992031462085293,383,91700.14735234328,78162.86345088763,98379.43846169233,1615.6780710682458,383,1.0,1.0,1.0,0.0,383,2.7485762348315892e-06,2.0302572920627426e-06,4.062617790623335e-06,2.5675176451720347e-07,383
mnist,61,validation,83,0.4106413330009673,42012,0.00494748593977069,0.0034666669962462038,0.005618291994323954,0.00025590971502105985,83,25530.732081823433,2019.230577260458,27804.677299780164,2780.0933135972573,83,102122.92832729373,8076.922309041832,111218.70919912065,11120.37325438903,83,0.9935101486114134,0.9916087985038757,1.0,0.001490554535226671,83,0.04930005132200951,1.7145391666417709e-06,0.06600727885961533,0.014302392947123875,83
mnist,62,train,383,215.8902725369844,19795596,0.5636821737258079,0.5240911250002682,0.6220307500043418,0.009474151131946327,383,227.0234125125164,191.4514895083336,244.2323365043331,4.319922161558461,383,91717.45865505662,77346.40176136677,98669.86394775056,1745.2485532696182,383,1.0,1.0,1.0,0.0,383,2.64698399686858e-06,1.4677574426968931e-06,3.440068667259766e-06,1.6564222382807173e-07,383
mnist,62,validation,83,0.4108344168635085,42012,0.004949812251367572,0.003430541983107105,0.006971875001909211,0.00034293478429530126,83,25555.068594195425,2040.49390284971,27716.126189041064,2907.2503322445477,83,102220.2743767817,8161.97561139884,110864.50475616426,11629.001328978191,83,0.9934885616762092,0.9913194179534912,1.0,0.0015020687213219057,83,0.05019190353697418,1.7769330042938236e-06,0.06729129701852798,0.01477031592855512,83
mnist,63,train,383,215.81723458584747,19795596,0.5634914741144843,0.5219212500087451,0.5885512089880649,0.0099288442072687,383,227.1066650157832,193.0599477270157,245.24772654467563,4.493303049213215,383,91751.09266637641,77996.21888171433,99080.08152404895,1815.2944318821383,383,1.0,1.0,1.0,0.0,383,2.544772595453411e-06,1.9795199932559626e-06,4.884561803919496e-06,4.1011636730667053e-07,383
mnist,63,validation,83,0.42434095687349327,42012,0.005112541649078232,0.0034539169864729047,0.009262458013836294,0.0007997763655114036,83,25038.689606658038,2026.684493986148,28011.308571152593,3582.270084755673,83,100154.75842663215,8106.737975944592,112045.23428461037,14329.080339022692,83,0.9933420943926616,0.9913194179534912,1.0,0.001560449431368992,83,0.050324727965906015,1.6893898191483459e-06,0.06730760633945465,0.014713606392233366,83
mnist,64,train,383,215.41588965474511,19795596,0.5624435761220499,0.5145658749970607,0.581525249988772,0.0077287196595261076,383,227.50219108986033,191.5278966269514,248.75337875977715,3.7323160643336117,383,91910.88520030359,77377.27023728837,100496.36501894997,1507.8556899907787,383,1.0,1.0,1.0,0.0,383,2.149420046296004e-06,1.0076857961394126e-06,2.6897173484030645e-06,2.3612001860762447e-07,383
mnist,64,validation,83,0.413513373961905,42012,0.0049820888429145185,0.0034036670112982392,0.006782041979022324,0.00033431505571166804,83,25380.54951742811,2056.6054131511632,27359.19631589612,2865.0988553176035,83,101522.19806971244,8226.421652604653,109436.78526358448,11460.395421270414,83,0.9936600686555885,0.9916087985038757,1.0,0.0014313746827475332,83,0.05037902069471532,1.3094231690047309e-06,0.06753824651241302,0.014562278421387204,83
mnist,65,train,383,215.6419483834179,19795596,0.5630338077896029,0.5156689590075985,0.5859738340077456,0.007849870388861101,383,227.26446568839398,192.14005693199906,248.22126242839042,3.7402188258604268,383,91814.84413811118,77624.58300052762,100281.39002106973,1511.0484056476125,383,1.0,1.0,1.0,0.0,383,1.941155906214478e-06,1.644100279918348e-06,6.651421244896483e-06,3.2585709298267275e-07,383
mnist,65,validation,83,0.4098242051550187,42012,0.004937641025964081,0.004538957990007475,0.006945749977603555,0.0003489280814732472,83,25704.318190744747,1542.2041832972488,27549.09863067457,3032.1975743443895,83,102817.27276297899,6168.816733188995,110196.39452269828,12128.790297377558,83,0.9936071770736971,0.9916087985038757,1.0,0.001465212394570303,83,0.05121568308186123,1.125956941905315e-06,0.0685538575053215,0.015100773213936203,83
mnist,66,train,383,215.62396787898615,19795596,0.5629868613028359,0.5206302500155289,0.5849049160024151,0.007732266561761226,383,227.28225164165545,191.8826796997146,245.85586411120394,3.7077116344582626,383,91822.02966322881,77520.6025986847,99325.7691009264,1497.915500321138,383,1.0,1.0,1.0,0.0,383,1.4888229746463911e-06,6.481978402916866e-07,1.6308532622133498e-06,1.1116261817066923e-07,383
mnist,66,validation,83,0.411422499892069,42012,0.0049568975890610725,0.0032424170058220625,0.007038374984404072,0.00037474565805383647,83,25520.561234281668,2158.8833229750667,27689.894910807907,2937.1889242143266,83,102082.24493712667,8635.533291900267,110759.57964323163,11748.755696857306,83,0.9936600686555885,0.9916087985038757,1.0,0.0014313746827475332,83,0.05192220658152263,1.1874165011249715e-06,0.06942016631364822,0.015521398681282043,83
mnist,67,train,383,215.64843040003325,19795596,0.5630507321149694,0.5195940000121482,0.5832372500153724,0.007468176772242152,383,227.25310099794612,192.44701517267512,246.34618566997952,3.5894698304284955,383,91810.25280317024,77748.59412976075,99523.85901067173,1450.1458114931122,383,1.0,1.0,1.0,0.0,383,1.444383206236973e-06,1.0710116384871071e-06,2.719663825700991e-06,1.3888623303974682e-07,383
mnist,67,validation,83,0.4126924609881826,42012,0.004972198325158826,0.0034548330004327,0.006662166997557506,0.0003082836951032878,83,25422.60182726164,2026.147139130397,27494.60970128854,2831.3408916200156,83,101690.40730904655,8104.588556521588,109978.43880515416,11325.363566480062,83,0.9935367049941097,0.9916087985038757,1.0,0.001490346213483599,83,0.051911554080342315,1.0011594895331655e-06,0.06976258754730225,0.015534968979196928,83
mnist,68,train,383,215.51046374047291,19795596,0.5626905058497987,0.5179782919876743,0.5805740829964634,0.007620062878468625,383,227.3997950550722,193.53206737312172,247.1146030248037,3.6185422088804557,383,91869.51720224916,78186.95521874118,99834.2996220207,1461.8910523877041,383,1.0,1.0,1.0,0.0,383,1.1260209038121623e-06,5.802125428999716e-07,1.5037099956316524e-06,7.555400250020153e-08,383
mnist,68,validation,83,0.40980732889147475,42012,0.004937437697487648,0.003340541006764397,0.005547499982640147,0.00024289554934669815,83,25565.195533243725,2095.468963208479,27542.678777518293,2727.0365391408955,83,102260.7821329749,8381.875852833917,110170.71511007317,10908.146156563582,83,0.993515391665769,0.9913194179534912,1.0,0.0014743964284387096,83,0.05271524137596253,7.80441780534602e-07,0.07108160108327866,0.01587392496068254,83
mnist,69,train,383,215.48834556990187,19795596,0.562632756057185,0.5218384159961715,0.5787574999849312,0.0071905775152956266,383,227.4187455166936,192.73867953103147,245.28665593860586,3.4793327529293276,383,91877.17318874423,77866.42653053672,99095.80899919677,1405.6504321834482,383,1.0,1.0,1.0,0.0,383,1.1274093250961108e-06,6.281057949308888e-07,1.67324810718128e-06,1.2050851195621275e-07,383
mnist,69,validation,83,0.4104161658324301,42012,0.0049447730823184355,0.0033949999778997153,0.007178083003964275,0.0004049618075170016,83,25609.83680609248,2061.8556835250656,27297.203665696383,2992.2795724219513,83,102439.34722436992,8247.422734100262,109188.81466278553,11969.118289687805,83,0.9936600686555885,0.9916087985038757,1.0,0.0014313746827475332,83,0.0524560278673659,6.966239993744239e-07,0.07071415334939957,0.015466371323844178,83
mnist,70,train,383,215.51142907331814,19795596,0.5626930263010917,0.5174172910046764,0.6293141670175828,0.008680530306311163,383,227.41068413763827,193.4952713413717,247.38253287102296,3.9644175929876413,383,91873.91639160585,78172.08962191417,99942.54327989327,1601.6247075670067,383,1.0,1.0,1.0,0.0,383,9.425159095010834e-07,6.081514811739908e-07,1.306220610786113e-06,7.041397653501844e-08,383
mnist,70,validation,83,0.40820313288713805,42012,0.0049181100347847955,0.0032300000020768493,0.006671291979728267,0.0003254648268542799,83,25696.16950233971,2167.1826611452284,27463.14372441987,2864.4912272442016,83,102784.67800935885,8668.730644580914,109852.57489767949,11457.964908976806,83,0.9934449195861816,0.9913194179534912,1.0,0.0014950560811857077,83,0.05350062999509194,6.360882593980932e-07,0.07196884602308273,0.01596770378681493,83
mnist,71,train,383,215.52677796542412,19795596,0.5627331017373998,0.5197842089983169,0.6120675000129268,0.008196169952770355,383,227.38952019051212,191.86641639181218,246.25603814835105,3.836894224536209,383,91865.36615696689,77514.03222229212,99487.43941193382,1550.1052667126285,383,1.0,1.0,1.0,0.0,383,7.658318954081337e-07,4.470339263207279e-07,8.731740308576263e-07,8.12935459547193e-08,383
mnist,71,validation,83,0.4072339980630204,42012,0.004906433711602655,0.0032921250094659626,0.005748209019657224,0.0002847029309410651,83,25746.293624208432,2126.286207198285,28075.310253659405,2833.997910241818,83,102985.17449683373,8505.14482879314,112301.24101463762,11335.991640967271,83,0.9936600686555885,0.9916087985038757,1.0,0.0014313746827475332,83,0.05351255993428159,6.789265398765565e-07,0.07213558256626129,0.016167116286225167,83
mnist,72,train,383,215.55555704594008,19795596,0.5628082429397914,0.5197442920180038,0.5900676250166725,0.00752039890761284,383,227.35078822005894,193.61116065288164,246.27495090521575,3.561657254647965,383,91849.71844090382,78218.90890376418,99495.08016570717,1438.909530877778,383,1.0,1.0,1.0,0.0,383,7.038275264512634e-07,5.212271503296506e-07,9.936775313690305e-07,5.8761077806717846e-08,383
mnist,72,validation,83,0.4054306679754518,42012,0.004884706843077733,0.003388790995813906,0.006197750015417114,0.0002720230077096828,83,25862.15588701684,2065.633439373197,27649.270034953388,2821.8355825763447,83,103448.62354806736,8262.533757492787,110597.08013981355,11287.342330305379,83,0.993515391665769,0.9913194179534912,1.0,0.0014743964284387096,83,0.05430423720811205,6.183922778291162e-07,0.07270357012748718,0.016124225238945362,83
mnist,73,train,383,215.75312667060643,19795596,0.5633240905237766,0.5196234169998206,0.6055620419792831,0.007600029067330459,383,227.1434640152728,193.03716808266515,246.33223948805252,3.5874685619142914,383,91765.95946217018,77987.01590539672,99518.22475317323,1449.337299013374,383,1.0,1.0,1.0,0.0,383,6.76332681616957e-07,5.916776331105211e-07,1.5319048998208018e-06,6.608194219631284e-08,383
mnist,73,validation,83,0.41421858707326464,42012,0.004990585386424875,0.0036802499962504953,0.009833415999310091,0.0006379584568555564,83,25517.809531000028,1902.0446999882415,27812.736982685874,3266.242454075741,83,102071.23812400011,7608.178799952966,111250.9479307435,13064.969816302964,83,0.993350114448961,0.9913194179534912,1.0,0.0015355146379776227,83,0.05428718690229771,4.582079782267101e-07,0.07303918898105621,0.016491848850494484,83
mnist,74,train,383,215.33580394709134,19795596,0.5622344750576798,0.5187467499927152,0.5812671250023413,0.007969520762690915,383,227.58863090101943,193.47843043546837,246.74853384970126,3.769109655995729,383,91945.80688401184,78165.28589592922,99686.4076752793,1522.7203010222743,383,1.0,1.0,1.0,0.0,383,5.275332626362023e-07,1.9744018686651543e-07,6.131858754088171e-07,6.20645475252383e-08,383
mnist,74,validation,83,0.4075539200275671,42012,0.004910288193103218,0.00357558301766403,0.005500416998984292,0.00022511044719317032,83,25722.058297887816,1957.7226889765186,27227.28783226613,2763.822363154594,83,102888.23319155126,7830.890755906074,108909.15132906452,11055.289452618375,83,0.9934449195861816,0.9913194179534912,1.0,0.0014950560811857077,83,0.05525763170138123,4.647260425372224e-07,0.0742952972650528,0.01675429373435136,83
mnist,75,train,383,215.72032519997447,19795596,0.5632384469973224,0.5198345840035472,0.5822746670164634,0.007667808815032433,383,227.1804719974935,191.09853452818348,246.23217450096888,3.710487492763831,383,91780.91068698738,77203.80794938613,99477.79849839142,1499.036947076588,383,1.0,1.0,1.0,0.0,383,5.610458876199546e-07,2.0861602934019174e-07,6.656157438555965e-07,6.15001617887533e-08,383
mnist,75,validation,83,0.4105222490616143,42012,0.004946051193513425,0.0034013750264421105,0.006981500016991049,0.000394541306739113,83,25600.42431862823,2057.9912375384565,27671.43372080628,2993.161184089336,83,102401.69727451292,8231.964950153826,110685.73488322512,11972.644736357344,83,0.9933898082698684,0.9913194179534912,1.0,0.0015086166549790113,83,0.05636259885388731,4.395810151436308e-07,0.07556761801242828,0.016740680054442278,83
mnist,76,train,383,215.56858962966362,19795596,0.5628422705735343,0.5189195419952739,0.5856079160002992,0.007721123917319676,383,227.33984075993826,192.963363152692,246.6663704894077,3.6667671831359496,383,91845.29566701506,77957.19871368758,99653.21367772072,1481.3739419869235,383,1.0,1.0,1.0,0.0,383,4.235591517369996e-07,3.6530920510813303e-07,5.415092800831189e-07,1.9348355554969472e-08,383
mnist,76,validation,83,0.4108162530174013,42012,0.004949593409848209,0.003510374983306974,0.006608875002712011,0.0003079755506494396,83,25546.007769589447,1994.0889600932603,27225.353599957805,2863.628168005048,83,102184.03107835779,7976.355840373041,108901.41439983122,11454.512672020192,83,0.993515391665769,0.9913194179534912,1.0,0.0014743964284387096,83,0.055975297000238955,3.343431274061004e-07,0.07551997900009155,0.01701037990195075,83
mnist,77,train,383,215.51548727304908,19795596,0.5627036221228435,0.5182032920129132,0.5796715000178665,0.0075723825742498784,383,227.39504168167238,191.8242368498444,247.00730769732422,3.662324239905036,383,91867.59683939564,77496.99168733713,99790.952309719,1479.578992921635,383,1.0,1.0,1.0,0.0,383,4.1110973172166573e-07,3.2608204492134973e-07,1.1976633231824962e-06,5.01918535979272e-08,383
mnist,77,validation,83,0.40955862114788033,42012,0.004934441218649161,0.004602875007549301,0.01021179201779887,0.0006006218476667582,83,25839.793523445096,1442.1714010256799,27808.70646934008,3178.8192628836237,83,103359.17409378038,5768.6856041027195,111234.82587736032,12715.277051534495,83,0.9934449195861816,0.9913194179534912,1.0,0.0014950560811857077,83,0.05622125437746668,4.488926492740575e-07,0.0756533071398735,0.017150351330287944,83
mnist,78,train,383,215.43479241066962,19795596,0.5624929305761609,0.5181714170030318,0.6192822500015609,0.008404852510007657,383,227.48798876386536,193.8978647610028,247.02250220654506,3.8533776328346896,383,91905.14746060163,78334.73736344514,99797.0908914442,1556.7645636652146,383,1.0,1.0,1.0,0.0,383,3.819998691838021e-07,3.2149358730748645e-07,6.270732910707011e-07,2.8252790191684397e-08,383
mnist,78,validation,83,0.4062046667386312,42012,0.004894032129381099,0.003440000000409782,0.005670542013831437,0.00023887034803489086,83,25802.913258978995,2034.8837206878318,27878.869022052895,2776.1013154905804,83,103211.65303591598,8139.534882751327,111515.47608821158,11104.405261962322,83,0.9934449195861816,0.9913194179534912,1.0,0.0014950560811857077,83,0.05700807887718707,4.172279659542255e-07,0.07653074711561203,0.01682033485048264,83
mnist,79,train,383,215.4524399479269,19795596,0.5625390076969371,0.5171292920131236,0.5975836669967975,0.008203679219867373,383,227.46726235398535,194.48759835303775,247.5203048384883,3.8014213983777565,383,91896.7739910101,78572.98973462725,99998.20315474928,1535.7742449446137,383,1.0,1.0,1.0,0.0,383,3.504735887174068e-07,1.4745926080195204e-07,4.926604333377327e-07,5.577286334563055e-08,383
mnist,79,validation,83,0.4213414649711922,42012,0.005076403192424002,0.0034812499943654984,0.007257165998453274,0.0005877599431415066,83,25082.297444520515,2010.7719960731629,27886.710258946165,3379.2620171218273,83,100329.18977808206,8043.0879842926515,111546.84103578466,13517.04806848731,83,0.9934449195861816,0.9913194179534912,1.0,0.0014950560811857077,83,0.05733027690682405,3.09196991565841e-07,0.07714962214231491,0.017169106335817818,83
mnist,80,train,383,215.39242354009184,19795596,0.5623823068931901,0.5173186250030994,0.5870810839987826,0.007938575598138722,383,227.52930938801038,191.95285798557427,247.42971509914824,3.8041805275569955,383,91921.84099275617,77548.95462617201,99961.60490005589,1536.888933133026,383,1.0,1.0,1.0,0.0,383,2.657636745868875e-07,1.089646559648827e-07,3.669330226330203e-07,2.401521774488151e-08,383
mnist,80,validation,83,0.4090522510523442,42012,0.0049283403741246295,0.003324582998175174,0.005706874973839149,0.00024432858588444863,83,25612.255565360705,2105.5272206596196,27959.807820528564,2732.906186722834,83,102449.02226144282,8422.108882638478,111839.23128211426,10931.624746891335,83,0.9934449195861816,0.9913194179534912,1.0,0.0014950560811857077,83,0.057154629828317066,2.933646214842156e-07,0.07695469260215759,0.017426950824148413,83
mnist,81,train,383,215.43864415813005,19795596,0.5625029873580419,0.5175371670047753,0.5926939159980975,0.008131784211872935,383,227.48161257848042,193.45213069420234,247.32523219693508,3.8099768936972227,383,91902.57148170608,78154.66080045774,99919.39380756176,1539.230665053678,383,1.0,1.0,1.0,0.0,383,2.4699037877081603e-07,7.916237620975153e-08,3.5245400908934243e-07,2.4102285484527186e-08,383
mnist,81,validation,83,0.41222833417123184,42012,0.004966606435797974,0.0033424579887650907,0.007618709001690149,0.0004435705720303334,83,25514.307597577375,2094.2671601345182,27707.37877117739,3043.3099202257413,83,102057.2303903095,8377.068640538073,110829.51508470956,12173.239680902965,83,0.9934030060308525,0.9913194179534912,1.0,0.0015021699545328354,83,0.05814413455346919,2.5052437990780163e-07,0.07831376791000366,0.017258256158585488,83
mnist,82,train,383,215.5042031139892,19795596,0.5626741595665514,0.5186163749895059,0.587297165999189,0.007941356357817494,383,227.410017683158,193.56342126872352,246.81056397918417,3.7318407534926337,383,91873.64714399583,78199.6221925643,99711.46784759041,1507.6636644110238,383,1.0,1.0,1.0,0.0,383,2.2988101223109206e-07,1.5133954889279266e-07,2.655384037097974e-07,2.2100743265170812e-08,383
mnist,82,validation,83,0.4172121281444561,42012,0.005026652146318748,0.0034507499949540943,0.009946375008439645,0.0006426415327735419,83,25314.06658355108,2028.5445222736635,27612.486266286,3211.649872303825,83,101256.26633420432,8114.178089094654,110449.945065144,12846.5994892153,83,0.9934449195861816,0.9913194179534912,1.0,0.0014950560811857077,83,0.058765182327687786,2.4493652972523705e-07,0.07882775366306305,0.017510357918892265,83
mnist,83,train,383,215.43304286393686,19795596,0.5624883625690258,0.5169911670091096,0.5874658749962691,0.007639708874454393,383,227.48150152327028,193.7040693560292,247.5864350652331,3.611404722052528,383,91902.52661540118,78256.4440198358,100024.91976635417,1459.0075077092215,383,1.0,1.0,1.0,0.0,383,1.7700010216424557e-07,1.4930958514014492e-07,2.2597679105729185e-07,2.2530156932615552e-08,383
mnist,83,validation,83,0.40960736901615746,42012,0.004935028542363343,0.0033919159905053675,0.006871792022138834,0.0003231918308438656,83,25618.004817816814,2063.7303575897404,27946.835457565845,2866.2986772184636,83,102472.01927126726,8254.921430358962,111787.34183026338,11465.194708873854,83,0.993539703897683,0.9913194179534912,1.0,0.0014755780256490744,83,0.058550570698721036,2.5890554411489575e-07,0.07874421775341034,0.017586483389494385,83
mnist,84,train,383,215.49436358120875,19795596,0.5626484688804406,0.5216515829961281,0.5792316669831052,0.007551315966009531,383,227.41598470465192,193.59216220248496,245.3745069933969,3.5918600784432506,383,91876.05782067939,78211.23352980393,99131.30082533235,1451.1114716910733,383,1.0,1.0,1.0,0.0,383,1.710230083597223e-07,5.6810662840689474e-08,1.8919715216725308e-07,1.8456988974813886e-08,383
mnist,84,validation,83,0.4079260857834015,42012,0.004914772117872307,0.0033348329889122397,0.005556916992645711,0.00025213606167151097,83,25689.491663132223,2099.05564184888,28209.62130532273,2768.681760021484,83,102757.96665252889,8396.22256739552,112838.48522129092,11074.727040085936,83,0.9934449195861816,0.9913194179534912,1.0,0.0014950560811857077,83,0.0593130561994293,1.9650808269489062e-07,0.07948315888643265,0.017832098895900685,83
mnist,85,train,383,215.49134963593679,19795596,0.5626405995716365,0.5210522499983199,0.5846607080020476,0.007629532332242261,383,227.42183341281302,190.52118553808734,245.6567455574997,3.7182686729687187,383,91878.42069877645,76970.55895738729,99245.32520522988,1502.1805438793624,383,1.0,1.0,1.0,0.0,383,1.578726882486655e-07,8.75442509595814e-08,3.254938576446875e-07,1.7855843433321976e-08,383
mnist,85,validation,83,0.40543471212731674,42012,0.004884755567798997,0.0034083749924320728,0.0055187499965541065,0.00024213495653317035,83,25851.719024063957,2053.7646284645148,27971.263850472267,2786.6416174477586,83,103406.87609625583,8215.058513858059,111885.05540188907,11146.566469791034,83,0.9934449195861816,0.9913194179534912,1.0,0.0014950560811857077,83,0.059740143160454694,1.3131611353855988e-07,0.08041206747293472,0.01804906007177881,83
mnist,86,train,383,215.51637433699216,19795596,0.5627059382166897,0.5177166250068694,0.615857958997367,0.008667452731017494,383,227.40533035271662,193.71231127405716,247.23950094958144,3.9603427124083983,383,91871.75346249751,78259.77375471909,99884.7583836309,1599.9784558129934,383,1.0,1.0,1.0,0.0,383,1.3199887108502702e-07,7.171172455855412e-08,1.4515620705424226e-07,9.535357885542126e-09,383
mnist,86,validation,83,0.4290564579423517,42012,0.005169354914968093,0.0033586249919608235,0.009083125012693927,0.0008364712721910651,83,24804.163694811145,2084.1862419160047,27328.045288865073,3709.870944888903,83,99216.65477924458,8336.744967664019,109312.18115546029,14839.483779555612,83,0.993539703897683,0.9913194179534912,1.0,0.0014755780256490744,83,0.059639026321103114,1.5273619169420272e-07,0.08016814291477203,0.017956513458113582,83
mnist,87,train,383,215.38615432888037,19795596,0.5623659381955101,0.5189656250004191,0.5856317910074722,0.008129745240295937,383,227.53784847261372,192.37550215978825,246.64446705867394,3.8541332447939025,383,91925.29078293593,77719.70287255445,99644.36469170426,1557.0698308967364,383,1.0,1.0,1.0,0.0,383,1.21961532424189e-07,9.954885626939358e-08,4.4516283992379613e-07,2.110057265989811e-08,383
mnist,87,validation,83,0.4282496708910912,42012,0.005159634589049292,0.00463375000981614,0.009158792003290728,0.0008226550693195066,83,24930.55473494919,1473.076998238927,27623.41510198968,3756.506294847799,83,99722.21893979676,5892.307992955708,110493.66040795873,15026.025179391196,83,0.9934030060308525,0.9913194179534912,1.0,0.0015021699545328354,83,0.05986630243910782,1.3038476254223497e-07,0.0803588479757309,0.017856989454536235,83
mnist,88,train,383,215.39688945797388,19795596,0.5623939672531956,0.5175846670172177,0.5817117919796146,0.007979518695225153,383,227.52463161098711,192.91260009689293,247.3025345546838,3.7966084307351293,383,91919.9511708388,77936.69043914475,99910.22396009226,1533.8298060169925,383,1.0,1.0,1.0,0.0,383,1.3725921098064196e-07,3.7020058130110556e-08,3.7975163991177396e-07,3.487539330749031e-08,383
mnist,88,validation,83,0.40714258298976347,42012,0.0049053323251778734,0.0034390419896226376,0.005557083000894636,0.00023402112934211756,83,25739.9547153298,2035.4505763880197,27453.08313404778,2754.700655203441,83,102959.8188613192,8141.802305552079,109812.33253619113,11018.802620813763,83,0.9934030060308525,0.9913194179534912,1.0,0.0015021699545328354,83,0.06046195815216149,9.313209403671863e-08,0.08144944161176682,0.01802910032107443,83
mnist,89,train,383,215.55055857801926,19795596,0.5627951921097109,0.5201788329868577,0.5881709999812301,0.008081670603432307,383,227.361989419457,194.9694873901773,246.06922058905442,3.7411449705052813,383,91854.24372546063,78767.67290563163,99411.96511797799,1511.422568084134,383,1.0,1.0,1.0,0.0,383,1.0477969680064157e-07,2.654268449475694e-08,1.2027527418467798e-07,1.0482154729098757e-08,383
mnist,89,validation,83,0.40620258398121223,42012,0.0048940070359182195,0.003617041016696021,0.006789750012103468,0.0002879235555206029,83,25835.552484128166,1935.2835557264807,27537.985730001772,2853.402813396876,83,103342.20993651266,7741.134222905923,110151.94292000709,11413.611253587504,83,0.9934273211352797,0.9913194179534912,1.0,0.001501692179231883,83,0.060429725375198806,1.3876646676180826e-07,0.08108095824718475,0.018008578659849565,83
mnist,90,train,383,215.41348654116155,19795596,0.562437301674051,0.5197429590043612,0.5850234579993412,0.008085600823690694,383,227.50741335917613,193.90422241278083,246.27558254026476,3.781479509714412,383,91912.99499710713,78337.30585476346,99495.33534626696,1527.7177219246225,383,1.0,1.0,1.0,0.0,383,1.0099860505342638e-07,7.93174805835406e-08,1.4528588110351848e-07,6.715224535562183e-09,383
mnist,90,validation,83,0.4116269209771417,42012,0.004959360493700503,0.003490292001515627,0.008807540987618268,0.0004884984395926624,83,25572.055661001905,2005.5628574802095,28158.16966242073,3037.3853829437094,83,102288.22264400762,8022.251429920838,112632.67864968292,12149.541531774837,83,0.9934692339724805,0.9913194179534912,1.0,0.0014956314366474947,83,0.060595168154232035,1.201401289563364e-07,0.08103367686271667,0.01807862948975194,83
mnist,91,train,383,215.45442133257166,19795596,0.5625441810249913,0.5170965840225108,0.5854382919787895,0.008069919828919065,383,227.4649101462032,192.46217805753645,247.53596127880778,3.825104283716526,383,91895.8236990661,77754.71993524472,100004.52835663834,1545.3421306214766,383,1.0,1.0,1.0,0.0,383,9.11295042954546e-08,5.792815116478778e-08,1.108271590055665e-07,5.4605399740972525e-09,383
mnist,91,validation,83,0.40761329894303344,42012,0.004911003601723294,0.0033694170124363154,0.005578667012741789,0.00024117498772252118,83,25706.899825133405,2077.5107308366464,27960.314593722967,2751.230613722839,83,102827.59930053362,8310.042923346586,111841.25837489187,11004.922454891355,83,0.9934692339724805,0.9913194179534912,1.0,0.0014956314366474947,83,0.06115645806989217,1.0430782992898457e-07,0.08199076354503632,0.0181697526475441,83
mnist,92,train,383,215.4448900493153,19795596,0.5625192951679251,0.5189293340081349,0.5800935000006575,0.00784357133411012,383,227.47221311616784,192.68913116687895,246.66171598230258,3.737282233893966,383,91898.77409893181,77846.4089914191,99651.33325685024,1509.862022493162,383,1.0,1.0,1.0,0.0,383,8.797346280986089e-08,1.3969836842875338e-08,1.3224698136582447e-07,9.339039301207076e-09,383
mnist,92,validation,83,0.4085839159670286,42012,0.004922697782735284,0.003342250012792647,0.007246624998515472,0.0004253504170390019,83,25737.96317113797,2094.3974787065936,27921.182947089943,3061.0892680890083,83,102951.85268455188,8377.589914826374,111684.73178835977,12244.357072356033,83,0.9934692339724805,0.9913194179534912,1.0,0.0014956314366474947,83,0.06171848937442461,8.568149212351273e-08,0.08295871317386627,0.018249523209334196,83
mnist,93,train,383,215.42973784412607,19795596,0.5624797332744806,0.5183901670097839,0.5850078340154141,0.008172390891876158,383,227.49246417174615,192.11004349622166,246.9182637825462,3.8767380321612683,383,91906.95552538545,77612.45757247355,99754.97856814867,1566.2021649931526,383,1.0,1.0,1.0,0.0,383,7.476374060720338e-08,6.186633072502445e-08,1.1268991784163518e-07,4.732443218544817e-09,383
mnist,93,validation,83,0.40474812118918635,42012,0.004876483387821522,0.0033976249978877604,0.00562983300187625,0.00023435250450543196,83,25890.266910931314,2060.2626847729716,27545.63635859282,2762.5948290092933,83,103561.06764372526,8241.050739091886,110182.54543437128,11050.379316037173,83,0.9934692339724805,0.9913194179534912,1.0,0.0014956314366474947,83,0.06124701600027927,7.264302581688753e-08,0.08243800699710846,0.018568276969199462,83
mnist,94,train,383,215.24503204296343,19795596,0.5619974726970325,0.5166601660021115,0.6206299579935148,0.008655533304052826,383,227.69340877734626,191.92081670099972,247.74505259512668,4.0392318168293,383,91988.1371460479,77536.00994720389,100089.00124843117,1631.8496539990374,383,1.0,1.0,1.0,0.0,383,6.694860182101508e-08,2.4214381610931923e-08,7.956928982366662e-08,9.535483859441476e-09,383
mnist,94,validation,83,0.41047887911554426,42012,0.004945528664042702,0.003332083986606449,0.006986041989875957,0.0003588854706396289,83,25578.002441008666,2100.7873835524565,27548.357652648938,2923.3877868470295,83,102312.00976403466,8403.149534209826,110193.43061059575,11693.551147388118,83,0.9934692339724805,0.9913194179534912,1.0,0.0014956314366474947,83,0.061698544849022596,7.823093994829833e-08,0.08269992470741272,0.018325773746850366,83
mnist,95,train,383,215.43455092725344,19795596,0.5624923000711578,0.517829708987847,0.5825746250047814,0.007973618237477251,383,227.48390550610762,193.9122075695676,247.18550863022045,3.744451313241204,383,91903.49782446747,78340.53185810531,99862.94548660907,1512.7583305494466,383,1.0,1.0,1.0,0.0,383,8.133369676507667e-08,1.4901158529312397e-08,1.7658965134614846e-07,1.7523606031898773e-08,383
mnist,95,validation,83,0.40739100106293336,42012,0.004908325314011246,0.0034460000169929117,0.005517042009159923,0.00022898541375537113,83,25722.60144720513,2031.3406748350571,27225.83426709281,2745.931682572824,83,102890.40578882051,8125.362699340229,108903.33706837124,10983.726730291295,83,0.9934692339724805,0.9913194179534912,1.0,0.0014956314366474947,83,0.06219197868043835,8.754408753475218e-08,0.08310934156179428,0.01831747286341539,83
mnist,96,train,383,215.28710011477233,19795596,0.5621073110046275,0.5180927499895915,0.5811084159940947,0.00783134817615698,383,227.63794234565805,194.30212196576133,247.060010012824,3.6867823942455034,383,91965.72870764587,78498.05727416757,99812.2440451809,1489.460087275183,383,1.0,1.0,1.0,0.0,383,5.793551946512957e-08,3.064893405735347e-08,6.497177906794604e-08,7.557422946518388e-09,383
mnist,96,validation,83,0.40983850008342415,42012,0.004937813254017158,0.0034289169998373836,0.007052250002743676,0.0003356833822827631,83,25611.866765302275,2041.4609045164916,27727.882092961376,2885.7435113697084,83,102447.4670612091,8165.843618065966,110911.5283718455,11542.974045478833,83,0.9934692339724805,0.9913194179534912,1.0,0.0014956314366474947,83,0.062029960469890615,7.171167482056262e-08,0.08320105820894241,0.018498964134488694,83
mnist,97,train,383,215.32935787489987,19795596,0.562217644581984,0.5161207499913871,0.5860696669842582,0.007991235903320832,383,227.59580645887186,193.30702575199652,248.0039796930002,3.783083192059132,383,91948.70580938424,78096.0384038066,100193.60779597207,1528.365609591889,383,1.0,1.0,1.0,0.0,383,5.768012062988979e-08,1.6298137950343516e-08,7.624122844163139e-08,5.127868184465794e-09,383
mnist,97,validation,83,0.4169846628792584,42012,0.00502391160095492,0.0033350410230923444,0.006879249995108694,0.00046552879513678366,83,25240.036673587107,2098.924706332218,28042.501877762945,3093.603120219779,83,100960.14669434843,8395.698825328873,112170.00751105178,12374.412480879117,83,0.9934692339724805,0.9913194179534912,1.0,0.0014956314366474947,83,0.0616515958906098,7.078035224594714e-08,0.08261137455701828,0.018519247987349958,83
mnist,98,train,383,215.34804228896974,19795596,0.5622664289529236,0.5186180000018794,0.5902736669813748,0.008360808910163156,383,227.58044214284536,193.0412382043156,246.80979063498788,3.912913820060784,383,91942.49862570953,77988.6602345435,99711.1554165351,1580.8171833045565,383,1.0,1.0,1.0,0.0,383,5.9430707494218275e-08,4.144380483239729e-08,9.353105667742057e-08,6.4145753723403105e-09,383
mnist,98,validation,83,0.40565291108214296,42012,0.004887384470869192,0.0033527910127304494,0.006309042015345767,0.0003233593044027804,83,25873.57382463413,2087.8128023551735,28255.808650552186,2932.7900377561427,83,103494.29529853653,8351.251209420694,113023.23460220874,11731.160151024571,83,0.9934692339724805,0.9913194179534912,1.0,0.0014956314366474947,83,0.06274540713393321,7.729958895197342e-08,0.08379942923784256,0.018458867869181918,83
mnist,99,train,383,215.2381163710961,19795596,0.5619794161125224,0.5150237079942599,0.5881092079798691,0.008039392031152923,383,227.69304065609305,192.89378364325484,248.53224815317938,3.810065858200173,383,91987.98842506162,77929.08859187496,100407.02825388448,1539.2666067128698,383,1.0,1.0,1.0,0.0,383,5.21022248310307e-08,2.4680037569169144e-08,5.7888883020495996e-08,3.520162021397729e-09,383
mnist,99,validation,83,0.40456829499453306,42012,0.004874316807163049,0.0033397919905837625,0.0055007089977152646,0.00023272458137096481,83,25896.51124412639,2095.9389146796743,27711.374027070437,2754.0931842546142,83,103586.04497650555,8383.755658718697,110845.49610828175,11016.372737018457,83,0.9934692339724805,0.9913194179534912,1.0,0.0014956314366474947,83,0.06293635167944417,5.30853156988087e-08,0.08420651406049728,0.018584208964864752,83
mnist,100,train,383,215.2713137108076,19795596,0.5620660932397065,0.5184903329936787,0.5892837500141468,0.007890443980598419,383,227.6549154601829,194.75703363398225,246.87056219727154,3.684872246020648,383,91972.58584591388,78681.84158812882,99735.70712769771,1488.688387392342,383,1.0,1.0,1.0,0.0,383,4.650499886546149e-08,3.073361654060136e-08,9.840903203439666e-08,5.293224676321143e-09,383
mnist,100,validation,83,0.4370271319348831,42012,0.00526538713174558,0.003285957995103672,0.00893141599954106,0.0010170035041539526,83,24521.84227099973,2130.2767748189517,27752.43444016713,4021.129686693611,83,98087.36908399891,8521.107099275807,111009.73776066852,16084.518746774444,83,0.9934357304170908,0.9913194179534912,1.0,0.0014981354558593776,83,0.06289382931405983,5.12226776550051e-08,0.08432319760322571,0.018692099443766944,83
fashion_mnist,1,train,383,213.28889587518643,19796000,0.5568900675592335,0.5088102919980884,0.7932388749904931,0.017779787690889014,383,229.93435491307469,161.3637506123664,251.56723834603744,6.723912522277536,383,92893.47938488217,65190.95524739602,101633.16429179913,2716.460659000125,383,0.6307746963308001,0.068359375,0.8390204310417175,0.21712249783912993,383,1.8203994655111129,1.4401402473449707,2.3216254711151123,0.2599769605422851,383
fashion_mnist,1,validation,83,0.47039520091493614,42000,0.005667412059216098,0.0033342079841531813,0.04828208399703726,0.004732657758965299,83,24394.515782100043,1199.685208304699,27701.382550825423,4112.661921009633,83,97578.06312840017,4798.740833218796,110805.53020330169,16450.647684038533,83,0.9176917514169073,0.9130859375,0.92578125,0.002037119060844484,83,0.9480079656623932,0.9282979965209961,0.9528075456619263,0.004511681304255784,83
fashion_mnist,2,train,383,216.02300175794517,19796000,0.564028725216567,0.5325854999828152,0.5825670420017559,0.0038472917355731845,383,226.83286603206665,193.66453186912116,240.3369975414842,2.24269671216549,383,91640.47787695493,78240.47087512496,97096.14700675962,906.0494717148579,383,0.9717814254698491,0.9675480723381042,0.9817708134651184,0.0015582210433402654,383,0.7276337635423745,0.5960362553596497,0.8797307014465332,0.08258814042859337,383
fashion_mnist,2,validation,83,0.4066490841214545,42000,0.004899386555680175,0.0034149170096497983,0.00569583399919793,0.00023847697259010402,83,25761.314582169405,1171.33154003359,28100.987973159918,2857.5816803203334,83,103045.25832867762,4685.32616013436,112403.95189263967,11430.326721281333,83,0.9255076488816595,0.921875,0.9453125,0.0030762706128138677,83,0.500282281134502,0.47996819019317627,0.5089399814605713,0.00505665378559425,83
fashion_mnist,3,train,383,215.99770020364667,19796000,0.5639626637170931,0.5283651250065304,0.5835587909969036,0.004121129254769506,383,226.86038835676172,194.86755108286593,242.25671593752134,2.2671252845940066,383,91651.59689613173,78726.49063747784,97871.71323875862,915.9186149759785,383,0.9783847240181567,0.96875,0.979687511920929,0.0011366716980798811,383,0.3217616582352561,0.27782493829727173,0.3829846680164337,0.02773130271368367,383
fashion_mnist,3,validation,83,0.415556873078458,42000,0.00500670931419829,0.003347624995512888,0.006322375003946945,0.00039914423547041946,83,25286.153318558016,1194.876966614106,27548.60648153226,3128.2267549866756,83,101144.61327423206,4779.507866456424,110194.42592612904,12512.907019946702,83,0.9263808454375669,0.9229910969734192,0.9453125,0.0036050574240331754,83,0.3627686593905989,0.3462984561920166,0.3720436096191406,0.005462970919746675,83
fashion_mnist,4,train,383,216.0274765008071,19796000,0.5640404086182953,0.5292215420049615,0.5944827919884119,0.004631368895987767,383,226.83258880573942,193.99181858453807,241.86468206692913,2.4437546994462025,383,91640.36587751869,78372.69470815337,97713.33155503937,987.2768985762663,383,0.9817721566705728,0.98046875,1.0,0.0011187505856227,383,0.18142694460505293,0.16523072123527527,0.20310387015342712,0.009847398061972403,383
fashion_mnist,4,validation,83,0.40897058698465116,42000,0.004927356469694592,0.0034455830173101276,0.005857916985405609,0.00028854550604736983,83,25639.751851981713,1160.9065809485824,27660.47277854303,2937.4097330713776,83,102559.00740792685,4643.626323794329,110641.89111417212,11749.63893228551,83,0.9265378404812641,0.9230324029922485,0.9453125,0.003643791103981019,83,0.3156849372099681,0.29757654666900635,0.3235940933227539,0.006153272326211391,83
fashion_mnist,5,train,383,216.5775446173502,19796000,0.56547661779987,0.5356156659836415,0.6279709580121562,0.005880550963934149,383,226.26470910896307,193.70929077325292,238.9773267085681,2.7576265748952142,383,91410.94248002108,78258.55347239418,96546.83999026152,1114.0811362576667,383,0.9829413285454633,0.96875,0.984375,0.0016595110630566302,383,0.12259245798108472,0.11480814963579178,0.1581931859254837,0.0066090000444380785,383
fashion_mnist,5,validation,83,0.4120499581913464,42000,0.004964457327606583,0.0035194999945815653,0.00652500000433065,0.00033339568810594966,83,25471.94150902356,1136.5250763341915,27777.52451103137,2984.7218333739183,83,101887.76603609424,4546.100305336766,111110.09804412548,11938.887333495673,83,0.9276150673268789,0.9236885905265808,0.9453125,0.003717910529113947,83,0.2986271525003824,0.2769972085952759,0.30685949325561523,0.0064793948738040286,83
fashion_mnist,6,train,383,216.9354974970338,19796000,0.5664112206188872,0.5276121670030989,0.5877829999953974,0.005524085362831071,383,225.8893793709273,193.8992581467796,242.60244172733076,2.7111023317667784,383,91259.30926585462,78335.30029129896,98011.38645784163,1095.285342033778,383,0.983108825067316,0.9776785969734192,0.9921875,0.001685149059316529,383,0.09551153065485991,0.08814015984535217,0.11827018111944199,0.005471060154014775,383
fashion_mnist,6,validation,83,0.4131772028922569,42000,0.004978038589063336,0.003278290998423472,0.009936374990502372,0.0005975998231049051,83,25492.84635925744,1220.1479374233702,27911.544814456003,3138.1468222104304,83,101971.38543702976,4880.591749693481,111646.17925782401,12552.587288841722,83,0.9260378415326038,0.9225725531578064,0.9453125,0.003812481243976625,83,0.29367709231663897,0.266704797744751,0.3024485111236572,0.007543383394665455,83
fashion_mnist,7,train,383,215.9863242051215,19796000,0.5639329613710744,0.5255357499991078,0.5885256250039674,0.005428331659681214,383,226.8812753762567,195.6384539914352,243.5609756333747,2.683780170353391,383,91660.0352520077,79037.93541253981,98398.63415588338,1084.2471888227703,383,0.9857917311297384,0.979687511920929,0.9921875,0.0007976991641126341,383,0.07460407222142107,0.07146799564361572,0.08969004452228546,0.0018176177538582019,383
fashion_mnist,7,validation,83,0.412023833981948,42000,0.004964142578095759,0.0032577920064795762,0.00630554198869504,0.0003588067404231555,83,25466.993636787247,1227.8254695340315,27256.2709884252,3011.7730985038716,83,101867.97454714899,4911.301878136126,109025.0839537008,12047.092394015486,83,0.9274048841143229,0.9239710569381714,0.9453125,0.0034731351867978255,83,0.29263764835265743,0.26400136947631836,0.30145061016082764,0.007838507140132208,83
fashion_mnist,8,train,383,215.84142415729002,19796000,0.5635546322644648,0.5247090000193566,0.5859533330076374,0.005019038153757924,383,227.03126786105395,194.2490604538876,243.9447388843684,2.6092427685699207,383,91720.63221586581,78476.6204233706,98553.67450928483,1054.1340785022476,383,0.9858258864587032,0.9830729365348816,0.9921875,0.0010400955002701172,383,0.06605834189034006,0.05049176514148712,0.07376956939697266,0.0037872920655839097,383
fashion_mnist,8,validation,83,0.42741729196859524,42000,0.005149605927332473,0.0033961249864660203,0.00663154199719429,0.0004994056858033349,83,24653.303140263815,1177.8129532748342,27829.8681280901,3319.752460152238,83,98613.21256105526,4711.251813099337,111319.4725123604,13279.009840608953,83,0.9266637111284647,0.9224330186843872,0.9453125,0.00400333662988142,83,0.2955856118575636,0.2684558629989624,0.30605795979499817,0.007649441055300139,83
fashion_mnist,9,train,383,216.1229569061834,19796000,0.5642897047158836,0.5323352499981411,0.590261167002609,0.004863513590500656,383,226.7335091968405,194.963566182052,240.4499795954654,2.4806525296618123,383,91600.33771552355,78765.28073754901,97141.79175656803,1002.1836219833724,383,0.9870732741007294,0.98046875,0.9921875,0.0009396610306667165,383,0.05442911324239586,0.03911052271723747,0.06065215915441513,0.0013685151004859957,383
fashion_mnist,9,validation,83,0.42037374890060164,42000,0.005064743962657851,0.003339999995660037,0.006788291997509077,0.000448732007532128,83,25021.219612242487,1197.6047919753175,27601.572137693736,3177.5031167894554,83,100084.87844896995,4790.41916790127,110406.28855077495,12710.012467157821,83,0.9263416851859495,0.9221540093421936,0.9453125,0.004286947777500905,83,0.29753380942057417,0.2644796073436737,0.3073694705963135,0.008829032812652564,83
fashion_mnist,10,train,383,215.87231083374354,19796000,0.5636352763283121,0.5230814169917721,0.58656433300348,0.00513561315791645,383,226.99892297566686,195.45089617487326,244.7037800274472,2.589944556389495,383,91707.5648821694,78962.1620546488,98860.32713108868,1046.3376007813563,383,0.9876684267900632,0.9849330186843872,0.99609375,0.0011573636139610036,383,0.04859112074243649,0.02951042912900448,0.052025798708200455,0.00247237859361641,383
fashion_mnist,10,validation,83,0.41976945503847674,42000,0.005057463313716587,0.003345791978063062,0.006174042006023228,0.0003935710900508012,83,25022.58104823127,1195.5315890008412,27636.58416352124,3065.81203259109,83,100090.32419292508,4782.126356003365,110546.33665408495,12263.24813036436,83,0.9261970721095442,0.9222935438156128,0.9453125,0.004037767002224022,83,0.30145998209355823,0.27217304706573486,0.31832021474838257,0.008519069159767792,83
fashion_mnist,11,train,383,215.97680330797448,19796000,0.5639081026317871,0.5258272499777377,0.5831301670114044,0.005435397156313156,383,226.8913960292565,195.62388724761337,243.42595406650992,2.691296272939651,383,91664.12399581962,79032.05044803579,98344.08544287001,1087.2836942676192,383,0.9883017666034848,0.984375,0.9921875,0.0006896062353543402,383,0.04429826164720264,0.033456817269325256,0.051315054297447205,0.001771788281504988,383
fashion_mnist,11,validation,83,0.4079189141630195,42000,0.004914685712807464,0.003240958001697436,0.0055998330062720925,0.0002648903854834474,83,25676.026446442782,1234.2029726719752,27522.685330996905,2865.811648957056,83,102704.10578577113,4936.811890687901,110090.74132398762,11463.246595828225,83,0.9263898658465191,0.9221540093421936,0.9453125,0.004267458120537309,83,0.30394146636307956,0.2689046263694763,0.3232852816581726,0.009798224226250575,83
fashion_mnist,12,train,383,216.0157218769309,19796000,0.5640097176943366,0.5244199589942582,0.5901546250097454,0.005242089980277683,383,226.8483324118501,196.49862425970665,244.0791922669775,2.5694338458812553,383,91646.72629438745,79385.44420092148,98607.9936758589,1038.0512737360273,383,0.9883544832545845,0.9817708134651184,0.9921875,0.0007494977003606798,383,0.04215588096733504,0.029633358120918274,0.05717897787690163,0.0017287149066602184,383
fashion_mnist,12,validation,83,0.40918658694135956,42000,0.004929958878811561,0.003305749996798113,0.005709791992558166,0.00027670199529559347,83,25606.88775042692,1210.0128575585948,27408.259804322548,2886.881557096012,83,102427.55100170767,4840.051430234379,109633.03921729019,11547.526228384047,83,0.9245960346187454,0.919921875,0.9453125,0.004414836085526134,83,0.3065446608037834,0.2730342745780945,0.32657766342163086,0.009533732887555426,83
fashion_mnist,13,train,383,216.16620875382796,19796000,0.5644026338220051,0.5276142499933485,0.6125185000128113,0.0057372012167391595,383,226.6946609448094,195.01717065477953,242.6014839470573,2.761690268274504,383,91584.643021703,78786.93694453094,98010.99951461115,1115.7228683828992,383,0.9890173276784214,0.9765625,0.9908088445663452,0.0009774135104161827,383,0.04023215055037727,0.03727002814412117,0.06237900257110596,0.0019212079748882538,383
fashion_mnist,13,validation,83,0.41308141898480244,42000,0.004976884566081957,0.003540042001986876,0.007582041987916455,0.0004886224801367746,83,25500.16483106896,1129.9300962403747,27707.6308301778,3249.6233036604644,83,102000.65932427584,4519.720384961499,110830.5233207112,12998.493214641858,83,0.9257026745612362,0.9211774468421936,0.9453125,0.004456719733279441,83,0.3123408864779645,0.2754529118537903,0.33296287059783936,0.010520402700935067,83
fashion_mnist,14,train,383,215.89070157325477,19796000,0.5636832939249472,0.5262948749877978,0.5854215410072356,0.0057478661736913,383,226.98472603047207,195.24834687015817,243.20966454968365,2.8215620729043023,383,91701.82931631072,78880.33213554391,98256.70447807219,1139.9110774533376,383,0.9898755959680124,0.9888392686843872,1.0,0.0012733533647594083,383,0.035722686011859704,0.012989792972803116,0.03849499300122261,0.0024216682092001733,383
fashion_mnist,14,validation,83,0.4108069139474537,42000,0.004949480890933177,0.0037433329853229225,0.007035124988760799,0.0003648012238846412,83,25583.234820513997,1068.5664395028261,27619.189159445996,3057.8060170034396,83,102332.93928205599,4274.265758011305,110476.75663778398,12231.224068013758,83,0.9255746423480022,0.9213169813156128,0.9453125,0.004215972181286153,83,0.3131097382809742,0.27794787287712097,0.3364163637161255,0.010258113104105827,83
fashion_mnist,15,train,383,216.1373105449602,19796000,0.5643271815795305,0.5295107499987353,0.5876967500080355,0.005182137065267752,383,226.72088282029338,195.0045398307771,241.73258050059556,2.5967511316091025,383,91595.23665939854,78781.83409163395,97659.9625222406,1049.0874571700776,383,0.9898270942834899,0.9869791865348816,0.9973958134651184,0.0007449322489043367,383,0.034452136270410084,0.018790913745760918,0.03640810400247574,0.0017032825866088964,383
fashion_mnist,15,validation,83,0.40649621101329103,42000,0.004897544711003506,0.003340750001370907,0.005642792006256059,0.0002610124778925212,83,25775.102921570557,1197.3359270698388,28032.5221692583,2891.291205930588,83,103100.41168628223,4789.343708279355,112130.0886770332,11565.164823722353,83,0.9260885614946665,0.9213169813156128,0.9453125,0.004438222372524747,83,0.31438849920249845,0.27648839354515076,0.3368986248970032,0.010829297455845013,83
fashion_mnist,16,train,383,215.85933550697519,19796000,0.5636013981905358,0.5257755409984384,0.5862671660142951,0.006679884162995575,383,227.02728341457836,194.1008731926727,243.4498945252004,3.226745951474779,383,91719.02249948967,78416.75276983978,98353.75738818097,1303.6053643958107,383,0.9900644122776101,0.98828125,0.9921875,0.0004120292184853306,383,0.034003865829724866,0.027073441073298454,0.0690888836979866,0.002445775206447073,383
fashion_mnist,16,validation,83,0.40712146388250403,42000,0.004905077878102458,0.0032929169829003513,0.005613708985038102,0.00024410097542228488,83,25721.317329214056,1214.728467426124,27700.129674058517,2835.1307108780134,83,102885.26931685623,4858.913869704496,110800.51869623407,11340.522843512053,83,0.9255538431994886,0.9213169813156128,0.9453125,0.003917434401302257,83,0.31971973755273475,0.28132474422454834,0.34256577491760254,0.011273239464052218,83
fashion_mnist,17,train,383,215.98845241681556,19796000,0.5639385180595706,0.5272469169867691,0.5822782499890309,0.0055194835540902445,383,226.88034362338007,194.6908370386199,242.77050443751023,2.7588109841702466,383,91659.65882384556,78655.09816360244,98079.28379275413,1114.5596376047793,383,0.990755799078132,0.984375,0.9921875,0.0011361822582641164,383,0.03144467249999003,0.02546069025993347,0.05554642155766487,0.0028457649818987357,383
fashion_mnist,17,validation,83,0.40545175614533946,42000,0.004884960917413728,0.0033443330030422658,0.005543667008168995,0.00024283980505306808,83,25833.732605740457,1196.0531431413344,27881.644009513995,2862.085513907524,83,103334.93042296183,4784.212572565338,111526.57603805598,11448.342055630095,83,0.9259447340505669,0.9213169813156128,0.9453125,0.004360641029686393,83,0.3206691013043185,0.2833248972892761,0.3451679050922394,0.011036018608746334,83
fashion_mnist,18,train,383,216.16992761637084,19796000,0.5644123436458769,0.5274639579874929,0.5876254170143511,0.005874196915092931,383,226.69268851372485,194.89496987982977,242.67060916991622,2.8708263309592685,383,91583.84615954485,78737.56783145123,98038.92610464615,1159.8138377075445,383,0.9902803709550564,0.9765625,0.9921875,0.0008277274392383446,383,0.030567736644541002,0.0244505163282156,0.04460675269365311,0.0010771825404899172,383
fashion_mnist,18,validation,83,0.4059933720272966,42000,0.0048914864099674285,0.003455166006460786,0.005674540996551514,0.0002224555524573132,83,25799.363842100658,1157.6867775731857,27359.19631589612,2833.3275287239735,83,103197.45536840263,4630.747110292743,109436.78526358448,11333.310114895894,83,0.9258134760052324,0.9211774468421936,0.9453125,0.004348219970840441,83,0.32485089603676853,0.2892201244831085,0.3485652506351471,0.010750789585318974,83
fashion_mnist,19,train,383,216.02357440663036,19796000,0.5640302203828469,0.5266589169914369,0.5883367499918677,0.005548390726903988,383,226.84386105235328,194.25928000718903,243.04155093624135,2.780652431442156,383,91644.91986515072,78480.74912290438,98188.7865782415,1123.3835823026309,383,0.9906368859442968,0.9871651530265808,1.0,0.0010794653414215145,383,0.03005157149939095,0.014187589287757874,0.037224121391773224,0.001783115612757674,383
fashion_mnist,19,validation,83,0.4152138339995872,42000,0.0050025763132480385,0.003302166995126754,0.007584583974676207,0.0005571520726018087,83,25394.268460598814,1211.3257766500267,27792.608911902178,3327.496217809096,83,101577.07384239526,4845.303106600107,111170.43564760871,13309.984871236384,83,0.9255930881902396,0.9210379719734192,0.9453125,0.0042177673768693125,83,0.32790607213974,0.2909383773803711,0.3509529232978821,0.01112593227141084,83
fashion_mnist,20,train,383,216.07070141707663,19796000,0.5641532674075108,0.5281557910202537,0.5899423749942798,0.005838967064698521,383,226.79707965956217,193.79225060121163,242.3527341293347,2.900051187459281,383,91626.02018246311,78292.0692428895,97910.50458825122,1171.6206797335494,383,0.9911256728222102,0.98828125,0.99609375,0.0008213518224312016,383,0.028373196259063156,0.021483412012457848,0.03242863342165947,0.00231103506750054,383
fashion_mnist,20,validation,83,0.40599146313616075,42000,0.004891463411279045,0.003337041998747736,0.005531500006327406,0.0002271672243562521,83,25790.587497684213,1198.6663642534456,27477.392905457164,2821.7693344660247,83,103162.34999073685,4794.6654570137825,109909.57162182865,11287.077337864099,83,0.9258836615516479,0.9210379719734192,0.9453125,0.00425915371900417,83,0.3342873507953552,0.29887285828590393,0.3634979724884033,0.01117673115987968,83
fashion_mnist,21,train,383,216.06902745907428,19796000,0.564148896759985,0.5277920829830691,0.591537000000244,0.006246386353113229,383,226.80138410954495,195.34823851327175,242.51974238898555,2.968205415011405,383,91627.75918025615,78920.68835936178,97977.97592515015,1199.1549876646077,383,0.9907056805981669,0.9765625,0.9915021657943726,0.0011315463246459937,383,0.02883958125452927,0.027262823656201363,0.0413668118417263,0.00163446139011968,383
fashion_mnist,21,validation,83,0.4159857429622207,42000,0.005011876421231574,0.0032913750037550926,0.010366000002250075,0.0006716247959025203,83,25371.783900447746,1215.2975566249502,27303.75417623514,3253.0624452534666,83,101487.13560179099,4861.190226499801,109215.01670494056,13012.249781013867,83,0.9258286364107247,0.9208984375,0.9453125,0.004565396887672154,83,0.3404438632080354,0.3039354383945465,0.3711601197719574,0.01166874748111375,83
fashion_mnist,22,train,383,216.19721591321286,19796000,0.5644835924626967,0.5279731659975369,0.6011306250002235,0.006750208917393259,383,226.6725801006686,193.93812814195647,242.4365635290585,3.209330895601267,383,91575.72236067012,78351.00376935041,97944.37166573964,1296.569681822912,383,0.9907176564629956,0.9899839758872986,0.9947916865348816,0.0004796652196995825,383,0.02832979907819092,0.02059360034763813,0.04349042475223541,0.0013003979109828267,383
fashion_mnist,22,validation,83,0.40981862688204274,42000,0.004937573817855936,0.003444832982495427,0.0062297080003190786,0.0002871351294644832,83,25584.113505549758,1161.1593422164726,27861.416468454445,2920.3333846626415,83,102336.45402219903,4644.6373688658905,111445.66587381778,11681.333538650566,83,0.9256199914288809,0.9210379719734192,0.9453125,0.004368879189957909,83,0.3380123312214771,0.299935519695282,0.3660348355770111,0.011822974322937909,83
fashion_mnist,23,train,383,215.93690129811876,19796000,0.5638039198384301,0.5254796670051292,0.5835249579977244,0.00678747668669946,383,226.9465959456607,194.23055867833799,243.58697022381764,3.2513007433969667,383,91686.42476204694,78469.14570604856,98409.13597042233,1313.525500332374,383,0.9906913652121243,0.984375,0.9914329051971436,0.0010962045426620762,383,0.028221705087093398,0.020824775099754333,0.03515626862645149,0.001428522399254368,383
fashion_mnist,23,validation,83,0.408412372082239,42000,0.004920630988942638,0.003354166983626783,0.005978750006761402,0.00025516623600790823,83,25648.811795990594,1192.5464711583597,27350.42727597053,2848.8871482397863,83,102595.24718396238,4770.185884633439,109401.70910388212,11395.548592959145,83,0.9264356515493738,0.9217354655265808,0.9453125,0.004283521453677466,83,0.3429346928395421,0.30536702275276184,0.36993029713630676,0.011813621105414762,83
fashion_mnist,24,train,383,216.13621599401813,19796000,0.5643243237441726,0.5284067080065142,0.5879136659787036,0.006993243850336223,383,226.73869334397273,194.9132028327362,242.2376515296282,3.2792590823098853,383,91602.43211096498,78744.93394442543,97864.01121796979,1324.8206692531933,383,0.9914394780487678,0.9906505942344666,0.99609375,0.0005739236160805357,383,0.025445175799723548,0.009328704327344894,0.02741941623389721,0.002530376777622987,383
fashion_mnist,24,validation,83,0.41050291518331505,42000,0.0049458182552206634,0.0033305830147583038,0.006827832985436544,0.0003198408646821748,83,25542.536416881583,1200.9909323008646,27676.178288583647,2923.795372537426,83,102170.14566752633,4803.963729203459,110704.71315433459,11695.181490149704,83,0.9256859199110284,0.9207589030265808,0.9453125,0.004752067987347808,83,0.3453022460621524,0.3073640763759613,0.3707836866378784,0.011734802408125978,83
fashion_mnist,25,train,383,216.065166666609,19796000,0.5641388163619034,0.5249880840128753,0.5888627909880597,0.006932234063053829,383,226.81444052056548,192.15523198368493,243.81505770873991,3.3705350334891344,383,91633.03397030848,77630.71372140871,98501.28331433093,1361.6961535296105,383,0.9922963296775719,0.99072265625,0.9973958134651184,0.0005959952359072807,383,0.025192963907752896,0.020852254703640938,0.0366956852376461,0.001166876639267213,383
fashion_mnist,25,validation,83,0.4182923800544813,42000,0.005039667229572064,0.0034699999960139394,0.006494458997622132,0.0003511474399882731,83,25094.68475893085,1152.7377534855568,27320.025079642033,2984.6789882473463,83,100378.7390357234,4610.951013942227,109280.10031856813,11938.715952989385,83,0.9253301627664681,0.9205729365348816,0.9453125,0.00458949353642764,83,0.3484904532691082,0.3133654296398163,0.3767472207546234,0.011766417466525925,83
fashion_mnist,26,train,383,215.86581936693983,19796000,0.5636183273288247,0.5247430830204394,0.5791070830018725,0.007301669593309706,383,227.02570722461124,196.33875420638478,243.92889423759064,3.381933305260415,383,91718.38571874295,79320.85669937945,98547.27327198662,1366.3010553252075,383,0.9917367058696697,0.9905348420143127,1.0,0.0009201132436878427,383,0.026376306728579046,0.011725034564733505,0.029922103509306908,0.0017492903436070735,383
fashion_mnist,26,validation,83,0.40854254315490834,42000,0.004922199315119378,0.0033124999899882823,0.0069217920245137066,0.0003285350840671436,83,25669.95284592981,1207.5471734610178,27500.76486774548,2954.9124259250084,83,102679.81138371924,4830.188693844071,110003.05947098193,11819.649703700034,83,0.9265534159648849,0.9220145344734192,0.9453125,0.004149946136181077,83,0.35382462409605464,0.31796514987945557,0.3860020041465759,0.01214455811789623,83
fashion_mnist,27,train,383,216.05852824699832,19796000,0.5641214836736249,0.5284907499735709,0.5858838330022991,0.007184457365447067,383,226.82286994428523,194.21789388577187,242.1991302712509,3.3917502951584457,383,91636.43945749123,78464.02912985183,97848.44862958537,1370.267119244012,383,0.9918724864954737,0.9765625,0.9958881735801697,0.001291264805481772,383,0.02338049343881968,0.014088990166783333,0.03264530748128891,0.0024030196409721982,383
fashion_mnist,27,validation,83,0.4083394169865642,42000,0.004919752011886315,0.0034595420002005994,0.005576875002589077,0.0002458977592815968,83,25660.404507660547,1156.2224131888158,27565.41386614404,2862.806213091049,83,102641.61803064219,4624.889652755263,110261.65546457616,11451.224852364196,83,0.9249850367925253,0.9202008843421936,0.9453125,0.004475933168894851,83,0.35443671891488226,0.31399425864219666,0.37977397441864014,0.012479043201939809,83
fashion_mnist,28,train,383,216.12440350779798,19796000,0.5642934817435978,0.5277356669830624,0.6144283750036266,0.007341189185222868,383,226.75497027664392,193.89877626224506,242.54566823528367,3.4198481933706018,383,91609.00799176416,78335.105609947,97988.4499670546,1381.6186701217234,383,0.9922823101359932,0.984375,0.9951171875,0.0007754049839679814,383,0.02392127096419546,0.02054809220135212,0.03900394216179848,0.0011227682254522104,383
fashion_mnist,28,validation,83,0.4070319188758731,42000,0.00490399902260088,0.003350374987348914,0.005531959002837539,0.0002362136906199786,83,25728.937478309974,1193.8962101567984,27371.142923533134,2831.7779528961755,83,102915.7499132399,4775.584840627193,109484.57169413254,11327.111811584702,83,0.925117394292211,0.9203404188156128,0.9453125,0.004396085166783691,83,0.35856739584221897,0.31811290979385376,0.3817044794559479,0.012392765362309115,83
fashion_mnist,29,train,383,215.9619999162387,19796000,0.56386945147843,0.5270448329974897,0.5822783329931553,0.006639119000076082,383,226.91971637259175,192.56006848111193,242.8635895584421,3.2583373303914382,383,91675.56541452708,77794.26766636923,98116.89018161061,1316.3682814781414,383,0.9928975236011236,0.9921221137046814,0.9986979365348816,0.0009496902426163263,383,0.022612571254294785,0.016519779339432716,0.03060077875852585,0.0018421723623684232,383
fashion_mnist,29,validation,83,0.4344598801108077,42000,0.0052344563868772015,0.003256458992836997,0.011807833012426272,0.0011025410293053085,83,24714.298528085816,1228.3280731612215,27476.160207510162,4173.171302874409,83,98857.19411234326,4913.312292644886,109904.64083004065,16692.685211497635,83,0.9256334541791893,0.9208622574806213,0.9453125,0.004436273195330891,83,0.35992146938680164,0.3230930268764496,0.37924861907958984,0.011702058422262157,83
fashion_mnist,30,train,383,215.90988545495202,19796000,0.5637333823889087,0.523929541988764,0.6312866660009604,0.009144528842644689,383,227.0016965193997,194.75375810203226,244.3076592209894,4.081768653742301,383,91708.68539383747,78680.51827322104,98700.29432527971,1649.034536111889,383,0.992589021631694,0.9918350577354431,1.0,0.0006047277134866976,383,0.022487532099412254,0.008092230185866356,0.029419228434562683,0.001573041362112722,383
fashion_mnist,30,validation,83,0.414250588073628,42000,0.004990970940646121,0.0033110410149674863,0.009907875006319955,0.0005996853850764337,83,25433.9154525782,1208.0792662845583,27597.602763189854,3161.2674961656166,83,101735.6618103128,4832.317065138233,110390.41105275942,12645.069984662467,83,0.9266694496913128,0.9215959906578064,0.9453125,0.004947468965677654,83,0.3644099149359278,0.3204900622367859,0.38512319326400757,0.013551647553764128,83
fashion_mnist,31,train,383,216.18713642898365,19796000,0.5644572752714978,0.5279264170094393,0.5981644580024295,0.0064493551350547585,383,226.6801931572159,194.288418545633,242.4580317936834,3.0994375455497916,383,91578.79803551524,78492.52109243572,97953.04484464809,1252.1727684021157,383,0.9931081886702355,0.9921875,0.9984375238418579,0.0010306752790007212,383,0.02247110072659528,0.009948121383786201,0.02412751317024231,0.0026329627994463307,383
fashion_mnist,31,validation,83,0.4128195900702849,42000,0.004973730000846806,0.0032732920080889016,0.010201208002399653,0.0006787286943106468,83,25583.329149508787,1222.0113543537425,27964.389177369365,3334.7267175090183,83,102333.31659803515,4888.04541741497,111857.55670947746,13338.906870036073,83,0.9248948276761066,0.9202008843421936,0.9453125,0.004201772186603642,83,0.37021529602717207,0.3315778076648712,0.39714598655700684,0.012519051090137626,83
fashion_mnist,32,train,383,216.09838188174763,19796000,0.564225540161221,0.5277248749916907,0.5839349169982597,0.006453926934427993,383,226.772947339269,195.10633320337033,242.55062830232404,3.0752192175298507,383,91616.27072506468,78822.95861416162,97990.45383413891,1242.3885638820595,383,0.9924433860081605,0.984375,0.9931229948997498,0.0007594662917342121,383,0.021983346831316114,0.019993331283330917,0.03895007073879242,0.0011261693129692252,383
fashion_mnist,32,validation,83,0.4097458299365826,42000,0.0049366967462238865,0.003361416020197794,0.006049250019714236,0.0002699517460853372,83,25572.122627567842,1189.9746939876338,27863.442138379363,2869.8106386669797,83,102288.49051027137,4759.898775950535,111453.76855351745,11479.242554667919,83,0.9253116501383034,0.9206194281578064,0.9453125,0.004395972255208712,83,0.3681875582200935,0.3264414668083191,0.3953098952770233,0.013020195842232721,83
fashion_mnist,33,train,383,215.7695322414802,19796000,0.563366924912481,0.5225141250120942,0.5821860840078443,0.008840920927029166,383,227.1466134292117,194.92402506961423,244.96945416937254,4.035669030211405,383,91767.23182540154,78749.30612812414,98967.6594844265,1630.410288205408,383,0.9940629434959073,0.992956280708313,1.0,0.0008811466799376926,383,0.019670741720120215,0.007922067306935787,0.021734174340963364,0.001956198041803897,383
fashion_mnist,33,validation,83,0.40755657997215167,42000,0.004910320240628333,0.0034107920073438436,0.006184666999615729,0.0002868892690629285,83,25725.10547205418,1172.7481451192336,27733.138665557402,2933.9823253638665,83,102900.42188821672,4690.992580476935,110932.55466222961,11735.929301455466,83,0.9264265435287752,0.9217354655265808,0.9453125,0.004231026033084549,83,0.36736133981900043,0.3274928629398346,0.3927382528781891,0.012716170772002907,83
fashion_mnist,34,train,383,216.9524232315889,19796000,0.5664554131373079,0.5244222500186879,0.6229195420164615,0.00927756916897991,383,225.9109994272802,194.2565437933289,244.07812596707842,4.0373455461784316,383,91268.04376862121,78479.64369250486,98607.56289069969,1631.0876006560861,383,0.9938835817591017,0.9931157231330872,1.0,0.000978657362726669,383,0.019825330755476385,0.00693356990814209,0.02168099209666252,0.0023316642607071527,383
fashion_mnist,34,validation,83,0.40759025621809997,42000,0.004910725978531325,0.0032769579847808927,0.005754708021413535,0.00025462018972290893,83,25694.508094301997,1220.6442739202382,27535.26665697913,2846.659738760616,83,102778.03237720799,4882.577095680953,110141.06662791652,11386.638955042465,83,0.9271258403019733,0.9214409589767456,0.953125,0.005519246726313998,83,0.37431394802518636,0.3365829885005951,0.39520347118377686,0.01250157539997336,83
fashion_mnist,35,train,383,216.39889313228196,19796000,0.5650101648362453,0.5239248330180999,0.5883878750028089,0.009917217388502805,383,226.50048440500086,194.38837545046982,244.309855027578,4.427142590408803,383,91506.19569962034,78532.9036819898,98701.18143114152,1788.5656065251567,383,0.9928422987305464,0.9919180870056152,1.0,0.0007747391013331848,383,0.020384835551052742,0.004308548755943775,0.021875103935599327,0.0019033178968651473,383
fashion_mnist,35,validation,83,0.40806320993578993,42000,0.004916424216093855,0.0032704590121284127,0.005513207986950874,0.0002465919119404082,83,25660.236082059608,1223.069907057726,27300.11452149057,2828.673025593509,83,102640.94432823843,4892.279628230904,109200.45808596228,11314.692102374036,83,0.927006439990308,0.9215959906578064,0.9453125,0.005082262051003378,83,0.3776792144200888,0.3367350995540619,0.3986722230911255,0.01324940837193883,83
fashion_mnist,36,train,383,215.9861303238722,19796000,0.5639324551537134,0.5256320410117041,0.5917628339957446,0.008428216037250512,383,226.912953080349,194.84596525818392,243.51635747629368,3.8425330405563134,383,91672.83304446102,78717.76996430631,98380.60842042265,1552.3833483847507,383,0.9935560304253281,0.9903846383094788,0.998046875,0.0005586689457242622,383,0.019436408228219022,0.00757630355656147,0.0260410588234663,0.0015810822768280513,383
fashion_mnist,36,validation,83,0.4077711279387586,42000,0.004912905155888657,0.0046485839993692935,0.005441499990411103,0.00015700986187857047,83,25767.169338987456,836.9514075429687,27535.26665697913,2869.381796464988,83,103068.67735594983,3347.805630171875,110141.06662791652,11477.527185859952,83,0.9255215468176876,0.9205025434494019,0.9375,0.004670080030739537,83,0.3783917628138898,0.3291019797325134,0.4007164239883423,0.014731964858121768,83
fashion_mnist,37,train,383,216.04154792660847,19796000,0.5640771486334425,0.5250492499908432,0.583362292003585,0.006861144591045829,383,226.83665607336238,195.5196852113651,243.78665430382443,3.230160987203809,383,91642.0090536384,78989.9528253915,98489.80833874508,1304.985038830339,383,0.9934950056960004,0.9921875,0.9973958134651184,0.0005530264134981959,383,0.0198040043025742,0.016152024269104004,0.02678738906979561,0.0007924370996597501,383
fashion_mnist,37,validation,83,0.4069772079528775,42000,0.004903339854853946,0.003385083982720971,0.005533332994673401,0.00024106584356678725,83,25738.679609038805,1181.6545824026357,27864.455083803394,2854.5127916945567,83,102954.71843615522,4726.618329610543,111457.82033521358,11418.051166778227,83,0.9266841160245689,0.9214527010917664,0.9453125,0.005132709139240672,83,0.38178916006203156,0.3379603326320648,0.40169328451156616,0.013680561290516207,83
fashion_mnist,38,train,383,216.1247801228019,19796000,0.5642944650725898,0.527175791998161,0.6218739169999026,0.007521964445372377,383,226.75585100350506,194.57846400625024,242.80325831131205,3.443834912436612,383,91609.36380541603,78609.6994585251,98092.51635777007,1391.3093046243919,383,0.9939627441973973,0.9906250238418579,0.9950284361839294,0.0004077801676373759,383,0.01908159434464675,0.016680065542459488,0.026763467118144035,0.001039728851816339,383
fashion_mnist,38,validation,83,0.4043852898757905,42000,0.004872111926214343,0.003412749996641651,0.005558707984164357,0.0002497981408294503,83,25913.112423328486,1172.075306991792,28038.404679740033,2901.1137326270427,83,103652.44969331395,4688.301227967168,112153.61871896013,11604.454930508171,83,0.9268397430339491,0.9211774468421936,0.9453125,0.005323778000351404,83,0.385492845472083,0.3410942852497101,0.4118121564388275,0.014008062884433369,83
fashion_mnist,39,train,383,215.95852612421731,19796000,0.5638603815253715,0.526914999994915,0.5880193750199396,0.007234557030171621,383,226.9284006108606,194.47452363846284,242.9234316753846,3.409110080215947,383,91679.0738467877,78567.70754993899,98141.06639685537,1377.2804724072423,383,0.9934778857791393,0.991406261920929,0.9973958134651184,0.000498303205171829,383,0.01956906183270188,0.015702927485108376,0.029151663184165955,0.0012142619168335053,383
fashion_mnist,39,validation,83,0.41593862703302875,42000,0.0050113087594340815,0.0035567909944802523,0.0087149579776451,0.000529163032426617,83,25330.26015007494,1124.6092351806894,27730.885529767114,3189.923358252465,83,101321.04060029976,4498.436940722758,110923.54211906846,12759.69343300986,83,0.9254067827420063,0.9200614094734192,0.9453125,0.00470304797127292,83,0.3916497165898243,0.3491488993167877,0.41168415546417236,0.013457238285875224,83
fashion_mnist,40,train,383,215.93126209147158,19796000,0.5637891960612835,0.5250088750035502,0.5875982499856036,0.007200369421733129,383,226.9592208076262,190.43241892297002,243.80540233559756,3.5449900312386737,383,91691.52520628099,76934.69724487988,98497.3825435814,1432.1759726204245,383,0.9942165311260572,0.993685781955719,1.0,0.00048244065857358173,383,0.01741521488194288,0.005848798900842667,0.018691908568143845,0.0013162335211237184,383
fashion_mnist,40,validation,83,0.4097500389616471,42000,0.004936747457369242,0.0035593329812400043,0.005626375001156703,0.0002239221770300957,83,25569.56134607794,1123.8060673397508,27280.23905513714,2822.3012941284583,83,102278.24538431175,4495.224269359003,109120.95622054856,11289.205176513833,83,0.9257875889180655,0.9204798936843872,0.9453125,0.004716535844436511,83,0.39331419676183216,0.34852808713912964,0.41356348991394043,0.014107465156166666,83
fashion_mnist,41,train,383,215.87925492462819,19796000,0.5636534071139118,0.5250581250002142,0.5827794170181733,0.007405240974476004,383,227.01437687022906,193.55327995996794,243.78253360034716,3.5210779655313744,383,91713.80825557254,78195.52510382705,98488.14357454026,1422.515498074675,383,0.9946135268510166,0.9940690398216248,1.0,0.0005459182099578533,383,0.017540544050188817,0.005310289561748505,0.018537364900112152,0.001263787087798142,383
fashion_mnist,41,validation,83,0.41301387606654316,42000,0.0049760707959824475,0.0035879169881809503,0.007184583984781057,0.0003350397360697276,83,25413.023549932954,1114.852994976334,27653.499102742102,2953.1539326656125,83,101652.09419973182,4459.411979905336,110613.99641096841,11812.61573066245,83,0.926256474242153,0.9210304021835327,0.9453125,0.005090136651000968,83,0.39272897071148977,0.34605827927589417,0.41177546977996826,0.014567054167589575,83
fashion_mnist,42,train,383,215.93056067754515,19796000,0.5637873646933294,0.5278061249991879,0.5812764999864157,0.007274130910519023,383,226.95763289857018,195.4406882096939,242.5132902733877,3.3878180291964477,383,91690.88369102235,78958.03803671633,97975.36927044863,1368.6784837953649,383,0.994543234766619,0.9921875,1.0,0.000495172514776398,383,0.017759317140685828,0.0061533814296126366,0.029493087902665138,0.0014685728583933178,383
fashion_mnist,42,validation,83,0.40744408208411187,42000,0.00490896484438689,0.0033153750118799508,0.005625416990369558,0.00023957307514712285,83,25700.51874854942,1206.5000145283232,28056.0734766887,2826.2596879086814,83,102802.07499419768,4826.000058113293,112224.2939067548,11305.038751634725,83,0.9250575670276779,0.9197823405265808,0.9375,0.004660981431327473,83,0.40027869214494544,0.3496400713920593,0.4200776219367981,0.014957248527015693,83
fashion_mnist,43,train,383,215.82514204198378,19796000,0.5635121202140568,0.5269233330036514,0.5808542080048937,0.007182045335850067,383,227.07191418137822,188.3500656164551,242.9195899721393,3.6094024656872206,383,91737.0533292768,76093.42650904787,98139.51434874427,1458.1985961376365,383,0.99447029548899,0.9939236044883728,1.0,0.0005110635052186602,383,0.015764355272852255,0.007588670589029789,0.01761249266564846,0.0015038843769294835,383
fashion_mnist,43,validation,83,0.40667962888255715,42000,0.004899754564850086,0.0033646250085439533,0.007318249990930781,0.000362657623029488,83,25810.202848346667,1188.839763671318,27763.974040845173,3025.1824362660705,83,103240.81139338667,4755.359054685272,111055.89616338069,12100.729745064282,83,0.9259604316159903,0.9213169813156128,0.9375,0.004416365388750583,83,0.4054496751492282,0.3587077260017395,0.42979928851127625,0.014526723649384957,83
fashion_mnist,44,train,383,215.72822149822605,19796000,0.5632590639640367,0.52618341599009,0.5775307920121122,0.007357076067517998,383,227.1717248676448,195.65941809886826,243.26118252729333,3.441682994279997,383,91777.3768465285,79046.40491194278,98277.5177410265,1390.4399296891186,383,0.9941929332892515,0.9888392686843872,1.0,0.0006430862202185961,383,0.017735958090854452,0.0073631335981190205,0.03039303980767727,0.0015756721567942457,383
fashion_mnist,44,validation,83,0.41117536995443515,42000,0.004953920119932954,0.003154749982059002,0.007086874975357205,0.000386711878134409,83,25521.515092632744,1267.9293201514913,27632.109576001072,3019.5726676515487,83,102086.06037053098,5071.717280605965,110528.43830400429,12078.290670606195,83,0.925809371902282,0.9207175970077515,0.9453125,0.004895101235987357,83,0.40640902626945313,0.3646767735481262,0.43280357122421265,0.014094041590876193,83
fashion_mnist,45,train,383,215.84725079571945,19796000,0.5635698454196331,0.5256802920193877,0.5906626250070985,0.007437848201896542,383,227.0489074958475,192.45894055684587,243.4940056593927,3.5613236711352334,383,91727.7586283224,77753.41198496573,98371.57828639465,1438.7747631386342,383,0.994614696378185,0.9938497543334961,1.0,0.0006951765610126492,383,0.016699461226276177,0.005066417623311281,0.01779252476990223,0.001347506120035599,383
fashion_mnist,45,validation,83,0.40902449798886664,42000,0.004928005999865863,0.00337633301387541,0.005825250002089888,0.00026064106200542205,83,25615.16073705493,1184.7172608749086,27574.071860970416,2863.5889582405243,83,102460.64294821973,4738.869043499634,110296.28744388167,11454.355832962097,83,0.9259447649300817,0.9206194281578064,0.9453125,0.005099200107480477,83,0.40693921066192257,0.35740357637405396,0.4326191842556,0.01564273671916465,83
fashion_mnist,46,train,383,215.69010424462613,19796000,0.5631595411086844,0.5225941670069005,0.6159141669922974,0.007418040721508579,383,227.21248065505853,194.56240179902326,244.93193395767435,3.4579944320550955,383,91793.84218464364,78603.2103268054,98952.50131890044,1397.0297505502585,383,0.9949759887652982,0.9921875,0.99609375,0.0003085284042437766,383,0.01595268394632688,0.008631693199276924,0.020949624478816986,0.0010162660960547324,383
fashion_mnist,46,validation,83,0.41226341907167807,42000,0.004967029145441905,0.003456832986557856,0.007345583027927205,0.000365980631985963,83,25464.18371464427,1157.1285091163757,27615.470997152028,2989.444636541331,83,101856.73485857708,4628.514036465503,110461.88398860811,11957.778546165324,83,0.9265975779797657,0.9208622574806213,0.9453125,0.005190194604709046,83,0.41616904412407474,0.37226220965385437,0.43817049264907837,0.014546554848163848,83
fashion_mnist,47,train,383,215.93916342084412,19796000,0.5638098261640839,0.5267500829941127,0.5875658750010189,0.00734885795416711,383,226.94966854034374,195.19347003878974,242.99948710483753,3.4333366050068923,383,91687.66609029888,78858.16189567106,98171.79279035436,1387.067988422784,383,0.9949260741550057,0.984375,0.99609375,0.0007243510186276296,383,0.015495564253616582,0.01183481514453888,0.035161398351192474,0.0014149208031387995,383
fashion_mnist,47,validation,83,0.40764286791090854,42000,0.004911359854348296,0.0033340829832013696,0.005633207998471335,0.0002404754491371025,83,25690.323870809094,1199.7301867271522,27708.12256789612,2832.78887580521,83,102761.29548323638,4798.920746908609,110832.49027158448,11331.15550322084,83,0.9260690420506948,0.9204798936843872,0.9453125,0.005219582168357557,83,0.4159647147339511,0.3658437430858612,0.44010430574417114,0.015773020781377017,83
fashion_mnist,48,train,383,216.07989946065936,19796000,0.5641772831871001,0.5265297909791116,0.5810135000210721,0.007764351161227636,383,226.8072056077393,193.97247614749304,243.10115437528586,3.6298059251745034,383,91630.11106552667,78364.88036358719,98212.86636761548,1466.4415937704994,383,0.9951788434471848,0.9921875,0.9986979365348816,0.00040177377299066043,383,0.015557354002432319,0.009613481350243092,0.023944946005940437,0.0008393919826108673,383
fashion_mnist,48,validation,83,0.4125827450188808,42000,0.004970876446010612,0.0032749999954830855,0.009842041006777436,0.0006531413166000111,83,25585.125893542267,1221.3740474860588,27825.57878634726,3312.9442343679416,83,102340.50357416907,4885.496189944235,111302.31514538905,13251.776937471766,83,0.9263782601758658,0.9211516380310059,0.9453125,0.004817066446537688,83,0.42490682795823337,0.38267913460731506,0.4498504400253296,0.014639990685938516,83
fashion_mnist,49,train,383,215.83415361549123,19796000,0.5635356491266089,0.5253376659820788,0.5869314160081558,0.007634131730734679,383,227.0636058880623,194.82797298531997,243.6528128260397,3.56190853194176,383,91733.69677877719,78710.50108606927,98435.73638172004,1439.0110469044707,383,0.9957604577896177,0.9944661259651184,1.0,0.0005733459531319045,383,0.014428346331520663,0.002290867269039154,0.015842463821172714,0.0013872871639049654,383
fashion_mnist,49,validation,83,0.40696045791264623,42000,0.004903138047140316,0.0033590839884709567,0.006370625022100285,0.0002895934481566367,83,25758.677740967243,1190.800829550197,27663.713063579842,2926.185865383549,83,103034.71096386897,4763.203318200788,110654.85225431937,11704.743461534195,83,0.9243638055870332,0.9195033311843872,0.9375,0.004152934760299297,83,0.42472667399659214,0.37243878841400146,0.4490157663822174,0.015954422473282447,83
fashion_mnist,50,train,383,215.98051253895392,19796000,0.5639177873079737,0.5237575419887435,0.5868074999889359,0.007547694032073973,383,226.90866795062834,194.4629331254702,244.38788893421025,3.5217084108944428,383,91671.10185205386,78563.02498268997,98732.70712942095,1422.7701980013553,383,0.995843308557107,0.9933035969734192,1.0,0.0005247150315106152,383,0.013785170867805693,0.00908277090638876,0.016111724078655243,0.0006293953271697101,383
fashion_mnist,50,validation,83,0.41025329480180517,42000,0.0049428107807446406,0.0034138330083806068,0.006627166992984712,0.0003183448092667223,83,25567.72916065052,1171.7034752960715,27642.803242140955,2955.467247028816,83,102270.91664260208,4686.813901184286,110571.21296856382,11821.868988115264,83,0.9255868792533875,0.9206081032752991,0.9375,0.004490739308686319,83,0.424645675952176,0.37350955605506897,0.4510979652404785,0.016046509239964837,83
fashion_mnist,51,train,383,215.8995601614879,19796000,0.5637064233981407,0.5243464169907384,0.591133500012802,0.00853426913329171,383,227.00533691154195,195.08434349941666,244.1134254995031,3.8880209116926316,383,91710.15611226292,78814.07477376434,98621.82390179926,1570.7604483238233,383,0.995962331873941,0.995187520980835,1.0,0.0006760481341983054,383,0.014329529023308588,0.006946350447833538,0.016089536249637604,0.0012047125490488994,383
fashion_mnist,51,validation,83,0.4044569609395694,42000,0.00487297543300686,0.003367291996255517,0.005688500008545816,0.0002443608457750135,83,25901.166195550766,1187.8981699383553,27945.31008856263,2878.4657274041174,83,103604.66478220306,4751.592679753421,111781.24035425052,11513.86290961647,83,0.9235519817076534,0.9189453125,0.9453125,0.0041130055713975485,83,0.43944936021264774,0.39184343814849854,0.4647536873817444,0.015803637312454138,83
fashion_mnist,52,train,383,215.77914762904402,19796000,0.5633920303630392,0.5265480829984881,0.5801389589905739,0.008514651252516629,383,227.1324657314407,194.5557894861468,243.09270916169595,3.919857563656577,383,91761.51615550207,78600.53895240331,98209.45450132516,1583.6224557172573,383,0.9953722510263129,0.9921875,0.9967448115348816,0.0003248108242099485,383,0.015122702999366326,0.008671171963214874,0.01881956309080124,0.0008375562323653815,383
fashion_mnist,52,validation,83,0.40838708105729893,42000,0.004920326277798782,0.003304084006231278,0.006722207996062934,0.0003250683131211319,83,25680.269281350036,1210.622972193283,27942.516023154407,2970.4043838872262,83,102721.07712540014,4842.491888773132,111770.06409261763,11881.617535548905,83,0.9257036081279617,0.9204282164573669,0.9453125,0.004941993647336093,83,0.4366958180823958,0.3879164457321167,0.46457439661026,0.016173989962026507,83
fashion_mnist,53,train,383,223.116301328002,19796000,0.5825490896292481,0.5261680420080665,0.7946626659831963,0.05022994628523196,383,220.9384070579106,161.0746364202627,243.26829031938368,15.549537610761778,383,89259.11645139586,65074.153113786124,98280.38928903101,6282.0131947477585,383,0.9953780834108358,0.9817708134651184,1.0,0.001259570733164308,383,0.013822769404841251,0.0014583520824089646,0.02406182698905468,0.0010789904959157177,383
fashion_mnist,53,validation,83,0.542400205071317,42000,0.006534942229774904,0.004816500004380941,0.008795208006631583,0.0011912044727039942,83,20067.826233747735,478.86986809452736,26575.314000534643,4215.100176049111,83,80271.30493499094,1915.4794723781094,106301.25600213857,16860.400704196443,83,0.9247525097375893,0.9197048544883728,0.9453125,0.004554173606174811,83,0.43906681796154345,0.3935624659061432,0.46516746282577515,0.015607579388846679,83
fashion_mnist,54,train,383,221.24697807958,19796000,0.5776683500772324,0.5346994579886086,0.6818753329862375,0.014245448457167012,383,221.59549658392189,187.71759852263708,239.38681456962865,5.47601446432885,383,89524.58061990446,75837.90980314538,96712.27308612998,2212.3098435888555,383,0.9961597650231643,0.9921875,0.9973958134651184,0.00042490478225856753,383,0.013272851374846526,0.008164763450622559,0.017479805275797844,0.0009288811962332933,383
fashion_mnist,54,validation,83,0.4032009991351515,42000,0.004857843363074115,0.003312415996333584,0.005730041011702269,0.0002563357476347328,83,25983.0286902369,1207.5777934980033,27748.421559303726,2898.221196404131,83,103932.1147609476,4830.311173992013,110993.6862372149,11592.884785616525,83,0.9269974296351513,0.9212415814399719,0.953125,0.005885795150725038,83,0.44285669922828674,0.3949321508407593,0.4713446795940399,0.016209608641466065,83
fashion_mnist,55,train,383,215.63226644706447,19796000,0.5630085285824138,0.5221717089880258,0.5812441669986583,0.006986338331372654,383,227.26942822076606,194.71290471037415,245.13009379245256,3.3391162479174232,383,91816.84900118952,78664.01350299116,99032.55789215083,1349.0029641586389,383,0.9959835576637607,0.984375,0.9970042109489441,0.0011234185736435805,383,0.013500073788488191,0.010096438229084015,0.023201104253530502,0.001241682054326755,383
fashion_mnist,55,validation,83,0.41635887409211136,42000,0.00501637197701339,0.003236582997487858,0.008937875012634322,0.0006217205899429439,83,25356.502420296292,1235.871288672246,27826.341090682206,3395.308636076433,83,101426.00968118517,4943.485154688984,111305.36436272883,13581.234544305731,83,0.9241472181067409,0.919921875,0.9453125,0.0040063993578103385,83,0.4515317419925368,0.3994668424129486,0.4825594425201416,0.016974003965763883,83
fashion_mnist,56,train,383,215.80359829729423,19796000,0.5634558702279223,0.5229970829968806,0.5837166669953149,0.009342351247773875,383,227.1175906807872,194.94491271687446,244.743238846637,4.23273147848191,383,91755.50663503802,78757.74473761728,98876.26849404136,1710.023517306692,383,0.9968504426373515,0.9921875,0.9984375238418579,0.0005812172075881046,383,0.011763541579888476,0.008318276144564152,0.015380186028778553,0.0011181521054494878,383
fashion_mnist,56,validation,83,0.4090897136775311,42000,0.004928791731054592,0.0032671250228304416,0.005559832992730662,0.000272585356673549,83,25607.7718247488,1224.3180080493642,27548.849792900673,2876.154583023436,83,102431.0872989952,4897.272032197457,110195.3991716027,11504.618332093743,83,0.9250121547515133,0.9195523858070374,0.9453125,0.0052525529846189556,83,0.44969723921224297,0.3911680281162262,0.47401222586631775,0.01791369377321113,83
fashion_mnist,57,train,383,215.94053216464818,19796000,0.5638133999076976,0.5243127919966355,0.5888827919843607,0.009709154625197502,383,226.97919552160408,193.63129900584272,244.12908087281872,4.393834111510336,383,91699.59499072804,78227.04479836047,98628.14867261876,1775.1089810501755,383,0.9972321138992011,0.9963992834091187,1.0,0.0007065284316026002,383,0.010789708377837201,0.008082048036158085,0.01252705603837967,0.001212998315334856,383
fashion_mnist,57,validation,83,0.40918279107427225,42000,0.00492991314547316,0.003395916020963341,0.005748666008003056,0.00026337748611018327,83,25608.75876079418,1177.8854292354658,27813.4922513619,2875.168657673584,83,102435.03504317671,4711.541716941863,111253.9690054476,11500.674630694337,83,0.9249912909714573,0.9202835559844971,0.9453125,0.004546674979520927,83,0.45356904598603764,0.40238872170448303,0.48535388708114624,0.016589111439410015,83
fashion_mnist,58,train,383,215.80920854507713,19796000,0.5634705183944573,0.5227902499900665,0.5926334169926122,0.010119627964681972,383,227.12290868578145,194.76783078604916,244.84006731654256,4.534357943771866,383,91757.6551090557,78686.20363756387,98915.3871958832,1831.8806092838336,383,0.9961935482510699,0.9921875,0.996874988079071,0.0004928023978518418,383,0.011517026901789807,0.008765335194766521,0.013349728658795357,0.0006008620796186425,383
fashion_mnist,58,validation,83,0.41979520799941383,42000,0.005057773590354383,0.00332737501594238,0.00883737500407733,0.0008163594427358638,83,25307.18224308247,1202.1488352935532,27700.633183950737,3691.423001958598,83,101228.72897232987,4808.595341174213,110802.53273580295,14765.692007834392,83,0.9242246603391256,0.9189453125,0.9453125,0.004823243665193982,83,0.4599417426499976,0.40806370973587036,0.4868916869163513,0.016824768403477235,83
fashion_mnist,59,train,383,215.97696808580076,19796000,0.5639085328610985,0.5249580829986371,0.5847987500019372,0.008842845102856949,383,226.92870783570876,194.05795476097984,243.8289915812808,4.046658353514027,383,91679.19796562634,78399.41372343586,98506.91259883744,1634.8499748196666,383,0.9972228473222599,0.9966458082199097,1.0,0.0006319128342419285,383,0.010593108891803702,0.0025498061440885067,0.0122110266238451,0.001517253880984245,383
fashion_mnist,59,validation,83,0.4140909578418359,42000,0.004989047684841396,0.0033576669811736792,0.01000470799044706,0.0006119170461836266,83,25454.99781009798,1191.3033729753008,27547.373424893955,3182.1747204330336,83,101819.99124039192,4765.213491901203,110189.49369957582,12728.698881732134,83,0.9252504921821226,0.9201388955116272,0.9453125,0.004967209699164234,83,0.46437838565872375,0.4142414629459381,0.49866634607315063,0.017120717170832432,83
fashion_mnist,60,train,383,215.9221471119672,19796000,0.5637653971591833,0.5252848330128472,0.5850583749997895,0.008919275116613903,383,226.98698794000057,194.84290766927668,243.6773193427982,4.0592644701486424,383,91702.74312776023,78716.53469838777,98445.63701449046,1639.9428459400517,383,0.9966355993293284,0.9947916865348816,1.0,0.00032374340688288164,383,0.0110489498147882,0.006689166650176048,0.014382694847881794,0.0006290126725504709,383
fashion_mnist,60,validation,83,0.4092393250321038,42000,0.004930594277495226,0.0032902919920161366,0.005680833011865616,0.0002831549123625025,83,25605.870600208804,1215.6975762959528,27880.38696949155,2900.949519365603,83,102423.48240083522,4862.790305183811,111521.5478779662,11603.798077462412,83,0.9235267818692219,0.9190848469734192,0.9453125,0.004232938058792299,83,0.46583524741322163,0.41099315881729126,0.49834537506103516,0.017726899607642007,83
fashion_mnist,61,train,383,216.19174701481825,19796000,0.5644693133546168,0.5240234170050826,0.5874956250190735,0.008465400861885073,383,226.69880932748018,192.96958297124831,244.26389326559143,3.9213337027739255,383,91586.31896830199,77959.71152038431,98682.61287929893,1584.2188159206657,383,0.9969203868982998,0.9944196343421936,1.0,0.0003780423591006968,383,0.01061490935689281,0.0026261652819812298,0.012754646129906178,0.0007972577642311409,383
fashion_mnist,61,validation,83,0.40698616893496364,42000,0.004903447818493538,0.0033840830146800727,0.005633249995298684,0.00022688209292393892,83,25730.38392203557,1182.004100563755,27504.209848172803,2816.3875420201457,83,102921.53568814228,4728.01640225502,110016.83939269121,11265.550168080583,83,0.9232858914926828,0.9192243218421936,0.9375,0.003422144959106204,83,0.4665499103356557,0.4099946916103363,0.5024391412734985,0.018326395723207066,83
fashion_mnist,62,train,383,216.2640399140364,19796000,0.5646580676606695,0.5256029999873135,0.6183672919869423,0.008775236283927469,383,226.62574722931004,193.50428733073974,243.5298124308452,3.9708647052013495,383,91556.80188064126,78175.73208161886,98386.04422206146,1604.229340901345,383,0.9968505171820639,0.9921875,0.9976851940155029,0.0003945724943872607,383,0.011018984931625678,0.009128246456384659,0.01780577376484871,0.0006148950563554873,383
fashion_mnist,62,validation,83,0.41044553671963513,42000,0.004945126948429339,0.003259999997681007,0.010114166972925887,0.0006203364277709994,83,25677.274327687617,1226.993865903494,27611.00324325409,3187.2264071301206,83,102709.09731075047,4907.975463613976,110444.01297301636,12748.905628520482,83,0.925036649388003,0.9202008843421936,0.9453125,0.004716487242247415,83,0.47691002990826065,0.4200236201286316,0.5044372081756592,0.01854442590607085,83
fashion_mnist,63,train,383,216.15802725733374,19796000,0.5643812722123597,0.524362124997424,0.583435875014402,0.008136011303214024,383,226.72879933041153,195.03477104075432,244.10611273769788,3.7238890995634857,383,91598.43492948626,78794.04750046475,98618.86954602995,1504.4511962236486,383,0.9975396576811688,0.9969015717506409,1.0,0.0005636789098524674,383,0.009808224814946401,0.0030558439902961254,0.012127730995416641,0.0010331411749277886,383
fashion_mnist,63,validation,83,0.4067378770268988,42000,0.004900456349721672,0.0035291249805595726,0.005681292008375749,0.0002218096810397521,83,25758.189530610016,1133.4254303925973,27748.674190532634,2840.4209689460617,83,103032.75812244006,4533.701721570389,110994.69676213054,11361.683875784247,83,0.9226012265825846,0.9183872938156128,0.9453125,0.004112659542633424,83,0.4810162344610835,0.4260488450527191,0.5121474266052246,0.018150768336762504,83
fashion_mnist,64,train,383,216.17524350018357,19796000,0.5644262232380772,0.5262365420057904,0.5925877499976195,0.008146601530085897,383,226.71209212398094,193.02078310650367,243.23662418447475,3.795143911032635,383,91591.68521808827,77980.39637502749,98267.5961705278,1533.2381400571844,383,0.9972594988875227,0.9965277910232544,1.0,0.00039179268338540867,383,0.009675035816702418,0.0032937603536993265,0.011672981083393097,0.0007994169555870923,383
fashion_mnist,64,validation,83,0.4098501269472763,42000,0.004937953336714172,0.0036057909892406315,0.005654541979311034,0.00024018422595378916,83,25575.431299536347,1109.3266392687913,27774.76407017218,2866.958930342873,83,102301.72519814539,4437.306557075165,111099.05628068872,11467.835721371492,83,0.924656867980957,0.9197635054588318,0.9375,0.004431971677716435,83,0.4854403026850827,0.43111830949783325,0.5186507105827332,0.01849772578271701,83
fashion_mnist,65,train,383,215.4774187937728,19796000,0.5626042266155948,0.5180420829856303,0.5789458749932237,0.007573629612952216,383,227.43947133281137,194.8655885433323,247.084173668475,3.581366782050633,383,91885.5464184558,78725.69777150625,99822.0061620639,1446.872179948456,383,0.9973330942831213,0.9963430762290955,1.0,0.00042571847545051615,383,0.009634035159213659,0.003894718363881111,0.010424499399960041,0.0008614395180640657,383
fashion_mnist,65,validation,83,0.4281080410873983,42000,0.005157928205872269,0.003473709017271176,0.009154458006378263,0.0008129281113556345,83,24823.25154079169,1151.5069282176835,27366.022328334922,3672.7658106422887,83,99293.00616316676,4606.027712870734,109464.08931333969,14691.063242569155,83,0.9231989764305483,0.9188368320465088,0.9453125,0.0041560247209219345,83,0.483681593673775,0.42979907989501953,0.517377495765686,0.018742593875350003,83
fashion_mnist,66,train,383,216.15841433801688,19796000,0.5643822828668849,0.5246146669960581,0.5919336249935441,0.00924636120220709,383,226.74252209013247,195.47377945351232,243.98860354577502,4.14523661428727,383,91603.9789244135,78971.40689921899,98571.39583249312,1674.6755921720573,383,0.9981122265907866,0.99609375,1.0,0.00038550517611692835,383,0.008258199854814702,0.003653450170531869,0.011255485936999321,0.0008392427886087524,383
fashion_mnist,66,validation,83,0.4082777538569644,42000,0.004919009082614029,0.0034659169905353338,0.005582292011240497,0.00023673996430405447,83,25660.602125338217,1154.0957301987125,27654.502753115597,2845.828398357144,83,102642.40850135287,4616.38292079485,110618.01101246239,11383.313593428576,83,0.9239303369119943,0.9188057780265808,0.9453125,0.004948588050132467,83,0.48418272654694244,0.42798343300819397,0.5247109532356262,0.01915904257673295,83
fashion_mnist,67,train,383,216.1316234182741,19796000,0.5643123326847888,0.5221954580047168,0.5852462920011021,0.008749967961284298,383,226.76525535131074,193.72958795564614,245.11894547892416,4.018106185671389,383,91613.16316192955,78266.75353408103,99028.05397348535,1623.314899011241,383,0.9972682179732361,0.9947916865348816,1.0,0.00027679278498034265,383,0.009806670334832086,0.004355337470769882,0.012044018134474754,0.0005707883481104974,383
fashion_mnist,67,validation,83,0.41119499909109436,42000,0.004954156615555354,0.003494625008897856,0.0055234580067917705,0.00021916312071453803,83,25470.183648331575,1144.6149414645008,26936.264945680883,2787.1767526161448,83,101880.7345933263,4578.459765858003,107745.05978272353,11148.707010464579,83,0.9231996363904102,0.9194155335426331,0.9453125,0.0035898316834475125,83,0.49756106518837345,0.4459327161312103,0.5283819437026978,0.01814960820981264,83
fashion_mnist,68,train,383,215.60083345216117,19796000,0.5629264580996375,0.5218457910232246,0.5809575000021141,0.007479458257268642,383,227.30849913727704,194.08584052502366,245.28318940547592,3.560718342253405,383,91832.63365145991,78410.67957210956,99094.40851981226,1438.5302102703754,383,0.9976777009490887,0.9921875,0.9988839030265808,0.00041445886190366057,383,0.008387173053032814,0.005405289586633444,0.009507004171609879,0.0007891889040651631,383
fashion_mnist,68,validation,83,0.4098836668417789,42000,0.004938357431828661,0.0033439580001868308,0.009891249996144325,0.0005976203096372043,83,25710.204717096694,1196.187272620205,27618.700573247133,3191.6651540068347,83,102840.81886838678,4784.74909048082,110474.80229298853,12766.660616027339,83,0.9242978505341404,0.9195601940155029,0.9453125,0.004462092544693415,83,0.4955919833786516,0.4373435080051422,0.526046872138977,0.018908208983155296,83
fashion_mnist,69,train,383,216.11298166992492,19796000,0.5642636597125977,0.5229443340213038,0.5916153329890221,0.009521049125938728,383,226.7969803378316,190.66525497928507,244.76792590085796,4.393720332863639,383,91625.98005648397,77028.76301163116,98886.24206394661,1775.0630144769104,383,0.9982414354543462,0.9976666569709778,1.0,0.0004188904390983342,383,0.008320149727282419,0.006895338650792837,0.011273471638560295,0.0007079225347781824,383
fashion_mnist,69,validation,83,0.470396963035455,42000,0.005667433289583795,0.003362250019563362,0.058843250008067116,0.005918452426224479,83,25163.865865355736,1189.6795231543963,28127.231843010213,4406.146169875729,83,100655.46346142294,4758.718092617585,112508.92737204085,17624.584679502917,83,0.9248055133474878,0.9194155335426331,0.953125,0.005209409484175755,83,0.5080177162785128,0.45989346504211426,0.5432535409927368,0.017766441191723905,83
fashion_mnist,70,train,383,216.20310276170494,19796000,0.5644989628242949,0.5230344999872614,0.6031971249904018,0.009374021267266457,383,226.69724007050033,195.15031172412753,244.7257303354128,4.184930782071202,383,91585.68498848213,78840.72593654752,98869.19505550677,1690.712035956766,383,0.9978754615347939,0.99609375,1.0,0.0002594144260960936,383,0.00775599753448871,0.0013278223341330886,0.01004979107528925,0.0007894542187997649,383
fashion_mnist,70,validation,83,0.4133750321343541,42000,0.004980422073907881,0.0032946659775916487,0.009771249984623864,0.0005851636488753856,83,25478.45181026141,1214.0836209817967,27272.241127617734,3142.4846858380324,83,101913.80724104564,4856.334483927187,109088.96451047093,12569.93874335213,83,0.9240675468042673,0.9195601940155029,0.953125,0.004694388976311605,83,0.5096418441060078,0.45763882994651794,0.5446770191192627,0.019045707836013115,83
fashion_mnist,71,train,383,216.13474134003627,19796000,0.5643204734726796,0.5264656249783002,0.5812469999946188,0.008434392064512375,383,226.75723818576452,194.67483244389544,243.13078371503534,3.8579394170014574,383,91609.92422704888,78648.63230733376,98224.83662087427,1558.6075244685887,383,0.9974854730127997,0.99609375,1.0,0.000382999270106425,383,0.008869739476100156,0.0020456542260944843,0.011521033011376858,0.0009408190409490977,383
fashion_mnist,71,validation,83,0.41502895817393437,42000,0.00500034889366186,0.003367291996255517,0.0072937920049298555,0.0005365359119749746,83,25401.175494690495,1187.8981699383553,27697.636121839667,3325.0692899805567,83,101604.70197876198,4751.592679753421,110790.54448735867,13300.277159922227,83,0.9217098994427416,0.9178631901741028,0.9375,0.003570836896531926,83,0.5166563036212002,0.45005279779434204,0.5460008382797241,0.021491864762799132,83
fashion_mnist,72,train,383,216.13411791156977,19796000,0.5643188457221143,0.5257542080071289,0.5856065420084633,0.008485347258260256,383,226.75806850759074,195.49692863049293,243.45977274282586,3.852874153002093,383,91610.25967706669,78980.75916671914,98357.74818810164,1556.561157812845,383,0.9979203559711147,0.9975286722183228,1.0,0.0003207880181572864,383,0.00828605958056337,0.0026314780116081238,0.009337643161416054,0.0007522308011312584,383
fashion_mnist,72,validation,83,0.40693879293394275,42000,0.004902877023300515,0.003314582980237901,0.006297415995504707,0.00028055234683289915,83,25751.05577829475,1206.7883120889323,27478.130242498308,2898.752172243273,83,103004.223113179,4827.153248355729,109912.52096999323,11595.008688973092,83,0.9243280442364245,0.9198495149612427,0.9453125,0.004174640981299369,83,0.518981052809451,0.46102914214134216,0.5569059252738953,0.019975497781309512,83
fashion_mnist,73,train,383,216.16509117209353,19796000,0.56439971585403,0.525542499992298,0.5839883340231609,0.008666078617782527,383,226.72937961221865,193.06502090521894,243.55784737081376,4.001517017883826,383,91598.66936333633,77998.26844570845,98397.37033780877,1616.6128752250659,383,0.9982728085069681,0.9976806640625,1.0,0.0005092397770947578,383,0.007226836352120336,0.002356516197323799,0.008167650550603867,0.0008833753515392677,383
fashion_mnist,73,validation,83,0.41447308301576413,42000,0.0049936516025995675,0.003657875000499189,0.007620791002409533,0.0004338962141953239,83,25380.37672697677,1093.5310800544364,27333.875180787465,3104.444791129844,83,101521.50690790708,4374.124320217746,109335.50072314986,12417.779164519376,83,0.9240366952965059,0.9193638563156128,0.9453125,0.004497545867630135,83,0.5234911028879234,0.462709903717041,0.5592532753944397,0.02042548818529554,83
fashion_mnist,74,train,383,216.36744688262115,19796000,0.5649280597457471,0.5208430829807185,0.6233943340193946,0.00966574844766791,383,226.52892943380186,194.48303977019071,245.75539962530047,4.286717089710774,383,91517.68749125596,78571.14806715705,99285.18144862138,1731.8337042431526,383,0.9980416369500422,0.9950284361839294,1.0,0.0004563336866580335,383,0.007600502449625193,0.0024206603411585093,0.011496162973344326,0.0007053496513006135,383
fashion_mnist,74,validation,83,0.4074593771074433,42000,0.0049091491217764256,0.0033038750116247684,0.00697025001863949,0.00032344026742782937,83,25733.571049906852,1210.699553078097,27570.35978640632,2936.7190562510523,83,102934.28419962741,4842.798212312388,110281.43914562528,11746.87622500421,83,0.9237423165734991,0.9188133478164673,0.9453125,0.004480466314879559,83,0.5264896962297968,0.4621872007846832,0.5651253461837769,0.021342007765878964,83
fashion_mnist,75,train,383,215.5559148309403,19796000,0.5628091771042828,0.5156100830063224,0.5799737909983378,0.007810799672235864,383,227.35956496712384,194.735782853357,248.24960608543893,3.682529638991634,383,91853.26424671803,78673.25627275623,100292.84085851733,1487.74197415262,383,0.9982329999186663,0.9979901313781738,1.0,0.0003189338278312441,383,0.007644910633736643,0.0015899803256615996,0.008600063621997833,0.0007390822252461145,383
fashion_mnist,75,validation,83,0.410220713034505,42000,0.004942418229331386,0.0032660000142641366,0.005622124997898936,0.0002854875599884289,83,25542.5247509514,1224.7397374556476,27329.498070764766,2892.034902327445,83,102170.0990038056,4898.9589498225905,109317.99228305907,11568.13960930978,83,0.9246080244880125,0.9196579456329346,0.9453125,0.00452832183941232,83,0.5319747784769678,0.46953096985816956,0.5660660862922668,0.021795229053455,83
fashion_mnist,76,train,383,215.83487219701055,19796000,0.5635375253185654,0.5223365830024704,0.5837492499849759,0.007271504963307381,383,227.0589712628861,194.73459815968496,245.05271919542082,3.435446286556653,383,91731.824390206,78672.77765651273,99001.29855495,1387.9202997688878,383,0.9986552991381513,0.9973958134651184,1.0,0.00036931803496944324,383,0.006186623889199086,0.0007484186207875609,0.00727582024410367,0.0008922488472556405,383
fashion_mnist,76,validation,83,0.4183878779585939,42000,0.005040817806730047,0.0045563750027213246,0.008916749997297302,0.0006287043362524418,83,25394.818945918534,695.2038564360328,28092.50773335188,3443.1094767807363,83,101579.27578367414,2780.815425744131,112370.03093340751,13772.437907122945,83,0.9249149582472193,0.9205025434494019,0.9453125,0.004080998613339775,83,0.5327690850539379,0.4705655574798584,0.5708261728286743,0.021354483988579163,83
fashion_mnist,77,train,383,215.8931962980423,19796000,0.5636898075666901,0.523241125018103,0.5842325830017217,0.007289086993322486,383,226.99757283871924,195.07385361858164,244.62908949592116,3.426691419501784,383,91707.01942684257,78809.83686190698,98830.15215635215,1384.3833334787207,383,0.9986926482178212,0.9981825351715088,1.0,0.0004278735609389155,383,0.0063614423952719525,0.000945750274695456,0.007232461590319872,0.0009480876693035208,383
fashion_mnist,77,validation,83,0.40482445879024453,42000,0.004877403117954753,0.0032936669886112213,0.005606291990261525,0.00023653492527892932,83,25866.07052897953,1214.451859836202,27470.26346448563,2841.282435401729,83,103464.28211591812,4857.807439344808,109881.05385794252,11365.129741606916,83,0.9236694617443774,0.9191300868988037,0.953125,0.004937087148141577,83,0.5381387267486158,0.47570523619651794,0.5730631351470947,0.02157614865598946,83
fashion_mnist,78,train,383,215.90903873401112,19796000,0.5637311716292719,0.5206095000030473,0.5803973749862053,0.007204146181907227,383,226.98016983681654,194.75112935355486,245.8656632259895,3.4050916654819767,383,91699.9886140739,78679.45625883616,99329.72794329976,1375.6570328547189,383,0.9986749157581877,0.9921875,0.9994419813156128,0.00040306272163772216,383,0.0061095194786534145,0.004352258983999491,0.012159451842308044,0.0006352623694204548,383
fashion_mnist,78,validation,83,0.41432833307771944,42000,0.004991907627442403,0.003351874998770654,0.006651625008089468,0.00034799603092629234,83,25324.704426303404,1193.3619247337847,27376.99701412124,2982.1202716671123,83,101298.81770521362,4773.447698935139,109507.98805648496,11928.48108666845,83,0.9234000185886061,0.9195033311843872,0.9453125,0.003846259203917145,83,0.5477391100791563,0.4870949685573578,0.5843560695648193,0.021499623789975456,83
fashion_mnist,79,train,383,215.98774119402515,19796000,0.5639366610810056,0.5232236669980921,0.5919187910039909,0.007076016411130385,383,226.8964086079191,193.88875976964133,244.6372518551741,3.3747178997158938,383,91666.14907759934,78331.0589469351,98833.44974949033,1363.386031485221,383,0.998274164629356,0.984375,0.9986787438392639,0.0009652125421526908,383,0.006429744599868517,0.005906948819756508,0.02287345938384533,0.0010088494447882646,383
fashion_mnist,79,validation,83,0.4090804590960033,42000,0.00492868023007233,0.003288834006525576,0.010542333009652793,0.0006693637620667234,83,25795.805783076255,1216.2365118042917,28312.576936853497,3261.1357596306634,83,103183.22313230502,4864.946047217167,113250.30774741399,13044.543038522654,83,0.9236873883798898,0.9192356467247009,0.9453125,0.004031289661565718,83,0.5509795682976045,0.48377689719200134,0.5889739990234375,0.02229159276748265,83
fashion_mnist,80,train,383,215.96371791468118,19796000,0.5638739371140501,0.5210811249853577,0.5880527920089662,0.007346304721825398,383,226.92475689795285,193.76687041322234,245.6431328300306,3.488590666832229,383,91677.60178677294,78281.81564694182,99239.82566333236,1409.3906294002209,383,0.9986845365392322,0.99609375,1.0,0.00029109132660712177,383,0.005830868571028891,0.0014642493333667517,0.009645199403166771,0.0005015753635552833,383
fashion_mnist,80,validation,83,0.4036738730792422,42000,0.004863540639508942,0.0034624999971129,0.005573667003773153,0.00023912179847748106,83,25959.054104364302,1155.2346580029684,28010.285099168672,2895.276338801299,83,103836.21641745721,4620.938632011874,112041.14039667469,11581.105355205196,83,0.923395046268601,0.9185267686843872,0.9453125,0.004437806153609855,83,0.5547190592231521,0.4857054650783539,0.5853934288024902,0.02324033371029001,83
fashion_mnist,81,train,383,215.85396363897598,19796000,0.5635873724255248,0.5221988330013119,0.5838858330098446,0.007296848668915473,383,227.03992435521263,193.51384391852235,245.11736126319232,3.490535885329499,383,91724.12943950591,78179.59294308303,99027.4139503297,1410.176497673118,383,0.9988185775809126,0.9977678656578064,1.0,0.00022464619891697851,383,0.005936401547236713,0.0012697870843112469,0.007704298011958599,0.0005615176062259173,383
fashion_mnist,81,validation,83,0.40518883301410824,42000,0.0048817931688446775,0.0033877080131787807,0.005694916006177664,0.00023924243614020302,83,25852.903136609784,1180.7393035170965,27657.986534614574,2863.024271064456,83,103411.61254643914,4722.957214068386,110631.9461384583,11452.097084257824,83,0.9227669037968279,0.9184374809265137,0.9453125,0.004205909530955579,83,0.5574211539274239,0.4828767776489258,0.5934518575668335,0.024196149833024896,83
fashion_mnist,82,train,383,215.84112015846767,19796000,0.5635538385338582,0.523448833002476,0.588493708986789,0.007186666589921834,383,227.05131704167167,194.6797363875652,244.53201904338667,3.3919694933165436,383,91728.73208483536,78650.61350057635,98790.93569352821,1370.3556752998836,383,0.998563970816042,0.9921875,0.9988425970077515,0.0005655303742802449,383,0.00598707805720812,0.005217764526605606,0.019215360283851624,0.0012395166106684249,383
fashion_mnist,82,validation,83,0.4112012140394654,42000,0.00495423149445139,0.003343375021358952,0.005592041998170316,0.00027204226627890003,83,25481.00243639467,1196.39584983624,27459.708851519812,2869.446514155723,83,101924.00974557867,4785.58339934496,109838.83540607925,11477.786056622892,83,0.9236645339483238,0.9190244674682617,0.9453125,0.004425444549889358,83,0.5628763325961239,0.4940687119960785,0.6034365892410278,0.02317805061503943,83
fashion_mnist,83,train,383,215.88483096187701,19796000,0.5636679659579035,0.5227447090146597,0.5855237499927171,0.00747955934289766,383,227.00947759391707,193.25960665517974,244.8613975285791,3.55702904826785,383,91711.8289479425,78076.88108869261,98924.00460154595,1437.0397355002115,383,0.9987941869867688,0.9975961446762085,1.0,0.0002064600738595425,383,0.005439884549094359,0.0007739586289972067,0.009489720687270164,0.0005229089674002137,383
fashion_mnist,83,validation,83,0.4248861240048427,42000,0.005119109927769189,0.0034138330083806068,0.009110541985137388,0.0007923758338970031,83,24995.69772846592,1171.7034752960715,27520.22362194125,3678.746451720252,83,99982.79091386368,4686.813901184286,110080.894487765,14714.985806881008,83,0.9242932688759034,0.9196428656578064,0.9453125,0.004392871639430129,83,0.570583161819412,0.5039501190185547,0.6055792570114136,0.022813996559745635,83
fashion_mnist,84,train,383,215.75329070776934,19796000,0.5633245188192411,0.5216036250058096,0.5854485410091002,0.007417247356734547,383,227.1472962395268,193.41297090194956,245.39706755023863,3.541812664309797,383,91767.50768076883,78138.84024438763,99140.41529029641,1430.8923163811578,383,0.9988591703671388,0.998046875,1.0,0.00022206336748387565,383,0.005247442970324707,0.0027538533322513103,0.006549143232405186,0.0004107768805967939,383
fashion_mnist,84,validation,83,0.4025189150997903,42000,0.004849625483130004,0.003293707995908335,0.005480166000779718,0.00024220016898149382,83,26019.865763502577,1214.4367396773084,27804.677299780164,2879.4476299724215,83,104079.46305401031,4857.746958709234,111218.70919912065,11517.790519889686,83,0.923717748687928,0.9191261529922485,0.9453125,0.004518251524578304,83,0.5723093618829567,0.5139568448066711,0.6166398525238037,0.022492524433440138,83
fashion_mnist,85,train,383,216.03883434279123,19796000,0.5640700635582017,0.522235084004933,0.6121559589810204,0.007653753077043006,383,226.84781752600605,194.95723138136808,245.10034641562098,3.5134596908390865,383,91646.51828050643,78762.72147807271,99020.53995191088,1419.4377150989908,383,0.9988174096100013,0.99609375,1.0,0.0002226054704921119,383,0.005259660830540101,0.000894538767170161,0.006014880258589983,0.00042128033941937613,383
fashion_mnist,85,validation,83,0.408032329112757,42000,0.004916052157985024,0.0033596670255064964,0.006749332998879254,0.00032396425772457876,83,25706.194426364214,1190.5941778253957,27593.640416418137,2969.99899328022,83,102824.77770545686,4762.376711301583,110374.56166567255,11879.99597312088,83,0.9241187349859491,0.9194467663764954,0.9453125,0.00439779292801271,83,0.5794273966766266,0.5132810473442078,0.6220749616622925,0.022769260287658334,83
fashion_mnist,86,train,383,216.02569984382717,19796000,0.564035769827225,0.5216739160241559,0.5865749589866027,0.007373434596760441,383,226.85975852454894,193.80650033060311,245.36400243188123,3.486242409630659,383,91651.34244391778,78297.82613356366,99127.05698248002,1408.4419334907864,383,0.9988664609645116,0.9981771111488342,1.0,0.0002620105887808249,383,0.005249788410178636,0.00340333697386086,0.0060319132171571255,0.00031590744568701977,383
fashion_mnist,86,validation,83,0.4134480430511758,42000,0.004981301723508142,0.003376000007847324,0.009739041997818276,0.0006255438366820389,83,25524.543286197084,1184.8341204686678,27698.133610189143,3304.2547920344605,83,102098.17314478834,4739.336481874671,110792.53444075657,13217.019168137842,83,0.9245024452726525,0.9191300868988037,0.953125,0.005304849668404675,83,0.5823769526309278,0.5151103138923645,0.6203939914703369,0.024267661500726817,83
fashion_mnist,87,train,383,216.03589998395182,19796000,0.5640624020468716,0.5211457500117831,0.6034579999977723,0.00753473640235155,383,226.8503288436591,194.4298346380311,245.61267168945716,3.5164850052679015,383,91647.53285283827,78549.65319376458,99227.5193625407,1420.6599421282322,383,0.9990594948863236,0.9986979365348816,1.0,0.00021090522536512137,383,0.004662899446051188,0.0010819389717653394,0.005252177361398935,0.0005703061755251219,383
fashion_mnist,87,validation,83,0.410016167035792,42000,0.004939953819708337,0.0033056669926736504,0.010470999986864626,0.0006592455184158934,83,25729.74168007046,1210.0432405518159,27521.702936758673,3233.424941116698,83,102918.96672028184,4840.1729622072635,110086.81174703469,12933.699764466792,83,0.9237509355487594,0.9194467663764954,0.9453125,0.0038029438813943508,83,0.5935175634292235,0.5251816511154175,0.6339861750602722,0.02381946251680221,83
fashion_mnist,88,train,383,216.0112704107887,19796000,0.5639980950673334,0.5207625000039116,0.6146902079926804,0.008096329785262594,383,226.88186795269309,195.6149033496988,245.79342790434904,3.6822994408915792,383,91660.274652888,79028.42095327831,99300.54487335701,1487.6489741201974,383,0.9992136261170589,0.9921875,0.9996448755264282,0.0004237366574089075,383,0.004648702889048633,0.0034938037861138582,0.0204850472509861,0.0009971862768168396,383
fashion_mnist,88,validation,83,0.4142372109636199,42000,0.004990809770646022,0.003839624987449497,0.01101537499926053,0.00072634760097822,83,25549.73146012796,1041.7684052673678,27754.185427020762,3341.9886393489915,83,102198.92584051185,4167.073621069471,111016.74170808305,13367.954557395966,83,0.9249064168298101,0.9202913641929626,0.9453125,0.004183602393009292,83,0.5964036619806864,0.5294094085693359,0.640838623046875,0.024687907523511198,83
fashion_mnist,89,train,383,215.9002623303677,19796000,0.5637082567372524,0.5211581249895971,0.587327292014379,0.00753576067391915,383,226.9936518577377,193.86793268170712,245.6068395797437,3.566116503546705,383,91705.43535052604,78322.64480340967,99225.16319021645,1440.7110674328687,383,0.9990358131672633,0.998046875,1.0,0.00015466289224807465,383,0.004658892214104932,0.0006026597111485898,0.006499893963336945,0.0004239691260881241,383
fashion_mnist,89,validation,83,0.4091311600350309,42000,0.004929291084759408,0.003431042016018182,0.007988457975443453,0.0004174681782772486,83,25682.50664277422,1165.8265860125225,27699.8777515165,3062.8596894904376,83,102730.02657109688,4663.30634405009,110799.511006066,12251.43875796175,83,0.9236238476741745,0.9190244674682617,0.953125,0.004838258266679998,83,0.6032923495913126,0.5352981090545654,0.642512321472168,0.024783828908987286,83
fashion_mnist,90,train,383,215.85733616698417,19796000,0.5635961779816819,0.5227363750163931,0.5878612090018578,0.007530863291666275,383,227.03810970673248,194.90846939026818,244.86530135957324,3.5276942985499145,383,91723.39632151993,78743.02163366835,98925.58174926759,1425.1884966141654,383,0.9993808017387091,0.9991350173950195,1.0,0.0002006707821554074,383,0.003937305456122223,0.0002895361976698041,0.004322632681578398,0.00036629064332664306,383
fashion_mnist,90,validation,83,0.4107935451029334,42000,0.00494931982051727,0.003324249992147088,0.010268374986480922,0.0006312328103612729,83,25663.17859204215,1203.2789379406613,27538.47749973957,3184.821448751106,83,102652.7143681686,4813.115751762645,110153.90999895828,12739.285795004424,83,0.9250883309237928,0.9197635054588318,0.953125,0.005160060060019648,83,0.6096279692937092,0.5369573831558228,0.6509836912155151,0.02484620924648763,83
fashion_mnist,91,train,383,215.79001234218595,19796000,0.5634203977602766,0.5204029579763301,0.5835780419874936,0.007473784529326793,383,227.10871303460675,194.33030425152862,245.9632445168037,3.5305038523540815,383,91751.92006598113,78509.44291761756,99369.1507847887,1426.3235563510484,383,0.9992403054984369,0.9921875,0.9997106194496155,0.00042546538027410694,383,0.0038745109667860495,0.0029654831159859896,0.007318659219890833,0.0003204483548197964,383
fashion_mnist,91,validation,83,0.4074714589805808,42000,0.004909294686513022,0.003291208005975932,0.005541999998968095,0.00026666435556220214,83,25710.532617635155,1215.3592215189974,27818.27369844383,2884.3998384522856,83,102842.13047054062,4861.43688607599,111273.09479377532,11537.599353809142,83,0.9239152799169701,0.9195523858070374,0.9453125,0.0039700055499301565,83,0.613954421267452,0.5442162752151489,0.656589925289154,0.025261326108419035,83
fashion_mnist,92,train,383,215.90684003799106,19796000,0.5637254309085928,0.5225178750115447,0.5806271250185091,0.0073891184420795605,383,226.98528117477017,193.58285240541636,244.96769607579822,3.5214893456541705,383,91702.05359460715,78207.4723717882,98966.94921462248,1422.6816956442851,383,0.9993611975687291,0.9990808963775635,1.0,0.0002868158916203965,383,0.003690984886742681,0.002119141397997737,0.004352967254817486,0.0005033527415472438,383
fashion_mnist,92,validation,83,0.40712445799726993,42000,0.0049051139517743364,0.004067542002303526,0.0059817080036737025,0.00022937471542915544,83,25782.657261468306,983.3948851013031,27876.5859614909,2923.7273895313383,83,103130.62904587323,3933.5795404052124,111506.3438459636,11694.909558125353,83,0.9241954274924404,0.919869065284729,0.9453125,0.004110351476838613,83,0.6189662835684168,0.5437029600143433,0.6625370979309082,0.025584009021099117,83
fashion_mnist,93,train,383,215.85061996732838,19796000,0.5635786422123457,0.5208152909763157,0.5856470419967081,0.007297264986879664,383,227.04199625656665,195.8762246260489,245.76851374707593,3.403281251621882,383,91724.96648765291,79133.99474892375,99290.47955381867,1374.92562565524,383,0.9992594897902666,0.9987215995788574,1.0,0.00020703231881750748,383,0.0037755446361715833,0.0007583413389511406,0.004573051817715168,0.0005915778877128166,383
fashion_mnist,93,validation,83,0.4046154519310221,42000,0.004874884963024363,0.003128666983684525,0.005595041991909966,0.00027416959120082077,83,25883.085616359724,1278.499763912021,28183.484147367944,2896.004491569906,83,103532.3424654389,5113.999055648084,112733.93658947178,11584.017966279624,83,0.9245432263397309,0.9195523858070374,0.9453125,0.00440484966998744,83,0.6190717112587159,0.5421718955039978,0.6664738655090332,0.026662620890001796,83
fashion_mnist,94,train,383,215.83167507051257,19796000,0.5635291777297978,0.5202236660115886,0.5820309999980964,0.007782668638916338,383,227.06843491165804,194.4962091077637,246.0480142730543,3.650634539236178,383,91735.64770430984,78576.46847953653,99403.39776631394,1474.856353851416,383,0.9994921181594112,0.9992023706436157,1.0,0.0002771917702889351,383,0.0031043154390543387,0.002161152893677354,0.0053275772370398045,0.00044799234461078335,383
fashion_mnist,94,validation,83,0.4059417042299174,42000,0.004890863906384547,0.0035115409991703928,0.006611749995499849,0.0002893040665968699,83,25835.837732178003,1139.101038816009,27733.88979218632,2942.031926538688,83,103343.35092871201,4556.404155264036,110935.55916874528,11768.127706154752,83,0.9234621639711311,0.9188133478164673,0.9453125,0.004520060396463875,83,0.6286385396876967,0.5564440488815308,0.6765618920326233,0.026777166555655093,83
fashion_mnist,95,train,383,215.933882339712,19796000,0.5637960374405013,0.5180356250202749,0.6170984159980435,0.007957351647857843,383,226.9623857228576,194.05440948774734,247.0872538833412,3.6774476894973476,383,91692.80383203446,78397.98143304992,99823.25056886984,1485.6888665569284,383,0.9992680082744468,0.9990780353546143,1.0,0.00021183896516848146,383,0.0035812677359621844,0.0025415897835046053,0.007708868011832237,0.00031349885064228816,383
fashion_mnist,95,validation,83,0.40994174909428693,42000,0.004939057218003457,0.003271124995080754,0.007100749993696809,0.0003525531633120482,83,25589.259152355502,1222.8208967909684,27385.78310253282,2974.4360544764054,83,102357.03660942201,4891.283587163874,109543.13241013128,11897.744217905622,83,0.9242214639502836,0.9198457598686218,0.953125,0.004487924965403586,83,0.6349331097430494,0.5630428194999695,0.6793228387832642,0.026807104423972185,83
fashion_mnist,96,train,383,215.92495604566648,19796000,0.5637727311897297,0.5188887080003042,0.5831568330177106,0.007577897235945878,383,226.96761281800173,194.81620308084544,246.68102817902326,3.549966966624231,383,91694.9155784727,78705.74604466156,99659.13538432539,1434.186654516189,383,0.9994378653269835,0.998046875,1.0,0.00012968879524532235,383,0.00299477411150463,0.00026651626103557646,0.004979167133569717,0.0003191388429206383,383
fashion_mnist,96,validation,83,0.4240883780294098,42000,0.0051094985304748165,0.003322332981042564,0.009400750015629455,0.0008723132176726014,83,25099.606584015215,1203.9732389330768,27569.617664247708,3774.5302265772725,83,100398.42633606086,4815.892955732307,110278.47065699083,15098.12090630909,83,0.9238574196057148,0.9190244674682617,0.953125,0.004874452172885406,83,0.6381320019802416,0.5642903447151184,0.6839998960494995,0.026547096746184336,83
fashion_mnist,97,train,383,215.85520286962856,19796000,0.563590608014696,0.5209325829928275,0.5893169159826357,0.007590047387556463,383,227.0417825806508,193.5352403881652,245.7131770576201,3.5935523093891795,383,91724.88016258294,78188.23711681874,99268.12353127851,1451.795132993229,383,0.9995103830145794,0.9993007183074951,1.0,0.0002117710681356635,383,0.0029667988145971966,0.0018453651573508978,0.00357079622335732,0.000375402239832915,383
fashion_mnist,97,validation,83,0.40528345498023555,42000,0.004882933192532958,0.0033930829958990216,0.0056701250141486526,0.00025246599292758716,83,25853.890172848776,1178.8688944050339,27938.198101226302,2891.9901972300736,83,103415.5606913951,4715.4755776201355,111752.79240490521,11567.960788920294,83,0.9241800437490624,0.9192356467247009,0.9453125,0.0042845665672882035,83,0.6443611541426325,0.5687340497970581,0.6884158849716187,0.02713580308769469,83
fashion_mnist,98,train,383,215.96112732507754,19796000,0.5638671731725262,0.5186038749816362,0.5867360830015969,0.007603189128786322,383,226.93063624369387,193.22781436058875,246.81651290116662,3.601281450081395,383,91679.97704245236,78064.03700167785,99713.8712120713,1454.9177058328842,383,0.9994258100930455,0.998641312122345,1.0,0.00020992472133190936,383,0.0031242493093840526,0.0022382827010005713,0.004183739423751831,0.0002594284846669293,383
fashion_mnist,98,validation,83,0.4086512951180339,42000,0.004923509579735348,0.003265584004111588,0.006984208011999726,0.0003560725717046016,83,25676.228549007046,1224.895759828482,27932.351349265966,3016.2132656962017,83,102704.91419602818,4899.583039313928,111729.40539706386,12064.853062784807,83,0.9242768517459732,0.9194791913032532,0.9453125,0.004311181728365873,83,0.6512511860893433,0.5765171051025391,0.6941195726394653,0.02694851727682132,83
fashion_mnist,99,train,383,215.9670915438037,19796000,0.5638827455451794,0.5198458340018988,0.5839167920057662,0.007270662952462851,383,226.920345841729,194.04799749612056,246.22684578353758,3.4587627292879604,383,91675.8197200585,78395.3909884327,99475.64569654918,1397.3401426323364,383,0.9996123772999637,0.9993990659713745,1.0,8.552732939014616e-05,383,0.0030139871336782335,0.002043598797172308,0.003824518993496895,0.00023252442405724511,383
fashion_mnist,99,validation,83,0.40172225001151673,42000,0.004840027108572491,0.003374541993252933,0.005516375007573515,0.00023105837604738892,83,26074.728595076398,1185.3460434031074,27686.39698670435,2879.151687332458,83,104298.91438030559,4741.38417361243,110745.5879468174,11516.606749329832,83,0.9231002926826477,0.9194467663764954,0.9453125,0.0036204510171830655,83,0.6549256300351706,0.5781030058860779,0.6972729563713074,0.02775805685315614,83
fashion_mnist,100,train,383,215.85228453972377,19796000,0.5635829883543702,0.5197211250197142,0.5830697910278104,0.0073844915361239855,383,227.04237292888462,193.9021050715523,246.28592881450538,3.506239414856719,383,91725.1186632694,78336.45044890713,99499.51524106017,1416.5207236021147,383,0.9994218341675501,0.9989583492279053,1.0,0.00016167992535245357,383,0.0027868288195893828,0.0019356334814801812,0.005550697445869446,0.0002366038490423809,383
fashion_mnist,100,validation,83,0.4023672448529396,42000,0.004847798130758309,0.0032829580013640225,0.005610291991615668,0.0002463703096840995,83,26030.36583386898,1218.4133937558922,27847.784046175773,2883.591982232262,83,104121.46333547591,4873.653575023569,111391.1361847031,11534.367928929049,83,0.9233810700565935,0.9191300868988037,0.9453125,0.003999281598037847,83,0.6548201161694814,0.5822881460189819,0.7043720483779907,0.027424163623861623,83
kmnist,1,train,383,213.55647582694655,19796000,0.557588709730931,0.5099581250105985,0.8040245000156574,0.01715413622862805,383,229.62782335995058,159.19912887916644,251.00100130248887,6.381172485686707,383,92769.64063742005,64316.44806718324,101404.4045262055,2577.9936842174293,383,0.7009680139644962,0.154296875,0.8949999809265137,0.21808875249391801,383,1.7328218187426774,1.322263479232788,2.3216054439544678,0.2918632178354384,383
kmnist,1,validation,83,0.45438733079936355,42000,0.0054745461542091995,0.0031955419981386513,0.049324040999636054,0.004860933328159334,83,25351.156312518026,1251.743836360133,27709.3763424005,4044.2913546431005,83,101404.6252500721,5006.975345440532,110837.505369602,16177.165418572402,83,0.9789415483015129,0.9765625,0.9869791865348816,0.002411982407152265,83,0.7807085808501186,0.7581222057342529,0.7864452004432678,0.0069457128272167054,83
kmnist,2,train,383,216.49867353902664,19796000,0.5652706880914534,0.5312161660112906,0.5866000419773627,0.003853828726695053,383,226.33312827629018,195.54171177461248,240.95652239107395,2.1090226956037395,383,91438.58382362121,78998.85155694344,97346.43504599387,852.0451690239108,383,0.9933969513865737,0.978515625,0.9947428107261658,0.0020438582854788584,383,0.6071790787476472,0.4828731119632721,0.7714968323707581,0.08078986512533878,383
kmnist,2,validation,83,0.41026307907304727,42000,0.00494292866353069,0.00331370800267905,0.006091624993132427,0.00035784888422601946,83,25584.82581797239,1207.1069619791785,27577.048292468924,3049.833436335116,83,102339.30327188956,4828.427847916714,110308.1931698757,12199.333745340464,83,0.9828201568270304,0.98046875,0.9921875,0.0028055386868568017,83,0.3175379752394665,0.293008029460907,0.3239031732082367,0.007107050712202428,83
kmnist,3,train,383,216.804128446267,19796000,0.5660682204863368,0.5287289999832865,0.7253139170061331,0.009889110745907056,383,226.06257750606613,176.4753122735375,242.0899931799583,3.6854271677276054,383,91329.28131245072,71296.02615850915,97804.35724470316,1488.9125757619527,383,0.9973180474562683,0.9921875,0.998046875,0.0004412251709979537,383,0.23429515864456915,0.19473853707313538,0.2838520407676697,0.024936763916580985,383
kmnist,3,validation,83,0.4080743330705445,42000,0.004916558229765597,0.0032401249918621033,0.006138875003671274,0.00038621268923783747,83,25737.65154925412,1234.520276238231,28048.89892497386,3135.681455466509,83,102950.60619701647,4938.081104952924,112195.59569989544,12542.725821866035,83,0.9836570347648069,0.9817708134651184,0.9921875,0.0020491177106650316,83,0.17175966950066118,0.14471009373664856,0.18641504645347595,0.007016875341547683,83
kmnist,4,train,383,216.59671150922077,19796000,0.5655266619039707,0.5307409170200117,0.5850372920103837,0.004548506414916976,383,226.2355129050287,194.4425423443949,241.17228556390677,2.3829317565710806,383,91399.1472136316,78554.78710713553,97433.60336781833,962.7044296547167,383,0.9984421644447367,0.9978448152542114,1.0,0.000282719590341057,383,0.11572342052783419,0.10066431015729904,0.15044653415679932,0.009742487076431524,383
kmnist,4,validation,83,0.4139123760687653,42000,0.00498689609721404,0.0034976669994648546,0.0061815000080969185,0.0004373578268265431,83,25432.07140894564,1143.6194470805833,27995.226750402613,3277.9817101234453,83,101728.28563578257,4574.477788322333,111980.90700161045,13111.926840493781,83,0.984311001128461,0.9824892282485962,0.9921875,0.0017905964106616767,83,0.11799351897943451,0.09188421815633774,0.13750307261943817,0.007096001363214473,83
kmnist,5,train,383,216.64693351040478,19796000,0.5656577898443989,0.5368536660098471,0.5871016659948509,0.0038443523795885083,383,226.17904094208578,193.7213184609089,236.99989608849987,2.186341087198572,383,91376.33254060264,78263.41265820719,95747.95801975395,883.281799228223,383,0.9984231038753419,0.9976325631141663,1.0,0.0002253687687313776,383,0.06833233479069979,0.06210241839289665,0.075474813580513,0.0035632540119291695,383
kmnist,5,validation,83,0.4080725848907605,42000,0.00491653716735856,0.0034080829937011003,0.006677915982436389,0.0003579674302884989,83,25729.574177311726,1173.680338006115,27628.632309931578,3059.9756680337496,83,102918.2967092469,4694.72135202446,110514.52923972631,12239.902672134998,83,0.9850529877536268,0.9838362336158752,0.9921875,0.001440916899741893,83,0.09316285564956894,0.0659063458442688,0.1155237928032875,0.007338271775779343,83
kmnist,6,train,383,216.58742766079376,19796000,0.5655024220908453,0.5297799580148421,0.5820420829986688,0.003929852646674814,383,226.24175894985655,194.03030324837002,241.60974393903743,2.223763102522627,383,91401.67061574204,78388.24251234149,97610.33655137112,898.4002934191416,383,0.9991747763387216,0.9921875,0.999804675579071,0.0004712211013757245,383,0.04536457541678344,0.04237468168139458,0.06357420980930328,0.0019381692679565346,383
kmnist,6,validation,83,0.40680633307783864,42000,0.004901281121419743,0.0032679580035619438,0.006459625001298264,0.00031345836892721925,83,25773.64003379216,1224.005937542698,28025.101783181155,2967.1124451672254,83,103094.56013516863,4896.023750170792,112100.40713272462,11868.449780668901,83,0.9861580291426325,0.984375,0.9921875,0.0019583496764962256,83,0.07964109167097563,0.050999388098716736,0.10315009206533432,0.007623547231938624,83
kmnist,7,train,383,216.4104258803127,19796000,0.5650402764499026,0.527370333991712,0.5861697499931324,0.004343790650405242,383,226.42909139782472,194.49242049517161,242.7136904557313,2.3335206751013655,383,91477.35292472118,78574.93788004933,98056.33094411544,942.742352740952,383,0.998943903116271,0.9921875,0.999218761920929,0.0006349724364204648,383,0.032972781347504795,0.03076113387942314,0.049961868673563004,0.002119073785810823,383
kmnist,7,validation,83,0.4080637098522857,42000,0.004916430239184165,0.003304167010355741,0.006779291987186298,0.00035425907696703913,83,25715.952092292802,1210.5925600804733,27426.12459596548,3018.0009964541623,83,102863.80836917121,4842.370240321893,109704.49838386192,12072.00398581665,83,0.9862163296665054,0.984375,0.9921875,0.001904931974154355,83,0.0715865479355835,0.04329128563404083,0.09727803617715836,0.007665066932721965,83
kmnist,8,train,383,216.38708367105573,19796000,0.564979330733827,0.5259134170191828,0.592407957999967,0.005193768886380597,383,226.4592521059746,194.91420741941658,243.38607051611154,2.599223870226643,383,91489.53785081374,78745.3397974443,98327.97248850905,1050.0864435715634,383,0.9993771397102595,0.9992074370384216,1.0,0.00016226640408303946,383,0.024601979584824633,0.02208549715578556,0.02703452669084072,0.0008912469600397499,383
kmnist,8,validation,83,0.39964949898421764,42000,0.004815054204629128,0.003271875000791624,0.005693124985555187,0.00025026563958679114,83,26211.15568718723,1222.540591872308,28136.24623379567,2916.1776888648756,83,104844.62274874892,4890.162367489232,112544.98493518269,11664.710755459502,83,0.9867836531386318,0.984747052192688,0.9934895634651184,0.0022932755108566786,83,0.06654513169483967,0.03786834329366684,0.09167560935020447,0.00776654319047162,83
kmnist,9,train,383,216.6604553317884,19796000,0.5656930948610663,0.5304741669970099,0.5867132499988656,0.00460030009356249,383,226.16941510068008,194.31198376976613,241.29355954240367,2.4106364252941117,383,91372.44370067476,78502.04144298552,97482.5980551311,973.8971158188209,383,0.999451987581527,0.9992897510528564,1.0,0.00017593018363317283,383,0.018547937395561768,0.016805902123451233,0.019254330545663834,0.00043158925551633716,383
kmnist,9,validation,83,0.43459908696240745,42000,0.00523613357786033,0.0033884590084198862,0.0072692079993430525,0.0005770122745222552,83,24297.657391899604,1180.4776124074433,27743.40560229445,3444.2763217629517,83,97190.62956759841,4721.910449629773,110973.6224091778,13777.105287051807,83,0.985983021288033,0.98046875,0.9921875,0.0016294330560505316,83,0.0631658862602998,0.034756772220134735,0.09242652356624603,0.007829841657255542,83
kmnist,10,train,383,216.40400500388932,19796000,0.5650235117595022,0.525309249991551,0.5859161249827594,0.005158601391951231,383,226.44161456022044,194.4775085847386,243.66599294046074,2.614532070255527,383,91482.41228232904,78568.91346823439,98441.06114794614,1056.270956383233,383,0.9995109224132707,0.999218761920929,1.0,0.00010437732106341146,383,0.014858249431432227,0.012486720457673073,0.01845897175371647,0.0006414739386513474,383
kmnist,10,validation,83,0.4065778348885942,42000,0.004898528131187882,0.003394166997168213,0.005862666992470622,0.00026484704204698495,83,25776.40906943181,1178.4923969083545,28100.728886121185,2904.9721740307523,83,103105.63627772724,4713.969587633418,112402.91554448474,11619.88869612301,83,0.9865387929491249,0.9846230149269104,0.9921875,0.0021325206828748354,83,0.06058928655482918,0.0304147657006979,0.08811327815055847,0.0082009515870637,83
kmnist,11,train,383,216.7848734166182,19796000,0.5660179462574888,0.5263238750048913,0.6223925840167794,0.005553732215542903,383,226.0452482172261,195.6182453506761,243.19626389513576,2.618491877437891,383,91322.28027975933,79029.77112167314,98251.29061363485,1057.870718484908,383,0.9996316303783547,0.9993578791618347,1.0,0.00015983162232900973,383,0.012145394286719532,0.011398356407880783,0.016115395352244377,0.000626231303714463,383
kmnist,11,validation,83,0.4285562459845096,42000,0.005163328264873609,0.003246749984100461,0.009850916976574808,0.0007268296866676707,83,24713.449854400376,1232.0012380344197,27630.123302763965,3574.180732753177,83,98853.7994176015,4928.004952137679,110520.49321105586,14296.722931012708,83,0.9863457133971065,0.9844990372657776,0.9921875,0.0022388526428485677,83,0.058189438094934785,0.02968740090727806,0.08291694521903992,0.008191411462166204,83
kmnist,12,train,383,216.74735329207033,19796000,0.5659199824858233,0.5290202910255175,0.5963832080014981,0.0047261820765249225,383,226.07945558011022,194.22534434678133,241.95669272320194,2.4382080020173134,383,91336.10005436452,78467.03911609965,97750.50386017359,985.0360328149947,383,0.9995923999395445,0.99609375,1.0,0.0003586761778316132,383,0.009713328555323593,0.008696221746504307,0.012879667803645134,0.00040478176110264103,383
kmnist,12,validation,83,0.4170159159984905,42000,0.005024288144560127,0.003478333994280547,0.006097500008763745,0.0004238328236574807,83,25224.67804295987,1149.975823649262,28011.051135129794,3192.1017914407585,83,100898.71217183948,4599.903294597048,112044.20454051917,12768.407165763034,83,0.9870712240058256,0.9852430820465088,0.9934895634651184,0.002192350623683085,83,0.0572858323533851,0.02633163332939148,0.08361293375492096,0.008396151996837325,83
kmnist,13,train,383,216.66592642010073,19796000,0.5657073796869471,0.5267640000092797,0.5971443330054171,0.005067679370083008,383,226.16707296164788,194.08083027621487,242.99306709977353,2.570948199356963,383,91371.4974765057,78408.6554315908,98169.1991083085,1038.663072540213,383,0.9998272898614251,0.9996580481529236,1.0,0.0001356446290489847,383,0.007598191243170836,0.00640870351344347,0.008627202361822128,0.00019908636235484278,383
kmnist,13,validation,83,0.41377404605736956,42000,0.004985229470570718,0.0033586249919608235,0.006544375006342307,0.0004460955359540449,83,25430.165961351082,1190.9635668091455,27979.414183069293,3249.689657842382,83,101720.66384540433,4763.854267236582,111917.65673227717,12998.758631369528,83,0.9868211437420673,0.9851190447807312,0.9921875,0.0020336607319585333,83,0.05634438192628952,0.02626282349228859,0.08185337483882904,0.008483042075288758,83
kmnist,14,train,383,216.7914375102264,19796000,0.5660350848830976,0.529722084000241,0.5936612499936018,0.005693126563590472,383,226.0416860876434,193.04347422258633,241.63614065964023,2.8329068793513663,383,91320.84117940791,77989.56358592489,97621.00082649465,1144.4943792579516,383,0.9997176974622761,0.9993206262588501,1.0,9.526479290159894e-05,383,0.006634495782789923,0.005156838335096836,0.00784265249967575,0.0003457694381626034,383
kmnist,14,validation,83,0.41225358584779315,42000,0.004966910672864978,0.0035049169964622706,0.006089791975682601,0.00036473507539308905,83,25481.30337971257,1141.253845394184,27432.731316647212,3081.0223160771734,83,101925.21351885029,4565.015381576736,109730.92526658885,12324.089264308694,83,0.9865825434765184,0.984375,0.9921875,0.0017130722888822074,83,0.05603459766920073,0.026019779965281487,0.07879669964313507,0.008562112873396666,83
kmnist,15,train,383,216.7905521306966,19796000,0.5660327731871974,0.5261958329938352,0.5867812910000794,0.005216435880094232,383,226.03819433801849,194.28850928672588,243.25544212642905,2.6243521909033922,383,91319.4305125595,78492.55775183726,98275.19861907733,1060.2382851249704,383,0.9997729657524248,0.9993489384651184,1.0,0.00010318252642607464,383,0.005226983299099551,0.0032806256785988808,0.005640903953462839,0.0002910835765211636,383
kmnist,15,validation,83,0.41711633166414686,42000,0.005025497971857191,0.0033210830006282777,0.00638554198667407,0.00046645885186857665,83,25238.639917088603,1204.4263871885423,28123.109850167246,3293.905156442408,83,100954.55966835441,4817.705548754169,112492.43940066898,13175.620625769632,83,0.9867759670119688,0.985131025314331,0.9921875,0.002052706621450427,83,0.05614430879253939,0.025791488587856293,0.08446505665779114,0.008853165243059881,83
kmnist,16,train,383,216.8521788379876,19796000,0.566193678428166,0.5267698749958072,0.5873926659987774,0.006002758149372134,383,225.98123063371347,193.07153191728557,242.99035703402518,2.9576631739435277,383,91296.41717602024,78000.89889458337,98168.10424174617,1194.8959222731853,383,0.9998159856771365,0.9993990659713745,1.0,8.098728954740956e-05,383,0.004461753943220131,0.0020750893745571375,0.00510034803301096,0.0003020001036788221,383
kmnist,16,validation,83,0.4238226321467664,42000,0.005106296772852607,0.0033115829864982516,0.0071244590217247605,0.0005814327559395504,83,24915.77075850138,1207.8815528128127,27536.7534515027,3472.5589470744458,83,99663.08303400553,4831.526211251251,110147.0138060108,13890.235788297783,83,0.9871823636882276,0.985131025314331,0.9934895634651184,0.0021753370483370794,83,0.05554412590362221,0.024281678721308708,0.08059504628181458,0.00909220707507235,83
kmnist,17,train,383,216.7216336770507,19796000,0.5658528294439966,0.5263337079959456,0.5823635420238134,0.005797712245354121,383,226.1151391653335,194.17814090217215,243.19172049111094,2.856491803200223,383,91350.51622279474,78447.96892447755,98249.45507840882,1154.0226884928902,383,0.9999127478263397,0.9998332858085632,1.0,5.579886012845006e-05,383,0.0035472268709188263,0.002775757107883692,0.0042243581265211105,0.00013429677309718515,383
kmnist,17,validation,83,0.4164067539095413,42000,0.00501694884228363,0.0034230830206070095,0.006021332985255867,0.00042785642599465557,83,25260.373454114557,1168.5372443262233,27560.463848003405,3199.7491214421984,83,101041.49381645823,4674.148977304893,110241.85539201362,12798.996485768794,83,0.9871510540146425,0.984375,0.9921875,0.001807070104924306,83,0.05669959463987006,0.027417682111263275,0.08468635380268097,0.008674462888525124,83
kmnist,18,train,383,216.94734581172816,19796000,0.566442156166392,0.5271427909901831,0.592016375012463,0.005453892654985738,383,225.8770352469879,193.37245367550724,242.81845865626894,2.731136709411558,383,91254.32223978311,78122.47128490492,98098.65729713265,1103.3792306022697,383,0.9999935572514647,0.9999378323554993,1.0,1.3433505121015675e-05,383,0.0029672215456828747,0.002815308514982462,0.004092739429324865,0.00020044667690239493,383
kmnist,18,validation,83,0.41629983199527487,42000,0.005015660626449095,0.003348208003444597,0.009653041983256117,0.0006378907876388321,83,25368.07141558799,1194.6689082293713,27913.066499492987,3383.759009715541,83,101472.28566235196,4778.675632917485,111652.26599797195,13535.036038862165,83,0.9867708079786186,0.984375,0.9921875,0.0016586374840541194,83,0.0575617230890027,0.030215449631214142,0.087262362241745,0.008743531824661492,83
kmnist,19,train,383,216.8384157139517,19796000,0.5661577433784639,0.5267275840160437,0.5985974159848411,0.006833998064414905,383,226.00243187154865,194.23513844877965,243.00986673996027,3.1906484722251847,383,91304.98247610568,78470.99593330699,98175.98616294394,1289.0219827789742,383,0.9999357838543526,0.9997888803482056,1.0,3.644427896969257e-05,383,0.002603344047836006,0.0024034001398831606,0.006539691239595413,0.0003207823767230266,383
kmnist,19,validation,83,0.4222595859901048,42000,0.005087464891447046,0.0033520830038469285,0.0064312919857911766,0.00043351045109592723,83,24899.916360902644,1193.287873662289,27372.85208848047,3140.83068318939,83,99599.66544361057,4773.151494649156,109491.40835392188,12563.32273275756,83,0.9876631828675787,0.9858871102333069,0.9934895634651184,0.0019877502793064993,83,0.05640111224030156,0.026885585859417915,0.0845101922750473,0.009202199179567024,83
kmnist,20,train,383,216.94712945315405,19796000,0.5664415912614988,0.5263444169831928,0.5881867919815704,0.0071135642102120355,383,225.8924268478561,194.29684252195204,243.18677251987893,3.3219115893094533,383,91260.54044653387,78495.92437886863,98247.45609803108,1342.0522820810186,383,0.9999207877614791,0.999218761920929,1.0,0.00010160646350960827,383,0.0020784670696776197,0.0014532478526234627,0.0029457909986376762,0.00022917158963481457,383
kmnist,20,validation,83,0.4382022072386462,42000,0.005279544665525858,0.0034145420067943633,0.010540375020354986,0.0008228853584098891,83,24236.874962547434,1171.4601817873888,27430.52672680512,3622.8685311418517,83,96947.49985018974,4685.840727149555,109722.10690722048,14491.474124567407,83,0.9874555468559265,0.9855090975761414,0.9934895634651184,0.002100862427116609,83,0.05667036089552454,0.026840193197131157,0.0808289647102356,0.009485432342887483,83
kmnist,21,train,383,216.83910899443435,19796000,0.5661595535102725,0.5266689589770976,0.5867005829932168,0.007105708985102757,383,226.00516155090776,193.9627689370999,243.03691686824118,3.3371385178906237,383,91306.08526656673,78360.95865058836,98186.91441476943,1348.203961227812,383,0.9999851861448263,0.9999579787254333,1.0,1.4968025248523092e-05,383,0.001598837003950759,0.0013731509679928422,0.0019542400259524584,8.366977935196813e-05,383
kmnist,21,validation,83,0.4235675869276747,42000,0.005103223938887647,0.0033818329975474626,0.009796750004170462,0.0006875648806052509,83,24978.81487386897,1182.7905171251325,27541.19134308979,3496.1898536755034,83,99915.25949547588,4731.16206850053,110164.76537235916,13984.759414702014,83,0.9873279713722597,0.9858566522598267,0.9921875,0.0018197963483571114,83,0.057782445058047055,0.03275919705629349,0.08899878710508347,0.009313676895361845,83
kmnist,22,train,383,217.0716745298414,19796000,0.566766774229351,0.525448750006035,0.58905725000659,0.006640395437751543,383,225.7579533312971,193.96640165055098,243.60130269323102,3.139251305809439,383,91206.21314584404,78362.42626682259,98414.92628806533,1268.257527547013,383,0.9999998398611502,0.9999794960021973,1.0,1.8023084380909917e-06,383,0.001434200557311097,0.0013156747445464134,0.0028739571571350098,0.00011844925438243995,383
kmnist,22,validation,83,0.4246302089304663,42000,0.005116026613620076,0.003306749975308776,0.01013891599723138,0.0008059066639196269,83,25011.125315792877,1209.6469433333828,27839.704217500308,3705.73508731242,83,100044.5012631715,4838.587773333531,111358.81687000123,14822.94034924968,83,0.9872743853603501,0.9856351017951965,0.9921875,0.0018541468368759686,83,0.05817029562341162,0.031782396137714386,0.08735087513923645,0.009660046318745818,83
kmnist,23,train,383,217.13105053282925,19796000,0.5669218029577787,0.5288852920057252,0.5888337079959456,0.006429012892116985,383,225.69426151433478,193.77977794446278,242.0184526489241,3.0664450227521662,383,91180.48165179124,78287.03028956296,97775.45487016534,1238.8437891918757,383,1.0,1.0,1.0,0.0,383,0.0011833306227496997,0.0009121756302192807,0.0013085560640320182,2.6967746092370788e-05,383
kmnist,23,validation,83,0.4207408780348487,42000,0.005069167205239141,0.003322709002532065,0.012811041990062222,0.0009453535244800692,83,25259.91621663849,1203.8369887196882,27538.975322408613,3562.955739955353,83,101039.66486655395,4815.347954878753,110155.90128963445,14251.822959821411,83,0.9869358259511282,0.9852570295333862,0.9921875,0.0019588299908537576,83,0.05961196012346141,0.03265552595257759,0.08892641216516495,0.009910086858493499,83
kmnist,24,train,383,216.90720039317966,19796000,0.5663373378412002,0.5276984589872882,0.5968709170119837,0.007615028310552674,383,225.93962471977306,193.80159441231075,242.56277011997759,3.519800836446406,383,91279.60838678831,78295.84414257354,97995.35912847094,1421.9995379243478,383,0.9999945448521845,0.9999734163284302,1.0,9.88122203052534e-06,383,0.0009439151778795292,0.0007851448026485741,0.0010920772328972816,4.818887925258221e-05,383
kmnist,24,validation,83,0.4229357441072352,42000,0.005095611374785967,0.0033770409936551005,0.006865167000796646,0.0004849788675538783,83,24898.097215090296,1184.468890817534,27449.65077712772,3258.60549925636,83,99592.38886036118,4737.875563270136,109798.60310851088,13034.42199702544,83,0.9870907269328474,0.9853830933570862,0.9921875,0.001949412348434568,83,0.05934957441795303,0.03140907362103462,0.08744140714406967,0.010202448262291238,83
kmnist,25,train,383,217.00046663481044,19796000,0.5665808528324032,0.5281615419953596,0.5887487500149291,0.006167256084113443,383,225.8278753841914,193.55965895251848,242.35009523113783,2.9873535286862833,383,91234.46165521332,78198.10221681747,97909.43847337969,1206.890825589259,383,1.0,1.0,1.0,0.0,383,0.0008064033275144297,0.00034876586869359016,0.0008745303493924439,6.189945597234755e-05,383
kmnist,25,validation,83,0.41647167108021677,42000,0.005017730976870081,0.0035412079887464643,0.007234832999529317,0.0005373850351421658,83,25338.24028058084,1129.5580527073027,27860.155074672628,3403.0492178367003,83,101352.96112232337,4518.232210829211,111440.62029869051,13612.196871346801,83,0.9869414668485342,0.9852570295333862,0.9921875,0.0019873856223234163,83,0.06069499119577638,0.03244529664516449,0.08877381682395935,0.010400449662491198,83
kmnist,26,train,383,216.86984591349028,19796000,0.5662398065626378,0.5270288749889005,0.5934792920015752,0.0063053337436348965,383,225.96448790759504,194.7162768425838,242.8709432717434,2.991314674824572,383,91289.6531146684,78665.37584440385,98119.86108178433,1208.4911286291267,383,1.0,1.0,1.0,0.0,383,0.0006513562778074187,0.0002615357516333461,0.0008708959212526679,3.5326819805594944e-05,383
kmnist,26,validation,83,0.40637287514982745,42000,0.004896058736744909,0.003536291973432526,0.0061257919878698885,0.00025950204303636315,83,25798.05257383889,1131.1283203002529,27687.39710022217,2903.4788651560834,83,103192.21029535556,4524.5132812010115,110749.58840088868,11613.915460624334,83,0.9870100832847227,0.9853830933570862,0.9921875,0.0019830712873176227,83,0.06126930542200445,0.032616399228572845,0.0882643461227417,0.010196708833849743,83
kmnist,27,train,383,216.93331216392107,19796000,0.5664055147883057,0.5267241249966901,0.5903506249887869,0.008104255039710096,383,225.91916182696326,192.37032755578082,243.0114625959165,3.7651821267382495,383,91271.34137809319,77717.61233253544,98176.63088875027,1521.133579202253,383,1.0,1.0,1.0,0.0,383,0.0005956314666459322,0.00038682291051372886,0.0007050216081552207,3.6188889161747106e-05,383
kmnist,27,validation,83,0.4110217889538035,42000,0.004952069746431367,0.0033087919873651117,0.0060794159944634885,0.0003741480233796406,83,25546.323801543105,1208.9004129828413,27604.054312982116,3076.7061603915954,83,102185.29520617242,4835.601651931365,110416.21725192846,12306.824641566382,83,0.9873895896486489,0.9858871102333069,0.9921875,0.001793289976641282,83,0.062320703393723594,0.03374539688229561,0.09207870066165924,0.010331612011994234,83
kmnist,28,train,383,217.2787072987412,19796000,0.5673073297617264,0.5284654170100112,0.6219177909952123,0.006374803676549675,383,225.54037713215035,192.369675325345,242.21074053285722,3.0415763280935404,383,91118.31236138874,77717.34883143939,97853.13917527432,1228.7968365497904,383,1.0,1.0,1.0,0.0,383,0.0004900491589895516,0.00025476078735664487,0.0006493004621006548,2.5929247756736546e-05,383
kmnist,28,validation,83,0.42638482895563357,42000,0.005137166613923296,0.003399084002012387,0.006378499994752929,0.0005069191190624526,83,24719.93516304494,1176.7876279703144,27449.1621747006,3342.376581834677,83,98879.74065217975,4707.150511881257,109796.6486988024,13369.506327338708,83,0.9873699445322336,0.9858871102333069,0.9921875,0.0018007516903885518,83,0.0634367387427623,0.033435236662626266,0.09118857979774475,0.010768154004529322,83
kmnist,29,train,383,217.0231239888235,19796000,0.5666400104146828,0.5297353749920148,0.585432708990993,0.005523805200873556,383,225.79808339974284,194.46226625755992,241.6300780402469,2.7063561466819674,383,91222.42569349609,78562.75556805421,97618.55152825975,1093.3678832595147,383,1.0,1.0,1.0,0.0,383,0.0003989634638884428,0.000248113734414801,0.0006155551527626812,2.6279401776743515e-05,383
kmnist,29,validation,83,0.40439504708047025,42000,0.004872229482897232,0.003252624999731779,0.005612542008748278,0.00023997256659016744,83,25891.48905999614,1229.775950295485,27423.180823405655,2843.0382516900972,83,103565.95623998456,4919.10380118194,109692.72329362262,11372.153006760389,83,0.9870577648461584,0.9854910969734192,0.9921875,0.0019179363815662936,83,0.06399239545845124,0.03432847559452057,0.0943300798535347,0.010883786808751402,83
kmnist,30,train,383,217.1527951224998,19796000,0.5669785773433416,0.5280036669864785,0.5886427499935962,0.006767087929650538,383,225.67573800938786,192.59871544937158,242.4225587874145,3.2418884180000758,383,91172.99815579268,77809.88104154612,97938.71375011545,1309.7229208720303,383,1.0,1.0,1.0,0.0,383,0.00036721764458069826,0.0002370492584304884,0.0003973886196035892,2.2431363637777458e-05,383
kmnist,30,validation,83,0.41545412701088935,42000,0.005005471409769751,0.0033525000035297126,0.006464000005507842,0.0004205513545394117,83,25305.301326760007,1193.1394469167967,27584.720644271907,3163.1966080531665,83,101221.20530704003,4772.557787667187,110338.88257708763,12652.786432212666,83,0.9874648387173572,0.9860131144523621,0.9921875,0.0017563859332804092,83,0.06479968278702483,0.035522762686014175,0.09929899126291275,0.01072554947264015,83
kmnist,31,train,383,217.0813666730246,19796000,0.5667920800862262,0.527642334025586,0.5886542910011485,0.00658184869187778,383,225.74792266442324,193.03353122825786,242.58857135938817,3.1586911453224644,383,91202.160756427,77985.54661621618,98005.78282919282,1276.1112227102758,383,1.0,1.0,1.0,0.0,383,0.0002723251576463974,0.00011867832654388621,0.0002959429402835667,2.4555128618972086e-05,383
kmnist,31,validation,83,0.41028383720549755,42000,0.004943178761512019,0.0034033749834634364,0.007381250004982576,0.00047283363700789996,83,25653.843244242475,1175.3039319603301,27957.774157937656,3219.9952742698324,83,102615.3729769699,4701.215727841321,111831.09663175062,12879.98109707933,83,0.9869599091001304,0.9853830933570862,0.9921875,0.0019726067039651106,83,0.06592980404216123,0.03544263541698456,0.09605082869529724,0.01131463813305699,83
kmnist,32,train,383,217.13195316397469,19796000,0.5669241596970619,0.5272418340027798,0.5902273330138996,0.006204932944611119,383,225.69179828417666,192.95348707735226,242.7728449167885,3.023535944007608,383,91179.48650680737,77953.20877925032,98080.22934638255,1221.5085213790735,383,1.0,1.0,1.0,0.0,383,0.00025638232968733026,0.00023774812871124595,0.0004960104124620557,2.1986282518830242e-05,383
kmnist,32,validation,83,0.41197895983350463,42000,0.004963601925704875,0.0033927090116776526,0.006641499989200383,0.0004436249283298194,83,25538.705460165667,1178.998843175781,27922.44969595961,3227.165062650028,83,102154.82184066267,4715.995372703124,111689.79878383844,12908.660250600113,83,0.9868062138557434,0.9852570295333862,0.9921875,0.0020006092307361827,83,0.06696880209338234,0.03511245548725128,0.10038118064403534,0.011607707768083753,83
kmnist,33,train,383,217.14458224514965,19796000,0.5669571337993463,0.5277778329909779,0.5882770419993903,0.006315391286268298,383,225.68000949338267,192.33661891476342,242.52629041771084,3.0838718240103287,383,91174.7238353266,77703.99404156442,97980.62132875518,1245.8842169001723,383,1.0,1.0,1.0,0.0,383,0.0002081401359810258,0.00012500362936407328,0.000440218165749684,1.994854363639957e-05,383
kmnist,33,validation,83,0.4127268760930747,42000,0.004972612964976804,0.00339466700097546,0.0060707090015057474,0.0003418420995059146,83,25427.94793535143,1178.318815615964,27862.932515924545,3011.384786815295,83,101711.79174140572,4713.275262463856,111451.73006369818,12045.53914726118,83,0.9872220934155476,0.9857611060142517,0.9921875,0.0018453445481679358,83,0.06821370753179114,0.036159221082925797,0.10048733651638031,0.011771362269685582,83
kmnist,34,train,383,217.21343007867108,19796000,0.5671368931557992,0.5273280839901417,0.5815287080185954,0.006307581296278879,383,225.60777297689532,193.54004278712316,242.73313689546055,3.0395331283532294,383,91145.54028266571,78190.17728599776,98064.18730576607,1227.971383854704,383,1.0,1.0,1.0,0.0,383,0.0001753757797973717,0.0001468755363021046,0.0002943765139207244,9.78985831649082e-06,383
kmnist,34,validation,83,0.41936879220884293,42000,0.005052636050708951,0.0034170839935541153,0.006010582990711555,0.0004197019711136356,83,25076.14368618671,1170.5887263952188,27532.802696889008,3180.8424674905714,83,100304.57474474685,4682.354905580875,110131.21078755603,12723.369869962286,83,0.9872914969202984,0.9858217835426331,0.9921875,0.001813290631405447,83,0.06845996232636004,0.03628383204340935,0.10195063799619675,0.01173591465942869,83
kmnist,35,train,383,217.19961483540828,19796000,0.5671008220245647,0.5312301660014782,0.5902776249859016,0.006367721343990253,383,225.62196044341667,194.37544738619724,240.95017224538378,3.010122070840479,383,91151.27201914035,78527.68074402369,97343.86958713505,1216.0893166195535,383,1.0,1.0,1.0,0.0,383,0.00014633685361816457,0.00010463583748787642,0.00017220195150002837,5.943291829359613e-06,383
kmnist,35,validation,83,0.4250918298494071,42000,0.0051215883114386395,0.0034162910014856607,0.007788707996951416,0.0006037255052517601,83,24860.477087162366,1170.8604443416848,27680.1643767982,3492.050020206021,83,99441.90834864946,4683.441777366739,110720.6575071928,13968.200080824085,83,0.9870459458914148,0.9855090975761414,0.9921875,0.0019297896261529551,83,0.0693555138556354,0.03725375235080719,0.10507018119096756,0.011882061516524533,83
kmnist,36,train,383,217.09710079815704,19796000,0.5668331613528904,0.5279918330197688,0.6169040409731679,0.007227523766083757,383,225.73719511201716,193.69416863339984,242.42799224359874,3.336384231026989,383,91197.82682525493,78252.44412789354,97940.9088664139,1347.8992293349033,383,1.0,1.0,1.0,0.0,383,0.000121962047039088,4.498260386753827e-05,0.00017930507601704448,1.0800385160885538e-05,383
kmnist,36,validation,83,0.4112529110570904,42000,0.004954854350085427,0.003390833007870242,0.0063574580126442015,0.0003550516470884013,83,25527.253371648138,1179.6511331333215,27596.61518672734,3045.3502321530023,83,102109.01348659255,4718.604532533286,110386.46074690936,12181.400928612009,83,0.9868543507104897,0.9852570295333862,0.9921875,0.0019806766067628095,83,0.06999973611659314,0.03619518131017685,0.10403186827898026,0.012278935312522875,83
kmnist,37,train,383,217.17508855540655,19796000,0.5670367847399649,0.5296034580096602,0.585849709023023,0.006390057614938376,383,225.64880033611746,192.63886444550428,241.6902647898972,3.0966652696508583,383,91162.11533579144,77826.10123598373,97642.86697511848,1251.0527689389469,383,1.0,1.0,1.0,0.0,383,0.00010688107976855287,9.548797243041918e-05,0.00022975250612944365,7.945056150393064e-06,383
kmnist,37,validation,83,0.40612496112589724,42000,0.004893071820793943,0.0033143330074381083,0.005547000007936731,0.0002319089498587502,83,25781.67126826887,1206.8793301768715,27234.28022669555,2822.899965431792,83,103126.68507307548,4827.517320707486,108937.1209067822,11291.599861727169,83,0.9872408545160868,0.9857611060142517,0.9921875,0.001850593073554042,83,0.0722821822995881,0.03964056447148323,0.10859187692403793,0.012023089106782577,83
kmnist,38,train,383,217.20413604506757,19796000,0.5671126267495237,0.5275337499915622,0.5912815829797182,0.007890410752742773,383,225.6333289215749,194.56349376041712,242.638504175415,3.5910580913798156,383,91155.86488431627,78603.65147920852,98025.95568686766,1450.7874689174455,383,1.0,1.0,1.0,0.0,383,8.58655735397743e-05,3.511770773911849e-05,0.00010616760118864477,4.753603968893526e-06,383
kmnist,38,validation,83,0.42090000183088705,42000,0.0050710843594082775,0.0034140000061597675,0.0065350839868187904,0.0004115305368087048,83,24973.618929421227,1171.6461607448541,27705.12999344489,3121.6831251292556,83,99894.47571768491,4686.5846429794165,110820.51997377956,12486.732500517022,83,0.9870396550879421,0.9853830933570862,0.9921875,0.0019540711807304227,83,0.07236345592572029,0.03833096846938133,0.10755032300949097,0.01241499183682237,83
kmnist,39,train,383,217.10342246369692,19796000,0.5668496670070415,0.5252086660184432,0.5865735420084093,0.007503732719555205,383,225.73655318366468,189.80470418645984,243.7126580000208,3.6127386918734627,383,91197.56748620051,76681.10049132977,98459.91383200842,1459.5464315168795,383,1.0,1.0,1.0,0.0,383,7.00743877742769e-05,4.532504317467101e-05,7.54305292502977e-05,5.320580194518608e-06,383
kmnist,39,validation,83,0.40433066902915016,42000,0.004871453843724701,0.0033589590166229755,0.005654417007463053,0.00024617338071809765,83,25909.407298623595,1190.8451339253056,27829.8681280901,2881.1273838495035,83,103637.62919449438,4763.3805357012225,111319.4725123604,11524.509535398014,83,0.9872470253921417,0.9857611060142517,0.9921875,0.0018488137153311838,83,0.07385571318936635,0.040078770369291306,0.10968533158302307,0.012386251746488346,83
kmnist,40,train,383,217.174833229481,19796000,0.5670361180926398,0.5284727909893263,0.6229146250116173,0.007881547078035112,383,225.66330848372772,193.99677900419016,242.20736087543483,3.563877668197988,383,91167.97662742599,78374.69871769282,97851.77379367567,1439.8065779519873,383,1.0,1.0,1.0,0.0,383,6.0968142448193164e-05,3.185460082022473e-05,6.824304000474513e-05,3.18792634284721e-06,383
kmnist,40,validation,83,0.40768441813997924,42000,0.004911860459517822,0.003293957997811958,0.006137250020401552,0.00031719059590498705,83,25723.534051531944,1214.3445674343864,27901.147060004816,2983.6426188541345,83,102894.13620612778,4857.378269737545,111604.58824001926,11934.570475416538,83,0.9869656929050583,0.9854525923728943,0.9921875,0.0019569580817574866,83,0.07445462568696723,0.03932628408074379,0.11044617742300034,0.012953901949241809,83
kmnist,41,train,383,217.55818541138433,19796000,0.5680370376276354,0.5302247910003643,0.6665233749954496,0.009026461313484599,383,225.27928442192203,187.9654940604746,241.40704503556879,3.961316502734253,383,91012.83090645648,75938.05960043173,97528.44619436978,1600.3718671046388,383,1.0,1.0,1.0,0.0,383,5.37867348488571e-05,4.535609332378954e-05,0.00017791987920645624,7.738042401520464e-06,383
kmnist,41,validation,83,0.4087255409103818,42000,0.0049244041073539975,0.0032624999876134098,0.005717791995266452,0.0003242708417461895,83,25661.090651463393,1226.0536445016473,27907.741504708083,3008.083606835745,83,102644.36260585357,4904.214578006589,111630.96601883233,12032.33442734298,83,0.9871557383652193,0.9852570295333862,0.9934895634651184,0.002187278094654313,83,0.07592604255460832,0.04190072789788246,0.11016406863927841,0.012586491432988782,83
kmnist,42,train,383,217.18691270283307,19796000,0.5670676571875537,0.5277624170121271,0.6012199999822769,0.010132793679226704,383,225.68190952471372,192.79834841167389,242.53337462841498,4.5089434543977225,383,91175.49144798436,77890.53275831624,97983.48334987965,1821.6131555766797,383,1.0,1.0,1.0,0.0,383,4.597048636937882e-05,1.535086084913928e-05,5.692041668226011e-05,3.8819410944772915e-06,383
kmnist,42,validation,83,0.41229020882747136,42000,0.004967351913583992,0.0033304170065093786,0.006857208994915709,0.00035446152150823106,83,25452.57657244019,1201.0507969968642,28027.15132544624,3002.963464681121,83,101810.30628976076,4804.203187987457,112108.60530178496,12011.853858724484,83,0.9873411705695003,0.9856351017951965,0.9921875,0.0018794067720953203,83,0.07672792372394757,0.04082268103957176,0.10358276218175888,0.013007006839584861,83
kmnist,43,train,383,217.1869932509435,19796000,0.567067867495936,0.5281984159955755,0.6683904590026941,0.010427524906488593,383,225.6812092495123,191.50482816733933,242.33317655589525,4.384081788656922,383,91175.20853680298,77367.9505796051,97902.60332858168,1771.1690426173961,383,1.0,1.0,1.0,0.0,383,4.134518014192314e-05,1.7208216377184726e-05,6.034223042661324e-05,4.4336610895495586e-06,383
kmnist,43,validation,83,0.4177487459674012,42000,0.00503311742129399,0.0031951659766491503,0.008909249998396263,0.0006793107798624676,83,25306.37116718143,1251.8911471994638,27562.938807570063,3452.4450280625815,83,101225.48466872572,5007.564588797855,110251.75523028025,13809.780112250326,83,0.9873476028442383,0.9856351017951965,0.9934895634651184,0.0020847013015168774,83,0.07747727017625268,0.04215060919523239,0.1171649619936943,0.013141572952908237,83
kmnist,44,train,383,217.14008028179524,19796000,0.5669453793258361,0.5274398330075201,0.613434667000547,0.007513243437297806,383,225.69609661540645,193.22908562333924,242.68170886929394,3.4747800072548576,383,91181.22303262418,78064.55059182906,98043.41038319476,1403.8111229309625,383,1.0,1.0,1.0,0.0,383,3.216146499750766e-05,2.3146138119045645e-05,3.526942236931063e-05,1.0909067868175783e-06,383
kmnist,44,validation,83,0.40715778587036766,42000,0.004905515492414068,0.0033361249952577055,0.006644374981988221,0.0003042772752739974,83,25748.936156941327,1198.9958426875467,27520.22362194125,2930.0635556567363,83,102995.7446277653,4795.983370750187,110080.894487765,11720.254222626945,83,0.9870419250913414,0.9853830933570862,0.9921875,0.0019515643588420512,83,0.07893675830529397,0.04256108030676842,0.11758620291948318,0.013315909300543905,83
kmnist,45,train,383,217.0946785688575,19796000,0.566826836994406,0.5280836659949273,0.5879383750143461,0.007151176181182217,383,225.73852366222783,195.09500211969083,242.38583437123305,3.2852166940340854,383,91198.36355954004,78818.38085635508,97923.87708597815,1327.2275443897709,383,1.0,1.0,1.0,0.0,383,2.6538492574866535e-05,2.4990287784021348e-05,4.3755419028457254e-05,1.615255555109765e-06,383
kmnist,45,validation,83,0.40999591880245134,42000,0.0049397098650897754,0.0033749580034054816,0.009979458001907915,0.0006058226127954297,83,25708.931382797153,1185.1999331440045,27571.844669142083,3194.9423200510846,83,102835.72553118861,4740.799732576018,110287.37867656833,12779.769280204338,83,0.9871802947607385,0.9855090975761414,0.9934895634651184,0.0021337011336803333,83,0.08019927983362991,0.04387862980365753,0.1203642413020134,0.013640281666185796,83
kmnist,46,train,383,217.10661933504161,19796000,0.5668580139296125,0.524748332973104,0.598101499985205,0.00955270239546855,383,225.75639740094604,193.95244490489856,243.92645380077968,4.255676173740888,383,91205.58454998219,78356.78774157901,98546.287335515,1719.2931741913187,383,1.0,1.0,1.0,0.0,383,2.2342482450805414e-05,1.607038029760588e-05,2.7220976335229352e-05,1.6921155274530997e-06,383
kmnist,46,validation,83,0.41453438106691465,42000,0.004994390133336321,0.003208999987691641,0.008748708001803607,0.0005974911258691004,83,25444.552429302024,1246.494239745185,27649.024946537298,3330.461953913496,83,101778.2097172081,4985.97695898074,110596.09978614919,13321.847815653984,83,0.9868556261062622,0.9852570295333862,0.9921875,0.002009836598204916,83,0.0812482891761395,0.044167410582304,0.1210881769657135,0.013701005866344216,83
kmnist,47,train,383,217.4306257883145,19796000,0.5677039837815,0.5248601250059437,0.5894255420134868,0.007123662396067524,383,225.39010251465197,193.6478839042902,243.87449894112356,3.3147723648823875,383,91057.6014159194,78233.74509733325,98525.29757221392,1339.1680354124844,383,1.0,1.0,1.0,0.0,383,1.9312352155401815e-05,1.797535878722556e-05,4.426419400260784e-05,2.3156665428285415e-06,383
kmnist,47,validation,83,0.4079031709115952,42000,0.00491449603507946,0.003305541002191603,0.005649500002618879,0.0002776235774922563,83,25690.445000246982,1210.0893612718658,27807.951284727675,2910.876651233565,83,102761.78000098793,4840.357445087463,111231.8051389107,11643.50660493426,83,0.9868044767035059,0.985131025314331,0.9921875,0.0020371758360225576,83,0.0825137525168528,0.044575318694114685,0.12088938802480698,0.013981205595476377,83
kmnist,48,train,383,217.23165292391786,19796000,0.5671844723862085,0.5295115420012735,0.5843930839910172,0.006886877448686077,383,225.59381375677228,194.5177782704362,241.73221893563968,3.20864744919739,383,91139.900757736,78585.18242125622,97659.81644999843,1296.2935694757457,383,1.0,1.0,1.0,0.0,383,1.6164279323216835e-05,1.5284558685380034e-05,3.646991535788402e-05,1.3060703912988556e-06,383
kmnist,48,validation,83,0.401080920943059,42000,0.004832300252326012,0.0032722920004744083,0.005566084000747651,0.00023813939203058235,83,26110.06020118948,1222.3847992233243,27885.446573881774,2876.0521366335347,83,104440.24080475792,4889.539196893297,111541.7862955271,11504.208546534139,83,0.9872267296515316,0.9852570295333862,0.9934895634651184,0.002154421351461335,83,0.08303819448653474,0.04588160291314125,0.12239601463079453,0.013765911837476672,83
kmnist,49,train,383,217.22304470691597,19796000,0.5671619966238015,0.5276357080147136,0.6135693749820348,0.0075554603838391965,383,225.6097135481275,193.93955957998855,242.59161776903585,3.4501977192357276,383,91146.32427344352,78351.58207031537,98007.01357869047,1393.8798785712338,383,1.0,1.0,1.0,0.0,383,1.2660902850337854e-05,5.298640189721482e-06,1.369901201542234e-05,1.2316379231195765e-06,383
kmnist,49,validation,83,0.40853283190517686,42000,0.004922082312110564,0.0033273749868385494,0.005696417007129639,0.0002679588582070418,83,25646.605214039173,1202.1488458084896,27530.582166525986,2882.8617227867717,83,102586.42085615669,4808.595383233958,110122.32866610395,11531.446891147087,83,0.9867946247020399,0.985131025314331,0.9921875,0.002042106678599597,83,0.08533924714808004,0.04646475240588188,0.12436734139919281,0.014450524293505462,83
kmnist,50,train,383,217.22544090476003,19796000,0.5671682530150393,0.5289695000101347,0.5899443750095088,0.007095131093809692,383,225.6030247812913,193.50808291765594,241.97992511391985,3.325804552758044,383,91143.62201164167,78177.265498733,97759.88974602362,1343.6250393142498,383,1.0,1.0,1.0,0.0,383,1.1394392993195073e-05,1.0408068192191422e-05,1.4852979802526534e-05,4.258960926904697e-07,383
kmnist,50,validation,83,0.40524417004780844,42000,0.004882459880094078,0.004032041993923485,0.005541500024264678,0.00019480948541207775,83,25887.944923751416,992.0531596715078,27596.859173706693,2885.0015903746653,83,103551.77969500567,3968.2126386860314,110387.43669482677,11540.006361498661,83,0.9872469866132162,0.9853830933570862,0.9934895634651184,0.0021814128151596813,83,0.08563663141734629,0.04619632661342621,0.12752585113048553,0.01456817286005359,83
kmnist,51,train,383,217.26626170103555,19796000,0.5672748347285523,0.5270280829863623,0.5864963750063907,0.007289687440802433,383,225.56311202080144,192.85978375605117,242.87130825116242,3.4235512218962136,383,91127.49725640379,77915.35263744468,98120.00853346962,1383.11469364607,383,1.0,1.0,1.0,0.0,383,9.51167108324951e-06,8.218614311772399e-06,1.1380502655811142e-05,4.85699966340877e-07,383
kmnist,51,validation,83,0.4065817028749734,42000,0.004898574733433415,0.0034357499971520156,0.0065637500083539635,0.0003036116367445045,83,25796.591254599505,1164.2290630330222,27668.448891665434,2963.667182622002,83,103186.36501839802,4656.916252132089,110673.79556666173,11854.668730488009,83,0.987123940364424,0.9852570295333862,0.9921875,0.0019966959002283412,83,0.08639642035207117,0.04593238607048988,0.1282329261302948,0.014841105635894698,83
kmnist,52,train,383,217.37124816977303,19796000,0.5675489508349165,0.5272525000036694,0.5836881669820286,0.006970514072495497,383,225.45124647671486,191.9247063452064,242.76793376818352,3.3304350293084886,383,91082.3035765928,77537.58136346338,98078.24524234615,1345.4957518406302,383,1.0,1.0,1.0,0.0,383,8.072028740143674e-06,2.872181084967451e-06,2.41777888732031e-05,1.3904252911967312e-06,383
kmnist,52,validation,83,0.4146938331250567,42000,0.0049963112424705625,0.003335916990181431,0.009976333007216454,0.0006094676958160059,83,25414.174926081774,1199.0706039068589,27303.75434574108,3171.619421676715,83,101656.6997043271,4796.2824156274355,109215.01738296432,12686.47768670686,83,0.9871750402163311,0.9855090975761414,0.9921875,0.0019627230227115275,83,0.08815391514315662,0.04810453951358795,0.1342974454164505,0.014773753369409198,83
kmnist,53,train,383,217.178210956743,19796000,0.5670449372238721,0.5279917920124717,0.608911999996053,0.009550146774961948,383,225.6818657821326,193.40613688441667,242.4280110721428,4.248810791197788,383,91175.47377598158,78136.07930130433,97940.91647314568,1716.519559643907,383,1.0,1.0,1.0,0.0,383,6.8088891818444975e-06,3.489519485810888e-06,7.539569651271449e-06,4.876193427555358e-07,383
kmnist,53,validation,83,0.4079302060417831,42000,0.004914821759539555,0.0034235409984830767,0.005665999982738867,0.0002485830545501693,83,25684.777362991717,1168.3809254138753,27537.24517722935,2868.006127540566,83,102739.10945196687,4673.523701655501,110148.9807089174,11472.024510162264,83,0.9866560101509094,0.984375,0.9921875,0.0017213699785687839,83,0.09039388287318759,0.049745913594961166,0.13116955757141113,0.014910560290019645,83
kmnist,54,train,383,217.43795103611774,19796000,0.5677231097548766,0.5277743749902584,0.5839047909830697,0.007893983497264842,383,225.39149750035895,193.02097727333316,242.52787946054147,3.634441998411076,383,91058.16499014504,77980.47481842659,97981.26330205875,1468.3145673580746,383,1.0,1.0,1.0,0.0,383,5.446126080366528e-06,2.3506313482357655e-06,5.885187874810072e-06,4.127013589199319e-07,383
kmnist,54,validation,83,0.4117564569460228,42000,0.004960921168024371,0.003815166011918336,0.005732165998779237,0.00025059479239402483,83,25478.474141132316,1048.4471678307718,27675.675667316224,2903.945968656831,83,101913.89656452926,4193.788671323087,110702.7026692649,11615.783874627325,83,0.9870833417019212,0.9852570295333862,0.9921875,0.002011515109272127,83,0.09089445964579122,0.04940854385495186,0.13369370996952057,0.015205995241700219,83
kmnist,55,train,383,217.40539196526515,19796000,0.5676380991260187,0.5265176670218352,0.5983333750045858,0.007680799026277856,383,225.4227913429022,192.85622241336478,243.1067521893652,3.551981569874305,383,91070.80770253247,77913.91385499937,98215.12788450354,1435.0005542292192,383,1.0,1.0,1.0,0.0,383,5.1553174006521205e-06,3.926556928490754e-06,6.274899078562157e-06,2.8538551871028703e-07,383
kmnist,55,validation,83,0.4061461659439374,42000,0.0048933273005293655,0.003328041988424957,0.00678070800495334,0.0003246809926516404,83,25824.74059570341,1201.9079127944105,27517.01686197181,2981.7964191382,83,103298.96238281364,4807.631651177642,110068.06744788724,11927.1856765528,83,0.9874430320349085,0.9855090975761414,0.9934895634651184,0.002125256968312723,83,0.09164000805242951,0.05120159685611725,0.1361040323972702,0.015057948033143122,83
kmnist,56,train,383,217.28817454286036,19796000,0.567332048414779,0.5268352909770329,0.605140500003472,0.009488909508672802,383,225.56747292330311,192.29543987665429,242.96018545496435,4.257482791338332,383,91129.25906101445,77687.35771016833,98155.91492380558,1720.0230477006862,383,1.0,1.0,1.0,0.0,383,3.73309013956911e-06,9.136264225162449e-07,4.0432946661894675e-06,3.200898350066432e-07,383
kmnist,56,validation,83,0.4193960011471063,42000,0.005052963869242245,0.0034583749948069453,0.007754499994916841,0.000557715412010298,83,25149.543528035763,1156.612572669636,27373.823714352453,3309.9825932730614,83,100598.17411214305,4626.450290678544,109495.29485740981,13239.930373092246,83,0.9868039625236787,0.984375,0.9921875,0.0016895765792725034,83,0.09291145569050169,0.05158735439181328,0.1374872475862503,0.015252636957076168,83
kmnist,57,train,383,217.33518904598895,19796000,0.5674548016866552,0.5276442079921253,0.5870848749764264,0.007733849034101681,383,225.49646177190237,192.53740174619236,242.5877097885443,3.58683239801319,383,91100.57055584856,77785.11030546171,98005.43475457189,1449.0802887973293,383,1.0,1.0,1.0,0.0,383,3.379433664129313e-06,2.5890328743116697e-06,3.824834493570961e-06,1.2842769951844042e-07,383
kmnist,57,validation,83,0.40754550191923045,42000,0.0049101867701112105,0.0032596249948255718,0.006610165990423411,0.0003302462709969324,83,25734.281934345025,1227.135025148513,27948.361170703924,2990.2804878733614,83,102937.1277373801,4908.540100594052,111793.4446828157,11961.121951493446,83,0.9869821653308639,0.9852570295333862,0.9921875,0.002023722091890374,83,0.09419150776173695,0.0524420365691185,0.14128564298152924,0.015438086803756558,83
kmnist,58,train,383,217.34673817176372,19796000,0.5674849560620463,0.5290730000124313,0.59304058298585,0.00790428989499303,383,225.48576269923382,193.452186279398,241.93258774685623,3.6120926126911375,383,91096.24813049048,78154.6832568768,97740.76544972992,1459.28541552722,383,1.0,1.0,1.0,0.0,383,2.9851350640878764e-06,2.6715713374869665e-06,7.20580828783568e-06,3.3625426326170874e-07,383
kmnist,58,validation,83,0.42317366498173214,42000,0.00509847789134617,0.0032878339989110827,0.008848333003697917,0.0008065241802105507,83,25090.809047036277,1216.6064349127066,27598.352454166637,3654.2530635475273,83,100363.2361881451,4866.4257396508265,110393.40981666655,14617.01225419011,83,0.9871871133884752,0.9853830933570862,0.9921875,0.0019589641308284545,83,0.09542055594095264,0.05355604737997055,0.1471184939146042,0.01568298448214289,83
kmnist,59,train,383,216.74506758802454,19796000,0.5659140145901425,0.520823582977755,0.5834360420121811,0.007123037418423375,383,226.10424075588278,192.9717015738092,245.76460088111455,3.3969133384550276,383,91346.11326537668,77960.56743581891,99288.89875597028,1372.3529887358316,383,1.0,1.0,1.0,0.0,383,2.4492297671065176e-06,1.7088867707570898e-06,3.1755555482959608e-06,1.014929866140834e-07,383
kmnist,59,validation,83,0.4031258659961168,42000,0.004856938144531527,0.0033054999948944896,0.0056038750044535846,0.00024018988782872157,83,25979.997043274074,1210.104373371109,27907.485791724586,2869.7630692278867,83,103919.9881730963,4840.417493484436,111629.94316689835,11479.052276911547,83,0.986558328191918,0.984375,0.9921875,0.0017662752940621293,83,0.09702243382133634,0.054293692111968994,0.14224191009998322,0.015849795891209554,83
kmnist,60,train,383,217.42220832788735,19796000,0.5676820060780349,0.5299297499877866,0.586475165997399,0.008101578095865928,383,225.40951977913548,194.0166387891443,241.5414496033673,3.670939800796682,383,91065.44599077075,78382.7220708143,97582.7456397604,1483.0596795218596,383,1.0,1.0,1.0,0.0,383,2.1293465079947406e-06,9.331748742624768e-07,2.850162900358555e-06,1.2898860879882518e-07,383
kmnist,60,validation,83,0.40604324999731034,42000,0.004892087349365185,0.0033656659943517298,0.005669458012562245,0.0002575400863480592,83,25804.7006508281,1188.4720607192785,27898.361818312515,2890.612321076947,83,103218.8026033124,4753.888242877114,111593.44727325006,11562.449284307788,83,0.9868913680674082,0.9852570295333862,0.9921875,0.002060685405682286,83,0.09762107737990747,0.05367128551006317,0.1468316912651062,0.01630926479708167,83
kmnist,61,train,383,217.46391179779312,19796000,0.5677908924224363,0.525060666986974,0.6193167500023264,0.008810423862653106,383,225.37607154186193,191.60769073433886,243.7813533710677,3.9941870903880563,383,91051.93290291223,77409.5070566729,98487.66676191136,1613.651584516775,383,1.0,1.0,1.0,0.0,383,1.9970169856064512e-06,7.972013236212661e-07,3.783749662034097e-06,2.587915872157188e-07,383
kmnist,61,validation,83,0.4202096239605453,42000,0.00506276655374151,0.0035376250161789358,0.008820125018246472,0.0005092651142418501,83,25055.38649914717,1130.7020901611797,27812.48318362675,3138.450590296703,83,100221.54599658868,4522.808360644719,111249.932734507,12553.802361186812,83,0.9873392431132765,0.9853830933570862,0.9934895634651184,0.0021796407249724025,83,0.09740731393895953,0.05386555567383766,0.14608325064182281,0.01616725019439133,83
kmnist,62,train,383,216.84369921861799,19796000,0.5661715384298119,0.5244767089898232,0.5847623329900671,0.007212982322783936,383,226.0024340508959,192.72391538346545,244.0527821464874,3.434584293765227,383,91304.98335656195,77860.46181492004,98597.3239871809,1387.5720546811513,383,1.0,1.0,1.0,0.0,383,1.447373446271669e-06,7.81374126290757e-07,1.651117031542526e-06,7.554638577036242e-08,383
kmnist,62,validation,83,0.406863746145973,42000,0.004901972845132205,0.003294499998446554,0.005596333008725196,0.0002880878421771081,83,25761.479195928834,1214.144787338324,27731.390333256095,2938.8742148782785,83,103045.91678371534,4856.579149353296,110925.56133302438,11755.496859513114,83,0.9867418473025402,0.9850050210952759,0.9921875,0.0019530986186462108,83,0.09989028365676661,0.05464795604348183,0.14840830862522125,0.016627893853453642,83
kmnist,63,train,383,216.9713025902456,19796000,0.5665047065019467,0.5251856250106357,0.5886348749918398,0.007113193139803753,383,225.86831810613194,192.72826079834368,243.72335019148292,3.3881298230444954,383,91250.80051487731,77862.21736253085,98464.2334773591,1368.8044485099758,383,1.0,1.0,1.0,0.0,383,1.282064662294273e-06,8.182336728168593e-07,1.8579419247544138e-06,8.159005685047306e-08,383
kmnist,63,validation,83,0.4074210778635461,42000,0.004908687685102965,0.003200457984348759,0.00661245800438337,0.0003446065695537778,83,25742.259002901963,1249.821125464309,27633.356307086655,2990.010152004309,83,102969.03601160785,4999.284501857236,110533.42522834662,11960.040608017236,83,0.9864981124200016,0.984375,0.9921875,0.001797173367960216,83,0.10097641776125114,0.057231172919273376,0.15207815170288086,0.016212915522547503,83
kmnist,64,train,383,217.01383070703014,19796000,0.5666157459713581,0.5230065410141833,0.5881886249990202,0.007142271834561454,383,225.82346593428693,194.01912720245744,244.7388129253412,3.3433883831051,383,91232.68023745195,78383.72738979281,98874.48042183784,1350.7289067744598,383,1.0,1.0,1.0,0.0,383,1.1334990752844205e-06,6.304933890532993e-07,1.8063022935166373e-06,9.184630539906887e-08,383
kmnist,64,validation,83,0.41106787481112406,42000,0.004952624997724386,0.0032380420016124845,0.009683916985522956,0.0006154446288514977,83,25653.993637356845,1235.3144270543974,28065.817968012492,3280.427574241948,83,102615.97454942738,4941.257708217589,112263.27187204997,13121.710296967793,83,0.9868076063064207,0.984375,0.9921875,0.0019973220265438866,83,0.1018176753836942,0.057492516934871674,0.15085947513580322,0.016527768321602642,83
kmnist,65,train,383,217.03931581508368,19796000,0.5666822867234561,0.5253757919999771,0.5901714589854237,0.0072396708611659226,383,225.79775908483785,194.03970079652004,243.63513117484024,3.364445304354432,383,91222.2946702745,78392.03912179409,98428.59299463546,1359.2359029591908,383,1.0,1.0,1.0,0.0,383,9.30326021546228e-07,4.260781736320496e-07,1.014470853988314e-06,7.389496367174866e-08,383
kmnist,65,validation,83,0.4098852917959448,42000,0.004938377009589696,0.003311166015919298,0.005643749987939373,0.00027401463409149773,83,25562.553976111485,1208.0336596742513,27545.393449021885,2883.445792627143,83,102250.21590444594,4832.134638697005,110181.57379608754,11533.783170508572,83,0.9866177202707314,0.984375,0.9921875,0.0018350077423143812,83,0.10326305193355284,0.05896967649459839,0.15594565868377686,0.01652368906978442,83
kmnist,66,train,383,216.9638058671262,19796000,0.56648513281234,0.5251635840104427,0.586705083027482,0.007459192966503151,383,225.87932330381452,193.7328810135112,243.73357920692146,3.486292369213057,383,91255.24661474105,78268.08392945852,98468.36599959628,1408.4621171620754,383,1.0,1.0,1.0,0.0,383,8.17817219749296e-07,3.9860290712567803e-07,1.1242126447541523e-06,4.7298057026256194e-08,383
kmnist,66,validation,83,0.4085078388743568,42000,0.004921781191257311,0.003450874995905906,0.005563249986153096,0.0002546477821290799,83,25653.58245512101,1159.1263099201137,27701.13077996987,2881.7406718702505,83,102614.32982048404,4636.505239680455,110804.52311987948,11526.962687481002,83,0.98705708693309,0.984375,0.9921875,0.001874322116220105,83,0.10392313226159797,0.05909900367259979,0.15405268967151642,0.01674528779237281,83
kmnist,67,train,383,216.94037212524563,19796000,0.5664239481076909,0.5242530830146279,0.5847996250085998,0.007208200651466133,383,225.90158426148227,192.67102861523364,244.15688557129286,3.4266343331717053,383,91264.24004163886,77839.0955605544,98639.38177080231,1384.3602706013683,383,1.0,1.0,1.0,0.0,383,6.686475980222182e-07,4.551806114250212e-07,7.431817721226253e-07,3.58601381701886e-08,383
kmnist,67,validation,83,0.4082526641432196,42000,0.00491870679690626,0.0033868339960463345,0.005934958026045933,0.0002692394715236425,83,25669.62809100825,1181.0440088499918,27432.490394279495,2889.950718338754,83,102678.512364033,4724.176035399967,109729.96157711798,11559.802873355016,83,0.9867373956255165,0.984375,0.9921875,0.001780035709449825,83,0.10452475977769818,0.05942120775580406,0.15643104910850525,0.016824104429881623,83
kmnist,68,train,383,216.97270595561713,19796000,0.566508370641298,0.5235076250100974,0.5862362500047311,0.007366598622005563,383,225.86949536256373,192.734525866621,244.50455711610914,3.4769505003337,383,91251.27612647574,77864.74845011489,98779.8410749081,1404.688002134815,383,1.0,1.0,1.0,0.0,383,5.451422860186618e-07,5.774198541530495e-08,6.057895802769053e-07,5.892848199047303e-08,383
kmnist,68,validation,83,0.4153687951620668,42000,0.0050044433152056245,0.00338495901087299,0.009301041020080447,0.0005432866046585715,83,25347.234926489866,1181.6982087970364,27342.393926009245,3137.9330356591054,83,101388.93970595946,4726.792835188146,109369.57570403698,12551.732142636421,83,0.9868612828024899,0.984375,0.9921875,0.0019660837801828025,83,0.10463213969964578,0.058301400393247604,0.15363705158233643,0.017157108053325473,83
kmnist,69,train,383,217.09987012084457,19796000,0.5668403919604297,0.5232775409822352,0.6191452920029406,0.00785806298798824,383,225.7412625539033,193.66964074660027,244.61206525266385,3.5736715981344744,383,91199.47007177693,78242.53486162651,98823.27436207619,1443.763325646327,383,1.0,1.0,1.0,0.0,383,6.333721845227858e-07,5.502732278728217e-07,1.0327415793653927e-06,8.668025250117654e-08,383
kmnist,69,validation,83,0.42872833108413033,42000,0.005165401579326871,0.003285291022621095,0.008121165999909863,0.0007172740088408575,83,24720.03711324117,1217.5481479289742,27596.115451137564,3624.7857826089403,83,98880.14845296468,4870.192591715897,110384.46180455026,14499.143130435761,83,0.9867891461016184,0.984375,0.9921875,0.0017041589897931653,83,0.10663718442959957,0.06010039895772934,0.15768353641033173,0.01706278904161113,83
kmnist,70,train,383,216.97066973982146,19796000,0.5665030541509699,0.5238005420251284,0.5924999999988358,0.007185879307512535,383,225.86987147781497,192.4895304905939,244.36782654925057,3.4224205396792713,383,91251.42807703724,77765.77031819994,98724.60192589722,1382.6578980304255,383,1.0,1.0,1.0,0.0,383,4.6119690032521947e-07,3.8835833038319834e-07,6.026880896570219e-07,2.5801547929330966e-08,383
kmnist,70,validation,83,0.40833241993095726,42000,0.004919667710011533,0.0032702499884180725,0.006430000008549541,0.00032311960035641727,83,25681.919251600684,1223.1480816960209,27662.72057604673,2977.622591391971,83,102727.67700640274,4892.5923267840835,110650.88230418692,11910.490365567885,83,0.9864816055240402,0.984375,0.9921875,0.001468219769678409,83,0.1075221560895443,0.06132277473807335,0.16091760993003845,0.01712372382697641,83
kmnist,71,train,383,216.6818389177206,19796000,0.5657489266781217,0.5215990830038209,0.5925282500102185,0.007440112445624017,383,226.1739701309969,192.38427996285768,245.39920442893563,3.533684404427745,383,91374.28393292277,77723.2491049945,99141.27858929,1427.6084993888096,383,1.0,1.0,1.0,0.0,383,4.0291316451370287e-07,2.427628089662903e-07,5.0290861963731e-07,2.2188345781475652e-08,383
kmnist,71,validation,83,0.4057042889180593,42000,0.004888003480940473,0.0036122080055065453,0.005616084003122523,0.00021338457835565146,83,25828.92158465848,1107.355942377154,27358.21977171692,2849.165316736725,83,103315.68633863392,4429.423769508616,109432.87908686767,11396.6612669469,83,0.9868543298847704,0.984375,0.9921875,0.0017277781038226698,83,0.10920736067984478,0.0637231394648552,0.16497571766376495,0.017094058857216304,83
kmnist,72,train,383,216.91228958088323,19796000,0.5663506255375541,0.525262124981964,0.5906866249861196,0.007338458032078728,383,225.93062244092343,195.03557863945505,243.68785395367152,3.3766287793291254,383,91275.97146613305,78794.37377033984,98449.8929972833,1364.158026848967,383,1.0,1.0,1.0,0.0,383,3.7576074172601773e-07,1.7601949764411984e-07,8.302532137349772e-07,5.829037447929432e-08,383
kmnist,72,validation,83,0.41692658691317774,42000,0.005023211890520214,0.0033172919938806444,0.00868499997886829,0.0006802928236388262,83,25387.425481034436,1205.8028076451324,27820.795003918814,3567.6297562073073,83,101549.70192413774,4823.211230580529,111283.18001567526,14270.51902482923,83,0.9865557623196797,0.984375,0.9921875,0.0015790402398764513,83,0.10940110485955894,0.06125624477863312,0.16566413640975952,0.017777939427815023,83
kmnist,73,train,383,217.08868851067382,19796000,0.5668111971558063,0.5222925409907475,0.5941714999789838,0.007464100730665471,383,225.7491725895614,193.34727354964474,245.0733831220223,3.4689082870902785,383,91202.66572618282,78112.29851405647,99009.64678129701,1401.4389479844724,383,1.0,1.0,1.0,0.0,383,2.9272372893021917e-07,2.0447446047455742e-07,4.889336651103804e-07,1.904751586965868e-08,383
kmnist,73,validation,83,0.42106471105944365,42000,0.005073068807945104,0.003387625009054318,0.008962958992924541,0.0007674249298267917,83,25202.10597906723,1180.7682341785023,27566.15610755952,3650.8354507141808,83,100808.42391626892,4723.072936714009,110264.62443023808,14603.341802856723,83,0.9866689730839557,0.984375,0.9921875,0.0015306482511461034,83,0.11059925732124283,0.06360834836959839,0.16604039072990417,0.017718095145687927,83
kmnist,74,train,383,217.15035662733135,19796000,0.5669722105152255,0.5209788339852821,0.5911258329870179,0.0076335423266392245,383,225.68909934007985,190.09973381506396,245.69136335319155,3.655435758582376,383,91178.39613339225,76800.29246128583,99259.31079468939,1476.7960464672801,383,1.0,1.0,1.0,0.0,383,2.7573115687870426e-07,1.5925562024676765e-07,3.07694762113897e-07,1.7422982578512777e-08,383
kmnist,74,validation,83,0.40722712397109717,42000,0.004906350891218038,0.0031666250142734498,0.005663457995979115,0.0002731233592177077,83,25717.36294130304,1263.1745097604364,27665.207671195374,2875.111607162834,83,102869.45176521216,5052.698039041746,110660.8306847815,11500.446428651336,83,0.9867360340543541,0.984375,0.9921875,0.0014997797447094587,83,0.11091480718319674,0.06255399435758591,0.1648014783859253,0.017904966863638943,83
kmnist,75,train,383,216.92285774598713,19796000,0.5663782186579298,0.5226880830014125,0.599311875004787,0.007721279475355113,383,225.92447996486095,194.3671978623105,244.88792486905447,3.560645977052437,383,91273.48990580381,78524.34793637344,98934.721647098,1438.5009747291842,383,1.0,1.0,1.0,0.0,383,2.320645090933773e-07,9.63917727858643e-08,2.479559952917043e-07,1.6443071004320887e-08,383
kmnist,75,validation,83,0.40773182979319245,42000,0.0049124316842553304,0.0033506669860798866,0.007500790990889072,0.00037448603397412895,83,25745.728040736543,1193.7921663411262,27694.388234278824,3021.7080757921417,83,102982.91216294617,4775.168665364505,110777.5529371153,12086.832303168567,83,0.9864816902631737,0.984375,0.9921875,0.0015945049243340612,83,0.111969433096518,0.06293808668851852,0.16589374840259552,0.01825894226505154,83
kmnist,76,train,383,217.23756279371446,19796000,0.5671999028556514,0.5255567499843892,0.5927456249773968,0.007190594158947121,383,225.5913446392008,193.63612095754706,243.55124352184998,3.3557564751823756,383,91138.9032342371,78228.99286684902,98394.7023828274,1355.7256159736799,383,1.0,1.0,1.0,0.0,383,2.0963522226751873e-07,6.612387437598954e-08,2.2538674215866195e-07,1.6368123501794095e-08,383
kmnist,76,validation,83,0.40566390988533385,42000,0.004887516986570287,0.0034474169951863587,0.0056027499958872795,0.00025006376836255253,83,25833.34008704372,1160.288994799647,27562.69559274338,2894.3429771735114,83,103333.36034817489,4641.155979198588,110250.78237097352,11577.371908694045,83,0.9866439096898918,0.984375,0.9921875,0.001538047617990371,83,0.11299460677497358,0.06474561989307404,0.16827432811260223,0.01801558913896473,83
kmnist,77,train,383,217.1832027156197,19796000,0.567057970536866,0.5227443749899976,0.6034155829984229,0.007584193109594485,383,225.6522051456974,193.20675428807658,244.86155399079942,3.5100672310920333,383,91163.49087886173,78055.52873238294,98924.06781228297,1418.0671613611817,383,1.0,1.0,1.0,0.0,383,2.002134422881665e-07,1.5397820618545666e-07,2.18578904309652e-07,8.433297273723161e-09,383
kmnist,77,validation,83,0.41118120902683586,42000,0.004953990470202842,0.003347999998368323,0.007385959004750475,0.0004151854838297292,83,25552.79593340886,1194.7431308092698,27195.70810941221,3083.0440377006203,83,102211.18373363544,4778.972523237079,108782.83243764885,12332.176150802481,83,0.9867480907095484,0.984375,0.9921875,0.0017295177703993013,83,0.1134946619171694,0.0649522915482521,0.16899994015693665,0.018091370131169203,83
kmnist,78,train,383,217.06266429263633,19796000,0.5667432488058389,0.5241372500022408,0.5923881249909755,0.007565879732893966,383,225.77779567793527,192.92039363314197,244.21084362817712,3.5336561087484566,383,91214.22945388586,77939.83902778935,98661.18082578357,1427.5970679343768,383,1.0,1.0,1.0,0.0,383,1.81307232500998e-07,2.700834933477836e-08,2.015783309161634e-07,1.1996408980156663e-08,383
kmnist,78,validation,83,0.41313425099360757,42000,0.004977521096308525,0.003355249995365739,0.0074502079805824906,0.0004487403676562105,83,25450.513771637954,1192.1615395349938,27805.17864081366,3126.5657461500314,83,101802.05508655182,4768.646158139975,111220.71456325465,12506.262984600125,83,0.9869025284985462,0.984375,0.9921875,0.0015743021996874964,83,0.11378349633101957,0.06579314917325974,0.16916243731975555,0.017980970915042267,83
kmnist,79,train,383,216.86038696367177,19796000,0.5662151095657226,0.5237796250148676,0.5870031249942258,0.007316812792861894,383,225.98582745260904,193.33047055462123,244.37758531818926,3.4537734985465542,383,91298.27429085404,78105.51010406697,98728.54446854847,1395.3244934128081,383,1.0,1.0,1.0,0.0,383,1.5633724613694503e-07,1.304941577018326e-07,2.831187373431021e-07,7.749853695418276e-09,383
kmnist,79,validation,83,0.41408837513881736,42000,0.004989016567937559,0.003499457990983501,0.00941254198551178,0.0005866602342141639,83,25471.012017373494,1143.0341528048532,27492.88512601385,3262.056594897175,83,101884.04806949398,4572.136611219413,109971.5405040554,13048.2263795887,83,0.9866404174322105,0.984375,0.9921875,0.0014037182236440024,83,0.11415768163390906,0.0647348091006279,0.1701177954673767,0.018266986521804845,83
kmnist,80,train,383,216.95368282485288,19796000,0.5664587018925663,0.5226368749863468,0.5848736249899957,0.007172371494594786,383,225.8870691758568,192.9556948373132,244.91191901326104,3.3961652924922103,383,91258.37594704614,77954.10071427454,98944.41528135746,1372.0507781668528,383,1.0,1.0,1.0,0.0,383,1.378308249732188e-07,1.303851426825986e-08,1.4729981501204747e-07,1.0384307573583229e-08,383
kmnist,80,validation,83,0.4099967520160135,42000,0.004939719903807391,0.0032428749836981297,0.010284500021953136,0.0006779171782765772,83,25756.134419631657,1233.4733901577838,28096.108854034763,3337.7213723574605,83,103024.53767852663,4933.893560631135,112384.43541613905,13350.885489429842,83,0.9866370565919991,0.984375,0.9921875,0.0015525537236535558,83,0.11457635677722564,0.06413734704256058,0.16942963004112244,0.018595766715022454,83
kmnist,81,train,383,217.14733166908263,19796000,0.5669643124519129,0.5253912500047591,0.5888723339885473,0.007501672636362133,383,225.68790091334424,194.61549743583126,243.62796296824615,3.440116064097598,383,91177.91196899106,78624.66096407584,98425.69703917144,1389.8068898954295,383,1.0,1.0,1.0,0.0,383,1.303615660768888e-07,3.073362009331504e-08,1.8506607091239857e-07,9.223276445359804e-09,383
kmnist,81,validation,83,0.4117519577848725,42000,0.004960866961263524,0.003423499991185963,0.0059034999867435545,0.0003000660333017175,83,25468.34631213931,1168.3949204902221,27538.23471641162,2937.146485008498,83,101873.38524855724,4673.579681960889,110152.93886564649,11748.585940033992,83,0.9866340282451675,0.984375,0.9921875,0.0015246648898688086,83,0.11578282417662172,0.06642410159111023,0.17449069023132324,0.018520141432531702,83
kmnist,82,train,383,216.87614429707173,19796000,0.5662562514283858,0.5216297500010114,0.5844038750219624,0.00769447718749838,383,225.97311720013036,194.25950716165528,245.38477722896712,3.5681339587658325,383,91293.1393488527,78480.84089330873,99135.45000050272,1441.5261193413965,383,1.0,1.0,1.0,0.0,383,1.202579404853631e-07,1.0087887147847141e-07,1.7244921934889135e-07,6.04993653857824e-09,383
kmnist,82,validation,83,0.4201962979568634,42000,0.005062605999480282,0.0032895839831326157,0.00863362499512732,0.0008116154893509975,83,25289.171429992788,1215.9592278263913,27816.768312671844,3735.427497508409,83,101156.68571997115,4863.836911305565,111267.07325068738,14941.709990033636,83,0.9871868577348181,0.984375,0.9921875,0.0018196997232650526,83,0.11588612692542823,0.06623208522796631,0.172953262925148,0.018666714801988234,83
kmnist,83,train,383,216.89406040782342,19796000,0.5663030297854398,0.5222340830077883,0.5885862080031075,0.00734774122437667,383,225.95079852520007,193.56847055520856,245.10081621404072,3.4478156461750302,383,91284.12260418084,78201.66210430427,99020.72975047246,1392.9175210547119,383,1.0,1.0,1.0,0.0,383,1.1789265686684659e-07,8.475021218146139e-08,1.4125002678611054e-07,5.539838353585502e-09,383
kmnist,83,validation,83,0.403996419016039,42000,0.004867426735133,0.003384249983355403,0.005477333004819229,0.00022113440301359507,83,25921.6648641958,1181.9457840505315,27381.87554614684,2836.668765427461,83,103686.6594567832,4727.783136202126,109527.50218458736,11346.675061709844,83,0.9866155910204693,0.984375,0.9921875,0.0015451098583148999,83,0.11700592647833996,0.06648021936416626,0.173910990357399,0.01886338595776196,83
kmnist,84,train,383,216.97754415505915,19796000,0.5665210030158202,0.5247047919838224,0.5846391659870278,0.007256268936547666,383,225.86281545495925,193.5130337616331,243.94669527612487,3.4089668914441162,383,91248.57744380353,78179.26563969976,98554.46489155445,1377.222624143423,383,1.0,1.0,1.0,0.0,383,1.0269689127410141e-07,1.8626446163239052e-08,1.0919532655861985e-07,8.35814838461226e-09,383
kmnist,84,validation,83,0.408249461062951,42000,0.004918668205577723,0.003411124984268099,0.005794625001726672,0.0002770525686610663,83,25678.206073043813,1172.6336673231724,28004.665275129268,2928.0580689302265,83,102712.82429217525,4690.53466929269,112018.66110051707,11712.232275720906,83,0.9867596812995083,0.984375,0.9921875,0.0015110613752191966,83,0.11747243767043195,0.06682337075471878,0.17321062088012695,0.018905822773624677,83
kmnist,85,train,383,216.99494326414424,19796000,0.5665664314990712,0.5225174159859307,0.5897434579965193,0.0075253685495929035,383,225.8475294799617,193.7631552758346,244.96791127713632,3.503814394851038,383,91242.40190990453,78280.31473143717,98967.03615596307,1415.54101551982,383,1.0,1.0,1.0,0.0,383,9.225090796975536e-08,6.146703412923671e-08,1.993014393519843e-07,7.04779049923825e-09,383
kmnist,85,validation,83,0.4122278260474559,42000,0.00496660031382477,0.0033939160057343543,0.0071015830035321414,0.0003925880250998287,83,25486.41188766997,1178.5795503605887,27725.629811179613,3101.826966604081,83,101945.64755067987,4714.318201442355,110902.51924471845,12407.307866416324,83,0.9866505344230009,0.984375,0.9921875,0.0015506562233118084,83,0.11774237759142037,0.06723945587873459,0.17546235024929047,0.018874909571293053,83
kmnist,86,train,383,217.050125525333,19796000,0.5667105105100078,0.5224017500004265,0.6236540000245441,0.008179787904340262,383,225.79669636955887,193.6745551335551,245.02215009788057,3.6916736175134925,383,91221.86533330179,78244.52027395625,98988.94863954376,1491.4361414754512,383,1.0,1.0,1.0,0.0,383,8.792645950347893e-08,6.146713360521971e-08,1.0399741512401306e-07,3.9977252753327336e-09,383
kmnist,86,validation,83,0.4047596228774637,42000,0.00487662196237908,0.0032790839904919267,0.005469625000841916,0.00026538022762754107,83,25884.87764378514,1219.852864884965,28039.946307092694,2914.3263656506088,83,103539.51057514056,4879.41145953986,112159.78522837078,11657.305462602435,83,0.9866786850504128,0.984375,0.9921875,0.0015303137144862446,83,0.11838539932147567,0.06767372786998749,0.17800796031951904,0.01904558985767013,83
kmnist,87,train,383,217.1063571117702,19796000,0.5668573292735514,0.5227569160051644,0.5855723329877947,0.007169572905693232,383,225.72856343916163,192.3034696708927,244.85567972616832,3.417338310707589,383,91194.3396294213,77690.60174704065,98921.694609372,1380.604677525866,383,1.0,1.0,1.0,0.0,383,8.365765569811514e-08,6.263135787776264e-08,1.341102517926629e-07,3.558931174850197e-09,383
kmnist,87,validation,83,0.40850825305096805,42000,0.004921786181336965,0.003433999983826652,0.005653125001117587,0.00025787892693579544,83,25653.230765518078,1164.8223700754447,27484.767885272016,2882.5151495503883,83,102612.92306207231,4659.289480301779,109939.07154108807,11530.060598201553,83,0.9865420453519707,0.984375,0.9921875,0.0012385540989859522,83,0.11873271190617458,0.06745921820402145,0.1779591292142868,0.0190736831887302,83
kmnist,88,train,383,217.0579250411247,19796000,0.5667308747810044,0.5246445000229869,0.5888799589884002,0.007608275353192468,383,225.78463482436032,190.51215854384236,243.97472954427573,3.6300361987847554,383,91216.99246904158,76966.91205171232,98565.7907358874,1466.534624309041,383,1.0,1.0,1.0,0.0,383,7.86127632778521e-08,1.2107191693644381e-08,8.305293164312388e-08,6.3772872982762304e-09,383
kmnist,88,validation,83,0.40548358898377046,42000,0.004885344445587596,0.0033953329839278013,0.005757250008173287,0.00026121904093714845,83,25845.68158250577,1178.087692410276,27674.927690602362,2910.0285599741046,83,103382.72633002308,4712.350769641104,110699.71076240945,11640.114239896418,83,0.9870483149965126,0.984375,0.9921875,0.0016681422448401443,83,0.11877055071204541,0.0675567239522934,0.17640776932239532,0.019097122645658004,83
kmnist,89,train,383,217.06229707514285,19796000,0.5667422900134278,0.5255224169814028,0.5861808749905322,0.0074308590091204905,383,225.77617950616056,193.7199952505778,243.56715501354088,3.4525192464477388,383,91213.57652048889,78262.87808123343,98401.13062547051,1394.8177755648865,383,1.0,1.0,1.0,0.0,383,7.594971703247983e-08,5.838663597046434e-08,1.043079933538138e-07,3.5595223691526996e-09,383
kmnist,89,validation,83,0.4062819599348586,42000,0.00489496337270914,0.0033888340112753212,0.008135292009683326,0.00048282867180569227,83,25904.378639503142,1180.346982676404,27635.838124645576,3204.8969736304766,83,103617.51455801257,4721.387930705616,110543.3524985823,12819.587894521906,83,0.9865420453519707,0.984375,0.9921875,0.0012385540989859522,83,0.11949133253600223,0.06819494068622589,0.17975087463855743,0.019207499801976714,83
kmnist,90,train,383,217.21241416572593,19796000,0.567134240641582,0.5247242500190623,0.5863225419889204,0.007252373494403745,383,225.62084773946674,189.21461553476357,243.9376491468614,3.538296124570644,383,91150.82248674458,76442.70467604448,98550.810255332,1429.47163432654,383,1.0,1.0,1.0,0.0,383,6.685155206317084e-08,3.352759492258883e-08,7.185179384805451e-08,5.7127211354173386e-09,383
kmnist,90,validation,83,0.4410145399160683,42000,0.005313428191759859,0.0033259160118177533,0.007884499995270744,0.0009092004027112267,83,24241.62428143593,1202.6761907958798,27778.531219088185,4130.928214122634,83,96966.49712574371,4810.704763183519,111114.12487635274,16523.712856490536,83,0.9865420453519707,0.984375,0.9921875,0.0012385540989859522,83,0.11975296963769269,0.06859194487333298,0.18059328198432922,0.019185423610057793,83
kmnist,91,train,383,216.97441374813206,19796000,0.5665128296295876,0.5231804159993771,0.5865795420249924,0.007399927667901679,383,225.86797523403843,192.94959400704334,244.65747586421963,3.4833617982410265,383,91250.66199455151,77951.63597884552,98841.62024914473,1407.2781664893748,383,1.0,1.0,1.0,0.0,383,6.071710499854781e-08,4.417954002633451e-08,8.38186906548799e-08,4.883302905990544e-09,383
kmnist,91,validation,83,0.40237941808300093,42000,0.004847944796180734,0.0032394169829785824,0.005565375002333894,0.00026823298677377985,83,26036.83890948938,1234.7900937168256,27970.49981122656,2924.404186262034,83,104147.35563795752,4939.160374867302,111881.99924490624,11697.616745048135,83,0.9868716956621193,0.984375,0.9921875,0.0014528196060027362,83,0.12018409515001688,0.0696580708026886,0.18146730959415436,0.019141959636104693,83
kmnist,92,train,383,216.88658112924895,19796000,0.5662835016429476,0.524547375011025,0.5876910420192871,0.0072388243217433946,383,225.95728835557006,193.74942304073377,244.01990382147977,3.3990125573868184,383,91286.74449565029,78274.76690845644,98584.04114387782,1373.2010731842747,383,1.0,1.0,1.0,0.0,383,6.405966735193797e-08,3.5390225860965074e-08,9.546020152129131e-08,4.303272428475547e-09,383
kmnist,92,validation,83,0.4235377920267638,42000,0.005102864964177877,0.0032657090050633997,0.009397624991834164,0.0008098167739119878,83,25064.035786591663,1224.848874715445,27409.24009498155,3632.660064472442,83,100256.14314636665,4899.39549886178,109636.9603799262,14530.640257889769,83,0.9865018703851355,0.984375,0.9921875,0.001262889370559017,83,0.12079781994044063,0.06998037546873093,0.18373721837997437,0.019180756291181877,83
kmnist,93,train,383,216.9790710004745,19796000,0.5665249895573747,0.5233151669963263,0.5925072079990059,0.007576025579500893,383,225.86475892545906,193.133231522737,244.59447780709664,3.5295847180003075,383,91249.36260588544,78025.82553518575,98816.16903406703,1425.952226072124,383,1.0,1.0,1.0,0.0,383,5.825340138782882e-08,3.562306005733262e-08,6.239296368448777e-08,4.8518594761144775e-09,383
kmnist,93,validation,83,0.4071191611874383,42000,0.004905050134788413,0.003291332977823913,0.006592249992536381,0.00033159170715444704,83,25765.666532742354,1215.313074353427,27921.68832108251,3003.9815515484493,83,103062.66613096942,4861.252297413708,111686.75328433004,12015.926206193797,83,0.9864908916404448,0.984375,0.9921875,0.0012641700152046498,83,0.12103666050965528,0.06953420490026474,0.18310721218585968,0.019391655156040986,83
kmnist,94,train,383,217.09045520689688,19796000,0.5668158099396785,0.5225420409988146,0.594672916980926,0.007789456712773906,383,225.75080790428873,193.6288655937862,244.95636706155545,3.581143054236342,383,91203.32639333264,78226.06169988963,98962.3722928684,1446.7817939114816,383,1.0,1.0,1.0,0.0,383,5.572917872809775e-08,4.210551551864228e-08,8.102496451556362e-08,3.146016336626337e-09,383
kmnist,94,validation,83,0.42341587570263073,42000,0.00510139609280278,0.0035205830063205212,0.00882824999280274,0.0007265918212265494,83,25047.503796538793,1136.1754552637387,27348.236064293418,3625.0064042196727,83,100190.01518615517,4544.701821054955,109392.94425717367,14500.025616878691,83,0.9867255493818995,0.984375,0.9921875,0.0015200635915442204,83,0.12096662819385529,0.0688246414065361,0.18167655169963837,0.01953672551425374,83
kmnist,95,train,383,216.89013373688795,19796000,0.5662927773809084,0.5245131659903564,0.587167416990269,0.0072465333197418245,383,225.95371122761506,193.4657411041826,244.03581892614187,3.4033125542760536,383,91285.2993359565,78160.15940608978,98590.47084616132,1374.9382719275252,383,1.0,1.0,1.0,0.0,383,5.2301028496756476e-08,2.747400529301558e-08,8.754399516419653e-08,5.099217665640995e-09,383
kmnist,95,validation,83,0.4060285431332886,42000,0.004891910158232393,0.003408833988942206,0.005754084006184712,0.00026017032015529154,83,25810.58399307433,1173.4217662037684,27805.432306576444,2900.22268172436,83,103242.33597229733,4693.687064815073,111221.72922630578,11600.89072689744,83,0.9870483149965126,0.984375,0.9921875,0.0016681422448401443,83,0.12093596663101609,0.0689694806933403,0.18124604225158691,0.01944139550735683,83
kmnist,96,train,383,217.08092192467302,19796000,0.5667909188633761,0.5237624160072301,0.580823958007386,0.007092156178722218,383,225.75308619156766,194.2752170846511,244.3856147139681,3.3216310538900955,383,91204.24682139332,78487.18770219905,98731.7883444431,1341.9389457715981,383,1.0,1.0,1.0,0.0,383,5.016160759290402e-08,4.220669325150084e-08,6.29417655773068e-08,2.7604666583100097e-09,383
kmnist,96,validation,83,0.41170928909559734,42000,0.004960352880669847,0.003500749997328967,0.009820790990488604,0.0005902974468961517,83,25606.041379964,1142.6122982366508,27927.01881734123,3202.1210738247632,83,102424.165519856,4570.449192946603,111708.07526936493,12808.484295299053,83,0.9870483149965126,0.984375,0.9921875,0.0016681422448401443,83,0.12121524913124292,0.06891265511512756,0.1811184287071228,0.01956345250256703,83
kmnist,97,train,383,217.05165544195916,19796000,0.5667145050703895,0.5244510839984287,0.5887572079955135,0.007432483478782484,383,225.78710576279147,194.09341706517057,244.0647067103469,3.444104385207637,383,91217.99072816776,78413.74049432891,98602.14151098015,1391.418171623885,383,1.0,1.0,1.0,0.0,383,4.758751115008868e-08,3.7942726294204476e-08,5.525838631115221e-08,1.752699366424538e-09,383
kmnist,97,validation,83,0.4022841707628686,42000,0.004846797238106851,0.003280874982010573,0.005709249991923571,0.00026383754072195517,83,26045.00928157485,1219.1869613845315,28021.27335694019,2925.320284708464,83,104180.0371262994,4876.747845538126,112085.09342776076,11701.281138833856,83,0.9865420453519707,0.984375,0.9921875,0.0012385540989859522,83,0.12242962455893137,0.07089588046073914,0.1858699768781662,0.019453971236196296,83
kmnist,98,train,383,216.91570012280135,19796000,0.5663595303467398,0.5248452500090934,0.609761083003832,0.007542017964477101,383,225.9298137246992,194.01392422732164,243.88141075446958,3.484636476832863,383,91275.64474477846,78381.62538783794,98528.08994480572,1407.7931366404769,383,1.0,1.0,1.0,0.0,383,4.670317840844364e-08,2.887098560222512e-08,5.836273686554705e-08,2.4475791669846282e-09,383
kmnist,98,validation,83,0.40508441295241937,42000,0.004880535095812282,0.00335220800479874,0.005660416994942352,0.00026424176539469556,83,25869.059496742102,1193.2433769843444,27900.64225231497,2912.6362910208773,83,103476.23798696841,4772.973507937378,111602.56900925988,11650.545164083509,83,0.9868099825928011,0.984375,0.9921875,0.001393138197064642,83,0.1219801032938153,0.07012981176376343,0.183610200881958,0.01950310144194365,83
kmnist,99,train,383,216.9364587107848,19796000,0.566413730315365,0.52218383399304,0.5919760410033632,0.007730342702247969,383,225.91071346820678,193.79074585747347,245.12440192031312,3.580815844916217,383,91267.92824115552,78291.46132641927,99030.2583758065,1446.6496013461515,383,1.0,1.0,1.0,0.0,383,4.570552375677631e-08,4.2364540320249944e-08,1.6298098159950314e-07,8.754343981192478e-09,383
kmnist,99,validation,83,0.4077334199100733,42000,0.004912450842290039,0.0032260829757433385,0.006105625012423843,0.0003249120108251572,83,25718.549235898332,1239.8937132354258,27646.785630637696,2989.71758034184,83,102874.19694359333,4959.574852941703,110587.14252255078,11958.87032136736,83,0.9864507217005075,0.984375,0.9921875,0.0012900620244014737,83,0.12261652937495565,0.06992752104997635,0.1845807135105133,0.019708740370693145,83
kmnist,100,train,383,216.93181646137964,19796000,0.566401609559738,0.5245183750230353,0.5929888329992536,0.0073230586830808665,383,225.9115095483273,192.71760635471315,244.03339538748972,3.454899444614296,383,91268.24985752422,77857.91296730412,98589.49173654585,1395.7793756241756,383,1.0,1.0,1.0,0.0,383,4.29513803090956e-08,1.30385116037246e-08,4.974986822503524e-08,3.69732501029053e-09,383
kmnist,100,validation,83,0.4085708327766042,42000,0.00492254015393499,0.003315124980872497,0.006633749988395721,0.0003254509324691895,83,25670.562454525865,1206.5910103175818,27593.39060022707,2976.3679982470867,83,102682.24981810346,4826.364041270327,110373.56240090828,11905.471992988347,83,0.9865018703851355,0.984375,0.9921875,0.001262889370559017,83,0.12310710306986268,0.07137607783079147,0.18638072907924652,0.0195055974284064,83
emnist_balanced,1,train,720,405.97338016776484,37216480,0.5638519168996734,0.5100867079745512,0.7974372910102829,0.013299234388158922,720,227.01625110977562,160.51418894372904,250.93772881920705,5.293146445035103,720,91714.56544834936,64847.73233326653,101378.84244295965,2138.431163794181,720,0.30727475128628107,0.00390625,0.5393617153167725,0.17492683488317928,720,3.46736629207929,3.013256072998047,3.8947372436523438,0.263893752049157,720
emnist_balanced,1,validation,155,0.8089617049845401,78960,0.005219107774093807,0.0036284590023569763,0.0499435419915244,0.0036241954228408103,155,25777.851119106617,2562.893917730586,28356.22507628456,2880.859717556274,155,103111.40447642647,10251.575670922344,113424.90030513825,11523.438870225096,155,0.7702378403755926,0.7526041865348816,0.779296875,0.003789026403019419,155,2.2009849379139563,2.1942055225372314,2.241837739944458,0.007416458839550577,155
emnist_balanced,2,train,720,409.00343149449327,37216480,0.5680603215201295,0.5168910840002354,0.5925851250067353,0.004040313124967198,720,225.23240910116508,170.24863210826814,241.7084443847043,2.495785693769886,720,90993.89327687069,68780.44737174033,97650.21153142054,1008.2974202830342,720,0.8202127635478973,0.7718750238418579,0.8374837040901184,0.014048782303549572,720,1.854518611398008,1.5831600427627563,2.1779913902282715,0.1665401540401876,720
emnist_balanced,2,validation,155,0.7608245897572488,78960,0.004908545740369347,0.0037199999787844718,0.0071793749812059104,0.00033587013481611204,155,26004.289672955914,7526.88176335666,27894.811384035016,2010.635564396494,155,104017.15869182366,30107.52705342664,111579.24553614006,8042.542257585976,155,0.8366369105154469,0.8177083134651184,0.859375,0.004098484644783368,155,1.163371479126715,1.1516919136047363,1.2086237668991089,0.0079825379801487,155
emnist_balanced,3,train,720,408.6692027558456,37216480,0.5675961149386745,0.5166267500026152,0.5850059590011369,0.003545312754386446,720,225.41402394005473,170.3357404539245,239.42299089656402,2.3779847446285283,720,91067.26567178211,68815.6391433855,96726.88832221186,960.7058368299251,720,0.8802254286077288,0.8515625,0.8883726596832275,0.00546697399644861,720,0.9158215135335922,0.7795217633247375,1.1253163814544678,0.08869588483559225,720
emnist_balanced,3,validation,155,0.7557953331561293,78960,0.0048760989235879315,0.003581500001018867,0.006728292006300762,0.0003214614385004432,155,26170.930967973592,7817.953369268336,28114.61625536168,2010.5281316833832,155,104683.72387189437,31271.813477073345,112458.46502144673,8042.112526733533,155,0.8640218753968516,0.8385416865348816,0.8682020902633667,0.0037167037312706764,155,0.6697743062050112,0.6510610580444336,0.7145099639892578,0.008367186664521773,155
emnist_balanced,4,train,720,408.6815779202443,37216480,0.5676133026670059,0.5212899589969311,0.5998550000076648,0.00387817915754776,720,225.40976989696057,168.8119989292141,241.23328602090692,2.521464816433179,720,91065.54703837207,68200.04756740251,97458.2475524464,1018.6717858390042,720,0.9048371562527285,0.890625,0.921875,0.0017938562650863838,720,0.5009074301769336,0.44812139868736267,0.5519541501998901,0.025952804397099204,720
emnist_balanced,4,validation,155,0.7578532929474022,78960,0.004889376083531627,0.003644167009042576,0.0063813340093474835,0.00025413992622575567,155,26068.51790685546,7683.511740960626,27562.938807570063,1837.7924896456746,155,104274.07162742184,30734.046963842506,110251.75523028025,7351.169958582698,155,0.8751104231803648,0.859375,0.89453125,0.0032462551558558026,155,0.5146128391065905,0.4786665439605713,0.5577011704444885,0.009470880053251491,155
emnist_balanced,5,train,720,408.95177693889127,37216480,0.5679885790817935,0.520445958012715,0.5899978329834994,0.003799033550621276,720,225.2602036206207,169.08575932844516,237.72467768376794,2.485684246977635,720,91005.12226273076,68310.64676869185,96040.76978424225,1004.2164357789644,720,0.9123720909158389,0.884765625,0.9296875,0.00229271159417833,720,0.3660529254625241,0.3492639362812042,0.42277470231056213,0.010425181573230927,720
emnist_balanced,5,validation,155,0.7548677848826628,78960,0.00487011474117847,0.0040474160050507635,0.006854125007521361,0.00027501945295304014,155,26192.300990050797,6917.994089329796,27862.180561175253,1941.1067887122138,155,104769.20396020319,27671.976357319185,111448.72224470101,7764.427154848855,155,0.878807766975895,0.864062488079071,0.89453125,0.0031459293668321116,155,0.4606784024546223,0.4146423935890198,0.5011020302772522,0.009980064787036617,155
emnist_balanced,6,train,720,408.62104611317045,37216480,0.5675292307127368,0.5167716249998193,0.5962438340066001,0.0045057522787702205,720,225.4461669124076,170.28798746454154,240.64408011250597,2.636752278245651,720,91080.25143261267,68796.34693567478,97220.20836545242,1065.247920411243,720,0.9165176674723625,0.859375,0.9190720319747925,0.0028189197924903724,720,0.3093995030141539,0.300249308347702,0.43798601627349854,0.007736386484015521,720
emnist_balanced,6,validation,155,0.7599526688281912,78960,0.004902920444052846,0.0037781670107506216,0.006797582987928763,0.0003048204473622512,155,26024.51819719117,7411.001133705083,28187.363171548575,1988.6235197840656,155,104098.07278876468,29644.00453482033,112749.4526861943,7954.494079136262,155,0.8807193444621179,0.8645833134651184,0.89453125,0.0028888332738371152,155,0.4345932391382033,0.377548485994339,0.4712291657924652,0.010443224682569873,155
emnist_balanced,7,train,720,409.0629574490886,37216480,0.5681429964570675,0.5192697920138016,0.5912081669957843,0.004645989674134241,720,225.20393357163815,169.46874505971851,241.42155834141246,2.7033959402054366,720,90982.38916294182,68465.37300412628,97534.30956993064,1092.1719598429963,720,0.9211692985561158,0.8984375,0.92919921875,0.001763746835377169,720,0.27307661846280096,0.2636221647262573,0.35468173027038574,0.0037944876080749676,720
emnist_balanced,7,validation,155,0.8184775869303849,78960,0.0052805005608411925,0.003570749977370724,0.0649741250090301,0.004819561986542282,155,25910.407912895116,1970.0149864613115,27780.03843498848,2719.457937910002,155,103641.63165158046,7880.059945845246,111120.15373995392,10877.831751640007,155,0.88090015111431,0.864062488079071,0.8984375,0.003203573181070718,155,0.42000106880741733,0.35732126235961914,0.4484771192073822,0.010502722181619063,155
emnist_balanced,8,train,720,409.1502810892416,37216480,0.5682642792906134,0.5169157909986097,0.5929715000092983,0.0045621185649340305,720,225.15488956983447,170.24049474285974,242.0888292686835,2.65003952471306,720,90962.57538621312,68777.15987611533,97803.88702454814,1070.6159679840764,720,0.9220909444822205,0.904296875,0.953125,0.0022512822656821124,720,0.2555023054488831,0.24135252833366394,0.29351550340652466,0.004311482988212066,720
emnist_balanced,8,validation,155,0.7715632530744188,78960,0.004977827439189798,0.003891792002832517,0.008800207986496389,0.00047371670370344204,155,25713.363397710484,7194.629101355132,27741.655800326225,2254.868924305726,155,102853.45359084193,28778.516405420527,110966.6232013049,9019.475697222904,155,0.8830443097699073,0.871874988079071,0.90234375,0.0031424488172303523,155,0.410688409497661,0.34896212816238403,0.4382267892360687,0.010556232314296886,155
emnist_balanced,9,train,720,408.9214515101921,37216480,0.5679464604308224,0.5217359590169508,0.5960724999895319,0.00448972238050365,720,225.28141370937558,168.6676919218078,241.74093145997983,2.700763645089852,720,91013.69113858776,68141.74753641036,97663.33630983185,1091.1085126163,720,0.9246178256968657,0.91796875,0.9453125,0.0018773808763274033,720,0.24147662923981747,0.20365683734416962,0.25641897320747375,0.004762348232509438,720
emnist_balanced,9,validation,155,0.7840379192202818,78960,0.005058309156259882,0.0036307499976828694,0.010575749998679385,0.0008057632489816772,155,25547.730534103404,7711.905258657162,28046.342188271727,2978.7831220175503,155,102190.92213641362,30847.62103462865,112185.3687530869,11915.132488070201,155,0.8833423599120109,0.875,0.90234375,0.0030402639909499793,155,0.4037168356680101,0.34000834822654724,0.4330253601074219,0.010675850571199645,155
emnist_balanced,10,train,720,408.9003931157931,37216480,0.5679172126608237,0.5157868750102352,0.6125989579886664,0.005169235603866736,720,225.2963424562373,170.61310448865868,241.891935398635,2.8019400428753056,720,91019.72235231988,68927.6942134181,97724.34190104855,1131.9837773216234,720,0.9260669682588842,0.9237882494926453,0.9453125,0.001750284399234004,720,0.23022739183571603,0.1901933252811432,0.23997697234153748,0.0029260182199444245,720
emnist_balanced,10,validation,155,0.7557496252120472,78960,0.0048758040336261115,0.004363165993709117,0.007670582999708131,0.0003422296692646655,155,26198.74543614099,6417.358413677327,28023.57392980597,2087.97014048289,155,104794.98174456396,25669.433654709308,112094.29571922388,8351.88056193156,155,0.8817803578992044,0.8671875,0.891406238079071,0.0032188726802563415,155,0.40217978954315187,0.3294643759727478,0.4251862168312073,0.01156098758957122,155
emnist_balanced,11,train,720,409.1637412443233,37216480,0.568282973950449,0.5182581249973737,0.5901458339940291,0.005094168724271856,720,225.15159090816095,169.79955693014162,242.72220507890142,2.83763052613598,720,90961.24272689702,68599.02099977722,98059.77085187618,1146.402732558936,720,0.9265369012951851,0.91576087474823,0.935546875,0.0016453581810787945,720,0.22472947051541672,0.18114757537841797,0.24017557501792908,0.004249292318800707,720
emnist_balanced,11,validation,155,0.766912594117457,78960,0.004947823187854561,0.0037500420003198087,0.007135541993193328,0.0003578684161139829,155,25808.816161777435,7466.583040299848,27837.179483658696,2051.2081285778954,155,103235.26464710974,29866.332161199392,111348.71793463478,8204.832514311582,155,0.882762707817939,0.8687499761581421,0.890625,0.0027174870440210583,155,0.39634337309868106,0.3254345953464508,0.4265457093715668,0.011178836175092213,155
emnist_balanced,12,train,720,409.02695300008054,37216480,0.5680929902778896,0.5185730000084732,0.5880714159866329,0.00486843675754089,720,225.2252659229244,169.69645546251374,241.61812428382927,2.7690135800249904,720,90991.00743286146,68557.36800685554,97613.72221066702,1118.6814863300963,720,0.9293099394275083,0.9275803565979004,0.953125,0.002027113907477522,720,0.2135136941447854,0.16466864943504333,0.21667200326919556,0.004396610572400679,720
emnist_balanced,12,validation,155,0.7579629611573182,78960,0.0048900836203697945,0.003741709020687267,0.007315249997191131,0.00029096135500391896,155,26080.670040320918,7483.211507146281,27782.046321669437,1905.6709433838332,155,104322.68016128367,29932.846028585125,111128.18528667775,7622.683773535333,155,0.8831718987034213,0.8697916865348816,0.89453125,0.002523840251266658,155,0.3955412860839598,0.3207322359085083,0.4211408197879791,0.011142454687763226,155
emnist_balanced,13,train,720,408.887058242748,37216480,0.5678986920038167,0.5179171670170035,0.5968945829954464,0.005025582677742576,720,225.303385748551,169.9113402763707,242.58970191864458,2.813009499214295,720,91022.56784241459,68644.18147165376,98006.23957513241,1136.455837682575,720,0.9290449564655622,0.923828125,0.9375,0.000839343407780831,720,0.21000365070584748,0.19072239100933075,0.2194429337978363,0.0015539931558216193,720
emnist_balanced,13,validation,155,0.7892932080139872,78960,0.00509221424525153,0.0036147919890936464,0.01587708300212398,0.0011184977114455576,155,25559.639426727943,7745.950551091204,27882.6584555832,3227.4406087078937,155,102238.55770691177,30983.802204364816,111530.6338223328,12909.762434831575,155,0.884689022264173,0.8723958134651184,0.8984375,0.002633109173204166,155,0.3906169489506752,0.32081419229507446,0.4172426760196686,0.01074229580275621,155
emnist_balanced,14,train,720,408.89954115258297,37216480,0.5679160293785874,0.5230310829938389,0.6164862500154413,0.005228575338249083,720,225.29880770364107,168.25003878600577,241.77599563415706,2.923719967991001,720,91020.718312271,67973.01566954632,97677.50223619945,1181.1828670683644,720,0.9287584937281079,0.9200994372367859,0.94921875,0.0019317405681965017,720,0.20822121397488647,0.17609310150146484,0.24109500646591187,0.003642683881694725,720
emnist_balanced,14,validation,155,0.7597808749997057,78960,0.004901812096772295,0.003714916994795203,0.007064959005219862,0.0002727394142995081,155,26009.519864834838,7537.180518226784,27575.563022110302,1859.3369509502709,155,104038.07945933935,30148.722072907138,110302.25208844121,7437.3478038010835,155,0.8845245941992729,0.875,0.8984375,0.002679584584245647,155,0.3897309397497485,0.3150150775909424,0.4146096110343933,0.011288151502236561,155
emnist_balanced,15,train,720,409.6010064124712,37216480,0.5688902866839878,0.5174079589778557,0.653391959000146,0.007686600789467329,720,224.93191731638458,170.07855884908463,243.6046638832266,3.4984739534438187,720,90872.49459581936,68711.73777503018,98416.28420882355,1413.383477191303,720,0.9315662441154321,0.921875,0.9479166865348816,0.002202906954597692,720,0.1975518943534957,0.16117924451828003,0.21021518111228943,0.005056230237746985,720
emnist_balanced,15,validation,155,0.7597916671074927,78960,0.004901881723274147,0.003649166988907382,0.006810833991039544,0.00032927467632371465,155,26036.053593869532,7672.984022138061,28002.116774035418,2003.417958754488,155,104144.21437547813,30691.936088552244,112008.46709614167,8013.671835017952,155,0.8837369622722748,0.8671875,0.890625,0.0027772631423097684,155,0.38689566831434924,0.3157685101032257,0.41409459710121155,0.011054352899026367,155
emnist_balanced,16,train,720,408.74516579747433,37216480,0.5677016191631588,0.5135180839861277,0.5933618750132155,0.007042656889334347,720,225.3987157235554,171.36689581973368,243.81921852149543,3.445463644606252,720,91061.08115231637,69232.2259111724,98502.96428268414,1391.9673124209257,720,0.9320928341812558,0.9140625,0.9375,0.0015625574642119864,720,0.19880971854759588,0.14101645350456238,0.21301405131816864,0.004188660976684336,720
emnist_balanced,16,validation,155,0.7606610512302723,78960,0.004907490653098531,0.004346917005022988,0.006782792013837025,0.00024717658880992735,155,25990.993076576404,6441.346813763685,28014.373904149063,1925.5676528247343,155,103963.97230630562,25765.38725505474,112057.49561659625,7702.270611298937,155,0.8851011014753772,0.875,0.8984375,0.0027610175283675027,155,0.38593338228041124,0.31181949377059937,0.40819084644317627,0.011210609879164403,155
emnist_balanced,17,train,720,409.6238760451088,37216480,0.5689220500626511,0.5185242909938097,0.6270708749943879,0.009310338279832426,720,224.94059883047942,169.7123963688146,243.38283152152917,4.178739321179495,720,90876.00192751367,68563.8081330011,98326.66393469778,1688.2106857565157,720,0.9331341607703103,0.921875,0.9583333134651184,0.002251248113932008,720,0.19215443606177965,0.16248464584350586,0.19475868344306946,0.003781036649541195,720
emnist_balanced,17,validation,155,0.7649974209489301,78960,0.004935467231928581,0.0036111249937675893,0.006985166983213276,0.0003079449815589315,155,25845.158446698028,7753.816344857895,27577.042413318584,1923.8069063967544,155,103380.63378679211,31015.26537943158,110308.16965327434,7695.227625587017,155,0.8856038947259226,0.8723958134651184,0.8955078125,0.00282602238079251,155,0.3860473411698495,0.305143803358078,0.41030412912368774,0.011881370822604646,155
emnist_balanced,18,train,720,408.84797205388895,37216480,0.5678444056304013,0.517057457996998,0.5911342080216855,0.00667004010896967,720,225.33905869698123,170.19385106811654,242.72055641111663,3.3587623935533766,720,91036.97971358041,68758.31583151908,98059.10479009112,1356.9400069955645,720,0.9343684090508355,0.932467520236969,0.9624999761581421,0.003230718861768239,720,0.1897688398344649,0.12420028448104858,0.1934278905391693,0.005091125428020729,720
emnist_balanced,18,validation,155,0.7597552051302046,78960,0.004901646484710997,0.0036892500065732747,0.007430124998791143,0.00031885327099841524,155,26030.10493381576,7589.618472619462,28111.788233518077,1955.9723604793553,155,104120.41973526304,30358.47389047785,112447.1529340723,7823.889441917421,155,0.8861446826688705,0.8802083134651184,0.90234375,0.0032634100973961263,155,0.38493243782751024,0.30871322751045227,0.41004738211631775,0.011376976439165503,155
emnist_balanced,19,train,720,408.8042599540786,37216480,0.5677836943806647,0.5168130419915542,0.6108006249996834,0.007339369691751433,720,225.36992287484244,170.27434071882053,244.8481074492373,3.58737981689757,720,91049.44884143634,68790.8336504035,98918.63540949186,1449.301446026618,720,0.9340536351833079,0.9140625,0.9398776888847351,0.0017221967083452308,720,0.1882857830160194,0.18166348338127136,0.22995716333389282,0.0036366579825727226,720
emnist_balanced,19,validation,155,0.7734005071688443,78960,0.004989680691411899,0.0035216250107623637,0.008644207991892472,0.0005652242148351322,155,25709.031052348535,7950.874926895905,27899.626674235053,2463.4516501660914,155,102836.12420939414,31803.49970758362,111598.50669694021,9853.806600664366,155,0.8855516033787881,0.8802083134651184,0.8984375,0.0026883807631190785,155,0.38580764089861225,0.30937689542770386,0.41194331645965576,0.011300804617944103,155
emnist_balanced,20,train,720,408.6613861612859,37216480,0.5675852585573415,0.5167474579939153,0.5978967910050415,0.007181878982154406,720,225.4471634840717,170.29595141431,242.85625518556606,3.5393024729956797,720,91080.65404756495,68799.56437138125,98113.92709496869,1429.8781990902546,720,0.9333264834351009,0.921875,0.9375,0.0013792774406595205,720,0.18557652301258512,0.14136089384555817,0.19221298396587372,0.0029320865851749384,720
emnist_balanced,20,validation,155,0.7692352537123952,78960,0.004962808088467066,0.0039029170002322644,0.007858875003876165,0.0004287720573769681,155,25772.4970847993,7174.121304228019,27779.5381755824,2213.4928940231007,155,103089.9883391972,28696.485216912075,111118.1527023296,8853.971576092403,155,0.8860135393757974,0.8723958134651184,0.8984375,0.0027567320765868146,155,0.38544479877718035,0.31152603030204773,0.41269752383232117,0.011384000266791698,155
emnist_balanced,21,train,720,408.70430892313016,37216480,0.5676448735043474,0.5183454170182813,0.5893277089926414,0.007395459229572266,720,225.4261864978958,169.77096181578926,242.85466183680052,3.6378199037194383,720,91072.1793451499,68587.46857357887,98113.28338206741,1469.6792411026531,720,0.9352996448675791,0.8984375,0.9381930232048035,0.002504950936149327,720,0.18297646252645386,0.17600122094154358,0.24142134189605713,0.003386837383482533,720
emnist_balanced,21,validation,155,0.773402619845001,78960,0.004989694321580652,0.003542082995409146,0.008870874997228384,0.0005742142560556308,155,25706.59960508884,7904.953112699642,27548.357652648938,2428.060984267319,155,102826.39842035536,31619.812450798567,110193.43061059575,9712.243937069275,155,0.8858474104635177,0.8723958134651184,0.89453125,0.002387414047916508,155,0.3836914014431738,0.3087017238140106,0.4120232164859772,0.011353817021057576,155
emnist_balanced,22,train,720,408.43728616679437,37216480,0.5672740085649922,0.5185197910177521,0.587071416026447,0.007275924912275968,720,225.57242244512923,169.71386921851786,244.02058255337968,3.604663636533846,720,91131.2586678322,68564.40316428122,98584.3153515654,1456.2841091596736,720,0.9361307660738627,0.9346813559532166,0.9515625238418579,0.0019310276236638739,720,0.17875514042874177,0.14071984589099884,0.1824268251657486,0.004794114246850841,720
emnist_balanced,22,validation,155,0.762749046436511,78960,0.004920961589912974,0.003645499993581325,0.00700258300639689,0.00031648611402335444,155,25924.809274978197,7680.702249156476,27823.564778558524,1931.622882886526,155,103699.23709991279,30722.808996625903,111294.2591142341,7726.491531546104,155,0.8859823173092257,0.8723958134651184,0.8984375,0.0028884932302235314,155,0.3844496561634925,0.3130088150501251,0.4085361957550049,0.010982750049621636,155
emnist_balanced,23,train,720,408.5038849042612,37216480,0.5673665068114739,0.5180654999567196,0.6069386250455864,0.008158399548511863,720,225.5454074194666,169.86269112178235,243.6490440165828,3.9064285229229494,720,91120.34459746451,68624.52721320007,98434.21378269944,1578.1971232608719,720,0.9362082369625568,0.934206485748291,0.96875,0.002008584261567418,720,0.17623159927833412,0.08749233186244965,0.17950108647346497,0.006233464974379088,720
emnist_balanced,23,validation,155,0.780528835079167,78960,0.005035669903736562,0.003540791047271341,0.011665457976050675,0.0007509165973467095,155,25573.4931767589,7907.83743694161,27748.16875760598,2651.054670798883,155,102293.9727070356,31631.34974776644,110992.67503042392,10604.218683195531,155,0.8856605860494798,0.8697916865348816,0.90234375,0.002788840985481336,155,0.38364091380949944,0.31544581055641174,0.41744086146354675,0.010814015437188462,155
emnist_balanced,24,train,720,408.771523957781,37216480,0.5677382277191403,0.5162268330459483,0.5933189169736579,0.006744352328074584,720,225.381646484047,170.46769824180623,242.11012244799358,3.3669776344552194,720,91054.18517955499,68868.95008968972,97812.48946898941,1360.258964319909,720,0.935371591978603,0.921875,0.9375,0.0015910378638414008,720,0.1777956649661064,0.1734265238046646,0.21542122960090637,0.0032397815045444927,720
emnist_balanced,24,validation,155,0.7654524638783187,78960,0.004938402992763346,0.0038000000058673322,0.007349374995101243,0.000302625701051591,155,25830.852707801787,7368.421041254481,27710.876062987227,1918.7577546057053,155,103323.41083120715,29473.684165017923,110843.5042519489,7675.031018422821,155,0.8868202717073502,0.8723958134651184,0.90234375,0.003247850483708826,155,0.38532236564543937,0.31009215116500854,0.415053129196167,0.011524944103688614,155
emnist_balanced,25,train,720,408.724610993173,37216480,0.5676730708238513,0.5168947500060312,0.6006103330291808,0.006137220119666562,720,225.40193728582915,170.24742464297267,244.22800638720983,3.1690359328128634,720,91062.38266347499,68779.95955576096,98668.11458043278,1280.2905168563968,720,0.9374476002322303,0.9359843134880066,0.94921875,0.0018258238135246273,720,0.17489120960235596,0.11027638614177704,0.1810290515422821,0.005866181272855511,720
emnist_balanced,25,validation,155,0.7617413393454626,78960,0.004914460253841694,0.0036812920006923378,0.0067241250071674585,0.00027824593080172356,155,25945.51731717321,7606.025274478107,27743.91068669755,1881.8024692676684,155,103782.06926869284,30424.10109791243,110975.6427467902,7527.209877070673,155,0.8851284946164777,0.8697916865348816,0.89453125,0.0024643712104637215,155,0.38551400822977866,0.30958521366119385,0.41642051935195923,0.01124172120746192,155
emnist_balanced,26,train,720,408.4754349250579,37216480,0.5673269929514694,0.5167725419742055,0.5900987919885665,0.005659397978559941,720,225.53547516918917,170.28768530119095,243.3370443749359,3.0240221216571124,720,91116.33196835243,68796.22486168114,98308.16592747411,1221.7049371494736,720,0.9375842942959732,0.9329426884651184,0.9453125,0.00106016251775881,720,0.17195800738409162,0.12469155341386795,0.1839149445295334,0.0032320119848092345,720
emnist_balanced,26,validation,155,0.7691550457966514,78960,0.004962290618042912,0.0036426669685170054,0.007421125017572194,0.00033987813553898455,155,25722.420567998757,7686.675790567618,27673.432032586297,2007.312357465921,155,102889.68227199503,30746.70316227047,110693.72813034519,8029.249429863684,155,0.8839887149872319,0.8671875,0.89453125,0.0028901466475654983,155,0.38556507960442576,0.3078286647796631,0.41575732827186584,0.011401090671178135,155
emnist_balanced,27,train,720,408.5184380497667,37216480,0.5673867195135649,0.5219092500046827,0.5922006669570692,0.007940716808316223,720,225.53560252876713,168.61168871640126,242.86441531064082,3.866904987021229,720,91116.38342162193,68119.12224142611,98117.22378549889,1562.2296147565764,720,0.9369349344737,0.9296875,0.9390624761581421,0.0012070711398891585,720,0.17231441237446335,0.1541641354560852,0.19840717315673828,0.0017799429638131986,720
emnist_balanced,27,validation,155,0.7729745836695656,78960,0.004986932797868165,0.0035650000208988786,0.010928458999842405,0.0006973115446646907,155,25788.17759440482,7854.137401362506,28131.868055283972,2569.3651281483017,155,103152.71037761928,31416.549605450025,112527.47222113589,10277.460512593207,155,0.8858098272354372,0.875,0.8984375,0.00271421302010808,155,0.3854211022776942,0.30289575457572937,0.406501829624176,0.011699244207202182,155
emnist_balanced,28,train,720,408.60077629284933,37216480,0.567501078184513,0.5169123340165243,0.6218330420088023,0.006372995070591076,720,225.47213388078396,170.2416332692632,243.65294778334993,3.2296966332832304,720,91090.74208783673,68777.61984078232,98435.79090447337,1304.797439846425,720,0.9377352987726529,0.9287109375,0.96875,0.001487692122665969,720,0.16915024572776424,0.11022436618804932,0.17705412209033966,0.0031439287205211447,720
emnist_balanced,28,validation,155,0.7616670829011127,78960,0.004913981180007179,0.003533500013872981,0.006963833002373576,0.00030530097788651427,155,25958.079525744593,7924.154489901897,27900.13126818382,1945.4912041357834,155,103832.31810297837,31696.61795960759,111600.52507273528,7781.964816543134,155,0.8854233934033302,0.8645833134651184,0.8912760615348816,0.0030777027449146147,155,0.3858861348321361,0.3109232783317566,0.4185929298400879,0.011524536219564816,155
emnist_balanced,29,train,720,408.7575033342,37216480,0.5677187546308333,0.5223955419496633,0.5895519999903627,0.005990946907997022,720,225.3838587701531,168.21559877150023,245.02506189521378,3.2024349347251855,720,91055.07894314184,67959.1019036861,98990.12500566637,1293.783713628975,720,0.9385076239705086,0.9365507960319519,0.9921875,0.0032887895569037573,720,0.16920206031451623,0.07293295860290527,0.1751765012741089,0.005155260672147439,720
emnist_balanced,29,validation,155,0.768306796264369,78960,0.004956818040415284,0.0036057079560123384,0.00724574999185279,0.0003529717571311377,155,25755.428267695213,7765.465296020826,27589.673495814426,2020.9019047617755,155,103021.71307078085,31061.861184083304,110358.6939832577,8083.607619047102,155,0.886856415963942,0.8723958134651184,0.8984375,0.0025939548803151384,155,0.3870268064160501,0.3161982297897339,0.41871213912963867,0.011302324018692286,155
emnist_balanced,30,train,720,408.89600988372695,37216480,0.5679111248385097,0.5203250420163386,0.5916048749932088,0.005911247179813033,720,225.3061431571779,169.12505240760012,244.88880333345858,3.1350680299546885,720,91023.68183549988,68326.52117267046,98935.07654671726,1266.5674841016937,720,0.9389676841596762,0.9296875,0.9443359375,0.001339707724862328,720,0.16755818879852694,0.14618057012557983,0.18623092770576477,0.0030461571491539213,720
emnist_balanced,30,validation,155,0.7640938319964334,78960,0.004929637625783441,0.00358791695907712,0.007022000034339726,0.000343366518744983,155,25891.32733778776,7803.971028137209,27803.16723342257,1989.5431918618356,155,103565.30935115104,31215.884112548836,111212.66893369028,7958.172767447342,155,0.885798983035549,0.875,0.90234375,0.0028817427787954162,155,0.38766875497756464,0.3073746860027313,0.41345658898353577,0.011996990958701824,155
emnist_balanced,31,train,720,408.82977255422156,37216480,0.5678191285475299,0.5203529159771279,0.589450332976412,0.006021603517900685,720,225.3437990108095,169.11599281566828,244.45889184017798,3.184900590205709,720,91038.89480036704,68322.86109753,98761.3923034319,1286.699838443106,720,0.9384126885069741,0.928906261920929,0.9400092959403992,0.0013356144187709415,720,0.16661690742605262,0.16209697723388672,0.21328520774841309,0.0036325511834051564,720
emnist_balanced,31,validation,155,0.7626555004972033,78960,0.004920358067723892,0.0036009169998578727,0.007198875013273209,0.00032307672521417755,155,25927.990474759474,7775.797109765416,27585.46357975171,1922.2894379908655,155,103711.9618990379,31103.188439061665,110341.85431900684,7689.157751963462,155,0.8845564499978096,0.8671875,0.89453125,0.002743291701921165,155,0.3899722439627494,0.30744990706443787,0.41477149724960327,0.01158914229066864,155
emnist_balanced,32,train,720,408.6617515894468,37216480,0.5675857660964538,0.513933582988102,0.6112110409885645,0.00631197966003137,720,225.43743864716498,171.2283511195206,244.22754041699454,3.180437326937696,720,91076.72521345466,69176.25385228632,98667.9263284658,1284.8966800828296,720,0.9382225551538997,0.9140625,0.9453125,0.0014613132445533373,720,0.1672079996412827,0.12474409490823746,0.19752873480319977,0.002987165169809265,720
emnist_balanced,32,validation,155,0.7717050380306318,78960,0.0049787421808427865,0.003750292002223432,0.006917125021573156,0.000362434186076458,155,25652.726465896325,7466.085303064312,27497.06648606574,2075.1165434400796,155,102610.9058635853,29864.341212257248,109988.26594426297,8300.466173760318,155,0.8860591811518516,0.875,0.89453125,0.002369152138778166,155,0.3897448533965695,0.31150543689727783,0.42313694953918457,0.011404732557170666,155
emnist_balanced,33,train,720,408.8585455342545,37216480,0.5678590910197979,0.5195026249857619,0.5930254579870962,0.006245814176381951,720,225.3296538578849,169.39279181199868,244.16495821579474,3.2397348641052965,720,91033.1801585855,68434.68789204747,98642.64311918107,1308.8528850985397,720,0.9410157855186198,0.9395217895507812,0.94921875,0.001408835794364051,720,0.16322233552734058,0.14956660568714142,0.18724963068962097,0.0021823781410975477,720
emnist_balanced,33,validation,155,0.7671657922910526,78960,0.004949456724458404,0.003607209015171975,0.006953667034395039,0.0003376083174157439,155,25786.753426455056,7762.233871736177,27513.32615632226,1993.2576179720745,155,103147.01370582022,31048.93548694471,110053.30462528903,7973.030471888298,155,0.8855482251413407,0.8697916865348816,0.90234375,0.0028454010349824167,155,0.38986643975780855,0.3147891163825989,0.41673678159713745,0.011199905468160005,155
emnist_balanced,34,train,720,414.3614120221464,37216480,0.57550196114187,0.5229544579633512,0.6774252920295112,0.02359750020427097,720,222.64967515715418,168.2746913425625,244.50348666145683,8.54244665440464,720,89950.4687634903,67982.97530239525,98779.40861122856,3451.1484483794743,720,0.939980694734388,0.9296875,0.946093738079071,0.0011541519946484957,720,0.16149168794767724,0.14521659910678864,0.18395312130451202,0.0026008347479799516,720
emnist_balanced,34,validation,155,0.772290296270512,78960,0.004982518040454916,0.003707875031977892,0.008824166026897728,0.0004215234642979614,155,25651.098481395078,7551.495063484909,27500.759021075875,2101.7728142841015,155,102604.39392558031,30205.980253939637,110003.0360843035,8407.091257136406,155,0.8849178437263735,0.8723958134651184,0.8984375,0.0026668424009534167,155,0.39135858916467237,0.3127356767654419,0.4225537180900574,0.011586651756287682,155
emnist_balanced,35,train,720,411.286310783471,37216480,0.5712309871992652,0.5198566669714637,0.9655985829886049,0.02965276031179043,720,224.3804040592382,132.56026081130915,244.4911301684601,8.218550420540643,720,90649.68323993224,53554.345367768896,98774.41658805788,3320.2943698984195,720,0.9397150157226457,0.9378446936607361,0.956250011920929,0.001709562575194539,720,0.16075120727635092,0.1305646300315857,0.17257060110569,0.0029744259568465405,720
emnist_balanced,35,validation,155,0.7671317081549205,78960,0.004949236826805939,0.003523166000377387,0.007694792002439499,0.0003680245616085779,155,25800.580700418588,7947.39731167954,27689.64300006239,2050.1376271386853,155,103202.32280167435,31789.58924671816,110758.57200024957,8200.550508554741,155,0.8850866390812782,0.8697916865348816,0.89453125,0.002618475653604767,155,0.3927541369392026,0.31223389506340027,0.41846680641174316,0.011629961329155914,155
emnist_balanced,36,train,720,408.606222757895,37216480,0.5675086427192986,0.514901332964655,0.591085416963324,0.006214920634105244,720,225.46772578668597,170.9065297876024,245.39694994644967,3.1841171430313726,720,91088.96121782114,69046.23803419138,99140.36777836567,1286.3833257846745,720,0.9396439437237051,0.921875,0.9411764740943909,0.0014963870423464552,720,0.161409160722461,0.15895800292491913,0.18752606213092804,0.0029002294545324575,720
emnist_balanced,36,validation,155,0.7582312406157143,78960,0.004891814455585254,0.003638708032667637,0.006726792023982853,0.00027929472904616185,155,26063.965662328552,7695.038939266702,27542.186857721335,1869.802730183841,155,104255.86264931421,30780.15575706681,110168.74743088534,7479.210920735364,155,0.8863674017690844,0.8723958134651184,0.90234375,0.0029414560447666134,155,0.39346171175279926,0.3163115084171295,0.4283713400363922,0.011798599027140954,155
emnist_balanced,37,train,720,408.749384371622,37216480,0.5677074782939194,0.5156497079879045,0.5932697080424987,0.006426969388576622,720,225.3907213540595,170.65848896410932,244.21511486596646,3.2544815679184556,720,91057.85142704005,68946.02954150016,98662.90640585044,1314.810553439056,720,0.9401282153195805,0.9375,0.94921875,0.001034025631772352,720,0.16081077684130934,0.13397209346294403,0.17977149784564972,0.0030904250665320836,720
emnist_balanced,37,validation,155,0.779266661091242,78960,0.005027526845749948,0.0035781250335276127,0.008869791985489428,0.0005856621782757753,155,25533.329725012583,7825.327437592441,27819.029443822517,2525.5528578649228,155,102133.31890005033,31301.309750369765,111276.11777529007,10102.211431459691,155,0.8850905183822878,0.8671875,0.8919270634651184,0.0026631542897612975,155,0.39221373642644575,0.3131271004676819,0.4257642924785614,0.011576534662153982,155
emnist_balanced,38,train,720,408.4803468166501,37216480,0.5673338150231252,0.5178450829698704,0.5900277079781517,0.0059997700098371395,720,225.53592728741145,169.9349919387379,243.5579632454441,3.151748296515155,720,91116.51462411424,68653.73674325012,98397.41715115942,1273.3063117921224,720,0.9411416469348801,0.92578125,0.9429253339767456,0.0016301297946368868,720,0.15892568214072123,0.15279407799243927,0.17893506586551666,0.0018316787436797612,720
emnist_balanced,38,validation,155,0.767366366868373,78960,0.004950750753989503,0.00359616702189669,0.007103166019078344,0.00032866873427359365,155,25774.447829256358,7786.067729755288,27538.969459480617,1962.4229713248117,155,103097.79131702543,31144.270919021154,110155.87783792247,7849.691885299247,155,0.8859069689627617,0.8697916865348816,0.89453125,0.002291065862452125,155,0.39547854373531954,0.3189562261104584,0.42825746536254883,0.011433246931989946,155
emnist_balanced,39,train,720,408.70930591906654,37216480,0.5676518137764813,0.5175764999585226,0.5883743750164285,0.006381290895696195,720,225.41294031761757,170.02317533167005,245.33931210843954,3.272807102927987,720,91066.8278883175,68689.36283399469,99117.08209180957,1322.2140695829069,720,0.9417025988300641,0.9375,0.9505208134651184,0.0011590064196460202,720,0.15558017912424274,0.1391112357378006,0.17990249395370483,0.0033554845169525825,720
emnist_balanced,39,validation,155,0.779063341091387,78960,0.0050262151038153995,0.003530791960656643,0.009095667046494782,0.0006996888779457005,155,25608.48224202604,7930.232172272385,27832.639885849665,2666.4882735746496,155,102433.92896810416,31720.92868908954,111330.55954339866,10665.953094298598,155,0.8864221611330586,0.8723958134651184,0.89453125,0.0025737397382982145,155,0.3945023578982199,0.31575289368629456,0.42392826080322266,0.011802349495309748,155
emnist_balanced,40,train,720,408.31118074734695,37216480,0.567098862149093,0.5207083339919336,0.5910492920083925,0.006081664257935709,720,225.63075290999805,169.00055992067763,244.2561440682296,3.21892653951287,720,91154.82417563921,68276.22620795376,98679.48220356475,1300.4463219631996,720,0.9408008755909072,0.921875,0.9468749761581421,0.0012963540166962373,720,0.1560833969877826,0.1489136517047882,0.24555306136608124,0.004331182746275573,720
emnist_balanced,40,validation,155,0.7635190377477556,78960,0.004925929275791972,0.0035980420070700347,0.006974665971938521,0.0003456270295838526,155,25912.33127189012,7782.010311436308,27715.376198942016,1998.2382996858742,155,103649.32508756049,31128.041245745233,110861.50479576807,7992.953198743497,155,0.8861094182537448,0.8697916865348816,0.89453125,0.0026252422852389313,155,0.39483362436294556,0.31704390048980713,0.42244699597358704,0.011460946468201888,155
emnist_balanced,41,train,720,408.6002068842063,37216480,0.5675002873391753,0.5234592499909922,0.6048566669924185,0.006471652449228651,720,225.4775452850932,163.74536531089234,244.52715278639673,3.4913980075716164,720,91092.92829517765,66153.12758560051,98788.96972570427,1410.5247950589328,720,0.9423058201041487,0.921875,0.9546874761581421,0.002138891024043687,720,0.15445442193498213,0.13438312709331512,0.20527875423431396,0.003621350688683937,720
emnist_balanced,41,validation,155,0.7705167538952082,78960,0.004971075831581988,0.003677917004097253,0.00901012500980869,0.0005180528966777306,155,25759.688603825496,7613.004852694498,27614.970751823254,2254.6943311769633,155,103038.75441530198,30452.019410777993,110459.88300729301,9018.777324707853,155,0.8849489431227407,0.8723958134651184,0.8984375,0.0024704755016404806,155,0.39695633130688823,0.30629998445510864,0.4229249954223633,0.012495580432370054,155
emnist_balanced,42,train,720,408.7829736387939,37216480,0.5677541300538804,0.5195164579781704,0.5893274999689311,0.006296479081939729,720,225.37232200927195,168.65679543715513,246.38295483100643,3.28936175562545,720,91050.41809174586,68137.34535661066,99538.7137517266,1328.9021492726818,720,0.9417170824276077,0.9140625,0.9440848231315613,0.0013033380581408936,720,0.1535424762715896,0.1444096714258194,0.17291735112667084,0.0013944340999315211,720
emnist_balanced,42,validation,155,0.7708452081424184,78960,0.004973194891241409,0.003516458033118397,0.009755832958035171,0.0005202640526018687,155,25742.2202028473,7962.557703317615,27753.180482766453,2218.263076759955,155,102968.8808113892,31850.23081327046,111012.72193106581,8873.05230703982,155,0.8862450030542189,0.8723958134651184,0.8984375,0.0023795644507829854,155,0.3975789031674785,0.31973782181739807,0.4255293905735016,0.011562184775537544,155
emnist_balanced,43,train,720,408.7662549248198,37216480,0.5677309096178053,0.5209204579587094,0.6022568750195205,0.006302098741612571,720,225.3816606350711,168.46740132689473,245.7188963197638,3.2946130400447036,720,91054.19089656873,68060.83013606547,99270.43411318457,1331.0236681780602,720,0.941783204757505,0.93359375,0.9465144276618958,0.0009631753070609032,720,0.15547742046829727,0.1500914841890335,0.21233052015304565,0.0038284379908919914,720
emnist_balanced,43,validation,155,0.7699497496942058,78960,0.004967417739962618,0.003643333970103413,0.007152540958486497,0.0003847364064196608,155,25716.890518610853,7685.268556153046,27302.78158581818,2081.2770854256205,155,102867.56207444341,30741.074224612184,109211.12634327271,8325.108341702482,155,0.8842964341563563,0.875,0.90625,0.002850265969913371,155,0.40008226979163386,0.31451165676116943,0.42224130034446716,0.012131465889131502,155
emnist_balanced,44,train,720,408.49988184240647,37216480,0.5673609470033423,0.5205888749915175,0.5973565409658477,0.006552459506619383,720,225.5306828341176,169.03934030751978,245.70274159663404,3.3620686086041682,720,91114.39586498353,68291.89348423798,99263.90760504015,1358.275717876084,720,0.9424097924596734,0.921875,0.9485676884651184,0.001722729876472317,720,0.1527456338206927,0.14850668609142303,0.2190806269645691,0.004891003053826454,720
emnist_balanced,44,validation,155,0.7626741666463204,78960,0.00492047849449239,0.0037230419693514705,0.007215874968096614,0.0003399416655225533,155,25944.014276199898,7520.731764642829,28150.42855856506,2028.1271122925239,155,103776.05710479959,30082.927058571317,112601.71423426025,8112.508449170095,155,0.8842460028586849,0.8697916865348816,0.89453125,0.002651204615681055,155,0.3997048497200012,0.3180355429649353,0.4243822991847992,0.011729532903896236,155
emnist_balanced,45,train,720,408.4270323186647,37216480,0.5672597671092565,0.5177048330078833,0.6177940840134397,0.006721255011841313,720,225.57177177155035,169.98102855002705,246.084772502539,3.3739642659206472,720,91130.99579570635,68672.33553421093,99418.24809102576,1363.0815634319415,720,0.9427808008260197,0.927734375,0.9609375,0.0012790234127409465,720,0.14947331559119953,0.09999919682741165,0.16142264008522034,0.0024788216308038466,720
emnist_balanced,45,validation,155,0.7687220845837146,78960,0.004959497319894933,0.0036352499737404287,0.009943499986547977,0.0005254131898097974,155,25817.698629636037,7702.358903035732,27399.45963145363,2232.612001073025,155,103270.79451854415,30809.435612142926,109597.83852581451,8930.4480042921,155,0.8833951673200053,0.8671875,0.89453125,0.0025767326669951084,155,0.40200440999000303,0.323006808757782,0.4293607175350189,0.01182889683367899,155
emnist_balanced,46,train,720,408.4303518279921,37216480,0.5672643775388779,0.5204057499649934,0.5923998749931343,0.0065640714539120255,720,225.57053009056733,166.959464887068,245.96192491841276,3.439871161108703,720,91130.49415658921,67451.62381437547,99368.61766703875,1389.7079490879162,720,0.9434369814064768,0.9348958134651184,0.95703125,0.0014270126033253722,720,0.1502880547195673,0.1330023556947708,0.18585045635700226,0.002581207628271847,720
emnist_balanced,46,validation,155,0.7649482489214279,78960,0.00493514999304147,0.0036045830347575247,0.007088041980750859,0.00041252613097344387,155,25903.9224853941,7767.888748853173,27778.77860884868,2183.672846362323,155,103615.6899415764,31071.55499541269,111115.11443539472,8734.691385449292,155,0.885704400462489,0.8645833134651184,0.8899739384651184,0.002821686407608116,155,0.4014509891310046,0.31522136926651,0.4265731871128082,0.0121118065404983,155
emnist_balanced,47,train,720,408.54899703222327,37216480,0.5674291625447545,0.5206898330361582,0.5980872910004109,0.006566905655819445,720,225.50378571984825,169.00656478516072,245.67721678007285,3.3718955306945495,720,91103.52943081869,68278.65217320493,99253.59557914943,1362.2457944005978,720,0.943536166432831,0.93359375,0.9609375,0.0013360430661670112,720,0.1477689847557081,0.11569752544164658,0.15342977643013,0.0025173964144144393,720
emnist_balanced,47,validation,155,0.7572066218708642,78960,0.004885204012070091,0.0035639170091599226,0.006860458990558982,0.00028420885370155545,155,26100.77636972071,7856.52413567287,27897.097254024768,1887.7624301556173,155,104403.10547888283,31426.09654269148,111588.38901609907,7551.049720622469,155,0.8840377826844492,0.8723958134651184,0.8984375,0.002392972446239755,155,0.40315286305642895,0.3172416090965271,0.43137264251708984,0.011688992699040493,155
emnist_balanced,48,train,720,408.9589676269097,37216480,0.5679985661484858,0.5202077919966541,0.7021247079828754,0.008818965930086634,720,225.29745158368257,169.16317162847494,244.87955042968625,3.869961656847745,720,91020.17043980779,68341.92133790388,98931.33837359324,1563.4645093664888,720,0.9430545154545042,0.9402862787246704,0.9635416865348816,0.0015622013156486782,720,0.14871105947014357,0.11973103880882263,0.17321869730949402,0.001866296293054388,720
emnist_balanced,48,validation,155,0.7573866272578016,78960,0.004886365337147107,0.003683792019728571,0.006558542023412883,0.00025236953267687945,155,26085.757180923774,7600.8634173823675,27794.871913661118,1850.0959779399143,155,104343.0287236951,30403.45366952947,111179.48765464447,7400.383911759657,155,0.8840094677863582,0.8671875,0.890625,0.00245506745074917,155,0.4018321612188893,0.31429439783096313,0.4289381504058838,0.012086773096645274,155
emnist_balanced,49,train,720,408.4730305885314,37216480,0.5673236535951826,0.5190856670378707,0.6035703329835087,0.006754922210460224,720,225.54731558649735,169.52885735059184,245.84195402617758,3.423451754795921,720,91121.11549694494,68489.6583696391,99320.14942657575,1383.074508937552,720,0.9450712059934934,0.9433732032775879,0.95703125,0.001797201862742738,720,0.14612602428015736,0.13359011709690094,0.2574065625667572,0.005621300409589426,720
emnist_balanced,49,validation,155,0.7691632114583626,78960,0.004962343299731372,0.003969790996052325,0.010834540997166187,0.0005937321769473837,155,25846.901872152805,7053.268050596117,27632.360093770094,2363.1771131590576,155,103387.60748861122,28213.07220238447,110529.44037508038,9452.70845263623,155,0.8846750782382103,0.8671875,0.89453125,0.0026790830336176803,155,0.40485265985611946,0.32777756452560425,0.43807485699653625,0.011442706205662014,155
emnist_balanced,50,train,720,408.80627807293786,37216480,0.5677864973235248,0.5145861249766313,0.5978367500356399,0.006873388183750586,720,225.36337712829885,171.0112180035875,246.86000820397277,3.3896403158135073,720,91046.80435983273,69088.53207344934,99731.443314405,1369.414687588657,720,0.9447531276279025,0.940625011920929,0.9566761255264282,0.0015163510260292454,720,0.14592833773543437,0.11776956915855408,0.14916345477104187,0.00296049446812536,720
emnist_balanced,50,validation,155,0.7613579173339531,78960,0.004911986563444859,0.003679333021864295,0.0068919169716537,0.0003271768234830703,155,25982.723908463868,7610.074933041145,27937.179787304645,2007.6839317757965,155,103930.89563385547,30440.29973216458,111748.71914921858,8030.735727103186,155,0.885062079275808,0.8697916865348816,0.89453125,0.002418949449710629,155,0.403939179835781,0.3174442648887634,0.42926520109176636,0.012309659869144058,155
emnist_balanced,51,train,720,408.3699715620023,37216480,0.5671805160583365,0.5218480419716798,0.59010087500792,0.00646916621722557,720,225.60200335357916,168.63146533522047,245.08920079398092,3.3560604121050113,720,91143.20935484597,68127.11199542908,99016.03712076829,1355.8484064904242,720,0.94278794080019,0.93359375,0.953125,0.001094457375928434,720,0.14543998738129935,0.10900779068470001,0.1579059213399887,0.0025584286687342964,720
emnist_balanced,51,validation,155,0.7610987533116713,78960,0.004910314537494654,0.0036948330234736204,0.007032333000097424,0.0003034548254224337,155,25977.88154706654,7578.150303982176,27837.433733645492,1927.1335263377114,155,103911.52618826616,30312.601215928706,111349.73493458197,7708.5341053508455,155,0.8852568857131465,0.8645833134651184,0.8912760615348816,0.0029362147145911934,155,0.4081061791989111,0.3185774087905884,0.4348415434360504,0.012914345505723315,155
emnist_balanced,52,train,720,408.4504040842294,37216480,0.567292227894763,0.5176712910179049,0.5892136250040494,0.006678774571585373,720,225.5600268397326,167.8973574850993,247.26115243576993,3.4494994273952333,720,91126.25084325197,67830.53242398011,99893.50558405106,1393.5977686676747,720,0.9454977533055676,0.9434523582458496,0.984375,0.0025999550092593374,720,0.14265295829003055,0.07499264180660248,0.14656893908977509,0.005136344843995522,720
emnist_balanced,52,validation,155,0.7650125410291366,78960,0.004935564780833139,0.003643290954641998,0.007051417022012174,0.00038991897456367423,155,25889.9243026444,7685.359294273377,27635.092646981575,2136.8105422076146,155,103559.6972105776,30741.437177093507,110540.3705879263,8547.242168830458,155,0.8842850615901332,0.8697916865348816,0.8984375,0.002485396258021027,155,0.4084175382891009,0.3211042284965515,0.4374180734157562,0.012671580515586478,155
emnist_balanced,53,train,720,408.32686786924023,37216480,0.5671206498183892,0.5192005420103669,0.5896337080048397,0.006853755129185541,720,225.6295292034556,169.00212886297763,246.5328705250932,3.4859177339581717,720,91154.32979819608,68276.86006064297,99599.27969213766,1408.3107645191014,720,0.9446166265341971,0.9361979365348816,0.9487847089767456,0.0009707402254411214,720,0.14514378154029448,0.12317606806755066,0.1588091105222702,0.002169600496311352,720
emnist_balanced,53,validation,155,0.7594433250487782,78960,0.0048996343551534075,0.003543082973919809,0.006881750014144927,0.0003095218631658404,155,26034.38958296545,7902.722066094557,27782.552814017512,1934.3907957618399,155,104137.5583318618,31610.888264378227,111130.21125607005,7737.563183047359,155,0.8857441183059446,0.875,0.90625,0.0028125562641566665,155,0.4082177221775055,0.3221677243709564,0.4393444359302521,0.012050744774769665,155
emnist_balanced,54,train,720,408.42277033504797,37216480,0.5672538476875666,0.520480791979935,0.6233587909955531,0.007125483851357084,720,225.57867767322253,169.0744430072887,245.88805819340158,3.5381117969482667,720,91133.78577998192,68306.07497494463,99338.77551013423,1429.3971659671,720,0.9455926453901662,0.9440135359764099,0.96875,0.002486070316302213,720,0.14243654850870371,0.1220812126994133,0.15460312366485596,0.003216599488368538,720
emnist_balanced,54,validation,155,0.7634757476625964,78960,0.004925649984919977,0.0036368329892866313,0.007644750003237277,0.0004257960857518159,155,25961.620308114947,7699.006273447885,27703.882711038772,2212.975972011667,155,103846.48123245979,30796.02509379154,110815.53084415509,8851.903888046669,155,0.8846607969653222,0.8723958134651184,0.90234375,0.0026850749622393763,155,0.4093697753644759,0.32301589846611023,0.4370480477809906,0.012320164736643937,155
emnist_balanced,55,train,720,408.41372896143,37216480,0.5672412902242083,0.516848667000886,0.5909839160158299,0.006841744354338003,720,225.58061057290436,170.2626041596217,246.00155414575926,3.4370189085204097,720,91134.56667145336,68786.09208048717,99384.62787488675,1388.5556390422455,720,0.9456253002087275,0.9375,0.9497767686843872,0.0010173512786514048,720,0.14210903189248508,0.12941879034042358,0.1559552550315857,0.001836188050995021,720
emnist_balanced,55,validation,155,0.7587897901539691,78960,0.004895418000993349,0.0035292499815113842,0.007195041980594397,0.00032449738143054024,155,26061.454858447432,7933.697002672827,27798.63889685751,1945.1902064960257,155,104245.81943378973,31734.788010691307,111194.55558743003,7780.760825984103,155,0.8855994159175503,0.8697916865348816,0.89453125,0.002373999817499654,155,0.409180377183422,0.3180525302886963,0.4400446116924286,0.01269123420318486,155
emnist_balanced,56,train,720,408.33797604753636,37216480,0.5671360778438005,0.5179558749659918,0.5932607090217061,0.006855655998561901,720,225.6234567874952,168.81187782949883,247.12529809301668,3.488395208142317,720,91151.87654214805,68199.99864311752,99838.62042957873,1409.3116640894962,720,0.945499715126223,0.9375,0.9609375,0.0012830569510508631,720,0.14207642055633996,0.10981318354606628,0.1569797247648239,0.0022595459331130755,720
emnist_balanced,56,validation,155,0.7517787553369999,78960,0.004850185518303225,0.0036095839459449053,0.006850500009022653,0.00024708481527349103,155,26274.746413122837,7757.126699174259,28010.79388223727,1817.6084930655306,155,105098.98565249135,31028.506796697035,112043.17552894908,7270.433972262123,155,0.8854767207176455,0.8671875,0.890625,0.0026987862837499336,155,0.4117393651316243,0.32195714116096497,0.4346395432949066,0.012776183725318078,155
emnist_balanced,57,train,720,408.46213262644596,37216480,0.5673085175367305,0.5168331660097465,0.5942528750165366,0.0066022428229211005,720,225.55129609525773,170.26771071874379,245.8011763039306,3.339431637597966,720,91122.72362248413,68788.15513037248,99303.67522678795,1349.1303815895778,720,0.9443564775917265,0.90625,0.946169376373291,0.0026115928020345727,720,0.1428031616533796,0.1399156153202057,0.193016916513443,0.003706897719657505,720
emnist_balanced,57,validation,155,0.7632036300492473,78960,0.004923894387414499,0.0036431250046007335,0.007473332982044667,0.00037243337839725296,155,25936.90856612274,7685.7093744079875,27646.039388463505,2054.2591382133987,155,103747.63426449096,30742.83749763195,110584.15755385402,8217.036552853595,155,0.8850065842751533,0.8723958134651184,0.89453125,0.002311444699207741,155,0.4157739746955133,0.3223119378089905,0.4384848475456238,0.012407994717292361,155
emnist_balanced,58,train,720,408.3037168774754,37216480,0.5670884956631602,0.5167064580018632,0.6156938329804689,0.007070220152555665,720,225.64464443974342,168.33234904971846,247.72285698728086,3.5630781460892433,720,91160.43635365633,68006.26901608625,100080.03422286146,1439.4835710200543,720,0.9454977370798587,0.9322916865348816,0.96875,0.0018383858698989058,720,0.14136405198110474,0.0875861719250679,0.15561559796333313,0.003208362427489877,720
emnist_balanced,58,validation,155,0.7634862129343674,78960,0.00492571750280237,0.003622333984822035,0.0059582500252872705,0.0002458738584109938,155,25872.18185303128,7729.822848285934,27551.81456789984,1813.1971242584332,155,103488.72741212512,30919.291393143736,110207.25827159936,7252.788497033733,155,0.886379643794029,0.875,0.8955078125,0.002514661549568509,155,0.41331711930613363,0.32334697246551514,0.44059619307518005,0.012431655556708835,155
emnist_balanced,59,train,720,408.3468196662725,37216480,0.5671483606476007,0.5183397089713253,0.5984768330235966,0.0067826189033343915,720,225.61744207699957,169.2757874793831,246.94230016454517,3.4403096431440114,720,91149.44659910783,68387.41814167077,99764.68926647624,1389.8850958301807,720,0.9463995520439413,0.9447463750839233,0.955078125,0.0014451796702641241,720,0.13965294784348872,0.10845638811588287,0.14189618825912476,0.002946738061411211,720
emnist_balanced,59,validation,155,0.7607225873507559,78960,0.004907887660327457,0.003571708977688104,0.007085416000336409,0.0002833673521717037,155,25978.476921706133,7839.384500504249,27662.218269475463,1869.2448246575623,155,103913.90768682453,31357.538002016998,110648.87307790185,7476.979298630249,155,0.8866396888609855,0.8723958134651184,0.8984375,0.0024458317666708708,155,0.41514656293776725,0.32235264778137207,0.44131696224212646,0.012701603033402004,155
emnist_balanced,60,train,720,408.13528944709105,37216480,0.5668545686765154,0.5152861670358106,0.5947372500086203,0.0068513662495527,720,225.73430146224285,170.77889070110493,247.83337385341724,3.4236527378684687,720,91196.6577907461,68994.67184324638,100124.68303678057,1383.1557060988614,720,0.9454301417701774,0.9375,0.953125,0.001287007416351512,720,0.14210959867470793,0.1397179812192917,0.16850996017456055,0.003113606419379383,720
emnist_balanced,60,validation,155,0.7692490036715753,78960,0.0049628967978811315,0.004610459029208869,0.009878041979391128,0.000509620453208213,155,25840.763269879742,5256.406580069339,27762.962253666126,2379.259336441621,155,103363.05307951897,21025.626320277355,111051.8490146645,9517.037345766485,155,0.8852932268573391,0.875,0.90625,0.002970290252220629,155,0.41611229661972293,0.32264500856399536,0.4367710053920746,0.012895877040355096,155
emnist_balanced,61,train,720,408.339595246769,37216480,0.5671383267316237,0.5193009999929927,0.5875327499816194,0.006736188288924048,720,225.620915187017,169.4585606443805,245.32530286326406,3.4216443152283924,720,91150.84973555486,68461.25850032973,99111.42235675869,1382.3443033522703,720,0.9462711378931999,0.9452280402183533,0.96484375,0.0018627008907581108,720,0.14093432847617401,0.1119190901517868,0.14736749231815338,0.001873154488581153,720
emnist_balanced,61,validation,155,0.7643345774849877,78960,0.004931190822483791,0.003441042033955455,0.010624458023812622,0.0005466690462220117,155,25959.284012177304,8137.070028119996,27992.1657840699,2158.212576142119,155,103837.13604870922,32548.280112479984,111968.6631362796,8632.850304568476,155,0.8833600644142398,0.8697916865348816,0.8984375,0.00239522546133876,155,0.4210815248950835,0.33496469259262085,0.4521711766719818,0.012225315135422767,155
emnist_balanced,62,train,720,408.3427968445467,37216480,0.5671427733952037,0.5172224170528352,0.5876351670012809,0.0067551732565627135,720,225.61902776357053,170.13957071201466,245.20726358329995,3.4126427644463924,720,91150.08721648248,68736.38656765393,99063.73448765317,1378.7076768363427,720,0.9459836308326987,0.9296875,0.9560546875,0.0014587015186598383,720,0.13860044541458288,0.1290353536605835,0.19167008996009827,0.0024229726499072003,720
emnist_balanced,62,validation,155,0.7560390001162887,78960,0.004877670968492185,0.003602583019528538,0.0061562079936265945,0.00024373721709584982,155,26126.040000433222,7772.201181269182,27916.104342769373,1814.6763105678394,155,104504.16000173289,31088.804725076727,111664.41737107749,7258.705242271358,155,0.8846048835785159,0.8645833134651184,0.890625,0.0029385385052918176,155,0.4175498191387423,0.33060991764068604,0.44892919063568115,0.01253904373881975,155
emnist_balanced,63,train,720,408.49265474290587,37216480,0.5673509093651471,0.5185088749858551,0.6208339590230025,0.007257383786695476,720,225.54263136254391,167.32397323436152,246.86173405130594,3.6448547266216362,720,91119.22307046775,67598.88518668205,99732.14055672761,1472.5213095551417,720,0.9464574324587981,0.9446811676025391,0.96875,0.002975193706931361,720,0.13878225266105598,0.11476273089647293,0.144943505525589,0.004334977762126443,720
emnist_balanced,63,validation,155,0.7666522111976519,78960,0.004946143298049367,0.003675792017020285,0.007030083041172475,0.00038387753155753987,155,25831.33469235626,7617.405955056646,27648.52922069729,2118.9748304369987,155,103325.33876942504,30469.623820226585,110594.11688278917,8475.899321747995,155,0.8856620180991388,0.8697916865348816,0.8927556872367859,0.002377122787413423,155,0.41967413906128176,0.3313952684402466,0.45004740357398987,0.01279892594003744,155
emnist_balanced,64,train,720,408.3736417592736,37216480,0.5671856135545467,0.5191521249944344,0.6024702499853447,0.007134282840122851,720,225.606468177128,168.78668983079325,246.555862602647,3.57459844742349,720,91145.01314355968,68189.82269164047,99608.5684914694,1444.1377727590902,720,0.9462490287091997,0.9296875,0.95703125,0.0010816424184661353,720,0.13887986067889466,0.12220368534326553,0.146657332777977,0.001661445884338114,720
emnist_balanced,64,validation,155,0.7587649167398922,78960,0.004895257527354143,0.0035651670186780393,0.006881415960378945,0.00027533969301269675,155,26042.023827281257,7853.769501767234,27841.46641050594,1852.2299751688893,155,104168.09530912503,31415.078007068936,111365.86564202375,7408.919900675557,155,0.8838715530210925,0.8723958134651184,0.89453125,0.002262945703634547,155,0.42112687210882865,0.33073902130126953,0.4543168842792511,0.012988076557331267,155
emnist_balanced,65,train,720,408.1088700420805,37216480,0.5668178750584452,0.5178155829780735,0.5904333330108784,0.00699768918511836,720,225.7510393359641,169.94467314771074,246.94714437277764,3.511008886929164,720,91203.4198917295,68657.64795167514,99766.64632660216,1418.4475903193822,720,0.9474945700830883,0.9445465803146362,0.9575892686843872,0.001335505501213973,720,0.13539613677809637,0.11299557983875275,0.14149729907512665,0.0028395898978884728,720
emnist_balanced,65,validation,155,0.7600937900133431,78960,0.004903830903311891,0.003414875012822449,0.006861416972242296,0.00026131646088822823,155,25983.832889198893,8199.42161714948,27382.12137662502,1766.2244274023208,155,103935.33155679557,32797.68646859792,109528.48550650007,7064.897709609283,155,0.8861727668393042,0.8697916865348816,0.8916015625,0.0022376216421861926,155,0.4206196146626626,0.3231104910373688,0.44444695115089417,0.013186098658469958,155
emnist_balanced,66,train,720,408.2064762007212,37216480,0.5669534391676684,0.5177030410268344,0.6071542910067365,0.006959395619745201,720,225.69647341074023,169.98161692358815,246.5828966136549,3.4853531829695177,720,91181.37525793904,68672.5732371296,99619.49023191657,1408.0826859196852,720,0.946543078786797,0.90625,0.9483136534690857,0.0023224985795408707,720,0.13609513154046404,0.13169844448566437,0.17595335841178894,0.0033721910778539903,720
emnist_balanced,66,validation,155,0.7680316669284366,78960,0.004955043012441526,0.0036062090075574815,0.007367542013525963,0.0003168025584304206,155,25745.188997021414,7764.386351795139,27351.64310431075,1922.3673916590653,155,102980.75598808566,31057.545407180554,109406.572417243,7689.469566636261,155,0.8849736652066631,0.8723958134651184,0.8984375,0.0027176315172243526,155,0.4223943023912368,0.3272736072540283,0.4421444833278656,0.013276109554693624,155
emnist_balanced,67,train,720,408.5928213958978,37216480,0.5674900297165247,0.5186321660294197,0.6285257500130683,0.007369425302875809,720,225.48783211330039,167.99979371729827,246.80304922070553,3.6444100023190202,720,91097.08417377336,67871.9166617885,99708.43188516503,1472.341640936884,720,0.946633654501703,0.9452040195465088,0.984375,0.0022196224916236707,720,0.13652737433504727,0.06280693411827087,0.13970372080802917,0.004854421661775332,720
emnist_balanced,67,validation,155,0.7667271294048987,78960,0.004946626641321927,0.003654583008028567,0.006964583008084446,0.00035554693274240544,155,25814.379542605515,7661.612812867632,27800.65544822419,2064.540906170836,155,103257.51817042206,30646.451251470527,111202.62179289677,8258.163624683344,155,0.8846381045156909,0.875,0.90234375,0.002823197445687994,155,0.4247280232367977,0.3333721458911896,0.446891188621521,0.012824628681871847,155
emnist_balanced,68,train,720,408.077698473644,37216480,0.5667745812133944,0.5154707920155488,0.5899344579665922,0.007017384678733418,720,225.7679335552139,170.71772322134896,246.63254618062481,3.4866577259239886,720,91210.2451563064,68969.96018142499,99639.54865697242,1408.609721273291,720,0.9480702481336064,0.9463682174682617,0.96875,0.0017980286026514653,720,0.13330359952524304,0.09054981917142868,0.13601261377334595,0.004209509940999624,720
emnist_balanced,68,validation,155,0.7634871662012301,78960,0.0049257236529111625,0.0036816669744439423,0.007777624996379018,0.0004105956607535135,155,25948.338603393942,7605.250609129023,27471.985031212105,2137.2311861150465,155,103793.35441357577,30421.002436516093,109887.94012484842,8548.924744460186,155,0.8827484657687525,0.875,0.8984375,0.002359052925416574,155,0.4288255505023464,0.33636435866355896,0.4574209153652191,0.012982957815545962,155
emnist_balanced,69,train,720,408.334514370712,37216480,0.5671312699593222,0.5177068330231123,0.5913204999524169,0.006944700073576666,720,225.6254610541612,169.9803718759713,246.6245475967255,3.47371070896823,720,91152.68626588113,68672.0702378924,99636.3172290771,1403.379126423165,720,0.9478151470422744,0.9447916746139526,0.9765625,0.002165480194223288,720,0.1323900631732411,0.08541357517242432,0.13546878099441528,0.0034509998051151436,720
emnist_balanced,69,validation,155,0.7823314212146215,78960,0.005047299491707236,0.0036523750168271363,0.008616417006123811,0.0006191483411001889,155,25464.50757818288,7666.244531571665,27739.15459156236,2640.6191966012602,155,101858.03031273151,30664.97812628666,110956.61836624944,10562.476786405041,155,0.8850107962085355,0.8671875,0.890625,0.0024457035511086596,155,0.4252439779620017,0.33652356266975403,0.45288434624671936,0.012605482190096402,155
emnist_balanced,70,train,720,408.01473693194566,37216480,0.5666871346277023,0.5172011659597047,0.5925885000033304,0.0070208309270050695,720,225.80383548392055,169.06048955811312,247.48590765932752,3.543572167223946,720,91224.7495355039,68300.4377814777,99984.30669436832,1431.603155558474,720,0.9488582404951255,0.921875,0.9522569179534912,0.0017214913014178808,720,0.13246600083592866,0.12027158588171005,0.1657845377922058,0.00328871952355046,720
emnist_balanced,70,validation,155,0.7606844954425469,78960,0.004907641906080948,0.0035989999887533486,0.007023957965429872,0.00030982644779592493,155,25990.92203331765,7779.9388962206895,27690.391946767213,1913.6420295584348,155,103963.6881332706,31119.755584882758,110761.56778706885,7654.568118233739,155,0.8844218100270917,0.8723958134651184,0.89453125,0.002889642479490904,155,0.4289331959139916,0.33871936798095703,0.4605517089366913,0.013255283915032697,155
emnist_balanced,71,train,720,408.3849002547213,37216480,0.5672012503537796,0.5185081249801442,0.599722541985102,0.007058110197172984,720,225.59869314191988,169.71768765122027,246.3590072960046,3.504980326328093,720,91141.87202933565,68565.945811093,99529.03894758585,1416.012051836549,720,0.9479597143001026,0.9375,0.9545454382896423,0.0010845463606465012,720,0.13167858080317577,0.11508198082447052,0.146431565284729,0.001981374009120631,720
emnist_balanced,71,validation,155,0.8025377917801961,78960,0.005177663172775459,0.0036263749934732914,0.008553666004445404,0.0007519351952679623,155,24922.854227983866,7721.209210408213,27962.861891614066,2894.9839356090747,155,99691.41691193546,30884.836841632852,111851.44756645626,11579.935742436299,155,0.8846938456258466,0.8697916865348816,0.8984375,0.002803174063794988,155,0.42868334785584483,0.3469541668891907,0.46252402663230896,0.012430638672550638,155
emnist_balanced,72,train,720,408.21704636496725,37216480,0.5669681199513434,0.5156984589993954,0.591659166966565,0.006922351390811224,720,225.69189956944135,167.36893722744145,248.20706319029367,3.560387305296139,720,91179.5274260543,67617.05063988634,100275.65352887864,1438.3964713396406,720,0.9493329872687658,0.943359375,0.9921875,0.001933585845065309,720,0.12827682208476796,0.0717068463563919,0.13330309092998505,0.004119042201139661,720
emnist_balanced,72,validation,155,0.7611988324788399,78960,0.004910960209540903,0.0035126250004395843,0.007335708010941744,0.00037182484847779484,155,26000.840887254482,7971.246573857433,27805.432306576444,2031.2770211724153,155,104003.36354901793,31884.98629542973,111221.72922630578,8125.108084689661,155,0.883207445375381,0.8671875,0.890625,0.0024396202035050266,155,0.4281893539813257,0.33045661449432373,0.45100104808807373,0.013439387838860672,155
emnist_balanced,73,train,720,408.14806940976996,37216480,0.5668723186246805,0.5183096670079976,0.5923531670123339,0.006882363657391534,720,225.72846517452177,169.20010171897283,246.95661329045774,3.4842476940042264,720,91194.2999305068,68356.84109446502,99770.47176934493,1407.6360683777075,720,0.9483346914251646,0.9463934898376465,0.98046875,0.003729467191178325,720,0.13185634770327145,0.08671605587005615,0.1353883147239685,0.005736499181615646,720
emnist_balanced,73,validation,155,0.7926805387833156,78960,0.005114067992150423,0.0036932919756509364,0.01590804196894169,0.0012640142700563778,155,25538.98654352615,7581.31233181613,27866.73015439019,3177.623258775152,155,102155.9461741046,30325.24932726452,111466.92061756075,12710.493035100608,155,0.8829321792048793,0.875,0.8984375,0.0025044964330966303,155,0.43412719984208387,0.3447313606739044,0.46501293778419495,0.01324446266333516,155
emnist_balanced,74,train,720,407.89255520148436,37216480,0.5665174377798394,0.5178853329853155,0.5923127090209164,0.0071623665817297,720,225.8747720710976,166.2493116194722,247.15895942090603,3.6859751662417475,720,91253.40791672344,67164.72189426677,99852.21960604604,1489.1339671616659,720,0.9487975960804357,0.9457465410232544,0.96875,0.0009853090764579452,720,0.13107528325377238,0.09952715784311295,0.13736554980278015,0.001791367261521246,720
emnist_balanced,74,validation,155,0.7590359650203027,78960,0.004897006225937437,0.0035148750175721943,0.007430707977619022,0.0003556393324853062,155,26066.255712849706,7966.143848648208,27968.207943907077,1994.9296663294235,155,104265.02285139883,31864.575394592834,111872.8317756283,7979.718665317694,155,0.8821618533903552,0.875,0.90234375,0.002698673990992848,155,0.4357159964499935,0.3544764518737793,0.4714523255825043,0.012855782638772477,155
emnist_balanced,75,train,720,408.09471016179305,37216480,0.5667982085580459,0.51625366701046,0.5934456249815412,0.00719324912357268,720,225.76100429244062,169.5644224509134,247.940127459485,3.582399267257075,720,91207.44573414601,68504.02667016901,100167.81149363195,1447.289303971858,720,0.9480327851242489,0.943359375,0.953125,0.0009455462025586051,720,0.1315404598808123,0.1023888885974884,0.13909010589122772,0.0019350102336657474,720
emnist_balanced,75,validation,155,0.7635748334578238,78960,0.0049262892481149925,0.003714249993208796,0.007031249988358468,0.00033502697827651317,155,25910.84088560917,7538.534038149216,28266.728450285995,2014.7693770224457,155,103643.36354243668,30154.136152596864,113066.91380114398,8059.077508089783,155,0.8834565112667699,0.8697916865348816,0.89453125,0.0025459841851420673,155,0.4339365490021244,0.3456707000732422,0.4654064178466797,0.012895008410423217,155
emnist_balanced,76,train,720,407.8201973097166,37216480,0.5664169407079397,0.5154867499950342,0.6141344999778084,0.007355982106592322,720,225.91396615149267,170.46105254163453,248.30900115518597,3.598525953089802,720,91269.24232520304,68866.26522682034,100316.83646669512,1453.8044850482804,720,0.9492334912220637,0.9375,0.953125,0.0009841120503753884,720,0.13138251541596319,0.11937045305967331,0.18073755502700806,0.0037922383882145537,720
emnist_balanced,76,validation,155,0.7611901139607653,78960,0.0049109039610371955,0.0036888750037178397,0.007124583004042506,0.0003480211694929232,155,25996.82049606603,7590.390016408836,27592.40315209068,2031.710058507478,155,103987.28198426412,30361.560065635345,110369.61260836272,8126.840234029912,155,0.8856502979032455,0.8671875,0.892578125,0.0024960690787671964,155,0.43335121773904367,0.34594953060150146,0.46542754769325256,0.01258210630266528,155
emnist_balanced,77,train,720,407.87375521095237,37216480,0.5664913266818783,0.5149782919907011,0.5891509169596247,0.007112249067368956,720,225.88279573917333,169.41211349544153,248.55416624495558,3.575346561911487,720,91256.64947862603,68442.49385215837,100415.88316296205,1444.4400110122406,720,0.949315299010939,0.9296875,0.9560883641242981,0.0019606439649238914,720,0.1296249142744475,0.1154046580195427,0.1593320220708847,0.002556563950644709,720
emnist_balanced,77,validation,155,0.7672674569184892,78960,0.004950112625280575,0.0038399999612011015,0.006924375018570572,0.0003346592634388417,155,25790.541625039747,7291.666740340791,27516.774456895128,2037.3740813261165,155,103162.16650015899,29166.666961363164,110067.09782758051,8149.496325304466,155,0.8816997101230006,0.8671875,0.89453125,0.002629585620599856,155,0.43748821231626694,0.3478105366230011,0.47056496143341064,0.013337312678978919,155
emnist_balanced,78,train,720,408.1641669605742,37216480,0.5668946763341308,0.5178907079971395,0.5970036250073463,0.007260667629261621,720,225.72311246552417,169.89938046827908,247.15639424198162,3.5961516415692936,720,91192.13743607176,68639.34970918474,99851.18327376057,1452.8452631939942,720,0.9506381752590338,0.9482421875,0.9765625,0.0020235984789529777,720,0.12738699368718598,0.10657963156700134,0.136057510972023,0.002215599195194925,720
emnist_balanced,78,validation,155,0.7588755015749484,78960,0.004895970977902893,0.0035867919796146452,0.007304083032067865,0.0002810010317455685,155,26039.55852950928,7806.41870483056,28057.10047659438,1852.0069004209374,155,104158.23411803711,31225.67481932224,112228.40190637752,7408.02760168375,155,0.8821484208106994,0.8776041865348816,0.90234375,0.003064155182537061,155,0.4372944095442372,0.35374516248703003,0.4725871980190277,0.01278224441376194,155
emnist_balanced,79,train,720,408.14183287514606,37216480,0.5668636567710362,0.5185770420357585,0.5900740420329385,0.007063648853662916,720,225.73336052906262,169.69513277051698,246.23669438731014,3.5234007349196763,720,91196.27765374132,68556.83363928886,99479.62453247329,1423.453896907549,720,0.9487928724951215,0.921875,0.9516128897666931,0.0017843403204402999,720,0.1293655537482765,0.1247350350022316,0.17802992463111877,0.004032800049897523,720
emnist_balanced,79,validation,155,0.7875027559930459,78960,0.005080662941890618,0.0035887910053133965,0.008871333033312112,0.0007540950117904093,155,25390.879945043354,7802.070379284975,27625.400410831466,2851.3762398306235,155,101563.51978017342,31208.2815171399,110501.60164332586,11405.504959322494,155,0.8846452674558086,0.8776041865348816,0.90234375,0.002540149755549051,155,0.4383818582181008,0.34479719400405884,0.4591817855834961,0.013102410022301319,155
emnist_balanced,80,train,720,408.15480728878174,37216480,0.5668816767899746,0.519421249977313,0.6061978330253623,0.007403732197335225,720,225.730231554954,168.59067872741358,246.42811591861272,3.662548466551309,720,91195.01354820142,68110.63420587509,99556.95883111954,1479.6695804867286,720,0.949598893440432,0.9296875,0.9509943127632141,0.001646679450952042,720,0.1274617558552159,0.12418615072965622,0.17982105910778046,0.0039585015553717075,720
emnist_balanced,80,validation,155,0.762431210721843,78960,0.004918911036915116,0.003949709003791213,0.006890374992508441,0.00032917110653989145,155,25953.218809603877,7089.129850610158,27902.66778851377,2026.4362287806243,155,103812.87523841551,28356.519402440634,111610.67115405508,8105.744915122497,155,0.8833655911107217,0.875,0.90234375,0.002974232118147796,155,0.4380515092803586,0.35040414333343506,0.4705452024936676,0.01255887613929622,155
emnist_balanced,81,train,720,408.19248108402826,37216480,0.5669340015055948,0.5169718330143951,0.5984841660247184,0.007249270490295576,720,225.7071152682451,170.22203992601206,247.55445259937,3.5802833795408224,720,91185.67456837105,68769.70413010888,100011.99885014548,1446.434485334492,720,0.9498097610970339,0.9453125,0.95703125,0.0014162099455581195,720,0.12687571040458148,0.10516861826181412,0.1457509696483612,0.0032264262850183593,720
emnist_balanced,81,validation,155,0.7632555462187156,78960,0.004924229330443327,0.003625250014010817,0.007407708035316318,0.00034233097001830424,155,25920.931847259686,7723.605238752081,28130.582234365364,2003.528941273885,155,103683.72738903874,30894.420955008325,112522.32893746145,8014.11576509554,155,0.8828522416853135,0.875,0.89453125,0.0026130157273313048,155,0.4398039187154462,0.34139111638069153,0.4674161970615387,0.013636293835257074,155
emnist_balanced,82,train,720,408.0443191723898,37216480,0.5667282210727637,0.5147424999740906,0.587219915993046,0.007264170918228394,720,225.7911723299763,167.33460557679044,248.668023344571,3.6875833089581964,720,91219.63362131042,67603.18065302333,100461.88143120668,1489.7836568191115,720,0.9508501492440701,0.9489850401878357,0.96875,0.0020905240664568234,720,0.12628352765200868,0.07955746352672577,0.1308952122926712,0.003243018890162493,720
emnist_balanced,82,validation,155,0.7742201219662093,78960,0.0049949685288142535,0.003861791978124529,0.010824166995007545,0.0006723980679460729,155,25744.329670367355,7250.520006931637,28051.97839558719,2595.4849042865535,155,102977.31868146942,29002.080027726548,112207.91358234876,10381.939617146214,155,0.8856811650337711,0.8723958134651184,0.89453125,0.0024589201433246164,155,0.4392596056384425,0.35003167390823364,0.46939659118652344,0.012632290072053139,155
emnist_balanced,83,train,720,408.07758203701815,37216480,0.5667744194958585,0.5170121669652872,0.5870636249892414,0.007339165591464391,720,225.77217982042134,169.54290229358855,247.576378620494,3.6423343215682764,720,91211.96064745022,68495.33252660977,100020.85696267958,1471.5030659135837,720,0.9496405389573839,0.9461805820465088,0.9557291865348816,0.0011534040686554893,720,0.12734656973431507,0.1200137808918953,0.1530040204524994,0.0024607879106901807,720
emnist_balanced,83,validation,155,0.761382668337319,78960,0.004912146247337542,0.0036803330294787884,0.007188291987404227,0.00033972564591936723,155,25984.00834352347,7608.007149278385,27486.981202803578,1993.0847998880283,155,103936.03337409388,30432.02859711354,109947.92481121431,7972.339199552113,155,0.8843659001012002,0.875,0.8984375,0.002500822098091847,155,0.44258907321960694,0.34927722811698914,0.4716474115848541,0.013272349457824665,155
emnist_balanced,84,train,720,407.96760307758814,37216480,0.5666216709410946,0.5162883339799009,0.5890345000079833,0.007250685465417475,720,225.83218155549176,169.16775163653585,247.9234791405979,3.6140667546902727,720,91236.20134841868,68343.77166116048,100161.08557280154,1460.0829688948702,720,0.9490032973388831,0.9395833611488342,0.9661458134651184,0.0014525285894872071,720,0.12755004743941956,0.08213210850954056,0.13777312636375427,0.003584451202769204,720
emnist_balanced,84,validation,155,0.7635104157379828,78960,0.00492587364992247,0.003467083035502583,0.009936583985108882,0.0005129744074001337,155,25984.04727539461,8075.953103309845,27739.14864309,2213.710838048808,155,103936.18910157843,32303.81241323938,110956.59457236,8854.843352195232,155,0.8825220231086978,0.8779296875,0.90625,0.0032307728476139858,155,0.44436858354076264,0.35074061155319214,0.4679761826992035,0.01322647532621123,155
emnist_balanced,85,train,720,407.808859289682,37216480,0.5664011934578916,0.5146649579983205,0.6290289160097018,0.008053384897877075,720,225.92827121300482,169.90972753019105,248.7054889025837,3.8544569090697247,720,91275.02157005394,68643.52992219718,100477.01751664381,1557.200591264169,720,0.9494817607104779,0.93359375,0.9512746930122375,0.001711338871267398,720,0.12581235411473446,0.12218581140041351,0.16297543048858643,0.002510865287378515,720
emnist_balanced,85,validation,155,0.7618850404396653,78960,0.00491538735767526,0.003639417001977563,0.007183792011346668,0.00037053850428420734,155,25982.380552759005,7693.539922681446,27966.17305920754,2064.462207419347,155,103929.52221103602,30774.159690725784,111864.69223683016,8257.848829677388,155,0.8841424657452491,0.8723958134651184,0.89453125,0.0022418427780245298,155,0.4432002373280064,0.34737271070480347,0.4786249101161957,0.013101815175768384,155
emnist_balanced,86,train,720,407.8127665942302,37216480,0.5664066202697642,0.5156422919826582,0.5962854590034112,0.007382805629680217,720,225.91843415896034,170.660943387009,246.6748875532274,3.6126788297841492,720,91271.04740021999,68947.02112835164,99656.65457150387,1459.5222472327964,720,0.9506083260807726,0.9484953880310059,0.9765625,0.0018249186237030979,720,0.12566905354874003,0.09710148721933365,0.12975823879241943,0.0028058008123650366,720
emnist_balanced,86,validation,155,0.7593871636781842,78960,0.004899272023730221,0.003548291977494955,0.007251708011608571,0.00032689697276180066,155,26042.615454736933,7891.120622989884,27788.077693076637,1954.5158248565401,155,104170.46181894773,31564.482491959538,111152.31077230655,7818.0632994261605,155,0.8825831551705637,0.8723958134651184,0.8984375,0.002745332614872369,155,0.44750640430758076,0.35636162757873535,0.47573527693748474,0.013598272048078812,155
emnist_balanced,87,train,720,407.88478058658075,37216480,0.5665066397035844,0.5163608329603449,0.5891542499884963,0.007330716915128158,720,225.87931560175446,168.5859012574088,247.88866976250708,3.6643809284244306,720,91255.24350310881,68108.70410799315,100147.02258405286,1480.4098950834702,720,0.9504334030052026,0.9427083134651184,0.95703125,0.0008201220889580025,720,0.12479491646712025,0.08712656795978546,0.13846588134765625,0.0022650241556337273,720
emnist_balanced,87,validation,155,0.7957310462952591,78960,0.005133748685775865,0.0037083750357851386,0.009028958971612155,0.0009476673164723115,155,25321.181264706705,7550.476888072306,27783.80736592114,3334.048651711968,155,101284.72505882682,30201.907552289224,111135.22946368456,13336.194606847872,155,0.8844491708663202,0.8802083134651184,0.90625,0.0030879807527259516,155,0.44782388133387413,0.35015201568603516,0.47775182127952576,0.013115768910997794,155
emnist_balanced,88,train,720,407.78869033337105,37216480,0.5663731810185709,0.515896791999694,0.6263802089961246,0.00811461322462249,720,225.9393983481549,170.5767536543476,248.10396720213967,3.835136013401964,720,91279.51693265457,68913.00847635644,100234.00274966443,1549.394949414393,720,0.9509532634582785,0.9453125,0.96875,0.0013240331957659229,720,0.12440635409827033,0.09095097333192825,0.14654290676116943,0.002748222354363151,720
emnist_balanced,88,validation,155,0.7563239208539017,78960,0.004879509166799366,0.0035469160065986216,0.006022999994456768,0.00022112670071598693,155,26105.072562461584,7894.1818604977625,27684.654542561246,1747.4355322946858,155,104420.29024984634,31576.72744199105,110738.61817024498,6989.742129178743,155,0.8824779583561805,0.8723958134651184,0.89453125,0.002584455585818377,155,0.44776969648176623,0.36015069484710693,0.4792591631412506,0.01273647035971824,155
emnist_balanced,89,train,720,407.73308800760424,37216480,0.566295955566117,0.5145436250022613,0.6223444580100477,0.00784742228197403,720,225.96758349842978,171.02534308847626,248.57976960304748,3.7705934115027206,720,91290.90373336563,69094.23860774441,100426.22691963118,1523.3197382470987,720,0.9499007303681638,0.9462053775787354,0.97265625,0.0014182837651910056,720,0.12610169684307443,0.07691815495491028,0.1341426819562912,0.0033788275423314103,720
emnist_balanced,89,validation,155,0.7583537910250016,78960,0.0048926051033871066,0.0037281669792719185,0.00576345797162503,0.00020627046799705733,155,26036.019287519233,7510.393218886397,27858.63897649431,1755.1311547196372,155,104144.07715007693,30041.57287554559,111434.55590597723,7020.524618878549,155,0.8828307324840177,0.8723958134651184,0.8984375,0.002652788123507327,155,0.4506476846433455,0.35992705821990967,0.48348864912986755,0.013227061891322353,155
emnist_balanced,90,train,720,407.78301105147693,37216480,0.5663652931270513,0.5143682499765418,0.5906348749995232,0.00755598002791706,720,225.9373490784577,170.17049752238455,248.8489520996631,3.704569731838038,720,91278.68902769689,68748.88099904337,100534.9766482639,1496.6461716625674,720,0.951064709160063,0.9375,0.9583333134651184,0.001038295086649971,720,0.12586286473605368,0.11835655570030212,0.23462533950805664,0.005072102977381179,720
emnist_balanced,90,validation,155,0.7678703677956946,78960,0.004954002372875449,0.00359520799247548,0.007038375013507903,0.0004360064602995114,155,25821.77073837816,7788.144679974581,27675.43045885391,2258.4868338846136,155,103287.08295351264,31152.578719898323,110701.72183541564,9033.947335538454,155,0.8837253385974515,0.8723958134651184,0.89453125,0.0026473238658376347,155,0.44964355922514393,0.3580847978591919,0.4794955253601074,0.013104556953695739,155
emnist_balanced,91,train,720,407.49139568425016,37216480,0.5659602717836808,0.5117356670089066,0.5902827910031192,0.00753402795925995,720,226.09943713107214,169.69450580782814,250.12913551279237,3.733958977477486,720,91344.17260095314,68556.58034636256,101052.17074716813,1508.5194269009048,720,0.9507723208102915,0.9491168260574341,0.96484375,0.001524610072374753,720,0.12297356549857391,0.09246214479207993,0.12531858682632446,0.0035615495681341476,720
emnist_balanced,91,validation,155,0.7601580888149329,78960,0.004904245734289889,0.0036160830059088767,0.010488457977771759,0.00049193449876415,155,26070.960332778828,7743.185085698109,27823.310957866754,2055.609843167973,155,104283.84133111531,30972.740342792436,111293.24383146701,8222.439372671892,155,0.8834523854717131,0.8723958134651184,0.8984375,0.0029478469034269423,155,0.45311781283347835,0.35081183910369873,0.47564077377319336,0.014460222232568412,155
emnist_balanced,92,train,720,407.6278286255547,37216480,0.566149761979937,0.5139759580488317,0.5892422500182875,0.0075530074457647745,720,226.02397333199121,169.20363971005781,249.03888595473762,3.736865188976549,720,91313.68522612446,68358.27044286336,100611.709925714,1509.6935363465257,720,0.9496084979838795,0.9367897510528564,0.9765625,0.002805008226520468,720,0.12309807089881765,0.0795312151312828,0.13690504431724548,0.0033227028508823427,720
emnist_balanced,92,validation,155,0.765802122943569,78960,0.004940658857700445,0.0036462090210989118,0.010150999994948506,0.0005266349501870036,155,25917.83889440834,7679.208689896013,28043.521446945724,2256.65626364494,155,103671.35557763337,30716.834759584053,112174.0857877829,9026.62505457976,155,0.883075887157071,0.875,0.8984375,0.0028433695164138493,155,0.4547201927631132,0.36165791749954224,0.4745638370513916,0.013609659426077307,155
emnist_balanced,93,train,720,409.2407011151081,37216480,0.5683898626598723,0.516617207962554,0.6367932090070099,0.008891728743138707,720,225.14732957221358,169.27040130257262,247.76565322864323,4.110861007897833,720,90959.5211471743,68385.24212623933,100097.32390437186,1660.787847190725,720,0.9509399408267604,0.9455915093421936,0.9609375,0.0012160073671432033,720,0.12386054372828868,0.09288398921489716,0.13152505457401276,0.002288734094250664,720
emnist_balanced,93,validation,155,0.7665462079457939,78960,0.004945459406101896,0.003716083010658622,0.006564541021361947,0.00025751355221261777,155,25774.581400822386,7534.815535522013,27399.7061191681,1831.3882332407595,155,103098.32560328954,30139.262142088053,109598.8244766724,7325.552932963038,155,0.8815066649067786,0.875,0.89453125,0.002642030214706247,155,0.45893341322099007,0.357107549905777,0.4880464971065521,0.01425374957348019,155
emnist_balanced,94,train,720,407.3376427417388,37216480,0.5657467260301928,0.511616374948062,0.6042520410264842,0.008342291553638508,720,226.1948325591916,168.81743726684277,250.18745737564447,4.05102968074103,720,91382.7123539134,68202.24465580448,101075.73277976036,1636.6159910193765,720,0.9513945894936721,0.9375,0.96875,0.0014446500608623393,720,0.12154713414816393,0.09690866619348526,0.1612226516008377,0.003197713125161441,720
emnist_balanced,94,validation,155,0.754829163022805,78960,0.004869865567889065,0.003698499989695847,0.00580500002251938,0.00020338969155918793,155,26155.629727891974,7570.636765718264,27850.056218803027,1744.9538487556567,155,104622.5189115679,30282.547062873055,111400.22487521211,6979.815395022627,155,0.8817912351700568,0.8723958134651184,0.8984375,0.002552115649027173,155,0.4571469420386899,0.365970641374588,0.48409906029701233,0.013292323932278046,155
emnist_balanced,95,train,720,407.9332554997527,37216480,0.5665739659718787,0.5163439580355771,0.589698625029996,0.007239378002932554,720,225.85107616624947,169.12325140743502,247.89677115032796,3.609770218889862,720,91243.83477116478,68325.79356860374,100150.2955447325,1458.3471684315043,720,0.9518402909239133,0.95068359375,0.96875,0.0014775752483497221,720,0.12062216277958618,0.07497087121009827,0.12401977926492691,0.004387931333077646,720
emnist_balanced,95,validation,155,0.7661679603625089,78960,0.004943019099112961,0.0036754589527845383,0.009491957956925035,0.00046669124121770925,155,25873.13953371202,7618.096232250701,27674.927516456497,2140.4014049205475,155,103492.55813484808,30472.384929002805,110699.71006582599,8561.60561968219,155,0.8816867451513967,0.875,0.8984375,0.0028897502960332747,155,0.4579301801420027,0.3656986355781555,0.4910453259944916,0.01333648676204424,155
emnist_balanced,96,train,720,407.6285938784713,37216480,0.5661508248312102,0.5160804580082186,0.587522333022207,0.007454858451705427,720,226.02272795974713,168.80619729919624,248.02334212383917,3.7155893284268653,720,91313.18209573784,68197.70370887528,100201.43021803102,1501.0980886844534,720,0.9522945455378956,0.9510995149612427,0.961718738079071,0.0014974446557720923,720,0.12102215741243627,0.08737266063690186,0.12350957095623016,0.003948912251871294,720
emnist_balanced,96,validation,155,0.7637120865401812,78960,0.004927174751872137,0.0035943329567089677,0.010119958024006337,0.0005050822733935062,155,25970.31684140115,7790.0406938474825,27800.902880741065,2176.793815674502,155,103881.2673656046,31160.16277538993,111203.61152296426,8707.175262698009,155,0.8831818607545668,0.875,0.90234375,0.003065913700249212,155,0.4572762252822999,0.3483755588531494,0.4767822027206421,0.014454232391004221,155
emnist_balanced,97,train,720,407.8157103306148,37216480,0.5664107087925205,0.5133403340005316,0.5901324999867938,0.007551906392050215,720,225.91949848226352,169.68297174763853,249.34724883680667,3.7193459254130508,720,91271.47738683448,68551.92058604598,100736.2885300699,1502.6157538668726,720,0.9523762928942839,0.9296875,0.9596354365348816,0.0018379420122311696,720,0.1188574021268222,0.09246280789375305,0.14635398983955383,0.003779688351410724,720
emnist_balanced,97,validation,155,0.7965396296931431,78960,0.005138965352858987,0.003838125034235418,0.011440875008702278,0.0008788735198471813,155,25202.31773409281,7295.228725027141,27626.145539201694,3081.17112295459,155,100809.27093637123,29180.914900108564,110504.58215680678,12324.68449181836,155,0.882213827102415,0.875,0.8984375,0.0029673465988769615,155,0.45741967058950855,0.35541844367980957,0.477811723947525,0.014159786223016,155
emnist_balanced,98,train,720,407.7041611162131,37216480,0.5662557793280737,0.5136975000496022,0.6168975830078125,0.00786793821508508,720,225.98446509617355,169.6254884025267,249.17388149181264,3.8055709503538644,720,91297.72389885412,68528.69731462079,100666.2481226923,1537.4506639429612,720,0.9528441128631433,0.94921875,0.9609375,0.0007571977103776028,720,0.11952041206467483,0.09460246562957764,0.12764225900173187,0.0020687727355786964,720
emnist_balanced,98,validation,155,0.7628975815605372,78960,0.004921919881035724,0.003578250005375594,0.007033957983367145,0.00033555216339769883,155,25927.885257154467,7825.054134824478,27533.051589581824,1973.0148058310645,155,103711.54102861787,31300.21653929791,110132.2063583273,7892.059223324258,155,0.883077997161496,0.878662109375,0.90234375,0.0035064227143535615,155,0.46059002337917204,0.363046795129776,0.4892158508300781,0.013793231982708614,155
emnist_balanced,99,train,720,410.2344482992776,37216480,0.5697700670823299,0.513218667008914,0.6846501669497229,0.016253768471152584,720,224.7144325284802,169.8476375708733,249.40636073507588,6.259443919582557,720,90784.63074150601,68618.44557863282,100760.16973697065,2528.8153435113527,720,0.9518501184880733,0.9479166865348816,0.96875,0.0008945609489382149,720,0.12116832391669353,0.10773944854736328,0.13350090384483337,0.0015461888131273955,720
emnist_balanced,99,validation,155,0.7541252537048422,78960,0.004865324217450595,0.003646958968602121,0.006823583971709013,0.00023638169777975767,155,26188.785432576227,7677.629565087319,28019.73985153339,1785.7912582966796,155,104755.14173030491,30710.518260349276,112078.95940613357,7143.165033186719,155,0.8811168782172665,0.8671875,0.8916015625,0.0027544553224707214,155,0.4626660475807805,0.36104413866996765,0.49252942204475403,0.014142768813189965,155
emnist_balanced,100,train,720,407.4353990542004,37216480,0.5658824986863894,0.5133546250290237,0.5985403750091791,0.008362125644390268,720,226.13963376043128,170.15401838590498,249.34030738062057,3.9990840631404048,720,91360.41203921422,68742.22342790561,100733.48418177072,1615.6299615087235,720,0.9522706066568692,0.90625,0.957812488079071,0.0028516007327157324,720,0.1197657529057728,0.11071431636810303,0.14693611860275269,0.00279184794532127,720
emnist_balanced,100,validation,155,0.7641892940737307,78960,0.004930253510153101,0.004588541982229799,0.00861925003118813,0.00039057655310127627,155,26000.634972423566,3248.542494843987,27895.5712938249,2166.5997657819175,155,104002.53988969426,12994.169979375947,111582.2851752996,8666.39906312767,155,0.8827821604667171,0.8784722089767456,0.90625,0.003286341005005898,155,0.4643787833952135,0.35848376154899597,0.49073708057403564,0.01418476371178489,155
cifar10,1,train,329,180.80018932855455,16968000,0.5495446484150595,0.41858112503541633,0.7996897079865448,0.020472606896976237,329,232.40210389952557,38.2243704816987,252.05965674366126,12.862019134136675,329,93890.44997540834,15442.645674606274,101832.10132443915,5196.255730191217,329,0.45616532942580235,0.02734375,0.6838095188140869,0.1899264315871882,329,2.0494693325645654,1.773165225982666,2.3620338439941406,0.17452480415602775,329
cifar10,1,validation,71,0.38474824774311855,36000,0.005418989404832656,0.0037026670179329813,0.04832004097988829,0.005130800358979464,71,26002.91415148207,2649.004375912595,28052.999369739075,3417.6599770461057,71,104011.65660592828,10596.01750365038,112211.9974789563,13670.639908184423,71,0.7039306096627679,0.6640625,0.7177734375,0.0075296214553381745,71,1.492924666740525,1.4669172763824463,1.544986367225647,0.010881816421294986,71
cifar10,2,train,329,186.2924647932523,16968000,0.566238494812317,0.4228845409816131,0.5844667079509236,0.00879092741823184,329,225.31758788232042,37.835386374872655,235.35558828037713,10.464717127170264,329,91028.30550445743,15285.496095448552,95083.65766527236,4227.745719376786,329,0.889374438390181,0.8515625,0.8984524011611938,0.005584040236265875,329,1.1873161629702906,1.0578069686889648,1.3613896369934082,0.07882857252039721,329
cifar10,2,validation,71,0.35106437373906374,36000,0.004944568644212165,0.00378791696857661,0.007074124994687736,0.0003399465664108237,71,25667.038786914218,10559.893559396272,27728.632934874528,2230.8941891824547,71,102668.15514765687,42239.57423758509,110914.53173949811,8923.576756729819,71,0.7210931207092715,0.671875,0.7352430820465088,0.008494536384033418,71,1.1230034307694772,1.0823256969451904,1.2035393714904785,0.017542060304033893,71
cifar10,3,train,329,186.3775130318827,16968000,0.566497000096908,0.42271958297351375,0.6015511659788899,0.009042247770125945,329,225.2174852901934,37.85015089069699,241.68705115674976,10.493387901015995,329,90987.86405723813,15291.460959841583,97641.56866732691,4239.3287120104615,329,0.9225674467246221,0.9140625,0.9375,0.0018234533511522365,329,0.7383113353085735,0.6680555939674377,0.8387536406517029,0.04326422676342483,329
cifar10,3,validation,71,0.35171670699492097,36000,0.004953756436548182,0.003916416026186198,0.005750457989051938,0.00024251838979078754,71,25586.57151516702,10213.419548012615,27871.02601175729,2112.963843668865,71,102346.28606066808,40853.67819205046,111484.10404702916,8451.85537467546,71,0.7249599963846342,0.65625,0.7417534589767456,0.010914325213761412,71,0.958396465006009,0.9163829684257507,1.057214379310608,0.02041862099277618,71
cifar10,4,train,329,186.3229245415423,16968000,0.5663310776338671,0.41920270898845047,0.6009558329824358,0.009098528876817124,329,225.278710073973,38.16769228092183,241.15441372644918,10.459998693970546,329,91012.5988698851,15419.747681492418,97426.38314548547,4225.8394723641,329,0.9342990561096864,0.9036458134651184,0.9390624761581421,0.0035533518689555054,329,0.4934268783109891,0.4533669650554657,0.5753185749053955,0.024786764649890644,329
cifar10,4,validation,71,0.34953566611511633,36000,0.004923037550917131,0.0038117090007290244,0.005812749965116382,0.00022397157396884687,71,25731.878232309264,10493.980519590985,27252.88749657313,2027.7241531698294,71,102927.51292923705,41975.92207836394,109011.54998629252,8110.8966126793175,71,0.7312448159070082,0.6796875,0.7465277910232544,0.00891990378115701,71,0.8966397231733295,0.8554638624191284,1.0051727294921875,0.022018237326004206,71
cifar10,5,train,329,186.35228861647192,16968000,0.566420330141252,0.4222590829594992,0.5846334579982795,0.008731123331069823,329,225.2434210483265,37.891428854200946,239.71387886914792,10.446824374174755,329,90998.3421035239,15308.137257097183,96844.40706313576,4220.517047166601,329,0.9424583975304949,0.9351562261581421,0.953125,0.0017621810600432367,329,0.35700000346975125,0.3324492275714874,0.3959398865699768,0.016114009549278663,329
cifar10,5,validation,71,0.3478115793550387,36000,0.004898754638803362,0.003681084024719894,0.005690500023774803,0.00022637034382922623,71,25853.949123921553,10866.364291438236,27947.342115797564,1996.1068174019615,71,103415.79649568621,43465.457165752945,111789.36846319026,7984.427269607846,71,0.7347954352137068,0.6875,0.75,0.008459750727963363,71,0.8829771045228125,0.8389377593994141,0.9956535696983337,0.02307410722148636,71
cifar10,6,train,329,186.3321751151816,16968000,0.5663591948789715,0.42412633303320035,0.5858133750152774,0.008771578382822647,329,225.27134617449312,37.72460881071379,241.4629824018797,10.478591486063557,329,91009.62385449522,15240.74195952837,97551.04489035941,4233.350960369677,329,0.946126733688598,0.9388020634651184,0.96875,0.002508159403498161,329,0.27332235569287217,0.23478850722312927,0.29116231203079224,0.007697620951612568,329
cifar10,6,validation,71,0.3515631246846169,36000,0.00495159330541714,0.003601375035941601,0.007045500038657337,0.00038228069169288535,71,25644.469408600748,11106.86879339179,27591.65984277387,2269.2947664319568,71,102577.87763440299,44427.47517356716,110366.63937109549,9077.179065727827,71,0.736137760357118,0.671875,0.7534722089767456,0.010400604115490155,71,0.8980810356811738,0.8522548675537109,1.0172709226608276,0.02390125702706008,71
cifar10,7,train,329,186.35288504272467,16968000,0.5664221429870051,0.42721145797986537,0.5817856249632314,0.008621950640582127,329,225.24924929003498,37.45217901143954,241.01834045221113,10.493937378987026,329,91000.69671317414,15130.680320621575,97371.4095426933,4239.550701110758,329,0.9496233796638558,0.9401041865348816,0.9518438577651978,0.0018955059182085995,329,0.2291799824922643,0.21837539970874786,0.25177234411239624,0.007890849669595131,329
cifar10,7,validation,71,0.350102249358315,36000,0.004931017596595986,0.003791166003793478,0.005509167036507279,0.0002077801983092718,71,25682.386293358068,10550.843714038268,27728.632934874528,1979.662240108049,71,102729.54517343227,42203.374856153074,110914.53173949811,7918.648960432196,71,0.7362987096880523,0.6953125,0.7526041865348816,0.008602796566607788,71,0.9199949309859478,0.8691073656082153,1.0371900796890259,0.02494328814573975,71
cifar10,8,train,329,186.41197617107537,16968000,0.5666017512798643,0.42243683303240687,0.5939547920133919,0.009066170091234024,329,225.17547822951371,37.87548515868306,241.07129823607397,10.488244650670117,329,90970.89320472354,15301.696004107956,97392.80448737388,4237.2508388707265,329,0.9544083287650691,0.9423828125,0.9609375,0.002546175596233081,329,0.19363848262644828,0.15049584209918976,0.21762675046920776,0.005600481327875728,329
cifar10,8,validation,71,0.35319442104082555,36000,0.004974569310434163,0.003718916035722941,0.007078208029270172,0.000364701695399874,71,25519.509446480195,10755.82229224064,27429.05719708709,2237.6780031966027,71,102078.03778592078,43023.28916896256,109716.22878834837,8950.712012786411,71,0.7374051439930016,0.6875,0.7534722089767456,0.00874877367442141,71,0.9447515564905086,0.8923510313034058,1.0711685419082642,0.02558552193505568,71
cifar10,9,train,329,186.4109092032304,16968000,0.5665985082165058,0.42335629201261327,0.5850324159837328,0.008624591164271736,329,225.1726980842405,37.7932259467241,239.31747777114435,10.439004996429588,329,90969.77002603318,15268.463282476536,96684.26101954232,4217.358018557553,329,0.9553110753511586,0.9296875,0.9571387767791748,0.002422814994628335,329,0.1773407900858795,0.16967956721782684,0.2078283131122589,0.004840688000097534,329
cifar10,9,validation,71,0.347763542260509,36000,0.004898078060007169,0.0038591670454479754,0.00556670903461054,0.00021775259603029035,71,25865.792424770698,10364.930962804894,27747.17055103178,2063.3032352957666,71,103463.16969908279,41459.723851219576,110988.68220412712,8253.212941183067,71,0.738363118238852,0.703125,0.7555803656578064,0.007268166246059132,71,0.9741385226518335,0.9191935658454895,1.100475549697876,0.025542718254012872,71
cifar10,10,train,329,186.34508958092192,16968000,0.5663984485742307,0.42207816703012213,0.586973916972056,0.009141784274389612,329,225.25725681710213,37.90767030804069,240.59040539787293,10.50632490793323,329,91003.93175410926,15314.698804448439,97198.52378074067,4244.5552628050245,329,0.959236830925869,0.957932710647583,0.9703124761581421,0.0015267700145168324,329,0.1557511764728552,0.11711435765028,0.16001352667808533,0.004878522381435276,329
cifar10,10,validation,71,0.3508190851425752,36000,0.004941113875247538,0.003913374966941774,0.006163374986499548,0.00026180032512486916,71,25658.678227464414,10221.356332551803,27906.9747339725,2137.9059328255735,71,102634.71290985766,40885.42533020721,111627.89893589,8551.623731302294,71,0.7382836106797339,0.7109375,0.7566964030265808,0.007138014458920504,71,0.9984792924263108,0.9372701644897461,1.1201155185699463,0.026496554741652894,71
cifar10,11,train,329,186.40718665823806,16968000,0.5665871934900852,0.4228847080375999,0.6157977500115521,0.009554552021604228,329,225.1882030514516,37.83537142841635,241.78341745568048,10.559590419579344,329,90976.03403278645,15285.490057080207,97680.50065209491,4266.074529510054,329,0.9621821150953647,0.95703125,0.9765625,0.001222523172809772,329,0.14496203351165748,0.14047913253307343,0.18804654479026794,0.004089259144840647,329
cifar10,11,validation,71,0.35262658004648983,36000,0.004966571549950561,0.0037659169756807387,0.005883375008124858,0.00024922897776213644,71,25511.572644931133,10621.583072146586,27508.88553941483,2033.378290867336,71,102046.29057972453,42486.332288586345,110035.54215765932,8133.513163469344,71,0.7370815008458956,0.703125,0.7566964030265808,0.007839155851323781,71,1.0255197639196691,0.9638451337814331,1.1605892181396484,0.026979137462206107,71
cifar10,12,train,329,186.3895492425654,16968000,0.566533584323907,0.42277987499255687,0.5815683330292813,0.0089808612253574,329,225.2023588939177,37.84475313608928,240.0164636097159,10.487728066431899,329,90981.75299314274,15289.28026698007,96966.65129832523,4237.042138838487,329,0.9622612510408673,0.951171875,0.96875,0.0014296243858477411,329,0.1360666863733512,0.12732647359371185,0.15147030353546143,0.002988556413958927,329
cifar10,12,validation,71,0.34777979098726064,36000,0.0048983069153135305,0.003956125001423061,0.00547974999062717,0.00017803265020257744,71,25854.812693747495,10110.903974371782,27322.94080488457,2007.1172837819752,71,103419.25077498998,40443.61589748713,109291.76321953828,8028.469135127901,71,0.7401639877910345,0.7109375,0.7578125,0.0075163224498498585,71,1.0460698890014433,0.9773731231689453,1.1769800186157227,0.02813952448611988,71
cifar10,13,train,329,186.51876879367046,16968000,0.5669263489169315,0.42510841600596905,0.5883990839938633,0.00893147908672473,329,225.04865836725108,37.63745764039482,239.1035300399085,10.493328074138905,329,90919.65798036942,15205.532886719508,96597.82613612303,4239.304541952118,329,0.9612311900205526,0.9296875,0.9634255766868591,0.003966159599748711,329,0.13385583401450996,0.12833601236343384,0.20614926517009735,0.008863372180060964,329
cifar10,13,validation,71,0.35041966423159465,36000,0.004935488228614009,0.003901874995790422,0.006958707992453128,0.000355650660747335,71,25732.665830016675,10251.48167051851,27631.11327897806,2336.4473251312825,71,102930.6633200667,41005.92668207404,110524.45311591224,9345.78930052513,71,0.7379844323010512,0.71875,0.7578125,0.007486682312226692,71,1.0697484117158702,1.0018423795700073,1.2089262008666992,0.027863509332332476,71
cifar10,14,train,329,186.49244320578873,16968000,0.5668463319324886,0.4248038330115378,0.598395042004995,0.009965434804776269,329,225.09428751979542,37.66444357757345,241.07194162284821,10.650909091492535,329,90938.09215799734,15216.435205339674,97393.06441563068,4302.967272962985,329,0.9649212072323159,0.94140625,0.9694602489471436,0.002098125268951889,329,0.12058836065436569,0.09540107101202011,0.13946284353733063,0.0034574768478286113,329
cifar10,14,validation,71,0.3511787141324021,36000,0.004946179072287353,0.0037112910067662597,0.006177625036798418,0.00030636669446880985,71,25643.76488312367,10777.920655392905,27725.383716727796,2185.579000027391,71,102575.05953249468,43111.68262157162,110901.53486691118,8742.316000109564,71,0.7373511211972841,0.7109375,0.7533482313156128,0.00687757636722119,71,1.0974525112501332,1.0237141847610474,1.2398418188095093,0.02892369577030873,71
cifar10,15,train,329,186.4462337938603,16968000,0.5667058777928885,0.4266814169823192,0.5844582499703392,0.009277277341343636,329,225.1439627220595,37.498703630355216,244.67770229172305,10.578599357825258,329,90958.16093971205,15149.476266663507,98849.79172585612,4273.754140561404,329,0.9645080269288872,0.9557291865348816,0.9765625,0.001521029131289531,329,0.12241475755139325,0.08465120941400528,0.1407196968793869,0.004915486764555917,329
cifar10,15,validation,71,0.34770203998778015,36000,0.004897211830813805,0.0037394999526441097,0.005461915978230536,0.00021793092535706926,71,25862.694554055684,10696.617330270848,27808.45907372836,2008.3302009588137,71,103450.77821622274,42786.469321083394,111233.83629491345,8033.320803835255,71,0.7377641964966143,0.7265625,0.7578125,0.00722338311831221,71,1.1119242470029373,1.0378729104995728,1.2383731603622437,0.027887331799356457,71
cifar10,16,train,329,186.54561849910533,16968000,0.567007958963846,0.42078741698060185,0.592353334010113,0.009514122523898083,329,225.01740920589927,38.02395070368179,243.3933212345287,10.531939382738914,329,90907.0333191833,15361.676084287445,98330.9017787496,4254.90351062652,329,0.9656471952478937,0.957812488079071,0.9765625,0.0016680206011890147,329,0.11581054132850699,0.10792385041713715,0.13045886158943176,0.0029340428234227098,329
cifar10,16,validation,71,0.35577983601251617,36000,0.005010983605810087,0.004178915987722576,0.006879542022943497,0.0003005883302129093,71,25327.41914616934,9571.860290448,27267.40158028483,2243.690553126656,71,101309.67658467736,38287.441161792,109069.60632113932,8974.762212506625,71,0.7353308419106712,0.7109375,0.7522321343421936,0.006728305775590235,71,1.1342185349531577,1.0595687627792358,1.281138300895691,0.029414108200227315,71
cifar10,17,train,329,186.54888250661315,16968000,0.5670178799593105,0.42626762500731274,0.590398708009161,0.009491352354632216,329,225.02182551682452,37.535104852791754,243.2930474207545,10.594970137369312,329,90908.8175087971,15164.182360527868,98290.39115798482,4280.367935497203,329,0.9675071237659745,0.9453125,0.9700520634651184,0.0018578217824215114,329,0.10888575570018096,0.10267291218042374,0.1667180061340332,0.004782931362294087,329
cifar10,17,validation,71,0.3483680799836293,36000,0.004906592675825765,0.0036541669978760183,0.005643584008794278,0.00023917059816571317,71,25816.377622669246,10946.407217636734,27637.831298425786,2012.8439493583169,71,103265.51049067698,43785.628870546934,110551.32519370315,8051.3757974332675,71,0.7382778651277784,0.71875,0.7578125,0.00739130123186181,71,1.1507524722059008,1.0721555948257446,1.289473533630371,0.029479789255425565,71
cifar10,18,train,329,186.66228070680518,16968000,0.5673625553398334,0.43313908396521583,0.5958666660008021,0.009229793428074697,329,224.89141867128941,36.939635771324006,241.69171010264705,10.616761066106283,329,90856.13314320093,14923.6128516149,97643.45088146941,4289.171470706939,329,0.9681622391413772,0.9609375,0.9707485437393188,0.0010239034934232316,329,0.10425020170066857,0.08104924857616425,0.11509520560503006,0.002363761790433209,329
cifar10,18,validation,71,0.3555837899330072,36000,0.005008222393422637,0.004170499974861741,0.007658792019356042,0.0003860937200403429,71,25378.62606928665,9591.176175783592,27647.531913099207,2377.7822443601826,71,101514.5042771466,38364.70470313437,110590.12765239683,9511.12897744073,71,0.7382100644245954,0.7109375,0.7555803656578064,0.006995570431839232,71,1.1704447571660432,1.097144365310669,1.3266701698303223,0.029623149079046326,71
cifar10,19,train,329,198.24357532797148,16968000,0.6025640587476337,0.43667774996720254,0.791298333031591,0.0486994674551056,329,212.8161310679871,36.64029138466915,238.9114968379597,16.996625708484387,329,85977.7169514668,14802.677719406336,96520.24472253572,6866.636786227693,329,0.967359932722654,0.9635416865348816,0.9765625,0.0013254992872616092,329,0.10524848472655363,0.08330175280570984,0.11285143345594406,0.00261742438512531,329
cifar10,19,validation,71,0.3942132921074517,36000,0.005552299888837348,0.0037443750188685954,0.00721416698070243,0.000757999884801025,71,23137.282613682604,10682.690648888702,27012.29462277011,3172.9956008645577,71,92549.13045473042,42730.76259555481,108049.17849108044,12691.98240345823,71,0.7376938756083099,0.71875,0.7589285969734192,0.007945711348400504,71,1.1873467220386988,1.1048414707183838,1.3323514461517334,0.030447366293758906,71
cifar10,20,train,329,187.3929165333975,16968000,0.5695833329282599,0.42547424999065697,0.6708846659748815,0.012246799118580481,329,224.04024825878858,37.60509596139213,239.03986262195878,10.853824576826442,329,90512.2602965506,15192.45876840242,96572.10449927134,4384.945129037883,329,0.9690074378958589,0.9663461446762085,0.9921875,0.001863443056169218,329,0.09972542123501062,0.051060326397418976,0.10849032551050186,0.004547597724295411,329
cifar10,20,validation,71,0.3497365426737815,36000,0.004925866798222275,0.0037355829845182598,0.006966000015381724,0.00035666659763481886,71,25774.277324194736,10707.833333050261,27641.060026734995,2286.3400376238637,71,103097.10929677894,42831.333332201044,110564.24010693998,9145.360150495455,71,0.7371794556228208,0.71875,0.7578125,0.0077642614442139015,71,1.1978985457353188,1.1126344203948975,1.3470017910003662,0.031102487064724304,71
cifar10,21,train,329,186.5624856671784,16968000,0.56705922695191,0.4225177500047721,0.5906928749755025,0.01082344758758888,329,225.01959038901538,37.868231570908655,244.32689554008516,10.776192931545463,329,90907.91451716221,15298.765554647096,98708.06579819441,4353.581944344368,329,0.9686243046743167,0.9651162624359131,0.984375,0.0015076826392947538,329,0.09992551697152001,0.09207283705472946,0.143055722117424,0.0043947420504458845,329
cifar10,21,validation,71,0.3520472080563195,36000,0.004958411381074923,0.003870624990668148,0.007129708013962954,0.00034577308551919775,71,25601.629967376324,10334.24836982081,27393.109151927278,2256.143624416057,71,102406.5198695053,41336.99347928324,109572.43660770911,9024.574497664227,71,0.7352736709823071,0.7265625,0.7562500238418579,0.0074582179712328845,71,1.2158445472448645,1.133223295211792,1.3735849857330322,0.031392821176140166,71
cifar10,22,train,329,186.60589449678082,16968000,0.5671911686832244,0.42666820902377367,0.5881846669944935,0.0100716924243005,329,224.96189070009558,37.499864441759925,242.84343110195374,10.689648244345214,329,90884.60384283861,15149.945234471008,98108.74616518931,4318.617890715466,329,0.9697845493044172,0.96875,0.9739583134651184,0.0009019810028845969,329,0.0979228766357645,0.09082870185375214,0.11304999142885208,0.0017800545673811242,329
cifar10,22,validation,71,0.3529065822949633,36000,0.004970515243591033,0.004067832953296602,0.007246082997880876,0.00041334824655128233,71,25591.380519596925,9833.245479656116,27721.126345128534,2493.1010995793363,71,102365.5220783877,39332.981918624464,110884.50538051414,9972.404398317345,71,0.7352601516414696,0.7109375,0.7533482313156128,0.006865008561859234,71,1.2280749418366124,1.1436251401901245,1.393722653388977,0.03251517743681757,71
cifar10,23,train,329,186.69267930928618,16968000,0.5674549523078607,0.4231220000074245,0.6011051250388846,0.009883478500666445,329,224.84820679414284,37.81415289141016,241.56541924566054,10.600085662584736,329,90838.6755448337,15276.917768129704,97592.42937524685,4282.434607684233,329,0.9690314678073292,0.9609375,0.97265625,0.0013460647991858238,329,0.09507029659842285,0.08259321749210358,0.11313673108816147,0.002206529818642478,329
cifar10,23,validation,71,0.3501137890270911,36000,0.004931180127142129,0.003804458014201373,0.005541166989132762,0.00020870013328387575,71,25682.6134784578,10513.981190142467,27806.18717857497,1986.2791822193633,71,102730.4539138312,42055.92476056987,111224.74871429989,7945.116728877453,71,0.7363015488839485,0.7265625,0.7533482313156128,0.0066357669564163935,71,1.2368816624225025,1.1541965007781982,1.396793007850647,0.03214711907253257,71
cifar10,24,train,329,186.73049357550917,16968000,0.5675698892872619,0.422992667008657,0.5921659999876283,0.00984813221017612,329,224.80207248399464,37.82571483602703,243.72528351701575,10.595314042800643,329,90820.03728353385,15281.588793754921,98465.01454087436,4280.506873291459,329,0.9694338529667956,0.96484375,0.984375,0.0013596703270321352,329,0.09600969025791597,0.07124755531549454,0.11203621327877045,0.004033850741274945,329
cifar10,24,validation,71,0.3516247509396635,36000,0.004952461280840331,0.003972583974245936,0.00696520897326991,0.0003147079600456462,71,25623.7456885939,10069.013080483133,27400.679481717205,2234.8024924824354,71,102494.9827543756,40276.05232193253,109602.71792686882,8939.209969929741,71,0.7359297796034477,0.71875,0.7533482313156128,0.006531564657779387,71,1.2530889376788072,1.1678394079208374,1.4068577289581299,0.03158287160076849,71
cifar10,25,train,329,186.7438404657296,16968000,0.5676104573426431,0.4262275830260478,0.587271291995421,0.009723934951460792,329,224.78931123219607,37.538631090945145,241.8695572034912,10.61391253380857,329,90814.88173780721,15165.606960741838,97715.30111021045,4288.020663658663,329,0.9706299437215625,0.953125,0.9817708134651184,0.0014197005945618645,329,0.09148291253844293,0.08261838555335999,0.16495856642723083,0.005095658920388337,329
cifar10,25,validation,71,0.35442878387402743,36000,0.00499195470245109,0.0037661250098608434,0.009123665979132056,0.0005498930610954857,71,25516.606762227115,10620.996354414157,27771.50368172491,2461.646710438357,71,102066.42704890846,42483.98541765663,111086.01472689964,9846.586841753428,71,0.7361138916351426,0.7109375,0.7544642686843872,0.006662067422683791,71,1.2637075823797306,1.1820765733718872,1.4279567003250122,0.03211954548371415,71
cifar10,26,train,329,186.59723450633464,16968000,0.5671648465238135,0.4250940000056289,0.5892961659701541,0.009828232958604105,329,224.96647004341045,37.638734020682804,243.27852046654257,10.635130074264676,329,90886.45389753782,15206.048544355852,98284.5222684832,4296.592550002929,329,0.9710533484861843,0.9609375,0.9750000238418579,0.0011234446389463612,329,0.09111822111175415,0.08600932359695435,0.11068811267614365,0.0024044132380216477,329
cifar10,26,validation,71,0.3498421258991584,36000,0.004927353885903639,0.00397724995855242,0.005915792018640786,0.00022859677650010742,71,25721.214975827923,10057.200431666759,27264.497526910574,2103.1912853985737,71,102884.85990331169,40228.801726667036,109057.9901076423,8412.765141594295,71,0.7346421228328222,0.7109375,0.7522321343421936,0.006575678360608304,71,1.277280117424441,1.1956353187561035,1.4518795013427734,0.0327242191596376,71
cifar10,27,train,329,186.72105041128816,16968000,0.5675411866604504,0.42494237498613074,0.5864931250107475,0.010166408995488783,329,224.82133099722088,37.65216401523197,242.2575375947372,10.674038968679305,329,90827.81772287723,15211.474262153713,97872.04518827383,4312.311743346439,329,0.9720696421017401,0.9666193127632141,0.9765625,0.001017202667357641,329,0.08783017341217371,0.08124540746212006,0.1398397982120514,0.004295233688072705,329
cifar10,27,validation,71,0.35008499695686623,36000,0.004930774605026285,0.003746874979697168,0.005943374999333173,0.00026487794554842835,71,25704.388773417562,10675.5630269876,27468.547946492934,2084.78181039315,71,102817.55509367025,42702.2521079504,109874.19178597174,8339.1272415726,71,0.7341317643581982,0.7109375,0.7555803656578064,0.007652572093941347,71,1.2880850946399527,1.2064565420150757,1.4598798751831055,0.032115254639904,71
cifar10,28,train,329,186.7021378382924,16968000,0.5674837016361471,0.42529687500791624,0.5913713329937309,0.009781000746304674,329,224.83907889898742,37.620779601783305,242.11214472741335,10.616366446866259,329,90834.98787519091,15198.794959120456,97813.306469875,4289.012044533969,329,0.9708575289300148,0.9609375,0.9723225235939026,0.0017005743978759618,329,0.08897724235854974,0.08139966428279877,0.10616190731525421,0.002312121483574966,329
cifar10,28,validation,71,0.3456105059594847,36000,0.004867753605063165,0.003816083015408367,0.0055506249773316085,0.00020673781139785399,71,26021.452335345333,10481.952263221276,28117.963462019925,2041.6733925778708,71,104085.80934138133,41927.8090528851,112471.8538480797,8166.693570311483,71,0.7344075760371248,0.7265625,0.7511160969734192,0.00628340544677504,71,1.2959023613325307,1.2097324132919312,1.4752914905548096,0.03363567834868248,71
cifar10,29,train,329,186.67182513629086,16968000,0.567391565763802,0.42369062500074506,0.5911011659773067,0.010157518008861353,329,224.87863587242197,37.76340342666743,242.00110349003123,10.660245325463743,329,90850.96889245848,15256.414984373641,97768.44580997262,4306.739111487352,329,0.9704224885778224,0.95703125,0.9735137224197388,0.0017227539656410596,329,0.08638206500231677,0.07810802012681961,0.1047481819987297,0.002021138541738051,329
cifar10,29,validation,71,0.35305466514546424,36000,0.00497260091754175,0.0037770000053569674,0.007284291961695999,0.0004111910029023708,71,25558.654524048008,10590.415658794675,27629.377786232773,2361.5848043131955,71,102234.61809619203,42361.6626351787,110517.5111449311,9446.339217252782,71,0.7348964810371399,0.71875,0.7544642686843872,0.0070382133502512245,71,1.3051374613399236,1.2178270816802979,1.498026728630066,0.034959573657515834,71
cifar10,30,train,329,186.39130775019294,16968000,0.5665389293318934,0.42205916601233184,0.5911517500062473,0.011958577392221528,329,225.24554606797685,37.909376903646034,243.46230018628015,10.999523864852176,329,90999.20061146264,15315.388269072997,98358.76927525719,4443.807641400279,329,0.9727154158531351,0.96923828125,0.9921875,0.001491077860572329,329,0.08448733058743926,0.056506864726543427,0.0982913002371788,0.0033047243442769765,329
cifar10,30,validation,71,0.34987925202585757,36000,0.004927876789096585,0.003676292020827532,0.005746249982621521,0.00025319430199762357,71,25710.639650772355,10880.528470911844,27689.146165314163,2034.5172599708853,71,102842.55860308942,43522.11388364738,110756.58466125665,8138.069039883541,71,0.7349526470815632,0.703125,0.7544642686843872,0.0074877167686146304,71,1.3184917745455889,1.2345134019851685,1.5124611854553223,0.034651398022959676,71
cifar10,31,train,329,186.55738979560556,16968000,0.567043737980564,0.4254986660089344,0.5949696669704281,0.00993929050713473,329,225.01682136991664,37.60293810101873,242.5380662739,10.659014850611344,329,90906.79583344632,15191.586992811564,97985.3787746556,4306.241999646984,329,0.9743392779109689,0.9724641442298889,0.9800347089767456,0.0017945450633342313,329,0.08344185424793092,0.07399363070726395,0.11094339191913605,0.003761105729033877,329
cifar10,31,validation,71,0.35296974988887087,36000,0.004971404928012266,0.0038178330287337303,0.0071051669656299055,0.0003578148189210917,71,25538.915464737172,10477.147559611032,27185.600318736975,2270.639879891384,71,102155.66185894869,41908.59023844413,108742.4012749479,9082.559519565537,71,0.7342259430549514,0.703125,0.7522321343421936,0.0065814267060971725,71,1.3285196834886577,1.2478431463241577,1.5390411615371704,0.03500150945893217,71
cifar10,32,train,329,186.79600091278553,16968000,0.5677689997349105,0.42514241696335375,0.5901172920130193,0.01028287893449382,329,224.7327782242245,37.63444756767039,243.34340529837476,10.687253267897898,329,90792.0424025867,15204.316817338839,98310.73574054342,4317.6503202307495,329,0.9722892522449551,0.94921875,0.9765625,0.0017913568667084607,329,0.08372817247381326,0.06126844882965088,0.1203945130109787,0.003554083690107494,329
cifar10,32,validation,71,0.3572859200066887,36000,0.005032196056432235,0.0037688749725930393,0.009110416984185576,0.0007056238253213715,71,25421.76324970761,10613.246735664312,28342.882346201823,2754.9524009151855,71,101687.05299883043,42452.98694265725,113371.52938480729,11019.809603660742,71,0.7340837691871214,0.703125,0.7511160969734192,0.0067962147248134324,71,1.3389768281453092,1.261321783065796,1.5387723445892334,0.033948809043675046,71
cifar10,33,train,329,186.7775114235701,16968000,0.5677128006795444,0.4265526669914834,0.6183709590113722,0.010825473181168974,329,224.76513623944888,37.510022180495376,242.8456578298456,10.786528252274788,329,90805.11504073735,15154.04896092013,98109.64576325762,4357.757413919015,329,0.9730302128023652,0.96875,0.984375,0.0010018305794408477,329,0.08272067837892695,0.07107077538967133,0.09392312914133072,0.0018802810353531956,329
cifar10,33,validation,71,0.3514833737281151,36000,0.004950470052508663,0.0038850000128149986,0.007981707982253283,0.00041147690063182327,71,25668.062210644533,10296.010262048041,27654.496840893855,2316.222346869772,71,102672.24884257813,41184.041048192164,110617.98736357542,9264.889387479088,71,0.7333122139245691,0.7109375,0.7511160969734192,0.0067271766955005925,71,1.3460481553010537,1.2619329690933228,1.5475037097930908,0.03566030407109084,71
cifar10,34,train,329,186.79400004213676,16968000,0.5677629180612059,0.428382333018817,0.5896314579877071,0.009978768269048808,329,224.7358868210756,37.34981292820306,242.0905655118436,10.67797302412764,329,90793.29827571454,15089.324422994036,97804.58846678481,4313.901101747566,329,0.9741255323937599,0.96875,0.98046875,0.0010302235964122874,329,0.08175276113407952,0.07840915769338608,0.14882296323776245,0.006609182846026888,329
cifar10,34,validation,71,0.3484531670692377,36000,0.004907791085482221,0.0037876659771427512,0.0066170000354759395,0.0002935243487012893,71,25840.35288207676,10560.59331561603,28137.27929169838,2169.410915832986,71,103361.41152830704,42242.37326246412,112549.11716679353,8677.643663331944,71,0.7343158083902278,0.703125,0.7522321343421936,0.007368730592387032,71,1.3494328327581917,1.2619138956069946,1.5407254695892334,0.03524947762107234,71
cifar10,35,train,329,186.68809520534705,16968000,0.5674410188612372,0.4258910000207834,0.5886959590134211,0.010654609372014102,329,224.8702354492248,37.56829798990635,242.64781848633302,10.773746106449346,329,90847.57512148682,15177.592387922163,98029.71866847854,4352.593427005535,329,0.9745307965119197,0.9661458134651184,0.9765625,0.0009386010577401055,329,0.07967586742889556,0.0745382308959961,0.11420043557882309,0.0029913107722902466,329
cifar10,35,validation,71,0.34966595692094415,36000,0.004924872632689354,0.0038035829784348607,0.005676083033904433,0.00022791000632127473,71,25723.4710230707,10516.399990952645,27369.4339720135,2033.5603201048773,71,102893.8840922828,42065.59996381058,109477.735888054,8134.241280419509,71,0.7337453575201438,0.7109375,0.7522321343421936,0.006809409103524571,71,1.3593915214001293,1.2707500457763672,1.5535963773727417,0.035719975794615416,71
cifar10,36,train,329,186.76509100472322,16968000,0.5676750486465751,0.4274792089709081,0.5854997090063989,0.010214147049065134,329,224.77285876760317,37.42872089268995,241.59220573998346,10.708601309928115,329,90808.23494211168,15121.203240646739,97603.25111895331,4326.274929210959,329,0.97439272914614,0.9730992317199707,0.9921875,0.0019306032680560924,329,0.07872229551834176,0.03657378628849983,0.08204049617052078,0.005202742095333871,329
cifar10,36,validation,71,0.3525404602405615,36000,0.004965358594937486,0.003592583001591265,0.006909250048920512,0.00036435665905106744,71,25561.213295925347,11134.050342687357,27822.306985760733,2203.15745657977,71,102244.85318370139,44536.201370749426,111289.22794304293,8812.62982631908,71,0.7334599276663551,0.703125,0.75,0.006899722559369429,71,1.369158729700975,1.2838256359100342,1.5606848001480103,0.03504590090692068,71
cifar10,37,train,329,186.6664363432792,16968000,0.5673751864537362,0.42235445795813575,0.5882555419811979,0.01095085139731895,329,224.8956582489305,37.88287230908295,243.23735587337487,10.788257518709898,329,90857.8459325679,15304.680412869511,98267.89177284345,4358.456037558799,329,0.9744418772520628,0.9609375,0.9759424328804016,0.001771548758434247,329,0.07896739126701123,0.07666993141174316,0.1126837432384491,0.0039428537008705,329
cifar10,37,validation,71,0.3477377060917206,36000,0.004897714170305924,0.0037122920039109886,0.005941332958173007,0.00026396100048705647,71,25878.80685862529,10775.014454105183,27613.23693948516,2109.2892849345913,71,103515.22743450115,43100.05781642073,110452.94775794064,8437.157139738365,71,0.7338069257601886,0.71875,0.7522321343421936,0.006492204222778978,71,1.3758280932063787,1.283937931060791,1.566920518875122,0.0362102826576374,71
cifar10,38,train,329,186.7672184058465,16968000,0.5676815149113875,0.42728433304000646,0.5899494580226019,0.010186848703350291,329,224.76938654436339,37.44579139179888,241.33878921070396,10.697482489688984,329,90806.83216392282,15128.099722286748,97500.8708411244,4321.782925834349,329,0.9746396333250956,0.96484375,0.9921875,0.0022682761208494885,329,0.07736083502827444,0.04403749853372574,0.09794018417596817,0.003807026572714496,329
cifar10,38,validation,71,0.35207383293891326,36000,0.0049587863794213136,0.003836625022813678,0.006311417033430189,0.0003252220283601714,71,25595.10936134228,10425.829931814675,27863.18723656009,2270.9444119870786,71,102380.43744536913,41703.3197272587,111452.74894624036,9083.777647948315,71,0.7343506552803685,0.7109375,0.7562500238418579,0.008024206248006446,71,1.381504753945579,1.2907682657241821,1.5807063579559326,0.03654105132134877,71
cifar10,39,train,329,186.8085865363828,16968000,0.5678072539099781,0.42359687498537824,0.5845142080215737,0.010628200663935994,329,224.72070511114518,37.771761183441896,243.24290267875062,10.732227478304202,329,90787.16486490266,15259.791518110527,98270.13268221526,4335.819901234897,329,0.9752881217147804,0.9739583134651184,0.98828125,0.0016171601870145378,329,0.0755179085539467,0.05530828982591629,0.07970963418483734,0.00367803861855015,329
cifar10,39,validation,71,0.37686024606227875,36000,0.00530789078960956,0.0037362920120358467,0.008779916970524937,0.0009833611263559178,71,24427.641847767965,10705.801332215635,27272.485331700358,3721.7041094943916,71,97710.56739107186,42823.20532886254,109089.94132680143,14886.816437977566,71,0.7321739624923383,0.703125,0.7522321343421936,0.007667880067670352,71,1.3916874721016683,1.3015844821929932,1.5940608978271484,0.0363199326258778,71
cifar10,40,train,329,186.69946126115974,16968000,0.5674755661433427,0.4245654169935733,0.5890968750463799,0.01106425537760525,329,224.8609088952498,37.68559416190555,242.11739257546816,10.82834276676506,329,90843.80719368091,15224.98004140984,97815.42660048914,4374.650477773084,329,0.975404494620384,0.9609375,0.9794921875,0.0011927695931159285,329,0.07591363092414515,0.07192949950695038,0.1260361522436142,0.0032663558926052908,329
cifar10,40,validation,71,0.3502656240016222,36000,0.004933318647910172,0.0038250830257311463,0.005534957977943122,0.00020278018495663717,71,25670.36615208528,10457.289353177946,27321.477348374177,1980.547264012073,71,102681.46460834112,41829.157412711786,109285.90939349671,7922.189056048292,71,0.7351294218654364,0.703125,0.7566964030265808,0.008410809867456107,71,1.3995878864342057,1.3114598989486694,1.6049175262451172,0.036553758938733825,71
cifar10,41,train,329,186.4550735425437,16968000,0.56673274632992,0.4232006670208648,0.5959875410189852,0.012735962724662143,329,225.18391525895282,37.80712377566069,244.51123191834475,11.153556800070833,329,90974.30176461692,15274.078005366919,98782.53769501128,4506.0369472286175,329,0.975512728140347,0.97265625,0.9817708134651184,0.000809443340970862,329,0.07476855195084967,0.05006566643714905,0.07945180684328079,0.0036360885365802707,329
cifar10,41,validation,71,0.3515311232767999,36000,0.004951142581363379,0.0036139590083621442,0.006982000020798296,0.00032919927741240903,71,25615.376861699737,11068.194162536476,27329.743131492367,2115.5665452437515,71,102461.50744679895,44272.776650145905,109318.97252596947,8462.266180975006,71,0.7317187366351275,0.6953125,0.7511160969734192,0.007278117638593268,71,1.4094899624166355,1.3224111795425415,1.6209251880645752,0.036901755601992374,71
cifar10,42,train,329,186.8232812078204,16968000,0.5678519185648037,0.4261795000056736,0.5885746669955552,0.010565391514590735,329,224.70603603231808,37.542866326951426,242.88985812870914,10.750208083949687,329,90781.2385570565,15167.317996088377,98127.5026839985,4343.084065915674,329,0.9768840003883222,0.9751908183097839,0.9921875,0.0020861431368459867,329,0.07216200706942466,0.03179258480668068,0.07767676562070847,0.004033654163187304,329
cifar10,42,validation,71,0.3470557478722185,36000,0.004888109124960824,0.0037500420003198087,0.0055998750030994415,0.00020525833768447803,71,25906.290999142024,10666.547200428355,27533.785883718752,1982.2678564926907,71,103625.1639965681,42666.18880171342,110135.14353487501,7929.071425970763,71,0.7330069206130336,0.6875,0.751953125,0.008642192644418418,71,1.4138992420384582,1.325378656387329,1.6387431621551514,0.038736116368723976,71
cifar10,43,train,329,186.85815350926714,16968000,0.5679579134020278,0.42502687498927116,0.6178116670344025,0.011049615824805193,329,224.66916290407187,37.644678352172164,243.11642941700606,10.804935932532702,329,90766.34181324502,15208.450054277553,98219.03748447045,4365.1941167432105,329,0.9768370507698291,0.975510835647583,0.984375,0.0008378768457918174,329,0.07223274572370263,0.03985130041837692,0.08790811151266098,0.0028740206829762213,329
cifar10,43,validation,71,0.358897544152569,36000,0.0050548949880643524,0.00408741703722626,0.009276416967622936,0.0006566706859818572,71,25300.266621127063,9786.131347914572,27490.918817324928,2821.011859391569,71,101201.06648450825,39144.52539165829,109963.67526929971,11284.047437566276,71,0.7310755185677972,0.6875,0.7455357313156128,0.007075510381691843,71,1.4220776440392078,1.3351448774337769,1.6418750286102295,0.03766341706013117,71
cifar10,44,train,329,186.58495496754767,16968000,0.5671275226977133,0.4257403750088997,0.6062206249916926,0.012914625004930335,329,225.03385588216824,37.581589483181,244.29526424435224,11.204460192428918,329,90913.67777639595,15182.962151205124,98695.28675471831,4526.601917741283,329,0.9779390545963879,0.96875,0.9817708134651184,0.0011121604176594427,329,0.07014264222970487,0.054436102509498596,0.07409203052520752,0.00253288367471836,329
cifar10,44,validation,71,0.36111500003607944,36000,0.005086126761071542,0.0036620000028051436,0.00888283405220136,0.0007474332743719424,71,25197.7265234935,10922.992891687449,27862.93269244451,2909.9947038541195,71,100790.906093974,43691.971566749795,111451.73076977803,11639.978815416478,71,0.7315863731881262,0.6953125,0.7515624761581421,0.007878081276418076,71,1.4340261372042373,1.343083143234253,1.6585192680358887,0.03832585984758968,71
cifar10,45,train,329,186.69182258320507,16968000,0.567452348277219,0.42734595900401473,0.5855067080119625,0.010676571725209496,329,224.86845175322821,37.4403914741351,242.18414161973797,10.796109027391708,329,90846.8545083042,15125.91815555058,97842.39321437414,4361.62804706625,329,0.9771189001193525,0.974853515625,0.984375,0.0007553597451039916,329,0.07249220014524314,0.06712459772825241,0.08741193264722824,0.0019208307489600321,329
cifar10,45,validation,71,0.34675604227231815,36000,0.004883887919328425,0.0037164160166867077,0.005565292027313262,0.00021844881625653713,71,25932.680766290097,10763.057693326044,27529.841839563887,2007.8045224682814,71,103730.72306516039,43052.230773304174,110119.36735825555,8031.218089873126,71,0.7315611503493618,0.671875,0.7482638955116272,0.009163629179054476,71,1.4413868272808237,1.3553533554077148,1.6544874906539917,0.03734976706395536,71
cifar10,46,train,329,186.68500403966755,16968000,0.567431623220874,0.43049291596980765,0.5854096250259317,0.010777678074031056,329,224.88326703634502,37.16669753776424,242.81103074536347,10.85172866547037,329,90852.83988268339,15015.345805256755,98095.65642112684,4384.098380850029,329,0.9776084444805482,0.96875,0.984375,0.00160727993091318,329,0.0701733641892581,0.05688990280032158,0.0811711847782135,0.003029282630553898,329
cifar10,46,validation,71,0.3470045807189308,36000,0.004887388460830012,0.0039034580113366246,0.005577166972216219,0.0002270926043297412,71,25930.12972109404,10247.324265774074,27885.95083184408,2116.233149120131,71,103720.51888437616,40989.297063096295,111543.80332737631,8464.932596480525,71,0.7306882268945936,0.6796875,0.7466517686843872,0.007981942491703238,71,1.4472055418390624,1.3568271398544312,1.6648495197296143,0.037932408218082116,71
cifar10,47,train,329,186.88415175006958,16968000,0.5680369354105458,0.42338624998228624,0.5893803340150043,0.010947334834104604,329,224.6340821041059,37.79055177316083,242.35277177640393,10.775588719616513,329,90752.16917005877,15267.382916356974,97910.51979766719,4353.337842725072,329,0.978196476549363,0.9713541865348816,0.984375,0.0010863262370715218,329,0.06649889137969553,0.05589711666107178,0.06994032859802246,0.002677450588341019,329
cifar10,47,validation,71,0.3503884959500283,36000,0.004935049238732793,0.003731457982212305,0.007112041988875717,0.0004126548478300395,71,25754.26909917982,10719.670485552357,28037.6432241383,2378.795932331882,71,103017.07639671928,42878.68194220943,112150.5728965532,9515.183729327528,71,0.73308862179098,0.6953125,0.7522321343421936,0.008025930172334675,71,1.4562238773829501,1.3709276914596558,1.6949559450149536,0.03966443878062653,71
cifar10,48,train,329,186.89024905202677,16968000,0.5680554682432425,0.4264485000167042,0.5893838750198483,0.010894588955612088,329,224.6309021660355,37.51918461285072,243.05568452476837,10.806125395377142,329,90750.88447507833,15157.750583591693,98194.49654800643,4365.6746597323645,329,0.9785358045238854,0.977105975151062,0.9921875,0.0018952503413729482,329,0.06748718507927602,0.053663432598114014,0.0751398354768753,0.0016717519313175777,329
cifar10,48,validation,71,0.34953837556531653,36000,0.004923075712187557,0.00376362499082461,0.0057757500326260924,0.0002430867768403952,71,25737.216815219534,10628.051439108975,27474.196461990607,2056.147747444253,71,102948.86726087813,42512.2057564359,109896.78584796243,8224.590989777013,71,0.732793369763334,0.703125,0.7515624761581421,0.0072984265042891835,71,1.4581161552751567,1.3642196655273438,1.6773419380187988,0.038939587459580566,71
cifar10,49,train,329,186.9718060355517,16968000,0.5683033618101876,0.42611537501215935,0.5885595839936286,0.010876952532597272,329,224.5315895492951,37.5485160551727,242.32596962272032,10.788018786283036,329,90710.76217791521,15169.60048628977,97899.691727579,4358.3595896583465,329,0.9795394630417635,0.977835476398468,0.9921875,0.001676806413421808,329,0.06555301634917506,0.04460197687149048,0.06895298510789871,0.0032340710316901547,329
cifar10,49,validation,71,0.3543590410845354,36000,0.004990972409641344,0.003869208972901106,0.0077701660338789225,0.00046625697892894633,71,25501.067428614693,10338.030403668861,27806.18717857497,2499.148201865892,71,102004.26971445877,41352.121614675445,111224.74871429989,9996.592807463569,71,0.7314114788888206,0.6875,0.7511160969734192,0.008451183211304216,71,1.4709862386676626,1.382024884223938,1.7070910930633545,0.03973240609387015,71
cifar10,50,train,329,186.87403495848412,16968000,0.5680061852841463,0.4243592919665389,0.5859681669971906,0.011045058557048409,329,224.6495268630123,37.7038992733111,243.10007674342842,10.808190638945387,329,90758.408852657,15232.375306417685,98212.43100434508,4366.509018133936,329,0.9793087506729057,0.96875,0.984375,0.0013246962249473845,329,0.0643343544567972,0.04509015008807182,0.06803417205810547,0.0034826017018583268,329
cifar10,50,validation,71,0.35591737396316603,36000,0.005012920760044592,0.0037101669586263597,0.007552583992946893,0.000495334730717658,71,25400.0358609295,10781.185980592494,27885.191622905302,2510.5237599435923,71,101600.143443718,43124.74392236998,111540.76649162121,10042.095039774369,71,0.731496233335683,0.6875,0.75,0.00795746250754462,71,1.4771069791955007,1.3929705619812012,1.7472673654556274,0.042658912273956386,71
cifar10,51,train,329,186.89843420503894,16968000,0.5680803471277779,0.42355474998475984,0.5947368339984678,0.011234782412906881,329,224.62197844335302,37.77551780631832,243.3040112826208,10.83183324898345,329,90747.27929111462,15261.309193752602,98294.8205581788,4376.060632589314,329,0.9793298856827988,0.96875,0.984375,0.000974071816357488,329,0.0669662683047241,0.05898246914148331,0.09866861999034882,0.0030371657591130525,329
cifar10,51,validation,71,0.34772079007234424,36000,0.004897475916511891,0.00387970800511539,0.00572720798663795,0.00022428687043828512,71,25872.73992554368,10310.054248221788,27397.01991540453,2084.2047693226177,71,103490.95970217472,41240.21699288715,109588.07966161812,8336.81907729047,71,0.7307766902614647,0.6796875,0.7466517686843872,0.0082312997186119,71,1.4832784004614388,1.3912309408187866,1.7235512733459473,0.040343992872499936,71
cifar10,52,train,329,186.5568746739882,16968000,0.5670421722613623,0.42722870799480006,0.5866508749895729,0.01289028628176353,329,225.070007842074,37.45066682221819,244.29194223674642,11.224256859367722,329,90928.28316819789,15130.069396176146,98693.94466364555,4534.59977118456,329,0.9799846608225697,0.970703125,0.9921875,0.0015594754264676377,329,0.066064636395695,0.057730186730623245,0.11291244626045227,0.004438682452647077,329
cifar10,52,validation,71,0.34873249620432034,36000,0.004911725298652399,0.004358457983471453,0.005588666943367571,0.0001778310504617424,71,25809.097869395096,9177.557785733325,27492.64280219655,2157.1713424848112,71,103236.39147758039,36710.2311429333,109970.5712087862,8628.685369939245,71,0.7306483354367,0.6796875,0.7477678656578064,0.008479381737891596,71,1.4903417473107996,1.3966838121414185,1.7319657802581787,0.040852701838362385,71
cifar10,53,train,329,186.86875112639973,16968000,0.5679901250042545,0.424293415970169,0.6217355420230888,0.01159177704702473,329,224.66422588815283,37.70975319853872,243.30478223568966,10.89441130305368,329,90764.34725881375,15234.740292209643,98295.13202321863,4401.342166433687,329,0.9809247934709566,0.9765625,0.989062488079071,0.00123562805941737,329,0.062048864899072964,0.040420107543468475,0.07949142903089523,0.0031040703346432164,329
cifar10,53,validation,71,0.3552883301745169,36000,0.005004060988373477,0.003858625015709549,0.007001875026617199,0.0004411073428980699,71,25420.666722322487,10366.386947979847,27256.9965057495,2449.036292428357,71,101682.66688928995,41465.54779191939,109027.986022998,9796.145169713427,71,0.728733308718238,0.671875,0.7444196343421936,0.008619869690842814,71,1.4968716527374697,1.407976508140564,1.7612736225128174,0.042795178182601035,71
cifar10,54,train,329,186.8732943397481,16968000,0.568003934163368,0.42490233399439603,0.5871959590003826,0.011504837560673269,329,224.65906131528,37.655712195290086,243.03491737297347,10.902029847719211,329,90762.2607713731,15212.907726897194,98186.10661868128,4404.420058478561,329,0.9797725641256407,0.9765625,0.9825721383094788,0.0005554436550273778,329,0.06398188149539533,0.054010070860385895,0.0688084065914154,0.0016172682720420808,329
cifar10,54,validation,71,0.3568989197956398,36000,0.005026745349234364,0.004026500042527914,0.007229625014588237,0.00038877664898910477,71,25283.64774593082,9934.185912708257,27452.836027767196,2376.067744427491,71,101134.59098372328,39736.74365083303,109811.34411106879,9504.270977709964,71,0.7324211924848422,0.6875,0.7522321343421936,0.008711218132083457,71,1.5039837259641835,1.4112836122512817,1.7369109392166138,0.04037973620880316,71
cifar10,55,train,329,186.63218354259152,16968000,0.5672710745975427,0.4270723329973407,0.5920611670007929,0.01049621596129895,329,224.93707541056776,37.46437959983614,243.39762131941762,10.761924776452389,329,90874.57846586939,15135.609358333802,98332.63901304473,4347.817609686765,329,0.9817547265519487,0.9798333048820496,0.9921875,0.0020447414172469042,329,0.05962950358093691,0.04175713658332825,0.06306133419275284,0.00354377015587971,329
cifar10,55,validation,71,0.3501514598610811,36000,0.004931710702268748,0.0037865000194869936,0.005671457969583571,0.0002503564914169222,71,25697.799879967162,10563.845185301048,28068.636747816035,2094.8706262018313,71,102791.19951986865,42255.38074120419,112274.54699126414,8379.482504807325,71,0.7316206198343089,0.6875,0.7522321343421936,0.008435040434315717,71,1.5139622033481868,1.4245741367340088,1.7622193098068237,0.04085900645083331,71
cifar10,56,train,329,186.94305187644204,16968000,0.5682159631502798,0.4278749999939464,0.5920646670274436,0.011350572507490882,329,224.57681490880427,37.39409874432105,242.82626984444252,10.89778426400352,329,90729.03322315692,15107.215892705704,98101.81301715478,4402.704842657422,329,0.9811081522141546,0.979687511920929,0.9921875,0.0016925659337012665,329,0.061618085316521055,0.03902389481663704,0.06736388802528381,0.00330911972147382,329
cifar10,56,validation,71,0.3546900802757591,36000,0.0049956349334613955,0.0038444999954663217,0.007570541987661272,0.00039719581048021564,71,25434.59011985433,10404.473936056844,27448.915139000073,2340.5580525868904,71,101738.36047941732,41617.895744227375,109795.6605560003,9362.232210347562,71,0.7321275464245971,0.6875,0.75,0.008334038562899762,71,1.5205400074031992,1.4332793951034546,1.7677898406982422,0.04082252568758209,71
cifar10,57,train,329,187.01868289988488,16968000,0.5684458446805012,0.426537332998123,0.5881596669787541,0.011360503662467686,329,224.4837627542856,37.51137066370321,243.41227868195662,10.877890778921412,329,90691.44015273137,15154.593748136098,98338.56058751047,4394.66787468425,329,0.9799249210256211,0.970703125,0.9921875,0.0014959718866193376,329,0.06390920465976271,0.05785926431417465,0.09155972301959991,0.0034420658122961854,329
cifar10,57,validation,71,0.35154058603802696,36000,0.004951275859690521,0.0036857909872196615,0.00730912497965619,0.0003974032373252193,71,25657.990012227194,10852.487332759361,27433.47241901036,2323.4224820519858,71,102631.96004890878,43409.949331037446,109733.88967604144,9293.689928207943,71,0.7317322081243488,0.6875,0.7511160969734192,0.00799394353401937,71,1.5314902856316366,1.4399796724319458,1.7765100002288818,0.041268588316954485,71
cifar10,58,train,329,186.86891149665462,16968000,0.5679906124518378,0.4252367079607211,0.5913299169624224,0.01127117403351444,329,224.660731839466,37.626102592906705,242.44268598533634,10.858476951709815,329,90762.93566314426,15200.94544753431,97946.84513807589,4386.824688490765,329,0.9807251052291197,0.9453125,0.9839285612106323,0.0024018804068170027,329,0.060815431245554545,0.054929595440626144,0.11467000842094421,0.004536894178621342,329
cifar10,58,validation,71,0.35227854165714234,36000,0.004961669600804822,0.0038549579912796617,0.007139124965760857,0.00036244747716767447,71,25594.074600284344,10376.24796184145,27749.673030562237,2299.32728341782,71,102376.29840113738,41504.9918473658,110998.69212224895,9197.30913367128,71,0.7282476441960939,0.671875,0.7444196343421936,0.008647619842649544,71,1.541403934989177,1.4502041339874268,1.8076860904693604,0.043548783104846445,71
cifar10,59,train,329,186.92396932881093,16968000,0.5681579614857475,0.42582387500442564,0.5874400830361992,0.011359423774578563,329,224.59682295830618,37.57422009236497,242.24792815417524,10.8787659920993,329,90737.11647515572,15179.984917315449,97868.1629742868,4395.021460808117,329,0.9816670658740592,0.953125,0.983829915523529,0.0025572195970914474,329,0.059563641105198205,0.05511734262108803,0.09845741093158722,0.003872587898908272,329
cifar10,59,validation,71,0.34748621232574806,36000,0.004894172004588001,0.0037516659940592945,0.006330833013635129,0.00027316028998717804,71,25902.73721666633,10661.929943480945,27616.46581962248,2132.7884971479984,71,103610.94886666532,42647.71977392378,110465.86327848992,8531.153988591994,71,0.732076581934808,0.6953125,0.754687488079071,0.008299629159800478,71,1.5433231978349282,1.446208119392395,1.7934696674346924,0.04268780268646255,71
cifar10,60,train,329,186.96739866462303,16968000,0.5682899655459667,0.4294101670384407,0.5906598329893313,0.011162331727986528,329,224.54674494846708,37.26041260352292,242.5274585258615,10.87888982255128,329,90716.8849591807,15053.206691823261,97981.09324444804,4395.0714883107175,329,0.9821080127023274,0.9752604365348816,0.984375,0.001132148313785488,329,0.05865747762396705,0.0563800185918808,0.07700188457965851,0.0029377654984994147,329
cifar10,60,validation,71,0.35093720618169755,36000,0.004942777551854895,0.003714707971084863,0.0069713330012746155,0.00035299589919685103,71,25681.433980226815,10768.006613536889,27697.13254646935,2255.0636552396522,71,102725.73592090726,43072.026454147555,110788.5301858774,9020.254620958609,71,0.7336885442196484,0.703125,0.7566964030265808,0.008471327732170795,71,1.5545329174525302,1.4632110595703125,1.7996289730072021,0.04161450659323594,71
cifar10,61,train,329,186.93411461997312,16968000,0.5681887982370003,0.42582558299181983,0.5948397920001298,0.011777658500190387,329,224.5917460587397,37.57406938208164,243.54921610662313,10.956751912266917,329,90735.06540773084,15179.92403036098,98393.88330707575,4426.5277725558335,329,0.9817810873854849,0.96875,0.9833124876022339,0.00148388534599189,329,0.06005954400474902,0.05739085003733635,0.08471591025590897,0.0027574252510812313,329
cifar10,61,validation,71,0.3505691700265743,36000,0.004937593944036258,0.003902291995473206,0.006008957978338003,0.0002580929464630974,71,25675.30477026061,10250.386195190258,27433.225323401122,2132.0546480325456,71,102701.21908104244,41001.54478076103,109732.90129360449,8528.218592130183,71,0.730859615433384,0.671875,0.75,0.009623145084934517,71,1.5635369159805943,1.464935302734375,1.8147733211517334,0.04244294201254853,71
cifar10,62,train,329,187.0679872512701,16968000,0.5685957059309121,0.4246960420277901,0.5869351250003092,0.011193697802824821,329,224.4187568520143,37.67400309078707,242.66552916745704,10.822059804140446,329,90665.17776821379,15220.297248677976,98036.87378365264,4372.112160872741,329,0.9816085085680419,0.970703125,0.984375,0.0014467332283917794,329,0.05754617569928474,0.053749460726976395,0.07517801225185394,0.0020493516721783274,329
cifar10,62,validation,71,0.35148554015904665,36000,0.004950500565620375,0.0037798749981448054,0.006921041989699006,0.0003470905872011146,71,25640.032112264224,10582.360532989143,27548.114522527136,2244.5938405926554,71,102560.1284490569,42329.44213195657,110192.45809010854,8978.375362370622,71,0.7312195385006112,0.6796875,0.7488839030265808,0.008528774358012673,71,1.571320525357421,1.4772379398345947,1.8440742492675781,0.04459194224268345,71
cifar10,63,train,329,186.79960761842085,16968000,0.5677799623660208,0.42297887499444187,0.5899900840013288,0.012459072341101197,329,224.7615121523884,37.826948213927345,241.95316695804448,11.063059565782037,329,90803.65090956494,15282.087078426646,97749.07945104997,4469.476064575943,329,0.9817146854560064,0.9609375,0.984375,0.0014273013988192814,329,0.05855079616864402,0.05576334893703461,0.12296038866043091,0.004073617770002241,329
cifar10,63,validation,71,0.3474486708873883,36000,0.004893643251935046,0.003760666004382074,0.005578208016231656,0.00023585326945333343,71,25891.463810609526,10636.41385685154,27926.513073044815,2072.389392453951,71,103565.8552424381,42545.65542740616,111706.05229217926,8289.557569815805,71,0.7318480081961188,0.6875,0.75,0.008098910828420312,71,1.5770862119298585,1.4766606092453003,1.8335164785385132,0.04377003803643201,71
cifar10,64,train,329,186.91985172004206,16968000,0.5681454459575747,0.4251808330300264,0.5912466250010766,0.01140400564064032,329,224.60156185198335,37.63104720872983,242.91092688888955,10.880721840603265,329,90739.03098820127,15202.943072326852,98136.01446311138,4395.8116236037185,329,0.9844200902796806,0.9799107313156128,1.0,0.0018123773767168361,329,0.05326932039689329,0.018968775868415833,0.06372110545635223,0.0037679532114065846,329
cifar10,64,validation,71,0.3530111681902781,36000,0.004971988284370114,0.003744542016647756,0.009454791026655585,0.0005810167075282267,71,25632.171338350527,10682.214225976128,27793.10349491231,2484.445220385299,71,102528.6853534021,42728.85690390451,111172.41397964924,9937.780881541195,71,0.7308051888371857,0.6796875,0.7488839030265808,0.008803607499184718,71,1.584224072980209,1.4866418838500977,1.847988247871399,0.04439240125865835,71
cifar10,65,train,329,187.0123482773779,16968000,0.5684265905087474,0.42589912499533966,0.5924041669932194,0.011526931690934166,329,224.4931908137033,37.5675812909338,244.24909449215704,10.901779976484141,329,90695.24908873615,15177.302841537257,98676.63417483144,4404.319110499593,329,0.9846933920695065,0.9765625,0.9900568127632141,0.0015458365351673944,329,0.05523646496077801,0.04872136935591698,0.0762573704123497,0.00186197017313271,329
cifar10,65,validation,71,0.34827674890402704,36000,0.0049053063225919305,0.003963124996516854,0.006594749982468784,0.0002912122428138264,71,25863.832980829688,10093.045269870507,27442.04754534666,2238.4886849795435,71,103455.33192331875,40372.18107948203,109768.19018138664,8953.954739918174,71,0.7306120756646277,0.6640625,0.7455357313156128,0.009578568526061518,71,1.5886595937567698,1.495345115661621,1.8517135381698608,0.04334443484250401,71
cifar10,66,train,329,186.65218986052787,16968000,0.5673318840745528,0.4253105830284767,0.6008207499980927,0.011078065324289257,329,224.91961590721107,37.61956706101696,245.0761196802908,10.847589624351736,329,90867.52482651327,15198.305092650851,99010.75235083747,4382.426208238101,329,0.9843858862720362,0.9789062738418579,0.9921875,0.0009132710070649965,329,0.05243917119811009,0.03372954949736595,0.06403882801532745,0.0018468690057645148,329
cifar10,66,validation,71,0.35057991615030915,36000,0.004937745297891678,0.004040334024466574,0.006557999993674457,0.0003214741559714918,71,25711.56920283765,9900.171559523722,27703.379083008447,2309.180523429991,71,102846.2768113506,39600.68623809489,110813.51633203379,9236.722093719964,71,0.7312084511971809,0.703125,0.7522321343421936,0.008224436554361659,71,1.60096610935641,1.5008900165557861,1.8556221723556519,0.04443094173269337,71
cifar10,67,train,329,186.902470461966,16968000,0.5680926153859149,0.4254219580325298,0.5917329580406658,0.011845834508737559,329,224.6304657396119,37.609718299440864,243.55315511415316,10.967835816184795,329,90750.7081588032,15194.32619297411,98395.47466611787,4431.005669738657,329,0.9852069793863499,0.9837952852249146,0.9921875,0.0014810253411850795,329,0.05157913822442927,0.0368766151368618,0.06456021219491959,0.0030413230084650224,329
cifar10,67,validation,71,0.35909904225263745,36000,0.0050577329894737665,0.003804790962021798,0.009272082999814302,0.0006361550981771042,71,25257.44082322553,10513.061137725346,27636.088710026874,2720.394517746725,71,101029.76329290212,42052.244550901385,110544.3548401075,10881.5780709869,71,0.7310360670089722,0.6875,0.7511160969734192,0.008466931233565973,71,1.6105311957883164,1.5143187046051025,1.8923759460449219,0.04520498796563423,71
cifar10,68,train,329,187.00080863706535,16968000,0.5683915156141803,0.44539058301597834,0.5897197920130566,0.011453900098533686,329,224.5359345605945,35.92352557536225,243.31064012033647,11.1024673726494,329,90712.51756248018,14513.104332446348,98297.49860861593,4485.396818550357,329,0.9843754650611646,0.9817708134651184,0.9921875,0.0009499131476665313,329,0.05085545685425356,0.040877994149923325,0.06326640397310257,0.001876706665686917,329
cifar10,68,validation,71,0.35579950630199164,36000,0.005011260652140728,0.004019459011033177,0.007029792002867907,0.0004409770487173839,71,25392.530860492665,9951.587984901043,27269.341792039104,2491.5051229407154,71,101570.12344197066,39806.351939604174,109077.36716815642,9966.020491762862,71,0.730859249410495,0.671875,0.7477678656578064,0.009499463141219447,71,1.618202891148312,1.5220251083374023,1.8987431526184082,0.0458090399623081,71
cifar10,69,train,329,186.6568767617573,16968000,0.5673461299749462,0.4238328339997679,0.5889266669983044,0.011070487790679677,329,224.91155864808638,37.750732639106396,244.69140329579974,10.829573835686663,329,90864.26969382691,15251.295986198982,98855.32693150309,4375.147829617412,329,0.9850821739634482,0.9833333492279053,0.9921875,0.0009426369764880703,329,0.0507883616810874,0.03174687176942825,0.0538141094148159,0.0030885937968083083,329
cifar10,69,validation,71,0.3497711247764528,36000,0.004926353870090884,0.003664666961412877,0.0058915839763358235,0.00024383352800400388,71,25713.326835168024,10915.043691877088,27335.579694461063,2001.9169228969274,71,102853.3073406721,43660.17476750835,109342.31877784425,8007.66769158771,71,0.729723486262308,0.6796875,0.75,0.008773528501671811,71,1.6327008663768499,1.532053828239441,1.9173634052276611,0.04708594006258621,71
cifar10,70,train,329,186.9872687170864,16968000,0.5683503608422079,0.4247352079837583,0.5913796669919975,0.01175165835250892,329,224.52533001772963,37.67052907140167,244.09179855354023,10.930457518185179,329,90708.23332716277,15218.893744846273,98613.08661563025,4415.904837346812,329,0.9853600462881628,0.9832589030265808,0.9921875,0.000748258049028655,329,0.04895461198384095,0.024757755920290947,0.0566287636756897,0.0026665700353551295,329
cifar10,70,validation,71,0.35088633117266,36000,0.004942061002431831,0.0037000839947722852,0.006856459018308669,0.00031455009646352356,71,25661.83039520251,10810.565397032757,27796.88229662972,2134.6686414167234,71,102647.32158081004,43242.26158813103,111187.52918651888,8538.674565666894,71,0.730626578901855,0.6796875,0.75,0.009215880744987607,71,1.6337621833237124,1.5312572717666626,1.884589433670044,0.044574829340539725,71
cifar10,71,train,329,187.0543564563268,16968000,0.5685542749432425,0.425738874997478,0.5923161249957047,0.011921125005607084,329,224.44907726235706,37.58172189489339,242.2078567708441,10.969181582520207,329,90677.42721399225,15183.01564553693,97851.97413542101,4431.549359338163,329,0.9853669475639483,0.9765625,0.9870854616165161,0.0009282402128723957,329,0.04937954621791477,0.045185018330812454,0.0688919648528099,0.0017456712007670354,329
cifar10,71,validation,71,0.35125070897629485,36000,0.004947193084173167,0.004224750038702041,0.006882167013827711,0.0003588828989684903,71,25695.761339415552,9468.015772192075,27752.43444016713,2471.6313542149596,71,102783.04535766221,37872.0630887683,111009.73776066852,9886.525416859839,71,0.7289957303396413,0.6796875,0.7466517686843872,0.008325469710217021,71,1.6459091263757626,1.5474669933319092,1.9269965887069702,0.04679958062803582,71
cifar10,72,train,329,187.20844008523272,16968000,0.5690226142408289,0.4232139170053415,0.6178154580411501,0.01263570064029223,329,224.27166268950577,37.80594010994695,242.14189625104277,11.047320813817002,329,90605.75172656034,15273.599804418567,97825.32608542127,4463.1176087820695,329,0.9859994986861672,0.984375,0.9921875,0.0008133532431616842,329,0.0489525470690162,0.03414054960012436,0.05695239454507828,0.0021226192451389543,329
cifar10,72,validation,71,0.3527115407632664,36000,0.004967768179764315,0.003919209004379809,0.007006249972619116,0.000367486257895131,71,25574.345717810316,10206.141074716621,27759.70498564962,2379.5112963156207,71,102297.38287124127,40824.564298866484,111038.81994259848,9518.045185262483,71,0.730273744589846,0.6796875,0.7511160969734192,0.009373648877876251,71,1.6533981511290645,1.5512691736221313,1.9289295673370361,0.04611023502901038,71
cifar10,73,train,329,186.96515359240584,16968000,0.5682831416182549,0.42755141598172486,0.5948691670200787,0.011733169445472926,329,224.55615803090475,37.42239974404365,243.59145146564325,10.963071050540607,329,90720.68784448552,15118.649496593634,98410.94639211988,4429.080704418405,329,0.986922146882692,0.982421875,0.9921875,0.0012835692612068398,329,0.04654662315606346,0.030481114983558655,0.05399920791387558,0.00220103487969827,329
cifar10,73,validation,71,0.34665830177254975,36000,0.0048825112925711235,0.003583375015296042,0.005673542036674917,0.00023024020228028632,71,25935.59358401497,11162.660851642786,27859.90040947286,1960.4015881215757,71,103742.37433605987,44650.643406571144,111439.60163789144,7841.606352486303,71,0.729910025294398,0.671875,0.7477678656578064,0.009134892096383055,71,1.6587854237623618,1.5510889291763306,1.9403022527694702,0.04756502510832733,71
cifar10,74,train,329,187.06256138021126,16968000,0.5685792139216148,0.4273313750163652,0.5917283330345526,0.011949464232083947,329,224.44232910265782,37.441669241785156,242.83987943332232,10.99510152217322,329,90674.70095747377,15126.434373681204,98107.31129106221,4442.021014957982,329,0.9866116639328583,0.9791666865348816,0.989062488079071,0.0006868614165753835,329,0.0474022983440331,0.04415569081902504,0.08326582610607147,0.0035525698464937486,329
cifar10,74,validation,71,0.3552510021836497,36000,0.005003535242023235,0.004312417004257441,0.007127625052817166,0.0005189324279788979,71,25509.076475666585,9275.540830237414,27708.626368409245,2811.689643231225,71,102036.30590266634,37102.16332094966,110834.50547363698,11246.7585729249,71,0.731395099364536,0.6953125,0.7511160969734192,0.008126287904655704,71,1.670284047932692,1.5676387548446655,1.9462995529174805,0.04704925696770092,71
cifar10,75,train,329,187.18880146625452,16968000,0.5689629223898314,0.4274557500029914,0.5973342920187861,0.012084383868849781,329,224.29280158249748,37.43077499808584,242.95784086555759,11.007115135522856,329,90614.29183932896,15122.033099226677,98154.96770968527,4446.874514751234,329,0.9865749259125498,0.9791666865348816,0.9883294701576233,0.0009701228641809356,329,0.04548562164092861,0.02014654502272606,0.052831754088401794,0.002238675647376873,329
cifar10,75,validation,71,0.34975704475073144,36000,0.004926155559869457,0.0037645410047844052,0.006165084021631628,0.0003072965010633798,71,25753.254504641394,10625.465348674239,27795.3672798773,2227.023460743395,71,103013.01801856558,42501.861394696956,111181.4691195092,8908.09384297358,71,0.7323461149779844,0.6875,0.7562500238418579,0.009282817172315492,71,1.676687650277581,1.576725959777832,1.9544750452041626,0.047112238254449865,71
cifar10,76,train,329,187.24287591688335,16968000,0.5691272824221378,0.42775604099733755,0.6064393339911476,0.011994882925226798,329,224.22644015184906,37.40449804681914,243.6635187609109,10.98360182664594,329,90587.48182134701,15111.417210914933,98440.06157940801,4437.375137964959,329,0.9865771077324191,0.9830729365348816,0.9921875,0.000557386871148745,329,0.04562778804326673,0.026015104725956917,0.052760712802410126,0.001398458093914429,329
cifar10,76,validation,71,0.3473939215182327,36000,0.004892872134059615,0.0043044170015491545,0.005512209027074277,0.0001909369113887556,71,25911.54231085464,9292.779948040361,27860.40974452819,2184.1679919355174,71,103646.16924341855,37171.119792161444,111441.63897811277,8736.67196774207,71,0.7322339751351048,0.6875,0.7533482313156128,0.008489863810137072,71,1.6913362086658748,1.5929538011550903,1.9678645133972168,0.04628870865858992,71
cifar10,77,train,329,186.64514887245605,16968000,0.5673104828950032,0.4272042080410756,0.5851941669825464,0.011003438141941208,329,224.9302848216404,37.45281459976069,245.58494720793726,10.865216023344693,329,90871.83506794271,15130.937098303319,99216.31867200666,4389.547273431257,329,0.9869891057260856,0.9765625,0.9906250238418579,0.0008079424753005455,329,0.043721292473624905,0.03513704240322113,0.07272808998823166,0.002468160502142075,329
cifar10,77,validation,71,0.3495634580613114,36000,0.004923428986779034,0.003778541984502226,0.006883167021442205,0.00035292527242382257,71,25787.047620322814,10586.093833034247,27598.10272582913,2288.6198933187898,71,103148.19048129125,42344.37533213699,110392.41090331652,9154.479573275159,71,0.7307888143499133,0.6796875,0.75,0.008762341811974246,71,1.698739207966227,1.5971834659576416,1.988628625869751,0.04766245050036382,71
cifar10,78,train,329,186.8675505881547,16968000,0.567986475951838,0.42653383302967995,0.5946225419756956,0.013641163125313585,329,224.70759997712807,37.5116784672194,243.46679584588162,11.335561722327638,329,90781.87039075975,15154.718100756638,98360.58552173617,4579.566935820366,329,0.9866748180432885,0.984375,0.9921875,0.0007710136944633181,329,0.0452293525237624,0.033845409750938416,0.05099978670477867,0.0017749274340315895,329
cifar10,78,validation,71,0.3460881220526062,36000,0.004874480592290228,0.0037944579962641,0.005599291005637497,0.00021984306722423413,71,25989.332440964772,10541.690022496678,27757.700677274424,2059.9453153505656,71,103957.32976385909,42166.76008998671,111030.8027090977,8239.781261402262,71,0.72990117862191,0.6796875,0.7488839030265808,0.00855252916969669,71,1.7118817064124094,1.6161781549453735,2.0071020126342773,0.04750746699600178,71
cifar10,79,train,329,186.77523645578185,16968000,0.5677058858838354,0.4292134999996051,0.5869917079689912,0.010749544104065695,329,224.77187461338426,37.277485447253454,243.41845096374766,10.825939406033354,329,90807.83734380723,15060.104120690396,98341.05418935405,4373.679520037475,329,0.9884402911351444,0.984375,0.9921875,0.0008989107534554169,329,0.042378407888861776,0.031070001423358917,0.04461651295423508,0.0015814621892711966,329
cifar10,79,validation,71,0.34682883380446583,36000,0.004884913152175575,0.0036494579981081188,0.007186542032286525,0.0003536719544313122,71,25981.03706068155,10960.531679152364,27819.035426604,2229.8139722463284,71,103924.1482427262,43842.126716609455,111276.141706416,8919.255888985314,71,0.7307121241596383,0.6875,0.7544642686843872,0.009157395627000992,71,1.7144621342000828,1.6129038333892822,2.0071730613708496,0.048788262983720264,71
cifar10,80,train,329,186.82443886779947,16968000,0.5678554372881442,0.42683395801577717,0.5863742500077933,0.01102658290271989,329,224.7131830571939,37.485302421529894,243.85293333090522,10.843037630679529,329,90784.12595510634,15144.062178298076,98516.58506568571,4380.587202794531,329,0.9886215490410756,0.9873934388160706,0.99609375,0.0012742798414777992,329,0.04087398768513036,0.025279073044657707,0.04350787401199341,0.0025510210772165384,329
cifar10,80,validation,71,0.36583558353595436,36000,0.0051526138526190755,0.003897500049788505,0.009020040975883603,0.000718851830756698,71,24860.111298187483,10262.98896446982,27148.357830633842,2903.085958909717,71,99440.44519274993,41051.95585787928,108593.43132253537,11612.343835638869,71,0.7297781781411506,0.6796875,0.746874988079071,0.008735604494061425,71,1.7274051065176306,1.6236003637313843,2.0343563556671143,0.0501364278578476,71
cifar10,81,train,329,186.71673220430966,16968000,0.5675280614112755,0.42718483303906396,0.5906654169666581,0.011153214998793718,329,224.84602261584305,37.4545132751398,244.10300908257253,10.882474473902898,329,90837.79313680061,15131.62336315648,98617.6156693593,4396.51968745677,329,0.9877352886649251,0.984375,0.9910714030265808,0.0006987315931277585,329,0.04401994302959428,0.036833349615335464,0.05013193190097809,0.0014729113787356558,329
cifar10,81,validation,71,0.3477466648328118,36000,0.004897840349757912,0.003762749955058098,0.005757750011980534,0.0002313432983500733,71,25866.08869671085,10630.523015814477,27403.612619699965,2046.1595912347113,71,103464.3547868434,42522.09206325791,109614.45047879986,8184.638364938845,71,0.7305142291834656,0.6796875,0.7533482313156128,0.00988855286930893,71,1.7381601988429753,1.6379083395004272,2.0279502868652344,0.047949338732006255,71
cifar10,82,train,329,186.86693983734585,16968000,0.5679846195664008,0.42676150001352653,0.6091618749778718,0.011482811948882926,329,224.66871371156546,37.491666890037806,243.7610037602095,10.908689022340054,329,90766.16033947244,15146.633423575273,98479.44551912464,4407.110365025382,329,0.989155136886701,0.9880741238594055,0.99609375,0.001336707894399011,329,0.03979903829813366,0.029853984713554382,0.061655737459659576,0.002813728838455054,329
cifar10,82,validation,71,0.34474445489468053,36000,0.004855555702741979,0.0038131250184960663,0.005542792030610144,0.00020642084383848159,71,26086.95119174175,10490.083541970094,27643.54930961814,2045.4757550842116,71,104347.804766967,41960.33416788038,110574.19723847257,8181.903020336847,71,0.730025419047181,0.6796875,0.7522321343421936,0.009288393563862107,71,1.7460637092590332,1.6412475109100342,2.028942823410034,0.047911789516690874,71
cifar10,83,train,329,186.8454310070374,16968000,0.5679192431824845,0.42523916700156406,0.5908480000216514,0.011149254857257658,329,224.68715229416952,37.62588501153082,244.9050072394747,10.840679372444685,329,90773.60952684449,15200.857544658451,98941.62292474779,4379.634466467652,329,0.9887407931150999,0.9765625,0.9906994104385376,0.0013486494435923362,329,0.039975991308417363,0.03500202298164368,0.0701456293463707,0.0025766034719822235,329
cifar10,83,validation,71,0.3479764574440196,36000,0.004901076865408727,0.003867124964017421,0.005614582973066717,0.00023582121488543873,71,25858.907553254652,10343.601608996209,28215.84593043334,2118.0279160930813,71,103435.63021301861,41374.406435984834,112863.38372173336,8472.111664372325,71,0.7304458928779817,0.6953125,0.754687488079071,0.008579080106301729,71,1.7546825509675792,1.648531198501587,2.055447816848755,0.04981567181773004,71
cifar10,84,train,329,186.76806199509883,16968000,0.5676840790124584,0.4233625420019962,0.5868948749848641,0.011063473003760862,329,224.77626132547488,37.79266801531194,243.1529913002603,10.811191923558331,329,90809.60957549184,15268.237878186024,98233.80848530517,4367.721537117566,329,0.9898361246636573,0.9869791865348816,1.0,0.0011859237292888645,329,0.03694423664599023,0.02680276520550251,0.04156729578971863,0.002583215964195927,329
cifar10,84,validation,71,0.34957437589764595,36000,0.004923582759121774,0.003812165989074856,0.005961624963674694,0.0002515305629718844,71,25741.28296934235,10492.722540055838,27355.056437922678,2097.0939349080722,71,102965.1318773694,41970.89016022335,109420.22575169071,8388.375739632289,71,0.7309970469541953,0.6875,0.7515624761581421,0.008762880901662827,71,1.7632616237855294,1.6642873287200928,2.072697162628174,0.050142213117907626,71
cifar10,85,train,329,186.92970700276783,16968000,0.5681754012242183,0.4295550840324722,0.5907717919908464,0.010915491024376603,329,224.5885809507213,37.24784223201158,244.34114031977103,10.843810353664793,329,90733.78670409141,15048.128261732676,98713.8206891875,4380.899382880576,329,0.989329999159897,0.9859374761581421,1.0,0.0009179495346929813,329,0.03888632569994245,0.025536414235830307,0.05083995684981346,0.0014312006228270127,329
cifar10,85,validation,71,0.35106586903566495,36000,0.004944589704727676,0.0037488749949261546,0.007001792022492737,0.00037549997334876216,71,25688.739096560963,10669.867641395687,28098.156409269915,2339.868422294492,71,102754.95638624385,42679.47056558275,112392.62563707966,9359.473689177968,71,0.7297677456493109,0.671875,0.7484375238418579,0.009017699703587111,71,1.7731133984847807,1.6637226343154907,2.058533191680908,0.049229114177339516,71
cifar10,86,train,329,186.89663679111982,16968000,0.5680748838635861,0.4243896250263788,0.592813249968458,0.0113217412520048,329,224.62694140439623,37.70120440386705,244.32666281395854,10.85869185969005,329,90749.28432737608,15231.28657916229,98707.97177683924,4386.911511314779,329,0.9897789768534954,0.986328125,0.9921875,0.0006744100213397898,329,0.03717420855961672,0.03331952542066574,0.03886348754167557,0.0011816940851422611,329
cifar10,86,validation,71,0.34590395889244974,36000,0.004871886744964081,0.003653749998193234,0.0060060000396333635,0.0002532985189486522,71,26007.976245789774,10947.656522690346,28170.309762548834,2066.5025102533714,71,104031.9049831591,43790.62609076138,112681.23905019533,8266.010041013486,71,0.7313139295913804,0.6875,0.753125011920929,0.008972205256222722,71,1.7861526415381632,1.6823251247406006,2.0789778232574463,0.049335538231882324,71
cifar10,87,train,329,186.90706508932635,16968000,0.5681065808186211,0.4261451669735834,0.6105580000439659,0.011961946238259104,329,224.62722512892725,37.54589102495168,245.26436991612852,10.980400929927603,329,90749.3989520866,15168.539974080479,99086.80544611592,4436.081975690751,329,0.9898372586012611,0.9817708134651184,0.9921875,0.0009713293958985254,329,0.03695210183214815,0.023410988971590996,0.03953320160508156,0.0013444588011110518,329
cifar10,87,validation,71,0.3481737490510568,36000,0.00490385562043742,0.0038552089827135205,0.005958708003163338,0.00023173661584207565,71,25839.128157399708,10375.572421458115,27463.632996225693,2073.1319399719227,71,103356.51262959883,41502.28968583246,109854.53198490277,8292.527759887691,71,0.7295648724260465,0.6796875,0.746874988079071,0.008728515030208633,71,1.7983890083474172,1.6860201358795166,2.100977897644043,0.05177967966289278,71
cifar10,88,train,329,186.9247601230163,16968000,0.5681603651155511,0.4268954580184072,0.6131786670302972,0.011236981239186624,329,224.59522443297294,37.4799021621591,243.98364307284388,10.863167402658434,329,90736.47067092107,15141.880473512276,98569.39180142892,4388.719630674008,329,0.9896226452839049,0.9889190196990967,0.9947916865348816,0.0005362883627359032,329,0.037174271323398254,0.0320577509701252,0.03898179903626442,0.0008994133506089845,329
cifar10,88,validation,71,0.36942958389408886,36000,0.005203233575973082,0.004257666005287319,0.00947816699044779,0.0009972289940599801,71,24905.28462660693,9394.818651892045,27856.868786427396,3614.9053734258464,71,99621.13850642771,37579.27460756818,111427.47514570958,14459.621493703386,71,0.7316013180034261,0.6875,0.753125011920929,0.008742110851731889,71,1.8069019418367198,1.6967722177505493,2.1196742057800293,0.05236415912191558,71
cifar10,89,train,329,186.94982659316156,16968000,0.5682365549944121,0.4267354170442559,0.5985977909876965,0.011389321489025307,329,224.56731550736924,37.4939584598404,244.2691765121108,10.887193473496334,329,90725.19546497718,15147.559217775522,98684.74731089277,4398.426163292519,329,0.9900293940831101,0.9885979890823364,1.0,0.001002822079141618,329,0.036939990217019,0.019684677943587303,0.041232943534851074,0.0020113738796025773,329
cifar10,89,validation,71,0.35278520587598905,36000,0.004968805716563226,0.003710874996613711,0.006732332985848188,0.00035016425670882746,71,25543.462097644944,10779.128921481119,27465.848571299495,2224.74456594495,71,102173.84839057978,43116.515685924474,109863.39428519798,8898.9782637798,71,0.7295710100254542,0.6796875,0.753125011920929,0.009664367842541028,71,1.821378681021677,1.7110087871551514,2.1486196517944336,0.05394631377272787,71
cifar10,90,train,329,187.03036832268117,16968000,0.5684813626829215,0.4241444999934174,0.661953333998099,0.012502091965009055,329,224.48237803081514,37.72299299000297,244.11377467081272,10.997595938003649,329,90690.88072444931,15240.0891679612,98621.96496700833,4443.028758953475,329,0.9909699352678919,0.9887152910232544,0.99609375,0.0005979364576650755,329,0.03525457240210841,0.03297087550163269,0.05720381438732147,0.0021791004350248744,329
cifar10,90,validation,71,0.3542574140592478,36000,0.004989541043087998,0.003883333003614098,0.005873417016118765,0.000268089488058463,71,25409.843712625832,10300.430059120152,27255.55125259252,2127.2233118282165,71,101639.37485050333,41201.72023648061,109022.20501037007,8508.893247312866,71,0.7297703783277055,0.6796875,0.7515624761581421,0.00900841061302148,71,1.8231108222209231,1.709395408630371,2.122976303100586,0.051748424661056315,71
cifar10,91,train,329,186.83973304112442,16968000,0.5679019241371562,0.42503458401188254,0.6208557499921881,0.0113470165174426,329,224.69632153275592,37.64399557555225,244.56959206117358,10.86130102632791,329,90777.3138992334,15208.174212523112,98806.11519271413,4387.965614636475,329,0.99104192318525,0.98828125,0.9951171875,0.0006170715655472963,329,0.0343508131145344,0.025663238018751144,0.0397183895111084,0.0011049911700030369,329
cifar10,91,validation,71,0.3490275749354623,36000,0.004915881337119188,0.003871832974255085,0.005702374968677759,0.00022447324069921752,71,25774.038170107535,10331.024159867262,27585.21996724807,2063.6257520976046,71,103096.15268043014,41324.09663946905,110340.87986899228,8254.503008390418,71,0.7291970294965825,0.671875,0.7484375238418579,0.009307687345955289,71,1.8371181034706008,1.7264028787612915,2.16749906539917,0.05394155833099645,71
cifar10,92,train,329,186.82916603732156,16968000,0.567869805584564,0.4252725000260398,0.5863697919994593,0.010977877568588736,329,224.70425105287995,37.62293587998356,243.16063230241818,10.81602173914501,329,90780.5174253635,15199.666095513358,98236.89545017695,4369.672782614583,329,0.99106323646557,0.9895833134651184,0.99609375,0.0005069675098705936,329,0.03330209112434583,0.02214227244257927,0.03692786395549774,0.001197658936673348,329
cifar10,92,validation,71,0.34905370976775885,36000,0.004916249433348716,0.003779207996558398,0.0059277499676682055,0.0002499555099660151,71,25777.627771642197,10584.22823946888,27755.443373713562,2087.9293914272307,71,103110.51108656879,42336.91295787552,111021.77349485425,8351.717565708923,71,0.7298951300097184,0.6875,0.75,0.008418241818982502,71,1.8543400781255373,1.7498180866241455,2.1989541053771973,0.05439970390006542,71
cifar10,93,train,329,186.88240474741906,16968000,0.5680316253720944,0.4266256249975413,0.5901133749866858,0.011282099485370371,329,224.64695679984402,37.50360752496339,244.28419127318904,10.87862643848598,329,90757.37054713698,15151.45744008521,98690.81327436837,4394.965081148336,329,0.9920756358506106,0.9903846383094788,1.0,0.0007985883547569864,329,0.03107429316159802,0.027811486274003983,0.033086299896240234,0.0010310578547302902,329
cifar10,93,validation,71,0.34788416512310505,36000,0.00489977697356486,0.0037977919564582407,0.005894417001400143,0.0002544098462348889,71,25868.75115085886,10532.435809702265,28178.83072738929,2122.215888065305,71,103475.00460343545,42129.74323880906,112715.32290955716,8488.86355226122,71,0.7313731279171688,0.6796875,0.754687488079071,0.009998046696043802,71,1.8653121028147952,1.7570488452911377,2.1950531005859375,0.05386925996623026,71
cifar10,94,train,329,186.7778979120194,16968000,0.5677139754164723,0.43109987501520663,0.5923021660419181,0.011021914460429914,329,224.77587832083114,37.114369377712336,243.46737469268535,10.893397230048599,329,90809.45484161576,14994.205228595783,98360.81937584489,4400.932480939634,329,0.9920407055359118,0.9915140271186829,0.9947916865348816,0.0005507615981712148,329,0.03213452698951615,0.02749161794781685,0.04719007760286331,0.0013326737843491118,329
cifar10,94,validation,71,0.3585900003090501,36000,0.005050563384634508,0.003969082958064973,0.006053457967936993,0.00029336163906993495,71,25117.47144348382,10077.894673055913,27839.704041274537,2191.990041544517,71,100469.88577393528,40311.57869222365,111358.81616509815,8767.960166178069,71,0.7310939103784696,0.6875,0.754687488079071,0.009478253981616684,71,1.8777938426380427,1.7650645971298218,2.1998772621154785,0.05366938269537781,71
cifar10,95,train,329,186.98783101694426,16968000,0.5683520699603168,0.4267597090220079,0.5989405830041505,0.01108013496063474,329,224.51663120529898,37.49182423211111,243.59693701415395,10.831960239417501,329,90704.7190069408,15146.696989772887,98413.1625537182,4376.11193672467,329,0.9927667156541239,0.9919013381004333,1.0,0.000829434798843489,329,0.029895306137421574,0.018776796758174896,0.03207583725452423,0.0018427427385672593,329
cifar10,95,validation,71,0.3492617932497524,36000,0.004919180186616231,0.003905082994606346,0.005512707983143628,0.00019073188076366366,71,25745.46342832443,10243.060148848956,27556.51250310587,1999.6592010606112,71,102981.85371329772,40972.24059539582,110226.05001242348,7998.636804242445,71,0.7304054221636812,0.6796875,0.754687488079071,0.009991907753215543,71,1.881472194698495,1.770962119102478,2.2188544273376465,0.05517393875817756,71
cifar10,96,train,329,187.04055353911826,16968000,0.5685123207875935,0.4262853330001235,0.5941678750095889,0.011102553497057356,329,224.45280265471877,37.533545635724145,243.07526288079262,10.826984244231237,329,90678.93227250638,15163.552436832555,98202.40620384022,4374.10163466942,329,0.9919567695142288,0.984375,0.9947916865348816,0.0009665858947622669,329,0.031485025184993326,0.025833746418356895,0.04545825347304344,0.0021960013640838503,329
cifar10,96,validation,71,0.35198925383156165,36000,0.004957595124388192,0.0037914999993517995,0.0061010829522274435,0.0002805586074360796,71,25574.13500384671,10549.914283750088,27302.78158581818,2125.8026197948857,71,102296.54001538684,42199.65713500035,109211.12634327271,8503.210479179543,71,0.7303774499557387,0.6875,0.7562500238418579,0.010132468043474849,71,1.8972967611232274,1.7791715860366821,2.21346116065979,0.053664790753101606,71
cifar10,97,train,329,186.91743814724032,16968000,0.5681381098700313,0.42541320802411065,0.5948796669836156,0.011176233685145436,329,224.60100558165982,37.61049186581246,243.4974801645172,10.841192891446887,329,90738.80625499056,15194.638713788236,98372.98198646495,4379.841928144542,329,0.9921245680029269,0.9872159361839294,0.9947916865348816,0.0006284504676324029,329,0.03134260133565559,0.024311324581503868,0.04145864397287369,0.0014959067314204257,329
cifar10,97,validation,71,0.3493163726525381,36000,0.004919948910599129,0.0039012079942040145,0.005540957965422422,0.00020864567159185773,71,25748.454735217456,10253.234398019176,27684.402901420635,2043.2976091928886,71,102993.81894086982,41012.937592076705,110737.61160568254,8173.190436771554,71,0.7302041078957033,0.6796875,0.753125011920929,0.009133034717099218,71,1.9120998348988278,1.7943452596664429,2.2503468990325928,0.05535568622510907,71
cifar10,98,train,329,186.86468566505937,16968000,0.5679777679789039,0.42565537500195205,0.5931006249738857,0.0111624348271162,329,224.66490306259007,37.58909422893256,244.40783792882726,10.848640735671653,329,90764.62083728638,15185.994068488753,98740.76652324622,4382.850857211348,329,0.9932968301251304,0.9906250238418579,0.9946831464767456,0.000521763181601461,329,0.028157197505145087,0.025047026574611664,0.034386515617370605,0.0014532442780972527,329
cifar10,98,validation,71,0.34820783481700346,36000,0.004904335701647936,0.0038090829621069133,0.0058785839937627316,0.0002397935206722419,71,25838.269683287577,10501.215226321783,27527.864382975516,2085.033043388971,71,103353.07873315031,42004.86090528713,110111.45753190207,8340.132173555883,71,0.7312030498410614,0.6875,0.7562500238418579,0.00982485028901552,71,1.9203152052113708,1.7990754842758179,2.245771884918213,0.055423856070858785,71
cifar10,99,train,329,186.86128042568453,16968000,0.5679674177072478,0.4259825409972109,0.5869233339908533,0.011006063587767598,329,224.66700932044216,37.56022479828524,246.56878491363895,10.825352828647828,329,90765.47176545864,15174.330818507238,99613.78910511015,4373.442542773722,329,0.9939147895230348,0.9928325414657593,1.0,0.0012246313817742675,329,0.027513059297729407,0.013617757707834244,0.0292529109865427,0.0023115400266488944,329
cifar10,99,validation,71,0.36603845591889694,36000,0.005155471210125309,0.003836957970634103,0.008873167040292174,0.0007681108461467037,71,24895.14049220062,10424.92524185495,27394.082387074413,3044.611077589638,71,99580.56196880247,41699.7009674198,109576.32954829765,12178.444310358553,71,0.7308034057348547,0.6875,0.7578125,0.010252796748822464,71,1.9370788940241639,1.8167566061019897,2.262831687927246,0.05514855470069778,71
cifar10,100,train,329,186.78333171183476,16968000,0.5677304915253336,0.43264829198597,0.5906218329910189,0.010882786530613326,329,224.76945616923786,36.98153973185881,243.54757518779843,10.885148132755925,329,90806.8602923721,14940.542051670958,98393.22037587056,4397.599845633394,329,0.9934861824867574,0.9927884340286255,1.0,0.0006289762823853939,329,0.027942883048919922,0.017157407477498055,0.029180210083723068,0.0014184562026839439,329
cifar10,100,validation,71,0.3457329196971841,36000,0.004869477742213861,0.0037973749567754567,0.0055310839670710266,0.00021050926710896158,71,26012.79146592124,10533.592404044826,28118.994998004648,2044.8695439656783,71,104051.16586368496,42134.369616179305,112475.97999201859,8179.478175862713,71,0.729281422118066,0.6796875,0.7515624761581421,0.009385530356111758,71,1.9493942663703165,1.8379275798797607,2.298676013946533,0.05625482525640118,71
cifar100_coarse,1,train,329,185.2139684682479,16968000,0.5629603904809967,0.44462054199539125,0.7931170419906266,0.017970127039540425,329,226.81508374851015,35.98574174777073,251.53605255120465,12.087223013280969,329,91633.29383439811,14538.239666099375,101620.56523068667,4883.238097365512,329,0.16516565949313547,0.0390625,0.28802379965782166,0.08289506816434385,329,2.909378019872045,2.761202096939087,3.0348477363586426,0.08110267332455051,329
cifar100_coarse,1,validation,71,0.38623445987468585,36000,0.005439921970065998,0.0037738329847343266,0.04917316697537899,0.0052298508680380445,71,25953.532448424296,2603.045682701088,27484.030191968985,3417.264919753919,71,103814.12979369718,10412.182730804352,109936.12076787594,13669.059679015676,71,0.3555463976423505,0.34955358505249023,0.41015625,0.008495332811262246,71,2.5787687368795904,2.5197811126708984,2.58620548248291,0.010057349121956796,71
cifar100_coarse,2,train,329,187.6768344983575,16968000,0.5704463054661322,0.4257788750110194,0.6165422080084682,0.009688341060995972,329,223.6654410373875,37.578191260864955,238.42024223357967,10.491982165395145,329,90360.83817910454,15181.58926938944,96321.77786236619,4238.760794819639,329,0.4847174922746003,0.40625,0.5067142844200134,0.016142664368057297,329,2.3292564780516467,2.214541435241699,2.481015205383301,0.06964555182590242,329
cifar100_coarse,2,validation,71,0.3563884210307151,36000,0.00501955522578472,0.0037564579979516566,0.006793666980229318,0.0004553344905812625,71,25362.42517643061,10648.328830459819,27585.21408461298,2589.811514116334,71,101449.70070572244,42593.315321839276,110340.85633845192,10359.246056465336,71,0.39189243610476104,0.38401442766189575,0.44140625,0.008491347303971464,71,2.26632950003718,2.167288303375244,2.279510259628296,0.016040953559033285,71
cifar100_coarse,3,train,329,187.42246037267614,16968000,0.5696731318318424,0.4224831670289859,0.5937041669967584,0.009536681808636328,329,223.96372165388306,37.87133133023088,241.94390587312176,10.471134446755746,329,90481.34354816875,15300.017857413275,97745.3379727412,4230.338316489322,329,0.5573458330971854,0.53515625,0.5688833594322205,0.006380801991648362,329,1.9054594536320417,1.8250430822372437,2.0001964569091797,0.047425848138043854,329
cifar100_coarse,3,validation,71,0.3593130895169452,36000,0.0050607477396752846,0.00370195897994563,0.006416709045879543,0.000441676688171423,71,25140.438739152192,10805.090012258179,27761.70993397656,2502.4465411224996,71,100561.75495660877,43220.360049032715,111046.83973590624,10009.786164489999,71,0.4238455954571845,0.41436296701431274,0.4765625,0.009117004340341104,71,2.0732925038942147,1.9419825077056885,2.093576431274414,0.02148405353790378,71
cifar100_coarse,4,train,329,187.5239559543552,16968000,0.5699816290405932,0.4271284160204232,0.5853719159495085,0.008805881703406565,329,223.83976211399832,37.45946043363914,240.08560538418823,10.410542686990249,329,90431.26389405532,15133.622015190213,96994.58457521204,4205.85924554406,329,0.6045342384863045,0.5952280163764954,0.625,0.004825169516002308,329,1.6050650667636952,1.5502347946166992,1.6781806945800781,0.03082061025277498,329
cifar100_coarse,4,validation,71,0.3657562523148954,36000,0.0051514965114774,0.003744458022993058,0.01050808298168704,0.0007910062706852511,71,24902.08701464481,10682.453843621084,27448.909314356213,2977.8704525672774,71,99608.34805857924,42729.81537448434,109795.63725742485,11911.48181026911,71,0.44212924090909284,0.4296875,0.515625,0.01421108188931671,71,1.9722278134923585,1.810927391052246,1.9975372552871704,0.026990558012613085,71
cifar100_coarse,5,train,329,187.40730278607225,16968000,0.5696270601400373,0.42365924996556714,0.5910610830178484,0.009126174200544077,329,223.9781828980147,37.766200080136095,241.3438515741009,10.423584118985351,329,90487.18589079793,15257.544832374982,97502.91603593677,4211.127984070082,329,0.6356983117781874,0.6194853186607361,0.6640625,0.005356714538465804,329,1.4075183462589345,1.349070429801941,1.4478912353515625,0.02242128352785939,329
cifar100_coarse,5,validation,71,0.3603913800907321,36000,0.005075934930855382,0.0038611670024693012,0.0067259169882163405,0.0005191080905371599,71,25135.352545861646,10359.562270789924,27893.802068460205,2804.7539215147103,71,100541.41018344658,41438.249083159695,111575.20827384082,11219.015686058841,71,0.4552637443576061,0.44462719559669495,0.5390625,0.016949127555994287,71,1.9250310760148814,1.7377898693084717,1.9527901411056519,0.032189848802015364,71
cifar100_coarse,6,train,329,187.44502262055175,16968000,0.5697417100928625,0.4283813330112025,0.5888772089965641,0.008859503260180899,329,223.9370934128515,37.349900117103346,242.90718145136566,10.442777357136174,329,90470.58573879203,15089.359647309751,98134.50130635173,4218.882052283015,329,0.6636670778949935,0.6439732313156128,0.6875,0.00302041948842017,329,1.2740921303856336,1.2387633323669434,1.3344675302505493,0.016522977737046602,329
cifar100_coarse,6,validation,71,0.35637362935813144,36000,0.005019346892368048,0.0037339170230552554,0.006107125023845583,0.0003757701581299028,71,25308.319641312017,10712.610846201997,27561.947492225205,2349.9515661504356,71,101233.27856524807,42850.443384807986,110247.78996890082,9399.806264601742,71,0.4634629559349006,0.45105698704719543,0.546875,0.017806556269956544,71,1.9055480151109292,1.7068642377853394,1.9342702627182007,0.034356994869441354,71
cifar100_coarse,7,train,329,187.57561924989568,16968000,0.5701386603340294,0.4246702920063399,0.5923487080144696,0.009031014846743448,329,223.77692812623786,37.67628746623307,240.2378730196168,10.408587223963346,329,90405.8789630001,15221.220136358159,97056.1006999252,4205.069238481192,329,0.6802192234340773,0.6664663553237915,0.703125,0.0032658595018465815,329,1.1742153062646512,1.1048229932785034,1.215238094329834,0.009062081573770413,329
cifar100_coarse,7,validation,71,0.3618525416823104,36000,0.005096514671581837,0.004349833005107939,0.007287916960194707,0.0004942911655007187,71,25032.428017759677,9195.755320498198,27423.91525378981,2785.2289833710865,71,100129.71207103871,36783.02128199279,109695.66101515925,11140.915933484346,71,0.47361242981024193,0.46069711446762085,0.56640625,0.018742710739302875,71,1.8939456654266573,1.6736533641815186,1.924332618713379,0.03863155452666161,71
cifar100_coarse,8,train,329,187.52949991007335,16968000,0.5699984799698278,0.4245191249647178,0.5975676249945536,0.0091381454622476,329,223.8331922790745,37.68970361778112,239.95094127241325,10.423979881823747,329,90428.6096807461,15226.640261583574,96940.18027405495,4211.287872256795,329,0.6979063490241494,0.6484375,0.7018532156944275,0.004492258661728509,329,1.1062354773373588,1.091108798980713,1.2106181383132935,0.01328362841653377,329
cifar100_coarse,8,validation,71,0.362063750741072,36000,0.0050994894470573525,0.003756249963771552,0.007173584017436951,0.0005752405858309523,71,25047.112964586366,10648.918571925136,27534.775001909195,2846.5665502047023,71,100188.45185834546,42595.674287700545,110139.10000763678,11386.266200818809,71,0.4793276232732853,0.46422696113586426,0.578125,0.0211063725296375,71,1.8951726614589421,1.6575422286987305,1.9272453784942627,0.0425733853659132,71
cifar100_coarse,9,train,329,187.37217841634993,16968000,0.5695202991378417,0.4242000419762917,0.5859544170089066,0.008986695819617125,329,224.0195626511693,37.71805378768499,240.3433528667258,10.417545345951838,329,90503.90331107241,15238.093730224735,97098.71455815723,4208.688319764543,329,0.7109108331717982,0.6484375,0.7143020033836365,0.004900947101277857,329,1.0420098402579867,1.0342477560043335,1.1459672451019287,0.01090798885823116,329
cifar100_coarse,9,validation,71,0.34628200391307473,36000,0.004877211322719363,0.0037197909550741315,0.005904708988964558,0.00025209677937397415,71,25983.341224364558,10753.29245194179,27653.003216454166,2094.001067956428,71,103933.36489745823,43013.16980776716,110612.01286581666,8376.004271825712,71,0.48379607561608434,0.469024121761322,0.58203125,0.02030496953978592,71,1.8978709301478427,1.6512563228607178,1.9299840927124023,0.04422231380497534,71
cifar100_coarse,10,train,329,187.47737603622954,16968000,0.5698400487423391,0.4279565410106443,0.5950051249819808,0.009164529992387215,329,223.90141133523917,37.38697383200422,242.30148549387337,10.475055215949846,329,90456.17017943664,15104.337428129706,97889.80013952484,4231.922307243738,329,0.7218962007380546,0.71484375,0.7360026240348816,0.003001796277197844,329,0.9891809868232819,0.9175570011138916,0.9982324242591858,0.00778662505849658,329
cifar100_coarse,10,validation,71,0.3576677569071762,36000,0.0050375740409461444,0.0036530829966068268,0.0060704590287059546,0.000389487815815863,71,25218.135611113063,10949.655410828082,27203.655315542983,2331.8978488248736,71,100872.54244445225,43798.621643312326,108814.62126217193,9327.591395299494,71,0.4856199542401542,0.4714912176132202,0.5859375,0.019980478766178155,71,1.9039965146024462,1.645653486251831,1.9362274408340454,0.045924908615521745,71
cifar100_coarse,11,train,329,187.3937799935229,16968000,0.5695859574271213,0.42320441600168124,0.6020994589780457,0.009215812980010882,329,223.99485621096915,37.806788859066245,241.05635399760646,10.432300243065542,329,90493.92190923152,15273.942699062763,97386.76701503301,4214.649298198478,329,0.7308432697162802,0.7235243320465088,0.7890625,0.004302078015283755,329,0.9501175632230416,0.7802683711051941,0.9614447951316833,0.01199545758252098,329
cifar100_coarse,11,validation,71,0.3583816229365766,36000,0.005047628492064459,0.003829791967291385,0.00919350003823638,0.0006797153343032312,71,25350.995714358556,10444.431536131176,27523.673651785753,2863.7224673210335,71,101403.98285743422,41777.726144524706,110094.69460714301,11454.889869284134,71,0.4865700304508209,0.47379806637763977,0.58203125,0.018447843039601466,71,1.9119554707701778,1.643270492553711,1.9440674781799316,0.04880793200839318,71
cifar100_coarse,12,train,329,187.58477087091887,16968000,0.5701664768113036,0.42659304197877645,0.6218050419702195,0.009527920503761184,329,223.77506368415573,37.506472036634904,240.89581234404244,10.494126880390827,329,90405.12572839893,15152.614702800502,97321.90818699315,4239.627259677893,329,0.7414965491889096,0.7377278804779053,0.78125,0.006065218366084173,329,0.9117454245097731,0.7532915472984314,0.9249911308288574,0.01330323322130703,329
cifar100_coarse,12,validation,71,0.3626604189630598,36000,0.005107893224831828,0.003696291008964181,0.010144416999537498,0.0007308812546594132,71,25064.215187752558,10821.658766312688,27454.555239373036,2838.4652476986994,71,100256.86075101023,43286.63506525075,109818.22095749214,11353.860990794798,71,0.48447578138029074,0.4728618562221527,0.57421875,0.01710392333538294,71,1.9235237366716627,1.6453500986099243,1.955507755279541,0.05065235427538267,71
cifar100_coarse,13,train,329,187.50846908555832,16968000,0.5699345564910587,0.4267206249642186,0.594673249986954,0.009106610708994453,329,223.86146147557176,37.49525817117847,238.29128408354032,10.448735327103305,329,90440.030436131,15148.084301156101,96269.67876975029,4221.289072149735,329,0.741383939890876,0.716796875,0.75,0.004606733780146426,329,0.8943865650692971,0.8811078071594238,0.9658210277557373,0.012332871457279477,329
cifar100_coarse,13,validation,71,0.3599114526878111,36000,0.00506917538996917,0.003894583962392062,0.007077957969158888,0.0004395859011869099,71,25104.193905389562,10270.673423980288,27628.137488621574,2529.139737304448,71,100416.77562155825,41082.69369592115,110512.5499544863,10116.558949217791,71,0.48596841306753563,0.47615131735801697,0.56640625,0.015253444055893316,71,1.9363059544227492,1.6557719707489014,1.970925211906433,0.05184221707165014,71
cifar100_coarse,14,train,329,187.69959149952047,16968000,0.570515475682433,0.42658104095607996,0.5970274170394987,0.009387957007117377,329,223.63630072926148,37.50752720781919,240.16490697849082,10.473409262997547,329,90349.06549462164,15153.040991958951,97026.62241931028,4231.257342251009,329,0.7452738658273111,0.7102864384651184,0.7578125,0.007750213844346281,329,0.8684494587788103,0.8544460535049438,0.9546130299568176,0.015783749878568343,329
cifar100_coarse,14,validation,71,0.3583338330499828,36000,0.00504695539507018,0.0036665420047938824,0.006315166945569217,0.00043909066985367735,71,25209.59684016096,10909.461816529396,27674.927516456497,2522.76158279474,71,100838.38736064384,43637.847266117584,110699.71006582599,10091.04633117896,71,0.4885849730229714,0.4775219261646271,0.58203125,0.01723716541665447,71,1.9469731525636056,1.6574859619140625,1.9831632375717163,0.053151028554380544,71
cifar100_coarse,15,train,329,187.70620209077606,16968000,0.5705355686649728,0.42453541595023125,0.5904182079830207,0.009465560655238221,329,223.62637804212739,37.68825732521618,241.61424757820075,10.462745482007088,329,90345.05672901946,15226.055959387335,97612.15602159311,4226.949174730865,329,0.7528815191567487,0.7428977489471436,0.77734375,0.0023458143000908457,329,0.8312369820557104,0.7305033206939697,0.8404315114021301,0.011384725991916872,329
cifar100_coarse,15,validation,71,0.36013357783667743,36000,0.00507230391319264,0.003720874956343323,0.006170583015773445,0.0004337729340648932,71,25083.699835713804,10750.15969881177,27773.757635138678,2530.4958905210774,71,100334.79934285521,43000.63879524708,111095.03054055471,10121.98356208431,71,0.48604211547005344,0.47711074352264404,0.5625,0.013671554967860633,71,1.960168954352258,1.665026068687439,1.9991612434387207,0.05476249060527403,71
cifar100_coarse,16,train,329,187.75814416597132,16968000,0.5706934473129828,0.4243695830227807,0.5923329170327634,0.009419075544140511,329,223.56327835134334,37.70298494541514,240.56159857844955,10.446138319153617,329,90319.5644539427,15232.005917947716,97186.88582569361,4220.239880938062,329,0.7584553491380802,0.7545214295387268,0.81640625,0.004843909694437538,329,0.8150552500345062,0.6716079115867615,0.8405333161354065,0.010858118296708668,329
cifar100_coarse,16,validation,71,0.3599562542513013,36000,0.005069806397905652,0.0037777089746668935,0.006970499991439283,0.00045864181187844054,71,25108.919329273187,10588.428136798726,27808.45274383443,2555.108039358189,71,100435.67731709275,42353.712547194904,111233.81097533772,10220.432157432757,71,0.48709772086479297,0.47738486528396606,0.5703125,0.015370741382640617,71,1.9747244824825878,1.668306589126587,2.016944408416748,0.05719418941308922,71
cifar100_coarse,17,train,329,187.64747404743684,16968000,0.5703570639739721,0.42466595803853124,0.5903090419596992,0.00988276651936018,329,223.70272467671523,37.676671975078044,240.8987030152526,10.53703358408835,329,90375.90076939295,15221.375477931531,97323.07601816206,4256.9615679716935,329,0.7597476776610029,0.7493990659713745,0.7890625,0.004030324107041505,329,0.8094054668870015,0.7402054667472839,0.8630533814430237,0.011335214828157542,329
cifar100_coarse,17,validation,71,0.3588021619943902,36000,0.005053551577385777,0.0038317079888656735,0.0071059580077417195,0.00045592523748014344,71,25190.089294587655,10439.208863575606,27675.675667316224,2560.292051380137,71,100760.35717835062,41756.835454302425,110702.7026692649,10241.168205520547,71,0.4906060657870602,0.4806743562221527,0.578125,0.016268217999882293,71,1.9885133588817758,1.6817693710327148,2.0335068702697754,0.057552906858865764,71
cifar100_coarse,18,train,329,187.60440532962093,16968000,0.5702261560170849,0.42445975000737235,0.597210791951511,0.009734914490771542,329,223.7517330089166,37.6949757891581,241.00614447161087,10.512437420383446,329,90395.7001356023,15228.770218819873,97366.48236653079,4247.024717834912,329,0.7607342222178961,0.703125,0.7643532156944275,0.005717480634697939,329,0.7937636341005111,0.7834083437919617,0.9283043146133423,0.012808102975242791,329
cifar100_coarse,18,validation,71,0.35605862498050556,36000,0.005014910210993036,0.0041154579957947135,0.006037582992576063,0.00033588160516393703,71,25328.758177114018,9719.452863052687,27314.6787960279,2364.905219507597,71,101315.03270845607,38877.81145221075,109258.7151841116,9459.620878030388,71,0.4893437854840722,0.4802631437778473,0.5703125,0.014862654620783039,71,1.9977078437805176,1.6955174207687378,2.0410454273223877,0.056732724892946604,71
cifar100_coarse,19,train,329,187.6584147477406,16968000,0.5703903183821903,0.4281989579903893,0.5890192909864709,0.00923665895257782,329,223.68615414191962,37.36580788307082,240.75584185529237,10.476044815323677,329,90369.20627333553,15095.786384760611,97265.36010953812,4232.322105390766,329,0.7704777230245364,0.7655584812164307,0.8046875,0.00651304735923846,329,0.7660845851463387,0.6129926443099976,0.7772711515426636,0.018841843209234523,329
cifar100_coarse,19,validation,71,0.36215433123288676,36000,0.005100765228632208,0.0037446250207722187,0.006934250006452203,0.0004971386097774114,71,24982.693325839908,10681.977441829724,27632.861142935828,2650.150680662863,71,99930.77330335963,42727.909767318895,110531.44457174331,10600.602722651452,71,0.488878673650849,0.47985196113586426,0.56640625,0.014096013849373297,71,2.00919620923593,1.6930739879608154,2.0549023151397705,0.05778238116859755,71
cifar100_coarse,20,train,329,187.6658697911189,16968000,0.5704129780885073,0.42604800005210564,0.6265746660064906,0.009939046132157289,329,223.68282825372648,37.554453953646544,241.83985335896983,10.542994825103502,329,90367.86261450549,15171.999397273203,97703.30075702381,4259.3699093418145,329,0.770233670266566,0.7578125,0.78125,0.003209408151767647,329,0.7660653545863723,0.7164701223373413,0.799619197845459,0.009324753581878318,329
cifar100_coarse,20,validation,71,0.348262203799095,36000,0.004905101461959085,0.0038143330020830035,0.005490208975970745,0.00020052587046048205,71,25818.03805215774,10486.76137562086,27490.42874466841,1990.8747337226557,71,103272.15220863096,41947.04550248344,109961.71497867364,7963.498934890623,71,0.48834395534555675,0.47971490025520325,0.5625,0.013146097795502156,71,2.016916298530471,1.6992576122283936,2.0646963119506836,0.05880855408239762,71
cifar100_coarse,21,train,329,187.71598175371764,16968000,0.5705652940842482,0.4250134580070153,0.6242142500123009,0.010388551269816637,329,223.62785410444113,37.64586673332096,241.88766868772134,10.599260628481815,329,90345.6530581942,15208.930160261667,97722.61814983941,4282.101293906653,329,0.7693244423547414,0.73828125,0.791015625,0.004308804036785366,329,0.7620151590069014,0.7197265625,0.9267778396606445,0.012933028155534411,329
cifar100_coarse,21,validation,71,0.35703204228775576,36000,0.005028620313912053,0.003910167026333511,0.006670249975286424,0.0004191354291110934,71,25299.273041351564,10229.742036750598,27751.929045365316,2525.777589888039,71,101197.09216540625,40918.96814700239,111007.71618146126,10103.110359552156,71,0.4895882530951164,0.4813920557498932,0.5625,0.013818595258521709,71,2.029584313782168,1.6956665515899658,2.079686164855957,0.06044688494721083,71
cifar100_coarse,22,train,329,187.99534849979682,16968000,0.5714144331300816,0.4267749579739757,0.6530812089913525,0.011825354767682249,329,223.31667519075492,37.49048462439463,240.85123979860117,10.779652995420618,329,90219.93677706498,15146.15578825543,97303.90087863487,4354.979810149929,329,0.77147304649411,0.71875,0.77734375,0.004360603915760551,329,0.743292825019106,0.7124779224395752,0.7912102341651917,0.005858277468077429,329
cifar100_coarse,22,validation,71,0.3672940418473445,36000,0.005173155518976683,0.0039482080028392375,0.007126458978746086,0.0005187503016710076,71,24660.534526207644,10131.178491922203,27758.69964165021,2768.2307766376775,71,98642.13810483058,40524.71396768881,111034.79856660085,11072.92310655071,71,0.4893113479647838,0.4806743562221527,0.5703125,0.014175393634899303,71,2.036777555103033,1.7117319107055664,2.088470220565796,0.059146361053593194,71
cifar100_coarse,23,train,329,187.33969279762823,16968000,0.569421558655405,0.42577812500530854,0.5904299579560757,0.011431037265442453,329,224.09763737060607,37.578257454632066,242.29563757649228,10.851561594387608,329,90535.44549772485,15181.616011671354,97887.43758090289,4384.030884132593,329,0.7734134771541259,0.71875,0.78125,0.004626437950068065,329,0.741014994929989,0.7183568477630615,0.8941466808319092,0.010422010007769563,329
cifar100_coarse,23,validation,71,0.35891921300208196,36000,0.005055200183127915,0.00378099997760728,0.006161125027574599,0.0004135670315029417,71,25156.119146792782,10579.211911371947,27314.189219125274,2473.5393542793845,71,100624.47658717113,42316.84764548779,109256.7568765011,9894.157417117538,71,0.4905472049410914,0.4828673303127289,0.5625,0.012330467567552605,71,2.0497171005732575,1.7137014865875244,2.1035871505737305,0.0600699179473833,71
cifar100_coarse,24,train,329,187.51799117034534,16968000,0.5699634989980101,0.4259097919566557,0.5937777499784715,0.01037267576515042,329,223.8670375349493,37.56664040639925,242.12592221007677,10.647521270923132,329,90442.28316411952,15176.922724185297,97818.87257287101,4301.598593452945,329,0.7780386423267492,0.7645089030265808,0.8125,0.0037754308079644616,329,0.7272584338680952,0.6344667673110962,0.7939286828041077,0.011364711243497007,329
cifar100_coarse,24,validation,71,0.3517569991527125,36000,0.004954323931728346,0.0038447079714387655,0.0068699579569511116,0.00033526536393009245,71,25619.242463541166,10403.91111552517,27261.112161430392,2254.609514570143,71,102476.96985416466,41615.64446210068,109044.44864572157,9018.438058280572,71,0.48870115716692425,0.48108553886413574,0.55859375,0.012065415035433591,71,2.0580616467435595,1.7233669757843018,2.1132774353027344,0.05936980410505371,71
cifar100_coarse,25,train,329,187.48923742066836,16968000,0.5698761015825786,0.4272409590194002,0.5908384579815902,0.009975727213936128,329,223.8976773000596,37.44959293398055,242.97208003732342,10.599640807633321,329,90454.66162922408,15129.63554532814,98160.72033507867,4282.254886283861,329,0.7811407868985347,0.77691650390625,0.85546875,0.00768045465756837,329,0.7181288051025483,0.6105170249938965,0.7347143888473511,0.011592830969461138,329
cifar100_coarse,25,validation,71,0.3498758756904863,36000,0.004927829235077272,0.0037700419779866934,0.006945000030100346,0.000330205392466034,71,25748.911546485455,10609.96143638727,27438.129737434974,2208.7208462968906,71,102995.64618594182,42439.84574554908,109752.5189497399,8834.883385187562,71,0.4885781231060834,0.48259320855140686,0.5546875,0.011098471994060706,71,2.065501773861093,1.7259480953216553,2.1217589378356934,0.05965209907452937,71
cifar100_coarse,26,train,329,187.50065374874976,16968000,0.5699108016679324,0.4291517920210026,0.5871803329791874,0.010723983226413025,329,223.89855315513813,37.28284559794396,243.71557727415475,10.753252712328559,329,90455.01547467582,15062.26962156936,98461.09321875851,4344.314095780738,329,0.7798293109722775,0.7749999761581421,0.8203125,0.0035255697567913168,329,0.7164432741588372,0.6555732488632202,0.7693076729774475,0.006472346445215728,329
cifar100_coarse,26,validation,71,0.35772595298476517,36000,0.005038393704010777,0.0036973340320400894,0.006190915999468416,0.00040659179877180644,71,25229.39960878647,10818.60596131453,27322.21194253058,2414.7331902505257,71,100917.59843514588,43274.42384525812,109288.84777012232,9658.932761002103,71,0.48937526219327687,0.48231908679008484,0.55859375,0.011834565996308598,71,2.0730314993522536,1.7265708446502686,2.1294209957122803,0.06067047674631844,71
cifar100_coarse,27,train,329,187.55138716689544,16968000,0.5700650065863083,0.42756270797690377,0.5965044589829631,0.010000743597128586,329,223.82389679885026,37.421411412859456,243.24132365150865,10.597813678340101,329,90424.8543067355,15118.250210795219,98269.4947552095,4281.516726049401,329,0.7817262894839139,0.7578125,0.8046875,0.0031170288177581776,329,0.7066580669495834,0.6733903884887695,0.8699555397033691,0.01150055978394506,329
cifar100_coarse,27,validation,71,0.36115170299308375,36000,0.00508664370412794,0.003606292011681944,0.006219291011802852,0.00041478349792760204,71,24987.60471042213,11091.72520428936,27360.903818917177,2377.168079807184,71,99950.41884168852,44366.90081715744,109443.61527566871,9508.672319228735,71,0.4882408577791402,0.4823317229747772,0.5546875,0.010922475440282096,71,2.0817080652210076,1.741454839706421,2.1381735801696777,0.05856950924126096,71
cifar100_coarse,28,train,329,187.61752928391797,16968000,0.5702660464556777,0.4270840000244789,0.5886333329835907,0.01007764237851126,329,223.7453481018456,37.46335615261386,242.69288644234092,10.604481442984438,329,90393.12063314562,15135.195885656001,98047.92612270573,4284.210502965712,329,0.7823915121040808,0.7744791507720947,0.8515625,0.0065638500659155,329,0.7032165590752947,0.5536105632781982,0.7145907282829285,0.014897915066677727,329
cifar100_coarse,28,validation,71,0.3616116719786078,36000,0.005093122140543771,0.003725250018760562,0.006163958983961493,0.0004044339987510259,71,24955.96962754982,10737.534339590047,27891.012456027413,2391.69495218293,71,99823.87851019928,42950.13735836019,111564.04982410965,9566.77980873172,71,0.4888561263050831,0.48245614767074585,0.55859375,0.011507062153834827,71,2.088447010013419,1.7404330968856812,2.148198127746582,0.060892121154076904,71
cifar100_coarse,29,train,329,187.53638416453032,16968000,0.5700194047554114,0.42967912496533245,0.5959261250100099,0.01020756211401033,329,223.8483818615079,37.23708942409273,243.0509155995627,10.661899428232747,329,90434.74627204919,15043.784127333463,98192.56990222333,4307.4073690060295,329,0.7864365255216698,0.703125,0.7909226417541504,0.00497658357596651,329,0.6976601751379692,0.64076828956604,0.8133040070533752,0.008378133995034285,329
cifar100_coarse,29,validation,71,0.36057341512059793,36000,0.005078498804515464,0.0036434170324355364,0.009206041984725744,0.0006144312862807852,71,25133.32041937402,10978.704782872732,27352.858700519602,2656.1147658030804,71,100533.28167749608,43914.81913149093,109411.43480207841,10624.459063212322,71,0.4876907686112632,0.48108553886413574,0.5546875,0.011477897365732029,71,2.099469351096892,1.7466541528701782,2.158705949783325,0.060551908619207104,71
cifar100_coarse,30,train,329,187.31346561806276,16968000,0.5693418407843853,0.4306115839863196,0.5906348339631222,0.01179087034686523,329,224.142701502033,37.156455132680115,242.51794253408457,10.97423169553239,329,90553.65140682133,15011.207873602767,97977.24878377016,4433.589604995086,329,0.7864225642659382,0.7835755944252014,0.8140624761581421,0.0044470202196355505,329,0.6877671433074859,0.605680525302887,0.6987483501434326,0.017454795897119853,329
cifar100_coarse,30,validation,71,0.36362845718394965,36000,0.005121527565971122,0.0037416660343296826,0.007173582969699055,0.00048624298897386115,71,24864.573183378445,10690.42496925196,27238.14559949063,2549.2611507169045,71,99458.29273351378,42761.69987700784,108952.58239796251,10197.044602867618,71,0.4850625664415494,0.4780701696872711,0.5625,0.01318128079166521,71,2.1075098514556885,1.7424750328063965,2.167151927947998,0.06169280943446081,71
cifar100_coarse,31,train,329,187.61455712810857,16968000,0.5702570125474424,0.42748345801373944,0.602979667019099,0.010138568348588922,329,223.75001023326905,37.428348863702126,241.15242600577008,10.610501892937144,329,90395.0041342407,15121.052940935659,97425.58010633111,4286.642764746606,329,0.78605359865177,0.7578125,0.7898848652839661,0.0031538763682097326,329,0.6908242408990135,0.6774916052818298,0.779026210308075,0.010577459317435348,329
cifar100_coarse,31,validation,71,0.35920204216381535,36000,0.005059183692448103,0.004369041998870671,0.007680250040721148,0.00046062041435188024,71,25185.44259952162,9155.325128561222,27555.521822595918,2645.862398756213,71,100741.77039808648,36621.30051424489,110222.08729038367,10583.449595024853,71,0.48826769414082377,0.48135966062545776,0.5625,0.012842235278837306,71,2.1137783191573454,1.745896339416504,2.175218105316162,0.06263465359076846,71
cifar100_coarse,32,train,329,187.58792350592557,16968000,0.5701760592885275,0.4257134589715861,0.5913593330187723,0.010477448209413697,329,223.78449244832927,37.58396560600145,242.51457315364067,10.655074693202552,329,90408.93494912505,15183.922104824585,97975.88755407082,4304.65017605383,329,0.7891614962493757,0.7849445939064026,0.8203125,0.004609299539108826,329,0.678662860647161,0.6524156332015991,0.7494591474533081,0.009571964658821043,329
cifar100_coarse,32,validation,71,0.3544157111318782,36000,0.004991770579322228,0.003679000015836209,0.005755625024903566,0.00030243010734179904,71,25403.41651955444,10872.519659641344,27158.680111392638,2133.4949021581683,71,101613.66607821776,43490.07863856538,108634.72044557055,8533.979608632673,71,0.48618612742759815,0.4790295958518982,0.55859375,0.012299919806391054,71,2.119171822574777,1.7534685134887695,2.181532382965088,0.06176274465022088,71
cifar100_coarse,33,train,329,187.5725244153873,16968000,0.5701292535422107,0.4264952079975046,0.5884158330154605,0.010616528487528792,329,223.80638566669768,37.51507566784576,242.5481771897696,10.691613275541085,329,90417.77980934588,15156.090569809685,97989.46358466693,4319.411763318599,329,0.7900471337660467,0.7810724377632141,0.8203125,0.005058877335721129,329,0.6790869060258372,0.5629424452781677,0.7081456780433655,0.012960791027663144,329
cifar100_coarse,33,validation,71,0.3544139550649561,36000,0.004991745845985297,0.0035865000099875033,0.006885000038892031,0.0004334436303756001,71,25473.753448236184,11152.934584862687,27872.033503072096,2433.3706425815735,71,101895.01379294474,44611.73833945075,111488.13401228838,9733.482570326294,71,0.4846367051064129,0.47926682233810425,0.55078125,0.010511367321540671,71,2.1253942872436955,1.7696866989135742,2.1897425651550293,0.06077954905597664,71
cifar100_coarse,34,train,329,187.4300893258187,16968000,0.5696963201392665,0.4234279580414295,0.5831917920149863,0.010496636796620131,329,223.9705565805426,37.78682936764064,242.21568692399018,10.6504218932317,329,90484.10485853921,15265.87906452682,97855.13751729202,4302.770444865608,329,0.791311306250494,0.7834821343421936,0.8020833134651184,0.0022534245219879337,329,0.6715577828123215,0.6241522431373596,0.7065370082855225,0.007990466681731187,329
cifar100_coarse,34,validation,71,0.35740787809481844,36000,0.005033913775983358,0.004091374983545393,0.006930542003829032,0.00043859832856152586,71,25289.444795539748,9776.664363660426,27738.15073548903,2577.4569807129747,71,101157.77918215899,39106.6574546417,110952.60294195612,10309.827922851899,71,0.4856889373819593,0.47926682233810425,0.55859375,0.012118264011173214,71,2.1307021413050906,1.761600136756897,2.1949679851531982,0.062188899773083096,71
cifar100_coarse,35,train,329,187.51128821464954,16968000,0.569943125272491,0.4284695829846896,0.5915324169909582,0.010607548724718145,329,223.88286470968558,37.342207324368516,243.85020406492757,10.722804163103449,329,90448.67734271298,15086.25175904488,98515.48244223073,4332.012881893793,329,0.7913008353992799,0.7817095518112183,0.81640625,0.0029600565955198647,329,0.6721654536151596,0.5842147469520569,0.7015033960342407,0.008406734105739914,329
cifar100_coarse,35,validation,71,0.35889670613687485,36000,0.005054883185026406,0.00387691700598225,0.005765500012785196,0.0002974631623745755,71,25091.993141047577,10317.476473774981,27251.193110693646,2159.2426150748956,71,100367.9725641903,41269.905895099924,109004.77244277459,8636.970460299583,71,0.4880179934938189,0.4806743562221527,0.5625,0.01293055894868268,71,2.1399548272011986,1.7675124406814575,2.2044901847839355,0.06212396310052324,71
cifar100_coarse,36,train,329,187.73241629719269,16968000,0.5706152471039291,0.4269144160207361,0.59398445795523,0.010108455648257113,329,223.60793085654072,37.478237790927274,240.75431350899078,10.592954236258285,329,90337.60406604243,15141.208067534619,97264.74265763228,4279.5535114483455,329,0.793924076941238,0.7848557829856873,0.84765625,0.004491332375123468,329,0.6623713283553312,0.5777714252471924,0.6840454339981079,0.007996492624637403,329
cifar100_coarse,36,validation,71,0.36334862478543073,36000,0.005117586264583532,0.0037736660451628268,0.007434666971676052,0.0005256081845015479,71,24906.797895976306,10599.77208403826,27282.65784658311,2612.881039939682,71,99627.19158390522,42399.08833615304,109130.63138633245,10451.524159758728,71,0.485241089068668,0.47866585850715637,0.55859375,0.012601300210185514,71,2.142597403324826,1.7686975002288818,2.2094953060150146,0.06266766513598812,71
cifar100_coarse,37,train,329,187.47071845486062,16968000,0.569819812932707,0.42512366600567475,0.6045544589869678,0.011166030392489961,329,223.93483631418792,37.636107512740594,243.07601298533038,10.77951300539304,329,90469.67387093193,15204.9874351472,98202.70924607347,4354.923254178789,329,0.7950221704132289,0.7910757064819336,0.8515625,0.004638989392112047,329,0.6593068046410395,0.511752724647522,0.6683580875396729,0.011431158344439352,329
cifar100_coarse,37,validation,71,0.35655091411899775,36000,0.005021843860830954,0.0037710419856011868,0.007174249971285462,0.00040982397597792074,71,25313.411902112086,10607.147879214906,27247.086188536123,2409.8851184757978,71,101253.64760844834,42428.591516859626,108988.34475414449,9639.540473903191,71,0.4859723750974091,0.4806743562221527,0.5546875,0.010965072889047123,71,2.1563484584781487,1.7828813791275024,2.2255516052246094,0.0628539306911312,71
cifar100_coarse,38,train,329,187.57609762839274,16968000,0.5701401143720144,0.447162083000876,0.5999847910134122,0.010465553959347278,329,223.831485503192,35.7812091146571,243.64498642168275,10.894264520504843,329,90427.9201432896,14455.60848232147,98432.57451435983,4401.282866283957,329,0.7943644337016399,0.77734375,0.8011363744735718,0.002777720441604159,329,0.6609431626586566,0.647398829460144,0.7615066170692444,0.013936487443923045,329
cifar100_coarse,38,validation,71,0.35412191587965935,36000,0.004987632618023371,0.0037252079928293824,0.008633124991320074,0.0005275513711696148,71,25540.626244492658,10737.655475075653,27716.378407220986,2535.8506871188733,71,102162.50497797063,42950.62190030261,110865.51362888394,10143.402748475493,71,0.48554328923494045,0.4791666567325592,0.55859375,0.012660666233148557,71,2.162910694807348,1.7892217636108398,2.2323992252349854,0.06268648874228638,71
cifar100_coarse,39,train,329,187.621642297192,16968000,0.5702785480157812,0.4384900419972837,0.5891684590023942,0.009970059639381428,329,223.7564578389832,36.48885600029,242.141247620421,10.716418483279577,329,90397.6089669492,14741.497824117161,97825.06403865009,4329.433067244949,329,0.7937211676933845,0.703125,0.8005208373069763,0.005895446601220697,329,0.6572699604788087,0.6277422904968262,0.795853853225708,0.01011143628672966,329
cifar100_coarse,39,validation,71,0.3496947048115544,36000,0.004925277532557104,0.003991292032878846,0.005692749982699752,0.00023790224891488915,71,25738.508036679716,10021.817414134122,27758.199975279178,2147.916312144996,71,102954.03214671886,40087.26965653649,111032.79990111671,8591.665248579984,71,0.48326440344394095,0.47686296701431274,0.55078125,0.011338644538076072,71,2.16336293623481,1.7988274097442627,2.2315800189971924,0.06099633966122515,71
cifar100_coarse,40,train,329,187.64676920563215,16968000,0.5703549215976661,0.42641841602744535,0.6052887920523062,0.01074091524398738,329,223.71921347417825,37.52183160628363,242.39195379796584,10.70327698337827,329,90382.56224356801,15158.819968938586,97926.3493343782,4324.123901284821,329,0.7946745162676895,0.75,0.8016387224197388,0.0041526266304211905,329,0.6533870852826938,0.6317225098609924,0.7677721977233887,0.010677141580124066,329
cifar100_coarse,40,validation,71,0.36712387012084946,36000,0.005170758734096471,0.00380958296591416,0.007528999994974583,0.000645125909826803,71,24744.99380857828,10499.836952730984,27269.097644248934,2913.59193937932,71,98979.97523431313,41999.34781092394,109076.39057699573,11654.36775751728,71,0.4820899090296786,0.4750601053237915,0.55078125,0.011295827941191022,71,2.173683156429882,1.7962098121643066,2.244110584259033,0.0623279145243469,71
cifar100_coarse,41,train,329,187.3246880393708,16968000,0.5693759514874492,0.42967174999648705,0.6043692919774912,0.01340822051160109,329,224.15712861554394,37.23772856868252,242.98439923152247,11.273657270586002,329,90559.47996067973,15044.04234174774,98165.69728953508,4554.557537316745,329,0.7985961850290965,0.79376220703125,0.826171875,0.005127353340190358,329,0.6411893867794142,0.553280234336853,0.6518396139144897,0.0157777223319726,329
cifar100_coarse,41,validation,71,0.36227058159420267,36000,0.0051024025576648264,0.0036975829862058163,0.009180624969303608,0.0006362142346849926,71,25034.448967187975,10817.877556561622,27763.215324991386,2709.9454867596996,71,100137.7958687519,43271.510226246486,111052.86129996555,10839.781947038799,71,0.4833824206405962,0.47626203298568726,0.5625,0.013308573791969678,71,2.1772685269234886,1.7990918159484863,2.2492990493774414,0.06209809950479998,71
cifar100_coarse,42,train,329,187.53916328697233,16968000,0.5700278519360861,0.4294579999987036,0.5912342079682276,0.010429578022607211,329,223.84811561204734,37.25626254499462,242.11220198561549,10.697738780490118,329,90434.63870726712,15051.530068177826,97813.32960218866,4321.886467318007,329,0.7960279649151857,0.779296875,0.8203125,0.002864393922348063,329,0.6460175885617914,0.5627533197402954,0.6644256711006165,0.007524871104822187,329
cifar100_coarse,42,validation,71,0.348656881833449,36000,0.004910660307513366,0.003852166992146522,0.005634041968733072,0.00022289271954986157,71,25800.316261180127,10383.76583402243,27802.159090464575,2061.0559716442413,71,103201.26504472051,41535.06333608972,111208.6363618583,8244.223886576965,71,0.4826908359225367,0.47445914149284363,0.56640625,0.014599678456799057,71,2.1840505280964813,1.8051931858062744,2.2552192211151123,0.06318717828403173,71
cifar100_coarse,43,train,329,187.6017669197172,16968000,0.5702181365340948,0.42781466699671,0.5845579589949921,0.010558324063358427,329,223.77263373420084,37.39937228501575,242.0623523411049,10.696517153718311,329,90404.14402861713,15109.346403146365,97793.19034580639,4321.392930102197,329,0.7968477472708217,0.7578125,0.810546875,0.003352009620704724,329,0.6480077371046535,0.609464168548584,0.6951773166656494,0.0073932320639366915,329
cifar100_coarse,43,validation,71,0.3508941222098656,36000,0.00494217073535022,0.003672667022328824,0.0056201660190708935,0.0002475479226299336,71,25633.55767460854,10891.267778105339,27431.755162336016,2018.2116806386712,71,102534.23069843416,43565.071112421356,109727.02064934406,8072.846722554685,71,0.48383878570207406,0.47626203298568726,0.56640625,0.014148593870477795,71,2.189022248899433,1.8196501731872559,2.2610549926757812,0.06143633606458595,71
cifar100_coarse,44,train,329,187.38673720118823,16968000,0.56956455076349,0.4282016250072047,0.5941179170040414,0.012542596970900596,329,224.06431613125804,37.36557515336564,243.47752482537686,11.084440534382075,329,90521.98371702823,15095.692361959718,98364.92002945226,4478.113975890359,329,0.7974107789051207,0.7786458134651184,0.8046875,0.002582502812385536,329,0.6417752576816408,0.587775707244873,0.6619227528572083,0.005878504618770274,329
cifar100_coarse,44,validation,71,0.35238437610678375,36000,0.004963160226856109,0.003799416997935623,0.006023583002388477,0.0002687119995842696,71,25541.731076825585,10527.931001449333,27836.931228797508,2115.825241893615,71,102166.92430730234,42111.72400579733,111347.72491519003,8463.30096757446,71,0.4842252017746509,0.4777880012989044,0.55859375,0.012492925216836233,71,2.195338593402379,1.8050744533538818,2.270632743835449,0.06412380925233029,71
cifar100_coarse,45,train,329,187.51863550191047,16968000,0.5699654574526154,0.4293996670166962,0.591014500008896,0.010580132023373448,329,223.87495280303088,37.26132372472911,242.3205792436162,10.725251598230164,329,90445.48093242447,15053.574784790559,97897.51401442094,4333.001645684987,329,0.8028293266484803,0.734375,0.8167613744735718,0.005966801400780208,329,0.6335316311262299,0.609549880027771,0.774395763874054,0.01028857634745739,329
cifar100_coarse,45,validation,71,0.3602632891270332,36000,0.005074130832775116,0.003858916985336691,0.009148625016678125,0.000724094138293799,71,25237.918275661013,10365.602616483857,27232.593718258777,2849.134698423994,71,100951.67310264405,41462.41046593543,108930.3748730351,11396.538793695976,71,0.48539101657733114,0.4788602888584137,0.56640625,0.013554900238234205,71,2.199255780434944,1.813952088356018,2.276937246322632,0.0635781100607059,71
cifar100_coarse,46,train,329,187.38301532377955,16968000,0.5695532380661992,0.4232617089874111,0.5905347090447322,0.01069327497522393,329,224.02966309335704,37.80167130704441,242.38585317987074,10.683631505170492,329,90507.98388971623,15271.875208045942,97923.88468466778,4316.187128088879,329,0.8020063696661256,0.78515625,0.8116319179534912,0.002887348124725333,329,0.6264390588531378,0.5802121758460999,0.645757794380188,0.008061816658234792,329
cifar100_coarse,46,validation,71,0.3517717498471029,36000,0.004954531687987365,0.0037471670075319707,0.00621487497119233,0.0002712183367324034,71,25583.075844078638,10674.731048709129,27898.106631119517,2088.3533623440235,71,102332.30337631455,42698.924194836516,111592.42652447807,8353.413449376094,71,0.48193524379125785,0.4750601053237915,0.5625,0.013194457366721426,71,2.2051635879865836,1.8249852657318115,2.27927827835083,0.0630407585616845,71
cifar100_coarse,47,train,329,188.30695683980593,16968000,0.5723615709416594,0.42823529097950086,0.6374466249835677,0.013962822864119461,329,222.98691782411836,37.36263763643408,242.80084080147623,11.180549478394711,329,90086.71480094381,15094.50560511937,98091.5396837964,4516.941989271463,329,0.8000071940088707,0.7949652671813965,0.8203125,0.002211944783625936,329,0.6328942895297947,0.5876928567886353,0.6459296941757202,0.006617991466355638,329
cifar100_coarse,47,validation,71,0.3537351269624196,36000,0.004982184886794643,0.0038514999905601144,0.005655416985973716,0.00023604209296153208,71,25431.227823256133,10385.56409140297,27471.49563337137,2038.5547400575767,71,101724.91129302453,41542.25636561188,109885.98253348548,8154.218960230307,71,0.481850373493114,0.47385817766189575,0.5546875,0.01203633093377894,71,2.2098507075242595,1.8279800415039062,2.2853429317474365,0.06295366911728571,71
cifar100_coarse,48,train,329,187.22007125226082,16968000,0.5690579673320998,0.4285241669858806,0.5874023340293206,0.011744665235369052,329,224.25108471294746,37.33745079662493,242.25696400604826,10.954885925662442,329,90597.43822403078,15084.33012183647,97871.8134584435,4425.773913967626,329,0.8007182698119375,0.7578125,0.818359375,0.003644326432141079,329,0.6243624814013218,0.5369048714637756,0.6336610913276672,0.010977197017818905,329
cifar100_coarse,48,validation,71,0.35774800315266475,36000,0.0050387042697558415,0.003959209017921239,0.006951583025511354,0.0004022703188134161,71,25227.992584956923,10103.028109640389,27300.603763438437,2385.460360006307,71,100911.97033982769,40412.112438561555,109202.41505375375,9541.841440025228,71,0.4834493192988382,0.4755208194255829,0.5625,0.013161594845072528,71,2.2141880670063934,1.8328115940093994,2.2927019596099854,0.06336020078902532,71
cifar100_coarse,49,train,329,187.1209145411267,16968000,0.5687565791523608,0.4240108749945648,0.5895652089966461,0.012024781262069538,329,224.36812835263416,37.73488121078285,243.04791580186486,10.964572967505047,329,90644.72385446422,15244.892009156272,98191.3579839534,4429.687478872038,329,0.8040620079518814,0.7734375,0.8210227489471436,0.0032570916747440954,329,0.622745805779489,0.585712194442749,0.6625542640686035,0.0068274509102989375,329
cifar100_coarse,49,validation,71,0.3519725408987142,36000,0.004957359730967806,0.0038553749909624457,0.007372207997832447,0.00035967782869599413,71,25609.947275709634,10375.125660607791,27312.977057453685,2250.8243716553848,71,102439.78910283853,41500.502642431165,109251.90822981474,9003.297486621539,71,0.48396078843465995,0.47604167461395264,0.56640625,0.014152784819508575,71,2.2179481546643753,1.8258776664733887,2.2941997051239014,0.06503446473898157,71
cifar100_coarse,50,train,329,187.33135525719263,16968000,0.5693962165872116,0.426027667010203,0.5920904590166174,0.010759414737529538,329,224.0971519241526,37.55624631678396,242.96118434886426,10.735060548967104,329,90535.24937735766,15172.72351198072,98156.31847694116,4336.96446178271,329,0.8042572512090387,0.8008939027786255,0.828125,0.0035167621436195534,329,0.6152993685206382,0.5389517545700073,0.6263449192047119,0.013453986237929582,329
cifar100_coarse,50,validation,71,0.3542538383626379,36000,0.004989490681163914,0.003764208988286555,0.006732709007337689,0.00031366738038162215,71,25420.915963874144,10626.402552162162,27200.279321921895,2149.5858864762263,71,101683.66385549658,42505.61020864865,108801.11728768758,8598.343545904905,71,0.4815739628294824,0.47536057233810425,0.55078125,0.011721640611192227,71,2.228358060541287,1.8410818576812744,2.305659294128418,0.06302433058272348,71
cifar100_coarse,51,train,329,187.36072470905492,16968000,0.5694854854378569,0.42228770803194493,0.6212807920528576,0.011815886103995478,329,224.07252677841637,37.88886035676332,242.88192673143317,10.861798223844781,329,90525.30081848023,15307.09958413238,98124.29839949899,4388.166482433291,329,0.8080691182504671,0.78515625,0.8238636255264282,0.0057594217151582675,329,0.6120181368114738,0.5676957368850708,0.6366159319877625,0.014931854133892818,329
cifar100_coarse,51,validation,71,0.3567744569154456,36000,0.00502499235092177,0.003909833962097764,0.005990959005430341,0.00027775769926457154,71,25234.825107691828,10230.613470485736,27304.7271749826,2138.658750017298,71,100939.30043076731,40922.45388194294,109218.9086999304,8554.635000069193,71,0.48360255822329457,0.47447916865348816,0.5625,0.013753936859603605,71,2.2326115923868097,1.8415658473968506,2.3111979961395264,0.06470544892897699,71
cifar100_coarse,52,train,329,186.93393482279498,16968000,0.5681882517410182,0.423611416015774,0.5904720830149017,0.011255994724729523,329,224.57964068972487,37.77046461704471,243.82587592264426,10.834066300286555,329,90730.17483864885,15259.267705286064,98505.65387274828,4376.962785315768,329,0.8042451811778871,0.7861328125,0.828125,0.0026788668272062547,329,0.6196589689124319,0.5881761908531189,0.6534556746482849,0.005035622277835073,329
cifar100_coarse,52,validation,71,0.35372454073512927,36000,0.004982035785001821,0.003928165999241173,0.006795583001803607,0.0003248263999140502,71,25476.305015177266,10182.86905587163,27768.991652810204,2259.1520738672616,71,101905.22006070906,40731.47622348652,111075.96661124082,9036.608295469046,71,0.4805131646948801,0.47295671701431274,0.5625,0.013770973036231482,71,2.233286244768492,1.8492848873138428,2.3097949028015137,0.06343045000132445,71
cifar100_coarse,53,train,329,187.23366700246697,16968000,0.5690992918008114,0.42602183297276497,0.5888074159738608,0.011080676525020807,329,224.21968893556883,37.55676062034797,242.67967659529742,10.80217901916173,329,90584.7543299698,15172.93129062058,98042.58934450016,4364.080323741339,329,0.8089759983914964,0.7958984375,0.84375,0.003411513195572214,329,0.6032069600824165,0.5343327522277832,0.6209049224853516,0.007656461875512412,329
cifar100_coarse,53,validation,71,0.3572481662267819,36000,0.005031664313053266,0.003834499977529049,0.007023209007456899,0.00046140344411988707,71,25291.92011235758,10431.607832679136,27351.40326391702,2480.5350809716974,71,101167.68044943032,41726.43133071654,109405.61305566807,9922.14032388679,71,0.4849112877543543,0.4774305522441864,0.5625,0.01313826836997584,71,2.23793346277425,1.83714759349823,2.31679368019104,0.06544794153962166,71
cifar100_coarse,54,train,329,187.26711971138138,16968000,0.5692009717671167,0.4246167080127634,0.5865481669898145,0.010926177678123821,329,224.17467666175833,37.68104197990971,242.11040820136986,10.752364389660311,329,90566.56937135037,15223.140959883522,97812.60491335343,4343.955213422766,329,0.8095118961435683,0.8061779141426086,0.828125,0.0031630256699676797,329,0.607430834357137,0.569591224193573,0.6610358357429504,0.008049269034342266,329
cifar100_coarse,54,validation,71,0.3536733769578859,36000,0.004981315168420928,0.003763917018659413,0.005958374997135252,0.0002508099547919777,71,25434.092490355157,10627.226849503373,26883.69655833153,2005.3307762874965,71,101736.36996142063,42508.90739801349,107534.78623332611,8021.323105149986,71,0.4845453979263843,0.47708332538604736,0.5625,0.01354544219447092,71,2.2468664998739536,1.8549388647079468,2.3263981342315674,0.0644278993960884,71
cifar100_coarse,55,train,329,186.92436233954504,16968000,0.5681591560472493,0.4396415420342237,0.5950522500206716,0.013523639225145666,329,224.65723063550038,36.39328514309162,242.81381374736085,11.45024833876339,329,90761.52117674216,14702.887197809012,98096.78075393378,4625.900328860409,329,0.8059638611813809,0.7640625238418579,0.8102678656578064,0.005400243872216118,329,0.6096734558557667,0.596207320690155,0.6589372754096985,0.00592332164574226,329
cifar100_coarse,55,validation,71,0.35193791502388194,36000,0.004956872042589887,0.0038224999443627894,0.005627917009405792,0.0002168794584720245,71,25551.970021117126,10464.355940407475,27149.561457759235,1988.8818641473792,71,102207.8800844685,41857.4237616299,108598.24583103694,7955.527456589517,71,0.48310936336785976,0.47626203298568726,0.56640625,0.014107502475277145,71,2.2537321960422356,1.8639521598815918,2.3329455852508545,0.06388233558088342,71
cifar100_coarse,56,train,329,187.2862620378146,16968000,0.5692591551301356,0.42541083303513005,0.5866429160232656,0.011156419911015613,329,224.1568376099806,37.61070183814227,242.7707157555409,10.8053775212345,329,90559.36239443217,15194.723542609478,98079.36916523852,4365.372518578738,329,0.807485003239478,0.7265625,0.818359375,0.00469836432853254,329,0.610166403660296,0.5717504024505615,0.6896553039550781,0.006117928672318483,329
cifar100_coarse,56,validation,71,0.36029020929709077,36000,0.00507450999009987,0.003995249979197979,0.007625792000908405,0.0004976229390410826,71,25104.90735742883,10011.8891704568,27244.18679814439,2567.823793666943,71,100419.62942971532,40047.5566818272,108976.74719257756,10271.295174667772,71,0.4846699208440915,0.4776041805744171,0.56640625,0.013743675692303108,71,2.2554113965638924,1.871056079864502,2.336672067642212,0.06416768478476292,71
cifar100_coarse,57,train,329,187.32177012233296,16968000,0.569367082438702,0.4257257910212502,0.5879408330074511,0.011144476830037131,329,224.11421429169835,37.58287690679599,241.5087695791895,10.797637650844273,329,90542.14257384614,15183.482270345581,97569.54290999255,4362.245610941085,329,0.8095510355607355,0.796875,0.8187839388847351,0.002978915127312477,329,0.6072965231709929,0.5899980664253235,0.6251862049102783,0.006253736040760468,329
cifar100_coarse,57,validation,71,0.361736538936384,36000,0.005094880830089916,0.0038394589792005718,0.009502000000793487,0.0006213769155423239,71,25048.40697201947,10418.134486314671,26991.168047468997,2590.690817706568,71,100193.62788807788,41672.537945258686,107964.67218987599,10362.763270826272,71,0.48207730600531673,0.4735576808452606,0.56640625,0.014250027182589354,71,2.2599823928215135,1.8804360628128052,2.338310956954956,0.06332328637423754,71
cifar100_coarse,58,train,329,187.30592074937886,16968000,0.5693189080528233,0.4249734170152806,0.5912594999535941,0.011292256264777836,329,224.13444098812354,37.649413726564205,241.311793675662,10.815945991725945,329,90550.31415920192,15210.363145531941,97489.96464496745,4369.642180657282,329,0.8074729886460812,0.7760416865348816,0.8125,0.0030537411105956134,329,0.6052874524180287,0.5921177268028259,0.6799203157424927,0.008294856165742933,329
cifar100_coarse,58,validation,71,0.36459183710394427,36000,0.005135096297238652,0.0037971250130794942,0.007345125020947307,0.0005647592592249406,71,24845.982019640374,10534.285772055666,27157.00345595457,2667.4596360503233,71,99383.9280785615,42137.14308822266,108628.01382381828,10669.838544201293,71,0.48446915477094515,0.4769965410232544,0.56640625,0.013345310240582973,71,2.2670421163800736,1.8637635707855225,2.3475289344787598,0.0658303374741458,71
cifar100_coarse,59,train,329,187.44887008413207,16968000,0.5697534045110397,0.4344505000044592,0.5888433749787509,0.010660891396718305,329,223.96780370149878,36.82813116761467,243.09994239788435,10.806149668433639,329,90482.99269540551,14878.564991716326,98212.37672874528,4365.684466047191,329,0.8078951654463191,0.76953125,0.8112664222717285,0.003938756145355481,329,0.6022627603681616,0.5945475101470947,0.6537501811981201,0.006783345678612913,329
cifar100_coarse,59,validation,71,0.3510402941610664,36000,0.004944229495226288,0.003897916991263628,0.005667541001457721,0.00022572685481220451,71,25626.900106039946,10261.891181790606,27259.417090640745,2058.2660428421923,71,102507.60042415978,41047.564727162426,109037.66836256298,8233.06417136877,71,0.48238549769764216,0.4761284589767456,0.56640625,0.014077490829713787,71,2.2689100067380448,1.8716957569122314,2.3490357398986816,0.06522710642170926,71
cifar100_coarse,60,train,329,187.32261112623382,16968000,0.5693696386815618,0.4280514999991283,0.6082768749911338,0.011723520088513927,329,224.1259980452773,37.37867990191036,243.39301253663928,10.920052228496742,329,90546.90321029202,15100.986680371787,98330.77706480227,4411.701100312684,329,0.8134947256114345,0.809239387512207,0.875,0.005034653887164039,329,0.5968179251647647,0.5541583895683289,0.6463620662689209,0.008257163855920801,329
cifar100_coarse,60,validation,71,0.3579633729532361,36000,0.005041737647228678,0.00389429199276492,0.007072750013321638,0.00036294443221608305,71,25186.655510240973,10271.443454757557,27495.099923025788,2272.4666949687453,71,100746.62204096389,41085.773819030226,109980.39969210315,9089.866779874981,71,0.48286014081726614,0.4756433963775635,0.56640625,0.014110117129563927,71,2.278255566744737,1.8818581104278564,2.3586413860321045,0.06513434871715319,71
cifar100_coarse,61,train,329,187.15594732767204,16968000,0.5688630617862372,0.4264572089887224,0.5900262910290621,0.01136305120931908,329,224.31843666582182,37.51841840812478,243.62307513707373,10.864884739516171,329,90624.64841299203,15157.441036882412,98423.72235537779,4389.413434764533,329,0.8098319410190756,0.8046875,0.8515625,0.0031331876413924764,329,0.5947254267507048,0.5186377763748169,0.6042149662971497,0.009810190518852069,329
cifar100_coarse,61,validation,71,0.35260574985295534,36000,0.004966278166943033,0.003873333043884486,0.0057378330384381115,0.0002310928886890967,71,25512.349309685847,10327.023146939315,27391.883833930806,2041.810057230413,71,102049.39723874339,41308.09258775726,109567.53533572322,8167.240228921652,71,0.4829654748171148,0.4748263955116272,0.56640625,0.01438030889911435,71,2.281427872013038,1.8789021968841553,2.361816883087158,0.06589704181582799,71
cifar100_coarse,62,train,329,187.33772128610872,16968000,0.5694155662191754,0.42538433300796896,0.5909133750246838,0.011021531774791267,329,224.09256537465976,37.61304485960056,241.82437598666263,10.770780544845799,329,90533.39641136253,15195.670123278627,97697.04789861171,4351.395340117703,329,0.8092444290868417,0.77734375,0.811743974685669,0.003574361285554443,329,0.5959917200010236,0.5865301489830017,0.7478512525558472,0.010975521016611589,329
cifar100_coarse,62,validation,71,0.3552789998939261,36000,0.00500392957597079,0.0037685830029658973,0.006745750026311725,0.00034836689701910067,71,25363.43193743649,10614.06899317854,26930.121733541815,2208.0968210248557,71,101453.72774974596,42456.27597271416,107720.48693416726,8832.387284099423,71,0.4833278395760227,0.476425439119339,0.5625,0.013702559045587362,71,2.288471603057754,1.8852275609970093,2.369931936264038,0.06601467936748337,71
cifar100_coarse,63,train,329,187.17704154219246,16968000,0.5689271779397947,0.43064645800041035,0.5886119159986265,0.011591863999646904,329,224.30365804853022,37.153446180172125,243.49277032256126,10.957449969888016,329,90618.6778516062,15009.992256789537,98371.07921031474,4426.809787834758,329,0.8103714246517981,0.791015625,0.8148164749145508,0.0027057926955749226,329,0.5926348751801488,0.5805217623710632,0.6576824188232422,0.009205038352626928,329
cifar100_coarse,63,validation,71,0.35224150272551924,36000,0.004961147925711539,0.0035778750316239893,0.005899082985706627,0.0002596800175753558,71,25532.418369270097,11179.820325318655,27658.727507878284,1969.388725350567,71,102129.67347708039,44719.28130127462,110634.91003151314,7877.554901402268,71,0.4819652169523105,0.4735243022441864,0.56640625,0.01382141937595937,71,2.2905627186869233,1.8888956308364868,2.37477707862854,0.06658229883193174,71
cifar100_coarse,64,train,329,187.32590950536542,16968000,0.5693796641500468,0.42688212502980605,0.5904707920271903,0.011526082630366995,329,224.11752637686965,37.48107278767608,242.53783600682456,10.883461043768596,329,90543.48065625534,15142.353406221135,97985.28574675713,4396.918261682514,329,0.8137479098372185,0.7890625,0.8223110437393188,0.003713254104791548,329,0.585723736728216,0.5631834864616394,0.6442751884460449,0.009607939390262027,329
cifar100_coarse,64,validation,71,0.3569074599654414,36000,0.005026865633316076,0.0036514170351438224,0.009237665974069387,0.0005819254282057265,71,25356.296026153716,10954.651198428359,27188.002188271028,2502.3188395268926,71,101425.18410461486,43818.604793713435,108752.00875308411,10009.27535810757,71,0.4842347523695986,0.4765625,0.578125,0.016295331712475346,71,2.2899991424990374,1.8896560668945312,2.3731205463409424,0.06660943322427113,71
cifar100_coarse,65,train,329,187.32498495362233,16968000,0.5693768539623779,0.4323082079645246,0.5887692919932306,0.011070621767959254,329,224.1196774728163,37.010632010283196,243.07257036687116,10.865473347114115,329,90544.3496990178,14952.295332154412,98201.31842821595,4389.651232234103,329,0.8150668997532691,0.8058035969734192,0.859375,0.004190977707292805,329,0.5833118815190161,0.5092242956161499,0.6439422965049744,0.011069616083721428,329
cifar100_coarse,65,validation,71,0.3513779159402475,36000,0.004948984731552781,0.0037466249777935445,0.005712209036573768,0.00023208501331312866,71,25594.23698739744,10676.27537772855,27464.127602058066,1990.9802961746461,71,102376.94794958975,42705.1015109142,109856.51040823227,7963.9211846985845,71,0.4834436812031437,0.47604167461395264,0.5703125,0.015033560907345742,71,2.2984914477442353,1.8896784782409668,2.3801462650299072,0.06658232927665537,71
cifar100_coarse,66,train,329,187.14415486663347,16968000,0.5688272184396154,0.42685904196696356,0.5977161670452915,0.012079306247293687,329,224.34540995724848,37.48309963465248,242.89222028009198,11.001825572265465,329,90635.54562272839,15143.172252399603,98128.45699315716,4444.737531195248,329,0.8168253483743291,0.8102213740348816,0.828125,0.002658102005648585,329,0.5751185745091424,0.5244711637496948,0.5907869338989258,0.009039424934968107,329
cifar100_coarse,66,validation,71,0.3599847918958403,36000,0.005070208336561131,0.003809374989941716,0.009350375039502978,0.0005744737783534516,71,25134.10968014891,10500.410199997665,27167.090324480716,2469.5457314714267,71,100536.43872059564,42001.64079999066,108668.36129792286,9878.182925885707,71,0.48155588583207465,0.4739583432674408,0.5625,0.013287774097333699,71,2.3018904000940457,1.9020915031433105,2.386554718017578,0.06560012352564,71
cifar100_coarse,67,train,329,187.18206057557836,16968000,0.5689424333604206,0.43106762500246987,0.584282667026855,0.011305213740931684,329,224.29332016782158,37.11714606242658,242.10260407119486,10.905889638880073,329,90614.50134779993,14995.327009220337,97809.45204476273,4405.979414107549,329,0.8145887371616886,0.8046875,0.8257812261581421,0.0018667561860845313,329,0.5840482764331041,0.5568912029266357,0.6008356809616089,0.0033032723196269333,329
cifar100_coarse,67,validation,71,0.3575202500796877,36000,0.005035496479995601,0.003789584035985172,0.006968500034417957,0.00041395749643075247,71,25243.07450216006,10555.248180319419,27414.617653056786,2375.2107998906176,71,100972.29800864024,42220.992721277675,109658.47061222715,9500.84319956247,71,0.4834619932611224,0.4729166626930237,0.56640625,0.013620111733557774,71,2.307332571123687,1.893173098564148,2.392773151397705,0.067548658248507,71
cifar100_coarse,68,train,329,187.22477879503276,16968000,0.569072275972744,0.4304251249996014,0.5921826249687001,0.011637845382024836,329,224.24654261319864,37.17255120740179,243.28318272775942,10.955881744276207,329,90595.60321573225,15017.710687790324,98286.40582201481,4426.176224687588,329,0.8105452991908807,0.734375,0.8158218264579773,0.008572920065004024,329,0.590541304063652,0.5782245993614197,0.7566691637039185,0.015680795622735447,329
cifar100_coarse,68,validation,71,0.36108916520606726,36000,0.0050857628902262995,0.003769540984649211,0.009452832979150116,0.0006223712107727546,71,25092.230527218213,10611.371560328678,27194.506440720095,2584.94170949513,71,100368.92210887285,42445.48624131471,108778.02576288038,10339.76683798052,71,0.48342526210865505,0.47604167461395264,0.5625,0.013455287306649839,71,2.313436486351658,1.9007371664047241,2.3996078968048096,0.06709115377965864,71
cifar100_coarse,69,train,329,186.90833933564136,16968000,0.5681104539077245,0.42676445801043883,0.6006084170076065,0.011252297325080936,329,224.6151188606681,37.49140702717243,244.1766026584378,10.866551336584356,329,90744.5080197099,15146.528438977663,98647.34747400886,4390.086739980079,329,0.8164498219011764,0.8141741156578064,0.8515625,0.002826499395929532,329,0.5762512254497563,0.4829719066619873,0.584861695766449,0.011697953112465994,329
cifar100_coarse,69,validation,71,0.3549685860052705,36000,0.004999557549370007,0.00385562505107373,0.005517125013284385,0.00022460925571702749,71,25336.926261121982,10374.45277228413,27174.05737048906,1994.9978966706565,71,101347.70504448793,41497.81108913652,108696.22948195624,7979.991586682626,71,0.48236345237409567,0.47265625,0.5625,0.013481374636266912,71,2.321138410501077,1.9150669574737549,2.4056811332702637,0.06683432409725196,71
cifar100_coarse,70,train,329,187.27267042553285,16968000,0.5692178432387017,0.4242138330009766,0.6243362500099465,0.012300405900243444,329,224.18980216529653,37.7168275886071,242.19359294223148,10.984580919847927,329,90572.68007477983,15237.598345797269,97846.21154866152,4437.770691618563,329,0.8183203442843127,0.78125,0.8294270634651184,0.003617278000438471,329,0.5686686932134773,0.5090216398239136,0.6000244617462158,0.013432142630340888,329
cifar100_coarse,70,validation,71,0.370277747802902,36000,0.0052151795465197465,0.003785374981816858,0.007372957945335656,0.0006834769271863532,71,24565.48863060807,10566.984827696328,28006.963121613164,3001.3928437130417,71,98261.95452243228,42267.93931078531,112027.85248645266,12005.571374852167,71,0.4802077211124796,0.4709201455116272,0.5625,0.014730736931405421,71,2.327574845770715,1.9120482206344604,2.4113454818725586,0.06714921538284985,71
cifar100_coarse,71,train,329,187.47788132174173,16968000,0.5698415845645646,0.42447774996981025,0.5913927499786951,0.01166933674752942,329,223.93377593585214,37.69337733517941,243.4310270578816,10.86682640825111,329,90469.24547808427,15228.124443412484,98346.13493138418,4390.197868933448,329,0.8172115799503848,0.80078125,0.8515625,0.0027262286194307357,329,0.5759571842328394,0.45896998047828674,0.6106559038162231,0.008796655615014559,329
cifar100_coarse,71,validation,71,0.38677183917025104,36000,0.005447490692538747,0.003763040993362665,0.014381707995198667,0.001760139916418869,71,24413.200369302398,8900.194611289062,27574.072033849316,4216.395577210048,71,97652.80147720959,35600.77844515625,110296.28813539726,16865.582308840192,71,0.4816274277760949,0.4723958373069763,0.5625,0.013701521706601525,71,2.3244391478283304,1.9034713506698608,2.4082233905792236,0.06793584128647005,71
cifar100_coarse,72,train,329,186.80220182647463,16968000,0.5677878474968834,0.4252293340396136,0.5871196659863926,0.011130659199155367,329,224.73934564598954,37.62675506885296,244.60082704549194,10.848146194710779,329,90794.69564097979,15201.209047816596,98818.73412637874,4382.651062663154,329,0.8185015355200028,0.8147546052932739,0.875,0.006477024573151991,329,0.5689875256145617,0.40278100967407227,0.5803052186965942,0.0174372386500775,329
cifar100_coarse,72,validation,71,0.3546236271504313,36000,0.0049946989739497365,0.0036778750363737345,0.006185083009768277,0.00029855346329967425,71,25383.89039630869,10875.845319486087,27160.3626767009,2095.156222973449,71,101535.56158523475,43503.38127794435,108641.4507068036,8380.624891893796,71,0.4826142892871105,0.4748263955116272,0.56640625,0.014533266104745117,71,2.337347378193493,1.9181971549987793,2.42318058013916,0.06809327814881913,71
cifar100_coarse,73,train,329,187.16246262652567,16968000,0.5688828651262179,0.4387109589879401,0.5861977089662105,0.012504201454868148,329,224.34931605720186,36.47048169690201,241.8034761093823,11.210440157458207,329,90637.12368710956,14734.074605548414,97688.60434819045,4529.017823613115,329,0.81591481532007,0.796875,0.828125,0.002670596199737529,329,0.5790143427877803,0.537076473236084,0.6121160387992859,0.005600670811667639,329
cifar100_coarse,73,validation,71,0.36085857992293313,36000,0.0050825152101821565,0.0038135419599711895,0.007282665988896042,0.00043874150917753,71,25025.6818097182,10488.936642066525,27486.001699264398,2437.4070158626423,71,100102.7272388728,41955.7465682661,109944.00679705759,9749.62806345057,71,0.4808756108854858,0.4722222089767456,0.56640625,0.014451551860236356,71,2.339700097769079,1.939779281616211,2.4246702194213867,0.06619708550832466,71
cifar100_coarse,74,train,329,187.1181148874457,16968000,0.5687480695667042,0.4286315409699455,0.5947861670283601,0.013426709642391559,329,224.40451696292774,37.32809760988139,243.29196812733719,11.289621752868154,329,90659.4248530228,15080.551434392082,98289.95512344422,4561.007188158734,329,0.815858108656747,0.765625,0.8194444179534912,0.004995116829463994,329,0.5741370963470551,0.5595486164093018,0.6732577085494995,0.01109464972458196,329
cifar100_coarse,74,validation,71,0.36554833728587255,36000,0.005148568130786937,0.0038686670013703406,0.00870900001609698,0.0007279074348416798,71,24908.099860457954,10339.478684991856,27688.397285996638,3035.5715997250113,71,99632.39944183182,41357.914739967426,110753.58914398655,12142.286398900045,71,0.4811944327723812,0.47288602590560913,0.56640625,0.01472611545966194,71,2.342801339189771,1.9239859580993652,2.4302713871002197,0.06821303969822876,71
cifar100_coarse,75,train,329,187.1442791178124,16968000,0.5688275961027732,0.43117787496885285,0.5928744999691844,0.013379541814143301,329,224.37607098866636,37.10765539895988,243.65097664936513,11.30552601874066,329,90647.93267942121,14991.492781179792,98434.99456634352,4567.432511571225,329,0.8191240569378467,0.8072916865348816,0.8359375,0.0025970086279681667,329,0.5676475429969718,0.5516853332519531,0.6228036284446716,0.01001365790938415,329
cifar100_coarse,75,validation,71,0.38442654197569937,36000,0.005414458337685907,0.003885457990691066,0.008451499976217747,0.0009612724595147329,71,23904.121127540213,10294.796674120164,27560.713241055593,3557.50465394888,71,95616.48451016085,41179.186696480654,110242.85296422237,14230.01861579552,71,0.48125147189892514,0.47288602590560913,0.56640625,0.014652197110632616,71,2.347163591586368,1.9359897375106812,2.4340806007385254,0.06739034362758872,71
cifar100_coarse,76,train,329,187.07570574682904,16968000,0.5686191664037357,0.42458500002976507,0.5891932079684921,0.013368825379795337,329,224.44831639399146,37.68385599792347,244.03992862954973,11.240671174251936,329,90677.11982317257,15224.277823161083,98592.13116633809,4541.231154397782,329,0.82213255427891,0.8046875,0.8446180820465088,0.004037007065171257,329,0.5597307985495651,0.48023468255996704,0.5708511471748352,0.010560862245867097,329
cifar100_coarse,76,validation,71,0.3604984180419706,36000,0.005077442507633388,0.0038749160012230277,0.009367958002258092,0.0005858731734438915,71,25114.72350280837,10322.8044136634,27953.194968117106,2556.83194623507,71,100458.89401123348,41291.2176546536,111812.77987246843,10227.32778494028,71,0.4797871167391119,0.4717881977558136,0.5625,0.013370934961737977,71,2.3545946537608833,1.9224395751953125,2.4406869411468506,0.07056730006893348,71
cifar100_coarse,77,train,329,186.89557863061782,16968000,0.568071667570267,0.42526745900977403,0.5920592080219649,0.011184187431170712,329,224.62729218773868,37.62338185304761,244.31999763682953,10.843359849070929,329,90749.42604384641,15199.846268631234,98705.27904527914,4380.717379024656,329,0.819544973344426,0.76953125,0.8245943784713745,0.005820099234101193,329,0.5648704991876898,0.5532556772232056,0.6938605308532715,0.012427499233425461,329
cifar100_coarse,77,validation,71,0.3542441241443157,36000,0.004989353861187545,0.0038225000025704503,0.00587245897622779,0.000268128468686445,71,25407.623816342075,10464.35578106001,27294.537521567763,2108.6667526158953,71,101630.4952653683,41857.42312424004,109178.15008627105,8434.667010463581,71,0.47913713270509745,0.47083333134651184,0.56640625,0.014947752374003838,71,2.3585144617188143,1.9244474172592163,2.446075201034546,0.07076245246305969,71
cifar100_coarse,78,train,329,187.00697641220177,16968000,0.5684102626510692,0.42734812502749264,0.6004142080200836,0.013611336049144461,329,224.53964006059377,37.44020170667806,243.93780395723883,11.316061634886125,329,90714.01458447988,15125.841489497938,98550.8727987245,4571.688900493994,329,0.8186234404250844,0.7734375,0.8220833539962769,0.005509598073007378,329,0.5652851283006755,0.5511423349380493,0.6831972002983093,0.014068911168683126,329
cifar100_coarse,78,validation,71,0.35390679497504607,36000,0.004984602746127409,0.003680500027257949,0.005809709022287279,0.00029210934154958384,71,25435.22189989332,10868.088494432332,27199.799893126572,2112.90342198195,71,101740.88759957328,43472.353977729326,108799.19957250629,8451.6136879278,71,0.48032482451116537,0.4710477888584137,0.5703125,0.015483891584579367,71,2.3616885265833893,1.9410979747772217,2.4516003131866455,0.06896472848367195,71
cifar100_coarse,79,train,329,187.0788519977359,16968000,0.568628729476401,0.4283991660340689,0.5997065419796854,0.011075124598375822,329,224.40905676712657,37.34834534838376,242.56288549118133,10.832550472179369,329,90661.25893391915,15088.73152074704,97995.40573843726,4376.350390760466,329,0.8217230691011191,0.75,0.8267298936843872,0.005415533231909788,329,0.5597464425947891,0.5467960834503174,0.7766122817993164,0.017012902515329453,329
cifar100_coarse,79,validation,71,0.35281983006279916,36000,0.004969293381166185,0.003733457997441292,0.005728417017962784,0.00024073504560118538,71,25492.130572452366,10713.927952963128,27225.59089774056,2000.4684491458804,71,101968.52228980947,42855.71181185251,108902.36359096224,8001.873796583522,71,0.4821495275262376,0.4722222089767456,0.56640625,0.014690225118875964,71,2.3684196136367155,1.9390056133270264,2.457310676574707,0.07001929783768852,71
cifar100_coarse,80,train,329,186.9408762929379,16968000,0.5682093504344617,0.4279946670285426,0.5997321250033565,0.011442167592874485,329,224.58100219897307,37.38364337827829,244.52055464569273,10.913235226510357,329,90730.72488838511,15102.991924824431,98786.30407685986,4408.947031510184,329,0.8234503807267882,0.8202166557312012,0.85546875,0.0034124477290915496,329,0.5510575999604895,0.49372464418411255,0.5780650973320007,0.010947545088664405,329
cifar100_coarse,80,validation,71,0.3580249601509422,36000,0.0050426050725484815,0.0038505829870700836,0.007435958017595112,0.00047624559016436305,71,25247.860537679167,10388.037378837556,27317.104207787077,2525.2700954047987,71,100991.44215071667,41552.149515350226,109268.41683114831,10101.080381619195,71,0.47959452951458137,0.4700520932674408,0.56640625,0.014309161817913625,71,2.373712700857243,1.9365923404693604,2.459949254989624,0.07037668835972394,71
cifar100_coarse,81,train,329,186.87419680075254,16968000,0.5680066772059348,0.42852570803370327,0.5903738340130076,0.010776312074690719,329,224.65163630122987,37.33731652510708,242.66614287882635,10.810926424509875,329,90759.26106569688,15084.27587614326,98037.12172304584,4367.614275501989,329,0.8216539152125095,0.8125,0.8671875,0.0031157625143606233,329,0.5567641347918467,0.4594997465610504,0.5721617341041565,0.007170511971570551,329
cifar100_coarse,81,validation,71,0.3531166163738817,36000,0.004973473470054672,0.003879832976963371,0.005672833998687565,0.0002608025353570037,71,25490.59976809759,10309.722154922969,27605.792690472652,2134.8726481130248,71,101962.39907239036,41238.888619691876,110423.17076189061,8539.490592452099,71,0.4787488172591572,0.46927082538604736,0.5625,0.013960321393156273,71,2.3782434631401386,1.9429585933685303,2.4662539958953857,0.07041957307193042,71
cifar100_coarse,82,train,329,187.12203337415121,16968000,0.568759979860642,0.425680874963291,0.5928411249769852,0.0110287678940233,329,224.352373617787,37.586842494109646,243.42352364239193,10.795020897147099,329,90638.35894158593,15185.084367620297,98343.10355152634,4361.188442447428,329,0.8218223584821521,0.8046875,0.8671875,0.003127111104459655,329,0.5563327180034846,0.46944817900657654,0.6315119862556458,0.00887339871142875,329
cifar100_coarse,82,validation,71,0.36039637797512114,36000,0.005076005323593255,0.004193125001620501,0.006424874998629093,0.0003315595154193619,71,25021.188044655522,9539.424649763923,27738.90230859272,2327.9789669300058,71,100084.75217862209,38157.69859905569,110955.60923437087,9311.915867720023,71,0.4825072712461713,0.47288602590560913,0.5703125,0.015146667567248508,71,2.3824759167684637,1.9626588821411133,2.473965644836426,0.06974240225242753,71
cifar100_coarse,83,train,329,187.46842866344377,16968000,0.5698128530803762,0.43329995800741017,0.8758069580071606,0.021412777839339734,329,224.10510575737538,36.925920956877576,243.1770896646461,11.90789388334629,329,90538.46272597965,14918.07206657854,98243.54422451703,4810.789128871901,329,0.8244997195922132,0.796875,0.8322916626930237,0.0026608226290169073,329,0.5500619525605059,0.5341594815254211,0.6423142552375793,0.009064058870171521,329
cifar100_coarse,83,validation,71,0.35234766715439036,36000,0.00496264319935761,0.0037767079775221646,0.007060166972223669,0.0003213497821968045,71,25559.279171684175,10591.234545553436,27635.34269789976,2139.6233755059216,71,102237.1166867367,42364.938182213744,110541.37079159904,8558.493502023686,71,0.47755150937698254,0.4691840410232544,0.5546875,0.012876799916502197,71,2.3859972282194755,1.9604969024658203,2.4725000858306885,0.06857039199865105,71
cifar100_coarse,84,train,329,186.98059457738418,16968000,0.5683300747032953,0.4269707089988515,0.5905600420082919,0.010888601236709199,329,224.5227478198165,37.47329655824948,244.38806388538362,10.804236785258906,329,90707.19011920589,15139.211809532788,98732.77780969498,4364.911661244598,329,0.8239609494035367,0.8072916865348816,0.8292297720909119,0.003092811622715388,329,0.5508565310286896,0.5382834672927856,0.594300389289856,0.005464898759037379,329
cifar100_coarse,84,validation,71,0.3550488361506723,36000,0.00500068783310806,0.003744417044799775,0.005884999991394579,0.0002819462507845624,71,25350.40075448159,10682.57075037936,27283.62900379144,2092.5671362794255,71,101401.60301792636,42730.28300151744,109134.51601516576,8370.268545117702,71,0.4812425177701762,0.47150734066963196,0.56640625,0.014487028449922066,71,2.392860320252432,1.956473469734192,2.481804609298706,0.07134734823852869,71
cifar100_coarse,85,train,329,186.98314816172933,16968000,0.56833783635784,0.4257808750262484,0.5990775410318747,0.011071794248926188,329,224.52045777045754,37.57801474529272,243.84308126352693,10.8163585568941,329,90706.26493926485,15181.51795709826,98512.60483046487,4369.808856985215,329,0.8249763212305434,0.8229372501373291,0.8421875238418579,0.002993997262605827,329,0.5460872492529338,0.48608678579330444,0.5599030256271362,0.011708683618117117,329
cifar100_coarse,85,validation,71,0.35531046299729496,36000,0.00500437271827176,0.003750625008251518,0.007037708011921495,0.000355184700139207,71,25364.636269257353,10664.889161672649,27204.858129488955,2229.3837117317244,71,101458.54507702941,42659.556646690595,108819.43251795582,8917.534846926897,71,0.4782210109939038,0.4696180522441864,0.56640625,0.015419999251855315,71,2.4003946361407427,1.9640518426895142,2.4903805255889893,0.07008484084644372,71
cifar100_coarse,86,train,329,186.99088816950098,16968000,0.5683613622173282,0.4286244160030037,0.5935739999986254,0.011121487449945327,329,224.51637534188197,37.32871810990785,242.9546127889368,10.857043776193777,329,90704.6156381203,15080.80211640277,98153.66356673047,4386.245685582286,329,0.8255049356211283,0.8203125,0.8359375,0.002606997813182875,329,0.545978250474553,0.46329188346862793,0.5649799704551697,0.007701949535408373,329
cifar100_coarse,86,validation,71,0.36184874729951844,36000,0.005096461229570682,0.0038657919503748417,0.007012082962319255,0.00048203452483383064,71,24987.759086949944,10347.168319837143,27377.72880239826,2552.529124541639,71,99951.03634779977,41388.67327934857,109510.91520959303,10210.116498166555,71,0.4804660308528954,0.4709201455116272,0.5703125,0.015238141595529596,71,2.4088234935008304,1.9606151580810547,2.499922752380371,0.07291935492120963,71
cifar100_coarse,87,train,329,186.9958694531233,16968000,0.5683765028970313,0.42678104096557945,0.5886714999796823,0.01076725450854991,329,224.5020366847386,37.48995026536435,243.30948435028145,10.777517907957897,329,90698.8228206344,15145.9399072072,98297.0316775137,4354.11723481499,329,0.825113745808239,0.8125,0.83984375,0.002048969561917392,329,0.5462923001011092,0.5092340111732483,0.5584125518798828,0.004881769912548186,329
cifar100_coarse,87,validation,71,0.3509007908287458,36000,0.0049422646595598,0.0037389579811133444,0.007071124971844256,0.0003285956784580404,71,25668.50703379395,10698.167832335268,27980.17853139869,2169.2524268390857,71,102674.0281351758,42792.67132934107,111920.71412559476,8677.009707356343,71,0.47872070527412525,0.4696180522441864,0.55859375,0.013568578718822976,71,2.4082406977532615,1.9817206859588623,2.498849391937256,0.07011547872638459,71
cifar100_coarse,88,train,329,186.90667704329826,16968000,0.5681054013474112,0.4259829579968937,0.589445874968078,0.011155581580278866,329,224.61453902229445,37.56018803014339,242.98712807987079,10.844957117396284,329,90744.27376500696,15174.31596417793,98166.7997442678,4381.362675428099,329,0.8255847112748398,0.8046875,0.8333333134651184,0.002445287485446992,329,0.549608943672528,0.5322074890136719,0.6005200147628784,0.0055144035995626185,329
cifar100_coarse,88,validation,71,0.3593486251193099,36000,0.00506124824111704,0.0037416249979287386,0.007311124994885176,0.0004016338581812807,71,25101.232971449044,10690.542216855752,26981.689081419765,2297.6750578152623,71,100404.93188579618,42762.16886742301,107926.75632567906,9190.70023126105,71,0.48054237516833026,0.47150734066963196,0.56640625,0.014752374758804815,71,2.4100828573737347,1.967987298965454,2.5008151531219482,0.07207771403722664,71
cifar100_coarse,89,train,329,186.96122411097167,16968000,0.5682711979056889,0.42585516697727144,0.6082697079982609,0.0117455685129152,329,224.5579977836045,37.57145912674566,244.16488043591653,10.937233318269454,329,90721.43110457622,15178.869487205246,98642.61169611028,4418.64226058086,329,0.8242100658387761,0.8125,0.8359375,0.002374725368559778,329,0.5455625588046019,0.5053436160087585,0.5666548013687134,0.007098699305046719,329
cifar100_coarse,89,validation,71,0.36244875413831323,36000,0.005104912030117088,0.004210875020362437,0.009220874984748662,0.000546883475743966,71,24965.33630649299,9499.213300459613,26873.581879669,2505.0819986612732,71,99861.34522597196,37996.85320183845,107494.327518676,10020.327994645093,71,0.480734882220416,0.4723135828971863,0.57421875,0.01668857218007836,71,2.414616047496527,1.979191541671753,2.5055434703826904,0.07150082582975761,71
cifar100_coarse,90,train,329,186.90703312924597,16968000,0.5681064836755196,0.42411820898996666,0.5940851250197738,0.011337211609305444,329,224.61416206183645,37.72533143083822,244.33896353886033,10.855903160462194,329,90744.12147298192,15241.033898058638,98712.94126969957,4385.784876826727,329,0.8273649857036973,0.8241637349128723,0.8671875,0.0035860120020285947,329,0.5419958386921231,0.4890410900115967,0.5759528875350952,0.006992871438532004,329
cifar100_coarse,90,validation,71,0.3615312880720012,36000,0.005091989972845087,0.003940875001717359,0.009596124989911914,0.0006390333847987,71,25078.46462800414,10150.030128478766,27283.62900379144,2643.7583690493148,71,100313.85851201657,40600.12051391506,109134.51601516576,10575.033476197259,71,0.4788525620816459,0.4697916805744171,0.55078125,0.012072757696851087,71,2.4256224262882284,1.989058494567871,2.5196433067321777,0.0715783524773032,71
cifar100_coarse,91,train,329,187.12255780340638,16968000,0.5687615738705362,0.4275765419588424,0.5959161249920726,0.011059243162185258,329,224.35516383051223,37.42020066559247,242.77915752093222,10.821657996551231,329,90639.48618752693,15117.761068899355,98082.7796384566,4371.949830606697,329,0.8252777114827582,0.8098958134651184,0.8284143805503845,0.0034168574500740853,329,0.5466038012214707,0.538561224937439,0.5893364548683167,0.008515286717633068,329
cifar100_coarse,91,validation,71,0.36008158017648384,36000,0.005071571551781463,0.003785208973567933,0.00782070803688839,0.000565983392330076,71,25156.248072352762,10567.448264896206,27336.063921806806,2667.355017293085,71,100624.99228941105,42269.79305958482,109344.25568722723,10669.42006917234,71,0.4778311710122605,0.4661458432674408,0.55859375,0.013539061186350133,71,2.432315077580197,1.9980640411376953,2.525508403778076,0.07115767047388709,71
cifar100_coarse,92,train,329,187.1260668762261,16968000,0.5687722397453681,0.42736845900071785,0.5884451660094783,0.011073004873174494,329,224.35109304004703,37.43842032098378,244.19139263495694,10.826831390674895,329,90637.84158817898,15125.121809677448,98653.3226245226,4374.039881832657,329,0.8294765360449585,0.8255423307418823,0.859375,0.004659347898481939,329,0.5370900481486393,0.471311092376709,0.5454733967781067,0.008228326693234594,329
cifar100_coarse,92,validation,71,0.3541223832871765,36000,0.004987639201227838,0.0037477919831871986,0.0071346250479109585,0.00042382868167876536,71,25488.939639436347,10672.950948036125,27576.79894952945,2389.4156830728334,71,101955.75855774539,42691.8037921445,110307.1957981178,9557.662732291334,71,0.4785657365557174,0.46920955181121826,0.55859375,0.013537130631048831,71,2.4313841873491313,1.9946153163909912,2.5241858959198,0.07145954342897687,71
cifar100_coarse,93,train,329,187.16576996265212,16968000,0.5688929178196113,0.4245863329852,0.5909261669730768,0.011432580924507923,329,224.30496556544455,37.683737692418184,243.56159341025906,10.857727962015222,329,90619.2060884396,15224.230027736947,98398.88373774466,4386.522096654149,329,0.8293855262744753,0.8098958134651184,0.8376736044883728,0.0022812365721109756,329,0.5364038272106901,0.5138256549835205,0.6652726531028748,0.00860913149358313,329
cifar100_coarse,93,validation,71,0.35484916635323316,36000,0.004997875582439903,0.0038718340219929814,0.006091958028264344,0.00027793660109385975,71,25370.702872388745,10331.0213642398,27586.706278098405,2139.0599439939774,71,101482.81148955498,41324.0854569592,110346.82511239362,8556.23977597591,71,0.47959096834693155,0.4703125059604645,0.5546875,0.012928353353109125,71,2.4408078999586507,1.978398084640503,2.53539776802063,0.07433840429326931,71
cifar100_coarse,94,train,329,186.994402333803,16968000,0.5683720435677903,0.42774320795433596,0.5905545419664122,0.011303562362626807,329,224.51402450442015,37.40562024706209,245.1293900884493,10.885257636909365,329,90703.66589978574,15111.870579813085,99032.27359573352,4397.644085311384,329,0.8325558045714821,0.8270089030265808,0.859375,0.0033160756042898442,329,0.531879032636486,0.4973660707473755,0.5536168217658997,0.005637200742260965,329
cifar100_coarse,94,validation,71,0.35406149667687714,36000,0.0049867816433362975,0.0038607079768553376,0.006022833986207843,0.0002478438154552156,71,25411.875300579926,10360.793989029235,27065.842665323442,2052.5959310690573,71,101647.5012023197,41443.17595611694,108263.37066129377,8210.38372427623,71,0.4776269092526234,0.4674479067325592,0.55859375,0.01351109964041455,71,2.440810173330173,1.9802112579345703,2.533703327178955,0.07415796573335665,71
cifar100_coarse,95,train,329,187.17955578054534,16968000,0.5689348200016576,0.42721291701309383,0.5940360410022549,0.011126497879514268,329,224.28718930094863,37.452051103383674,243.61268103881056,10.825795423055618,329,90612.02447758324,15130.628645767005,98419.52313967947,4373.62135091447,329,0.8285991714355794,0.79296875,0.8326981663703918,0.0037127714769393835,329,0.535990990766276,0.5197650194168091,0.5921380519866943,0.00790092777833687,329
cifar100_coarse,95,validation,71,0.3773863810347393,36000,0.005315301141334356,0.0038596250233240426,0.008774083980824798,0.0009223823641012535,71,24274.284092564267,10363.70107413974,26862.302648780707,3299.3836088514013,71,97097.13637025707,41454.80429655896,107449.21059512283,13197.534435405605,71,0.4783437126119372,0.4683159589767456,0.55859375,0.014314439493223552,71,2.449644453089002,1.9938863515853882,2.5461273193359375,0.07373933517848381,71
cifar100_coarse,96,train,329,187.24452808056958,16968000,0.5691323041962602,0.4248714999994263,0.6051687079598196,0.011648811983771873,329,224.21371837788553,37.6584449651756,243.58917213085726,10.880147105871409,329,90582.34222466574,15214.011765930942,98410.02554086634,4395.579430772049,329,0.8303635232716708,0.8046875,0.8409926295280457,0.0030144025832827305,329,0.531102019783936,0.5004947185516357,0.5734767913818359,0.006415032657628923,329
cifar100_coarse,96,validation,71,0.35695341683458537,36000,0.005027512913163174,0.003837583994027227,0.006150541012175381,0.00026582081250248256,71,25210.302462708933,10423.224628374403,27324.398985784705,2058.0778483119548,71,100841.20985083573,41692.89851349761,109297.59594313882,8232.311393247819,71,0.4776532486290999,0.4677083194255829,0.55078125,0.012450141381042248,71,2.4480644346962515,2.000150680541992,2.5401997566223145,0.07314776194764752,71
cifar100_coarse,97,train,329,186.87577295600204,16968000,0.568011467951374,0.4266469999565743,0.6238062079646625,0.011592889486510306,329,224.65943434629006,37.5017285991195,243.97066062096886,10.920769805508328,329,90762.41147590119,15150.69835404428,98564.14689087142,4411.991001425365,329,0.8326190577814282,0.8046875,0.8404948115348816,0.0029044332790872105,329,0.5307388582852836,0.5222095251083374,0.6880501508712769,0.012486969849358806,329
cifar100_coarse,97,validation,71,0.3551203311653808,36000,0.0050016948051462085,0.00392233399907127,0.005729625001549721,0.000268971043480497,71,25351.344621598164,10198.009656870423,27528.361649694798,2149.569153621391,71,101405.37848639266,40792.03862748169,110113.44659877919,8598.276614485563,71,0.4782721370878354,0.47083333134651184,0.55859375,0.013804497239388612,71,2.449441439668897,1.9922137260437012,2.54248309135437,0.07404287135467529,71
cifar100_coarse,98,train,329,187.03395999618806,16968000,0.5684922796236719,0.42617400002200156,0.5967232499970123,0.01112712323993664,329,224.4607015376378,37.54335083598246,244.2509010081366,10.824986007448086,329,90682.12342120567,15167.513737736912,98677.36400728718,4373.294347009027,329,0.830262081420168,0.8098958134651184,0.8515625,0.0032483961420411004,329,0.5342680163296523,0.5049052834510803,0.5947465896606445,0.008439455443192419,329
cifar100_coarse,98,validation,71,0.36024450068362057,36000,0.005073866206811557,0.003765833971556276,0.009970915969461203,0.0006738915336231375,71,25180.452474617483,10621.817186345452,27440.329557393412,2659.489314102025,71,100721.80989846993,42487.26874538181,109761.31822957365,10637.9572564081,71,0.4794533827774961,0.4703125059604645,0.56640625,0.015406672737584204,71,2.465351017428116,2.0074069499969482,2.5631189346313477,0.07416476680126677,71
cifar100_coarse,99,train,329,187.02662617352325,16968000,0.5684699883693716,0.4288494170177728,0.6082079170155339,0.011312637787894245,329,224.476845017053,37.309133148097324,244.53955169911268,10.891863945085207,329,90688.64538688942,15072.88979183132,98793.97888644153,4400.313033814423,329,0.8318450228059183,0.8229166865348816,0.84765625,0.002995673431839372,329,0.5332410743171321,0.49904829263687134,0.5616276860237122,0.009215583554661715,329
cifar100_coarse,99,validation,71,0.3569494628463872,36000,0.005027457223188552,0.0038118339725770056,0.005605790996924043,0.000259691926628002,71,25208.865803320317,10493.636472041262,28084.550173559153,2062.4570481867718,71,100835.46321328127,41974.54588816505,112338.20069423661,8249.828192747087,71,0.4772305824387241,0.4683159589767456,0.56640625,0.01545044103850193,71,2.466094265521412,1.9961574077606201,2.5581040382385254,0.07566448269917815,71
cifar100_coarse,100,train,329,186.87680949107744,16968000,0.5680146185139132,0.4233827919815667,0.5869758329936303,0.011236411403187558,329,224.64792646429197,37.79086042943524,244.14551454454565,10.834465214442057,329,90757.76229157396,15267.507613491836,98634.78787599644,4377.1239466345905,329,0.8307440101556864,0.8174715638160706,0.8515625,0.0029660276698394604,329,0.5289440638750882,0.5047702789306641,0.6191824674606323,0.008982151944763954,329
cifar100_coarse,100,validation,71,0.3523368749883957,36000,0.004962491197019658,0.0038528339937329292,0.00644199998350814,0.00026156138367696883,71,25541.061314119437,10381.968199269559,27370.41131694671,2076.7681583478925,71,102164.24525647775,41527.872797078235,109481.64526778684,8307.07263339157,71,0.47887831128818886,0.47085335850715637,0.5625,0.014505094036266862,71,2.470337370751609,2.012538194656372,2.5634820461273193,0.07387829916754599,71
svhn,1,train,543,307.43429374333937,28078808,0.5661773365439031,0.5091642089537345,0.8163386670057662,0.01443698207206734,543,226.19693647384457,156.79766887618945,251.3923754833891,5.04915582350748,543,91383.56233543319,63346.258225980535,101562.51969528919,2039.8589526970218,543,0.5688788177613615,0.0419921875,0.7986964583396912,0.21203546807582668,543,1.7143877878593037,1.2740261554718018,2.292269229888916,0.3035507822028061,543
svhn,1,validation,117,0.6444959205691703,59576,0.00550851214161684,0.003725667018443346,0.04969583300407976,0.004144266646469121,117,24854.072742298893,2575.66866802478,27751.183070044193,3296.7609758955973,117,99416.29096919557,10302.67467209912,111004.73228017677,13187.04390358239,117,0.9149396404241904,0.890625,0.9184027910232544,0.003923285034805103,117,0.7546744907004201,0.7484016418457031,0.7960090637207031,0.009023193435868777,117
svhn,2,train,543,309.4497850915068,28078808,0.569889106982517,0.5498837499762885,0.5905027500120923,0.003162423392003956,543,224.60553488381478,216.76444351424075,232.77647321914765,1.2523632602073116,543,90740.63609306118,87572.83517975325,94041.69518053565,505.9547571237539,543,0.9701239665349325,0.9609375,0.9729936122894287,0.002550024066999463,543,0.5225016546622605,0.41762080788612366,0.7092124223709106,0.07077975733347862,543
svhn,2,validation,117,0.5716802526148967,59576,0.004886156005255528,0.0038553749909624457,0.007180291984695941,0.00032844064086123994,117,26108.136649187752,11931.39450969896,27978.64952052049,1830.0634660683543,117,104432.54659675101,47725.57803879584,111914.59808208195,7320.253864273417,117,0.9213633129739354,0.904296875,0.9249131679534912,0.004304702902820095,117,0.4040629838266943,0.395419716835022,0.4611518383026123,0.013553094968751761,117
svhn,3,train,543,309.31236357509624,28078808,0.5696360286834184,0.5423972910502926,0.6190785839571618,0.003965097584686334,543,224.70902169079338,206.75888864031063,235.9893792097341,1.5315480824413874,543,90782.44476308054,83530.59101068549,95339.70920073257,618.7454253063204,543,0.9772354121805336,0.9609375,0.9788669943809509,0.002048515780831776,543,0.2215001633593171,0.1920301467180252,0.30718690156936646,0.02183949624941864,543
svhn,3,validation,117,0.5785889151738957,59576,0.004945204403195689,0.003866916988044977,0.008602500020060688,0.00042211847130594075,117,25835.007984272048,11895.781611607992,27837.687812076452,1960.8083661607554,117,103340.03193708819,47583.12644643197,111350.75124830581,7843.233464643022,117,0.9214646714365381,0.904296875,0.9242708086967468,0.004193865382671079,117,0.32356000354147363,0.3137342929840088,0.3936508893966675,0.01646283634271205,117
svhn,4,train,543,309.44754212064436,28078808,0.569884976281113,0.5453136250143871,0.6061020420165733,0.0035050737042239383,543,224.60860963381498,211.18556138522294,234.72730943889943,1.3656965833713661,543,90741.87829206127,85318.96679963007,94829.83301331536,551.7414196820321,543,0.981831278151131,0.9793526530265808,0.9895833134651184,0.0008215946757934721,543,0.1316573357219854,0.12056740373373032,0.1467427909374237,0.00454733107803346,543
svhn,4,validation,117,0.5730744996690191,59576,0.004898072646743753,0.003992584010120481,0.0062698330148123205,0.00022770373536164088,117,26010.04549687597,11521.360573352567,27720.62803049504,1683.409664982718,117,104040.18198750388,46085.44229341027,110882.51212198017,6733.638659930872,117,0.9229997931382595,0.904296875,0.9259374737739563,0.004544909519659018,117,0.30431365966796875,0.2938849627971649,0.37660783529281616,0.017847324409687004,117
svhn,5,train,543,309.18255041801604,28078808,0.5693969620957938,0.539449792006053,0.5942624579765834,0.0033887819308593063,543,224.80064574816677,215.39304440638884,237.27880128381577,1.3335727213082784,543,90819.46088225937,87018.78994018109,95860.63571866156,538.7633794085442,543,0.9838525140263538,0.9828851819038391,1.0,0.001191009206281442,543,0.09645750191110712,0.0650058388710022,0.10467800498008728,0.00336136618896666,543
svhn,5,validation,117,0.5788602888933383,59576,0.004947523836695199,0.003927499987185001,0.007058417017105967,0.0003189546190165504,117,25782.455512250406,11712.285206898261,27199.083304753363,1824.523435689081,117,103129.82204900162,46849.140827593044,108796.33321901345,7298.093742756324,117,0.9244417181381812,0.908203125,0.9271101951599121,0.00377376875927646,117,0.30104166167414087,0.289898157119751,0.3776836395263672,0.019348768093658243,117
svhn,6,train,543,309.4155520347995,28078808,0.5698260626791887,0.531269374943804,0.6032560839666985,0.004338360982834601,543,224.63661980130962,212.18186339429604,240.9323895501024,1.7331968436696985,543,90753.1943997291,85721.47281129559,97336.68537824137,700.2115248425579,543,0.9847656061416612,0.9831148982048035,0.9921875,0.0006791569319038807,543,0.07871155413365057,0.07058911770582199,0.08891206979751587,0.00232400286752955,543
svhn,6,validation,117,0.580378754180856,59576,0.0049605021724859494,0.0037452499964274466,0.006999959005042911,0.0003465139808491302,117,25724.383480190078,12282.22416230663,27655.996539553304,1861.2938231596247,117,102897.53392076031,49128.89664922652,110623.98615821321,7445.175292638499,117,0.9251064892508026,0.908203125,0.9279166460037231,0.003697503725074841,117,0.30442815968114084,0.2921529710292816,0.3852841854095459,0.020012982692237447,117
svhn,7,train,543,309.2361882759724,28078808,0.5694957426813487,0.5265943750273436,0.6040489590377547,0.0046667633438785315,543,224.76915064850652,211.90335333729075,243.07133928909428,1.8847059196220803,543,90806.73686199661,85608.95474826546,98200.82107279409,761.4211915273205,543,0.9855229203652721,0.9755859375,0.9921875,0.0015418880864108675,543,0.06767384401946216,0.06292235851287842,0.08936970680952072,0.004305398819888133,543
svhn,7,validation,117,0.5735197582980618,59576,0.00490187827605181,0.0036754999891854823,0.006755416980013251,0.0002898931716110002,117,26003.769021358123,12515.30407709073,27759.9520401973,1717.653766059619,117,104015.07608543249,50061.21630836292,111039.8081607892,6870.615064238476,117,0.9247368507915072,0.91015625,0.927522599697113,0.0033648489540051563,117,0.3087465707053486,0.2966322600841522,0.39210250973701477,0.020264579717877432,117
svhn,8,train,543,308.8574467927101,28078808,0.5687982445537939,0.529693209042307,0.5930798340123147,0.004813707424896659,543,225.04606457280292,215.8225464083849,241.64931287570377,1.9788023771782666,543,90918.61008741238,87192.3087489875,97626.32240178432,799.4361603800196,543,0.9865802193873495,0.984375,0.9921875,0.0005452161872084676,543,0.0595884837937399,0.05643169954419136,0.07837771624326706,0.0032321546906188213,543
svhn,8,validation,117,0.5745426188223064,59576,0.004910620673694926,0.00388533400837332,0.006686583044938743,0.00027408536463480475,117,25958.37285664377,11839.39396223464,27708.626368409245,1754.8722184454525,117,103833.49142657508,47357.57584893856,110834.50547363698,7019.48887378181,117,0.9255051353038886,0.91015625,0.9281684160232544,0.003947485015669559,117,0.31476985491239107,0.30273228883743286,0.40095168352127075,0.021011336585190093,117
svhn,9,train,543,309.17530845920555,28078808,0.5693836251550747,0.5327054169611074,0.5908957500359975,0.004138189592889125,543,224.81011815886006,216.62027522147895,240.28289543251486,1.6714429587342805,543,90823.28773617948,87514.59118947749,97074.289754736,675.2629553286491,543,0.9873291911560748,0.984375,0.9951171875,0.0011217507378732808,543,0.052998035741390226,0.038714464753866196,0.07553356885910034,0.0023021173546110447,543
svhn,9,validation,117,0.5859794552088715,59576,0.005008371412041637,0.0037674169871024787,0.00670537498081103,0.0003779151155149332,117,25505.187599271376,12209.957155652846,27535.764191167957,2041.9666578364215,117,102020.7503970855,48839.828622611385,110143.05676467183,8167.866631345686,117,0.9265527750691797,0.9140625,0.9289626479148865,0.003179369187626915,117,0.32134354980582863,0.3086414337158203,0.4086154103279114,0.021325223576868082,117
svhn,10,train,543,308.968455504335,28078808,0.5690026804868048,0.5337548340321518,0.5880193340126425,0.004339613631897633,543,224.96193573215385,217.67991730225657,239.81047447017528,1.765365691999785,543,90884.62203579016,87942.68659011165,96883.43168595081,713.2077395679136,543,0.9883455375061948,0.9848958253860474,0.9921875,0.0008000525545181295,543,0.045895460588277814,0.03932663053274155,0.07159392535686493,0.0019324299664163801,543
svhn,10,validation,117,0.5758509087609127,59576,0.00492180263898216,0.003852666006423533,0.007729791977908462,0.00036598761894214175,117,25934.929606559726,11939.784015355704,27516.525858397352,1890.483187194101,117,103739.7184262389,47759.13606142282,110066.10343358941,7561.932748776404,117,0.9252105426584554,0.912109375,0.9281684160232544,0.003245420012995455,117,0.32795612857891965,0.3148964047431946,0.4179467558860779,0.022069505183788078,117
svhn,11,train,543,309.34471384441713,28078808,0.5696956056066613,0.5271672080270946,0.5940120410523377,0.004328653309978029,543,224.68816579279942,215.48384738672672,242.80721192624188,1.7512489466060899,543,90774.01898029097,87055.4743442376,98094.11361820172,707.5045744288603,543,0.9894123283758567,0.98828125,1.0,0.0007286251908979992,543,0.04168089021264848,0.018435034900903702,0.04329007491469383,0.0017316107372863632,543
svhn,11,validation,117,0.5815929523087107,59576,0.004970879934262484,0.0036962919984944165,0.007160209002904594,0.0003517176168057205,117,25675.21064783716,12444.904249647172,27803.6748477177,1898.0307346524205,117,102700.84259134864,49779.61699858869,111214.6993908708,7592.122938609682,117,0.9257316670866094,0.912109375,0.9287109375,0.003656327127710329,117,0.3337565678307134,0.32066166400909424,0.4234135150909424,0.021737707451971258,117
svhn,12,train,543,309.13956354605034,28078808,0.5693177965857281,0.5344587500439957,0.6192461249884218,0.00471870135333967,543,224.83940022178635,206.70294869005963,239.49462889224523,1.8644402209651942,543,90835.11768960168,83507.99127078408,96755.83007246707,753.2338492699386,543,0.9894857765561309,0.9765625,0.9902179837226868,0.0009574216011005829,543,0.03943610338847501,0.036003995686769485,0.05734784156084061,0.0016026650211727563,543
svhn,12,validation,117,0.5727632936323062,59576,0.004895412766088087,0.0038752080290578306,0.006905207992531359,0.0002661674526788996,117,26034.01795847986,11870.330484215028,27996.757395512246,1721.0758780468718,117,104136.07183391944,47481.32193686011,111987.02958204898,6884.303512187487,117,0.925252199682415,0.912109375,0.9279932379722595,0.0036333150398458985,117,0.34055987178769886,0.3272317349910736,0.43317580223083496,0.022288778873551705,117
svhn,13,train,543,309.0726013746462,28078808,0.5691944776696983,0.527177624986507,0.5897813750198111,0.004731514335823244,543,224.8887621944894,217.02957302729408,242.80241408818543,1.9360264414149833,543,90855.05992657371,87679.94750302681,98092.17529162692,782.1546823316534,543,0.9900363836279671,0.984375,1.0,0.0008348622575269489,543,0.03794169967263443,0.01987398788332939,0.05616495758295059,0.001874849742399415,543
svhn,13,validation,117,0.5777340862550773,59576,0.004937898173120319,0.00395241699879989,0.007268833986017853,0.00033991462247102673,117,25841.703397146288,11638.448072146086,27871.01965334775,1862.043164404817,117,103366.81358858515,46553.79228858434,111484.078613391,7448.172657619268,117,0.92623737683663,0.9140625,0.9287109375,0.002753808374295991,117,0.34713073393218535,0.3331654965877533,0.44220346212387085,0.022646465293068525,117
svhn,14,train,543,308.74340013589244,28078808,0.568588213878255,0.5288107499945909,0.5896923749824055,0.00535268645562972,543,225.1332821188311,217.06232847901265,242.05256795802524,2.214060498826569,543,90953.84597600777,87693.18070552111,97789.2374550422,894.4804415259339,543,0.9906510839146145,0.98974609375,1.0,0.000576647685406982,543,0.0341454079086527,0.010764342732727528,0.03823281452059746,0.002082972267492001,543
svhn,14,validation,117,0.5767004960216582,59576,0.004929064068561181,0.0038237080443650484,0.00725341698853299,0.00035335296018767446,117,25894.31259291286,12030.207187965001,27820.794827932354,1903.0464786724629,117,103577.25037165143,48120.828751860005,111283.17931172941,7612.185914689851,117,0.9248511684246552,0.912109375,0.9273587465286255,0.0032233813212357546,117,0.3543853339476463,0.3400532603263855,0.4506831169128418,0.023193778446795925,117
svhn,15,train,543,321.8959069592529,28078808,0.5928101417297476,0.5287655830034055,0.8257733329664916,0.04501331839523381,543,216.92474673246525,155.00621646399668,242.07324401288733,13.386351214494447,543,87637.59767991595,62622.51145145466,97797.59058120647,5408.085890655756,543,0.9919963014718577,0.9909240007400513,1.0,0.0010276598258640221,543,0.030991959692584437,0.019137755036354065,0.03344810754060745,0.00215664133088568,543
svhn,15,validation,117,0.6286483366275206,59576,0.005373062706218125,0.003831834008451551,0.007307707972358912,0.0007429272086748165,117,24048.71963425208,12004.695375254174,27423.18680812758,3074.1420098924305,117,96194.87853700832,48018.781501016696,109692.74723251032,12296.568039569722,117,0.9238708482848274,0.90625,0.9272712469100952,0.003934765321426667,117,0.3612918443659432,0.3408540189266205,0.4539804458618164,0.023073473818310982,117
svhn,16,train,543,310.0341139594093,28078808,0.5709652190781018,0.5396484580123797,0.7176359999575652,0.009957240118829447,543,224.23696139184509,178.36340429907196,237.19144954373917,3.55612931751662,543,90591.73240230541,72058.81533682508,95825.34561567062,1436.6762442767147,543,0.9909086543552125,0.9896875023841858,0.99609375,0.0005304171531255983,543,0.03202450291886514,0.02737971395254135,0.04427236318588257,0.001176268466379324,543
svhn,16,validation,117,0.5854630952235311,59576,0.0050039580788335996,0.004303542023990303,0.00833179202163592,0.00048158883088205226,117,25588.403375732887,10688.8697132666,27607.52522147366,2250.222262290676,117,102353.61350293155,42755.4788530664,110430.10088589464,9000.889049162704,117,0.9246902328271133,0.912109375,0.9274088740348816,0.002902349785736222,117,0.3664928445449242,0.3469790518283844,0.46032291650772095,0.023067717341133363,117
svhn,17,train,543,308.7308152478654,28078808,0.5685650372888865,0.5274572079651989,0.5854735409957357,0.007129249716455454,543,225.15898437948763,218.6264468626641,242.6737146958191,2.9800962062390743,543,90964.229689313,88325.0845325163,98040.18073711092,1203.9588673205865,543,0.9915446724680906,0.99072265625,1.0,0.0007979525739871277,543,0.0304897909376832,0.017416827380657196,0.03571515530347824,0.0015915541624119116,543
svhn,17,validation,117,0.5778643752564676,59576,0.004939011754328783,0.0038920840015634894,0.006987583008594811,0.0003899279791467063,117,25865.77142866933,11818.861047583077,27730.885529767114,2021.9459249704403,117,103463.08571467732,47275.44419033231,110923.54211906846,8087.783699881761,117,0.9249532156520419,0.908203125,0.9280598759651184,0.003396865555531669,117,0.37340216274954313,0.3579990565776825,0.47811460494995117,0.025761453610185527,117
svhn,18,train,543,308.9694266644656,28078808,0.5690044689953325,0.526767417031806,0.6214436249574646,0.006726919010770271,543,224.98044390755373,205.97202201368,242.9914908580449,2.766782431254654,543,90892.09933865172,83212.69689352672,98168.56230665014,1117.7801022268802,543,0.9922916296437301,0.9911458492279053,1.0,0.0005803315875588925,543,0.02807434431824346,0.011475546285510063,0.0300967488437891,0.0014159397268537085,543
svhn,18,validation,117,0.5824761282419786,59576,0.004978428446512638,0.0038488749996758997,0.0070166250225156546,0.0003894955135808442,117,25659.870096289436,11951.544283426585,27713.12577365149,2012.06118369882,117,102639.48038515775,47806.17713370634,110852.50309460596,8048.24473479528,117,0.9254738066950415,0.916015625,0.9296875,0.002378699318854601,117,0.37691400015456045,0.35452863574028015,0.4733421206474304,0.023634534710022498,117
svhn,19,train,543,309.2031815809314,28078808,0.5694349568709602,0.5296463330159895,0.5934089579968713,0.005763459389761688,543,224.8019563141303,214.03190012748658,241.67069990105227,2.3946780830959353,543,90819.99035090866,86468.88765150458,97634.96276002513,967.4499455707579,543,0.9928892771842072,0.984375,0.994140625,0.000736928246678323,543,0.026534945201506052,0.024224968627095222,0.04775209724903107,0.001726566873616894,543
svhn,19,validation,117,0.5863888329477049,59576,0.005011870367074401,0.00379987497581169,0.0068709999904967844,0.0003240180761750208,117,25453.19031598413,12105.66144749906,27375.52742058321,1836.508589283944,117,101812.76126393653,48422.64578999624,109502.10968233284,7346.034357135776,117,0.9258845035846417,0.9140625,0.9296875,0.0024036231225657363,117,0.3823742787552695,0.3629395067691803,0.48126062750816345,0.02383731630839607,117
svhn,20,train,543,308.73553658276796,28078808,0.5685737321966261,0.5291262080427259,0.5938472080160864,0.00666559617479006,543,225.15054934211668,215.54365882702388,241.9082594178821,2.7621014551539247,543,90960.82193421513,87079.63816611764,97730.93680482438,1115.8889878821856,543,0.9923308218381681,0.9888392686843872,1.0,0.0005032509854683493,543,0.02606219959206893,0.01942821405827999,0.03280894458293915,0.0008076839517987767,543
svhn,20,validation,117,0.5751606738194823,59576,0.00491590319503831,0.0038496660417877138,0.007030499982647598,0.00026484794058812737,117,25921.028407829905,11949.088440575082,27534.775001909195,1668.6221651586782,117,103684.11363131962,47796.35376230033,110139.10000763678,6674.488660634713,117,0.9246546376464714,0.91015625,0.9271334409713745,0.003220265114606049,117,0.3884815293499547,0.37104034423828125,0.4935334622859955,0.026007553711201732,117
svhn,21,train,543,308.73296620545443,28078808,0.5685689985367485,0.525890541030094,0.5909466670127586,0.006954518598379482,543,225.15536172674683,216.60161084762743,243.3966576947335,2.8874959431230436,543,90962.76613760572,87507.05078244148,98332.24970867233,1166.5483610217093,543,0.9932360381272177,0.98828125,0.9947916865348816,0.0004504998254872148,543,0.02472212468145302,0.011516351252794266,0.028536314144730568,0.0015237151917482227,543
svhn,21,validation,117,0.5759563756873831,59576,0.00492270406570413,0.003900791984051466,0.0068432079860940576,0.00029964548397931254,117,25903.979247869724,11792.477063138133,27565.41386614404,1787.6114836257264,117,103615.9169914789,47169.90825255253,110261.65546457616,7150.445934502905,117,0.9251657281166468,0.916015625,0.9296875,0.002127008741923576,117,0.39349526370692456,0.37358394265174866,0.5037310123443604,0.0259798589402115,117
svhn,22,train,543,308.6509050845634,28078808,0.5684178730839106,0.5269187500234693,0.5967870830208994,0.007086793999657815,543,225.21666705753174,214.4818539839567,242.92170281338213,2.9492525725107046,543,90987.53349124282,86650.6690095185,98140.36793660637,1191.4980392943244,543,0.9934433896238632,0.9927884340286255,1.0,0.0006048757079950135,543,0.023622306055195535,0.009912004694342613,0.025259125977754593,0.0016959406867046007,543
svhn,22,validation,117,0.5828555027837865,59576,0.004981670963963987,0.0038928749854676425,0.009129416954237968,0.00049512697704463,117,25684.657004904613,11816.459601636583,27334.84981786966,2096.433354706908,117,102738.62801961845,47265.83840654633,109339.39927147864,8385.733418827633,117,0.9255725522326608,0.916015625,0.9296875,0.002003498168885518,117,0.39984024768201715,0.3816448450088501,0.5111731290817261,0.026823610369536514,117
svhn,23,train,543,308.8213214421994,28078808,0.5687317153631665,0.5268202080042101,0.5901135840103962,0.0059332389422658335,543,225.08127958088045,216.90739455634187,242.96714145592736,2.45793806908297,543,90932.8369506757,87630.58740076212,98158.72514819466,993.0069799095197,543,0.9936778053613877,0.9921875,1.0,0.00044503957965831743,543,0.022860582971098123,0.002718675881624222,0.02619807980954647,0.0016636990115706885,543
svhn,23,validation,117,0.5754834996187128,59576,0.004918662389903529,0.0038196249515749514,0.006916875019669533,0.0002631546642763293,117,25905.67550169904,12043.067207693455,27314.194986734372,1665.3156186477952,117,103622.70200679616,48172.26883077382,109256.77994693749,6661.262474591181,117,0.9256940606312875,0.9140625,0.9296875,0.0023775193474688113,117,0.40594726189588887,0.38847601413726807,0.5218429565429688,0.027863657154503695,117
svhn,24,train,543,308.82579125650227,28078808,0.5687399470653817,0.5262969169998541,0.6169992909999564,0.006597423839126889,543,225.08370587476736,207.45566788667352,243.208720905419,2.7024417243663956,543,90933.81717340602,83812.0898262161,98256.32324578927,1091.786456644024,543,0.9940462717254737,0.9921875,0.9966946840286255,0.0006284638642330174,543,0.02137831654262422,0.014990736730396748,0.027228984981775284,0.0015455721074769007,543
svhn,24,validation,117,0.5837601268431172,59576,0.004989402793530916,0.003975458967033774,0.009272416995372623,0.0005467042702694638,117,25682.505462089382,11570.9910180062,27782.80624262315,2254.1339820649146,117,102730.02184835753,46283.9640720248,111131.2249704926,9016.535928259658,117,0.9242487982806996,0.91015625,0.9296875,0.00280607043881081,117,0.4088424742221832,0.39054328203201294,0.5283811688423157,0.028287167292249994,117
svhn,25,train,543,308.79433174297446,28078808,0.5686820105763802,0.5255846669897437,0.599395708006341,0.006557290672511484,543,225.10687905467188,210.21171542767712,243.53830703074487,2.73549622821397,543,90943.17913808745,84925.53303278155,98389.47604042092,1105.1404761984443,543,0.9942202194839113,0.9921875,0.99609375,0.00032775152928829357,543,0.020968030448694254,0.017901184037327766,0.02475013956427574,0.0006776160652576606,543
svhn,25,validation,117,0.5998026260640472,59576,0.005126518171487583,0.003876624978147447,0.010073542012833059,0.0008597974555055931,117,25260.302232273287,11865.991747796656,27804.17615260146,3051.507512284852,117,101041.20892909315,47463.96699118662,111216.70461040584,12206.030049139408,117,0.9253051179087061,0.916015625,0.9296875,0.0022189902955670735,117,0.4151829071024544,0.3891076445579529,0.5211912989616394,0.026479413465403816,117
svhn,26,train,543,308.59354287950555,28078808,0.5683122336639145,0.5272891249624081,0.5876062919851393,0.00692880412576051,543,225.25691983453208,217.8329295412602,242.75107135791103,2.88451343532323,543,91003.79561315096,88004.50353466911,98071.43282859607,1165.3434278705847,543,0.9940291103078516,0.9914434552192688,0.995312511920929,0.0005700087712500097,543,0.02044212779383523,0.017491638660430908,0.033740926533937454,0.0014067574539591025,543
svhn,26,validation,117,0.5744999537128024,59576,0.004910256014639337,0.004025665984954685,0.006340084015391767,0.0002089394961585615,117,25937.642755655736,11426.680745972968,27776.524191303073,1620.8314840626063,117,103750.57102262294,45706.72298389187,111106.09676521229,6483.325936250425,117,0.9257183324577462,0.919921875,0.93359375,0.001796383557513895,117,0.41714780172731125,0.3855936527252197,0.5236841440200806,0.026212742834170334,117
svhn,27,train,543,308.83763925527455,28078808,0.5687617665842993,0.5251977909938432,0.6025623339810409,0.007084604461416787,543,225.0802268976868,212.42615540590265,243.71770444384927,2.9296275054509615,543,90932.41166666547,85820.16678398466,98461.9525953151,1183.5695122021882,543,0.9949177151226866,0.994140625,1.0,0.00043655619137572267,543,0.01917794429908059,0.0030803298577666283,0.022462528198957443,0.0011357965195248289,543
svhn,27,validation,117,0.5977329598972574,59576,0.005108828717070576,0.0037502910126931965,0.009534541983157396,0.0005361229600705624,117,25067.667874193565,12265.714805680112,27505.439215654736,2180.448194346333,117,100270.67149677426,49062.85922272045,110021.75686261895,8721.792777385332,117,0.9250788214879159,0.912109375,0.927734375,0.002782168102345269,117,0.4233762346781217,0.3905741572380066,0.53294837474823,0.027441775149655047,117
svhn,28,train,543,308.4228595395689,28078808,0.5679978997045467,0.5257174160215072,0.5921492500347085,0.008707508541565557,543,225.40210212228286,216.1617193511557,243.4768111139835,3.634175424030971,543,91062.44925740229,87329.33461786692,98364.63169004934,1468.2068713085123,543,0.9948967844522241,0.9944081902503967,1.0,0.0004741271526112678,543,0.019117135911301795,0.008008124306797981,0.020375942811369896,0.0010106712242897926,543
svhn,28,validation,117,0.573641998693347,59576,0.004902923065755103,0.003899040981195867,0.007285292027518153,0.0002807559175086738,117,25997.17681675863,11797.772893859514,27841.974719247864,1714.981068861365,117,103988.70726703452,47191.091575438055,111367.89887699146,6859.92427544546,117,0.9258183903164334,0.916015625,0.9296875,0.001984639593714624,117,0.4282623468301235,0.3950175940990448,0.5347049832344055,0.02626192050418267,117
svhn,29,train,543,308.53939898783574,28078808,0.5682125211562352,0.524980999995023,0.591952416987624,0.007889041397659355,543,225.3069877925136,216.23359636130365,243.81834771394296,3.292514085865069,543,91024.0230681755,87358.37292996667,98502.61247643294,1330.1756906894877,543,0.9953572931210639,0.994645357131958,1.0,0.0006669584332498407,543,0.017625412631875958,0.004598659463226795,0.020023008808493614,0.0016425674959844204,543
svhn,29,validation,117,0.5965986270457506,59576,0.005099133564493595,0.0038945000269450247,0.01008995802840218,0.0008225075147192269,117,25366.224744590887,11811.528997750176,27895.31580381811,3002.2742338053677,117,101464.89897836355,47246.115991000705,111581.26321527244,12009.09693522147,117,0.924862149434212,0.916015625,0.93359375,0.0021720014192565073,117,0.43260608600755024,0.40246036648750305,0.5447476506233215,0.02818602319649713,117
svhn,30,train,543,308.76255644025514,28078808,0.5686234925234901,0.5238099580164999,0.6115464580361731,0.008512245855506211,543,225.15133118580826,209.30543921559067,244.3634338008672,3.5325069495269523,543,90961.13779906654,84559.39744309863,98722.82725555035,1427.1328076088887,543,0.9954102849433435,0.9947916865348816,1.0,0.0005479321827076482,543,0.017982050471186197,0.0039246054366230965,0.021458828821778297,0.0008622565001362491,543
svhn,30,validation,117,0.5863018361269496,59576,0.005011126804503843,0.003883541969116777,0.0074899999890476465,0.0005168816397132921,117,25571.906215610205,11844.857185993447,27963.368953320805,2326.754261623651,117,102287.62486244082,47379.42874397379,111853.47581328322,9307.017046494604,117,0.9249036286631201,0.912109375,0.9296875,0.0027555981197055456,117,0.43882851417248064,0.4137517809867859,0.5551833510398865,0.029125904400228365,117
svhn,31,train,543,308.49244819703745,28078808,0.568126055611487,0.5253663339535706,0.5891995829879306,0.007828972019037244,543,225.34061011869332,217.2438740551892,243.63951728074005,3.2691948233370924,543,91037.6064879521,87766.52511829644,98430.36498141897,1320.7547086281852,543,0.9958454535152372,0.9952799677848816,1.0,0.0007422792298977433,543,0.015777549943946728,0.0031496379524469376,0.017081258818507195,0.0017787063405047452,543
svhn,31,validation,117,0.577107677643653,59576,0.0049325442533645555,0.003847708983812481,0.005766000016592443,0.00019518469599969345,117,25810.064825381465,11955.166098456115,27751.68213360046,1534.988876141918,117,103240.25930152586,47820.66439382446,111006.72853440185,6139.955504567672,117,0.9243114789326986,0.9140625,0.9296875,0.0021698363784826906,117,0.4411164450849223,0.41288360953330994,0.557173490524292,0.028215310557090843,117
svhn,32,train,543,308.67788820544956,28078808,0.5684675657558924,0.5282273329794407,0.5903562909807079,0.007115891113096939,543,225.19717956157743,216.81821970146987,242.3199104030119,2.953277869623325,543,90979.66054287729,87594.56075939383,97897.24380281681,1193.1242593278234,543,0.9963020418888956,0.9956597089767456,1.0,0.0007259405070965488,543,0.014420116270513275,0.009699289686977863,0.01732555404305458,0.0016472497063927194,543
svhn,32,validation,117,0.5752482519019395,59576,0.004916651725657603,0.0038782080519013107,0.00657025002874434,0.00023725422485784993,117,25909.09304401201,11861.148082926667,27588.68008345569,1636.592778801274,117,103636.37217604804,47444.59233170667,110354.72033382276,6546.371115205096,117,0.9246604931660187,0.912109375,0.9296875,0.002566868976568514,117,0.44689689436529434,0.4153662919998169,0.5705766677856445,0.028673703502456547,117
svhn,33,train,543,308.71561033505714,28078808,0.5685370356078401,0.5275106669869274,0.5857292920118198,0.007121459048244724,543,225.16992005678728,218.5309864909693,242.64912163979437,2.970999856493512,543,90968.64770294208,88286.5185423516,98030.24514247692,1200.2839420233793,543,0.9960243177238309,0.9947916865348816,1.0,0.0003185891087773919,543,0.015560801125527745,0.010103602893650532,0.018532617017626762,0.0007324407137249832,543
svhn,33,validation,117,0.5739083723747171,59576,0.004905199763886471,0.003897625021636486,0.006757665949407965,0.00028675110123658126,117,25992.705655236306,11802.058880637547,27822.05283601204,1784.9466673419722,117,103970.82262094523,47208.23552255019,111288.21134404816,7139.786669367889,117,0.9241908696981577,0.91015625,0.9270833134651184,0.0028253448445260533,117,0.45224733841724885,0.42096996307373047,0.5814927220344543,0.030133757465105174,117
svhn,34,train,543,308.7592771756463,28078808,0.5686174533621479,0.5287004170240834,0.6297698330017738,0.009786742217628666,543,225.16915035845346,203.2488590155119,242.10308121275668,3.973300979371196,543,90968.3367448152,82112.53904226681,97809.64480995371,1605.2135956659629,543,0.9956898104200486,0.9937499761581421,1.0,0.0005943006091243644,543,0.015542472680107885,0.007785022258758545,0.017495622858405113,0.0007983071537991112,543
svhn,34,validation,117,0.5704449601471424,59576,0.004875597949975576,0.0041805829969234765,0.005664041033014655,0.00018408331999370458,117,26121.87847867495,11003.250033273293,27764.726838721053,1656.040491490642,117,104487.5139146998,44013.00013309317,111058.90735488421,6624.161965962568,117,0.9253922644843403,0.9140625,0.9296875,0.002241217607654903,117,0.45635455770370287,0.41036051511764526,0.567511260509491,0.02825742909403498,117
svhn,35,train,543,308.66469336964656,28078808,0.5684432658741189,0.5272425829898566,0.5886599999503233,0.008132802346430055,543,225.21841356050243,217.44300616790994,242.77250004001013,3.395311036437508,543,90988.23907844299,87846.97449183562,98080.09001616409,1371.705658720753,543,0.9963752019251688,0.9951171875,1.0,0.000287519397373129,543,0.014532285862521682,0.01156665664166212,0.021800290793180466,0.0008162687746624015,543
svhn,35,validation,117,0.5816762079484761,59576,0.004971591520927146,0.003771750023588538,0.009403957985341549,0.0005215302416617785,117,25747.23755947076,12195.930194820929,27714.379651705138,2119.6661718717723,117,102988.95023788304,48783.720779283714,110857.51860682055,8478.66468748709,117,0.9243175565687001,0.912109375,0.9296875,0.002288476341031169,117,0.45935626035062677,0.41748228669166565,0.5750252604484558,0.028454122425449636,117
svhn,36,train,543,308.68404999555787,28078808,0.5684789134356498,0.528745333023835,0.5989459999836981,0.008249025019418777,543,225.2054090235664,213.70874837378304,242.08251497556003,3.42512715413652,543,90982.98524552082,86338.33434300835,97801.33605012625,1383.7513702711542,543,0.9970854405540129,0.9964628219604492,1.0,0.0006750885071154717,543,0.01302790150567752,0.009123269468545914,0.014088965021073818,0.0008820496023788057,543
svhn,36,validation,117,0.5794077506870963,59576,0.004952202997325609,0.0038412499707192183,0.0070208749966695905,0.0003443477322462678,117,25769.363141145437,11975.268558579948,28053.257398454916,1880.7542382193094,117,103077.45256458175,47901.07423431979,112213.02959381967,7523.016952877238,117,0.9249770590382763,0.9140625,0.93359375,0.002239555688434159,117,0.46788186548102617,0.42857009172439575,0.5950769186019897,0.0310297429162124,117
svhn,37,train,543,308.5916283343686,28078808,0.5683087077981005,0.5264412910328247,0.5982256249990314,0.008700964261446781,543,225.2787669325906,213.96609347887303,243.14202206456284,3.6330292252522485,543,91012.62184076662,86442.3017654647,98229.37691408339,1467.7438070019082,543,0.9970846271646615,0.9947916865348816,1.0,0.00044413585674447307,543,0.012811421674828887,0.00444228807464242,0.01653563417494297,0.0009159484382097215,543
svhn,37,validation,117,0.5763231259188615,59576,0.004925838683067192,0.0038575410144403577,0.006964707979932427,0.0002827490639537918,117,25878.392827532534,11924.694987766336,27536.26174333698,1734.3435852674022,117,103513.57131013014,47698.77995106534,110145.04697334793,6937.374341069609,117,0.9254791787546924,0.912109375,0.9296875,0.0029768957326389528,117,0.4694296794059949,0.434650182723999,0.5988593101501465,0.0296474255798332,117
svhn,38,train,543,308.78093050722964,28078808,0.5686573305842166,0.527596750005614,0.5940265409881249,0.007361151961547535,543,225.12458792857416,215.47858751745375,242.60953085597663,3.0526780426542897,543,90950.33352314394,87053.34935705131,98014.25046581456,1233.2819292323334,543,0.9974059251790547,0.9968171119689941,1.0,0.0003608626225933483,543,0.01169844183978208,0.0055175363086164,0.012847629375755787,0.0008425732632844411,543
svhn,38,validation,117,0.5937806728179567,59576,0.005075048485623561,0.004213124979287386,0.006899666972458363,0.0003471818850665799,117,25159.342745902704,10918.261439227588,27287.74728889667,1973.131236318038,117,100637.37098361082,43673.04575691035,109150.98915558668,7892.524945272152,117,0.9252587393817738,0.9140625,0.9296875,0.002253951466848815,117,0.4775051298813942,0.4329838752746582,0.6081572771072388,0.030850141965592857,117
svhn,39,train,543,308.4966978347511,28078808,0.5681338818319541,0.5257063750177622,0.5911323750042357,0.00893764862132575,543,225.35093536009722,216.53356407536103,243.48192466883293,3.7179209857227256,543,91041.77788547927,87479.55988644586,98366.6975662085,1502.0400782319805,543,0.9973064235121725,0.9921875,0.9977213740348816,0.00038145202008651004,543,0.012274380018643033,0.010462073609232903,0.036965370178222656,0.0013225614129029422,543
svhn,39,validation,117,0.5786475860513747,59576,0.004945705863686963,0.0037967910175211728,0.006759291980415583,0.0002960621058495014,117,25780.143703990234,12115.494318155077,27893.546610860205,1768.122242779083,117,103120.57481596094,48461.97727262031,111574.18644344082,7072.488971116332,117,0.9237020841011634,0.91015625,0.9262152910232544,0.002748606944582743,117,0.4797125000220079,0.44237810373306274,0.6052249073982239,0.030672712860069805,117
svhn,40,train,543,314.7808898285148,28078808,0.5797069794263624,0.5269105000188574,0.6961739169782959,0.027903993114911253,543,221.25955446692365,183.8621023832333,242.9255063154351,9.665165318922002,543,89388.86000463714,74280.28936282625,98141.90455143577,3904.7267888444885,543,0.9973714181511881,0.9966145753860474,1.0,0.00028715740568323913,543,0.012103065982131669,0.007356724701821804,0.022131651639938354,0.000956793836721086,543
svhn,40,validation,117,0.5889095085440204,59576,0.005033414602940345,0.00390249997144565,0.008767916995566338,0.0006210096158717184,117,25516.25412634842,11787.31590943732,27673.6831260627,2460.6804974625416,117,102065.01650539368,47149.26363774928,110694.7325042508,9842.721989850166,117,0.9248519178129669,0.9140625,0.93359375,0.0023487583666111154,117,0.4842805999975938,0.4336980879306793,0.6042593717575073,0.02986906455808042,117
svhn,41,train,543,310.25032249331707,28078808,0.5713633931736962,0.5218172919703647,0.9830944580025971,0.03315120945098329,543,224.53725118822857,130.20112051090604,245.29658554755105,9.041659009094552,543,90713.04948004436,52601.25268640604,99099.82056121062,3652.8302396741997,543,0.9976477329902227,0.9963235259056091,1.0,0.00035172299024067267,543,0.010828254915924802,0.0040583121590316296,0.013467105105519295,0.0008608827013976971,543
svhn,41,validation,117,0.5803959161275998,59576,0.004960648855791451,0.0040452920366078615,0.009174874983727932,0.0005272632180566345,117,25820.605089170887,11371.243307954803,27673.180595418617,2220.530935177548,117,103282.42035668355,45484.97323181921,110692.72238167447,8882.123740710193,117,0.9235605133904351,0.908203125,0.9264323115348816,0.003045857149138398,117,0.491880144064243,0.4482312798500061,0.6195101737976074,0.03148994116512625,117
svhn,42,train,543,308.11828016507206,28078808,0.5674369800461733,0.5220833329949528,0.6205565000418574,0.007292339168278752,543,225.6081042885845,206.2664720962011,245.17158834725228,3.033989109388653,543,91145.67413258813,83331.65472686525,99049.32169228992,1225.7316001930158,543,0.9978114344577543,0.99609375,1.0,0.00026925993599103695,543,0.01042911822394799,0.007397836539894342,0.012833090499043465,0.0005077944978716831,543
svhn,42,validation,117,0.5766774137155153,59576,0.004928866783893293,0.0037905419594608247,0.007011958048678935,0.0003494631670052648,117,25892.947455427453,12135.467828073626,27695.388750821327,1887.6285182394222,117,103571.78982170981,48541.871312294505,110781.5550032853,7550.514072957689,117,0.9243142268596551,0.91015625,0.9267880320549011,0.002797734414808293,117,0.4966529411637885,0.45327723026275635,0.6281794309616089,0.03165104265561059,117
svhn,43,train,543,308.41547420748975,28078808,0.5679842987246588,0.5255078340414912,0.5906925420276821,0.006144592082780426,543,225.37949370632342,216.69479618044923,243.57391404729057,2.5608747649803587,543,91053.31545735466,87544.69765690148,98403.86127510539,1034.5934050520648,543,0.9978227444116582,0.995312511920929,1.0,0.00033547568002003335,543,0.00965554512176203,0.004925101529806852,0.012357428669929504,0.0005851979055341095,543
svhn,43,validation,117,0.5753887877799571,59576,0.00491785288700818,0.003896249982062727,0.007301874982658774,0.0002868081102634908,117,25920.704109237246,11806.223987621806,27673.67720563702,1726.0682989799147,117,103682.81643694898,47224.895950487225,110694.70882254808,6904.273195919659,117,0.9254031619455061,0.9140625,0.9296875,0.002520815441682074,117,0.5014331157390888,0.46499255299568176,0.6473852396011353,0.03433653519642621,117
svhn,44,train,543,310.4834661144996,28078808,0.5717927552753216,0.5257127499789931,1.310852624999825,0.04199487424301509,543,224.4670469936948,97.64636966723631,243.47897212900912,8.634674249540993,543,90684.68698545269,39449.13334556347,98365.50474011968,3488.4083968145615,543,0.9981472540516441,0.9978583455085754,1.0,0.0004331547679773891,543,0.00948565282376953,0.0024637121241539717,0.01012802217155695,0.0008261973785614499,543
svhn,44,validation,117,0.5733492950676009,59576,0.00490042132536411,0.004161832970567048,0.006888167001307011,0.00024350773185529502,117,26005.701447309028,11052.822236095775,27347.50551168905,1721.0461076310837,117,104022.80578923611,44211.2889443831,109390.0220467562,6884.184430524335,117,0.9245017079206613,0.91015625,0.9274088740348816,0.002814994302439528,117,0.5050494069727058,0.4654541015625,0.6366766691207886,0.03195408364680421,117
svhn,45,train,543,308.32288683217485,28078808,0.5678137879045577,0.5253519589896314,0.5913393329828978,0.006481683620864841,543,225.4502364491136,216.4577812781852,243.64618387675276,2.696660151245825,543,91081.8955254419,87448.94363638682,98433.0582862081,1089.4507011033131,543,0.9984499686989337,0.9981439113616943,1.0,0.00029968762150997866,543,0.009094143371246961,0.006847607437521219,0.012501265853643417,0.00037479615747276133,543
svhn,45,validation,117,0.620156409451738,59576,0.005300482132066137,0.0037762089632451534,0.012536457972601056,0.001422625752563794,117,24903.992795570404,10210.220484904848,27705.124234082366,3712.529712909076,117,99615.97118228162,40840.881939619394,110820.49693632947,14850.118851636304,117,0.9240821233162513,0.90625,0.9274088740348816,0.002804723211531679,117,0.5114370021555159,0.4658994674682617,0.6516553163528442,0.03285397532419351,117
svhn,46,train,543,308.4413127124426,28078808,0.5680318834483289,0.523393249954097,0.587634707975667,0.006338205239336143,543,225.36238102576192,217.8223958910546,244.5579877295436,2.641340815968124,543,91046.40193440781,88000.24793998606,98801.42704273562,1067.101689651122,543,0.9986370379314458,0.9982753396034241,1.0,0.0004513011508570007,543,0.008104285452528608,0.004980684723705053,0.008921334519982338,0.0008532550280023973,543
svhn,46,validation,117,0.6054996578022838,59576,0.00517521075044687,0.003891333006322384,0.007865249994210899,0.0007269439225177388,117,24929.126213052583,11821.141990485574,27853.589447423943,2880.6090884669084,117,99716.50485221033,47284.567961942295,111414.35778969577,11522.436353867633,117,0.9241520502628424,0.90625,0.9267578125,0.0028145073644651746,117,0.5164897752623273,0.4781683385372162,0.6801382899284363,0.0356944875225525,117
svhn,47,train,543,308.3394522512681,28078808,0.5678442951220407,0.5222583749564365,0.5920917499461211,0.006379952538983804,543,225.43714971185332,216.1827115673334,245.08941577179488,2.652763747300892,543,91076.60848358873,87337.8154732027,99016.12397180514,1071.7165539095602,543,0.9983512924960085,0.9765625,0.9988648295402527,0.0012008968887640293,543,0.008614923185831824,0.007594292983412743,0.048022348433732986,0.0023534612944407216,543
svhn,47,validation,117,0.5726926284260117,59576,0.004894808789965912,0.003925166965927929,0.006618499988690019,0.0002278808057536509,117,26022.48702229978,11719.246696840926,27547.8653574299,1628.4529214118418,117,104089.94808919913,46876.986787363705,110191.4614297196,6513.811685647367,117,0.9246238184790326,0.90625,0.9274088740348816,0.002986514016389092,117,0.5216126953944181,0.47362732887268066,0.6547104120254517,0.03337368354622596,117
svhn,48,train,543,308.53316497488413,28078808,0.5682010404693999,0.5226392499753274,0.6196303339675069,0.006932230620833547,543,225.30070872488636,206.57478012803722,244.91080607903555,2.8615019960747334,543,91021.4863248541,83456.21117172703,98943.96565593037,1156.0468064141924,543,0.998747756907075,0.9921875,0.9993896484375,0.000526865700185409,543,0.0072350602041291925,0.004848395939916372,0.014142905361950397,0.0008484180374679914,543
svhn,48,validation,117,0.5918829190777615,59576,0.005058828368185995,0.0038777919835411012,0.008953417011070997,0.0006281878370824963,117,25393.446384982333,11862.420726857546,27630.12347634642,2478.859765098031,117,101573.78553992933,47449.682907430186,110520.49390538568,9915.439060392124,117,0.9245399476116539,0.90625,0.927734375,0.002971959639920994,117,0.5262699371729141,0.47283852100372314,0.6575565338134766,0.03260574289904631,117
svhn,49,train,543,308.3773774977308,28078808,0.5679141390381782,0.5223323330283165,0.5939704169868492,0.006435653171509576,543,225.41006044164436,215.49894799362372,245.05471307490535,2.685860500296133,543,91065.66441842432,87061.57498942399,99002.10408226175,1085.0876421196376,543,0.9990089185549629,0.9986153244972229,1.0,0.000325926259798606,543,0.0072064754584440565,0.000964569509960711,0.008314485661685467,0.00045716562326933777,543
svhn,49,validation,117,0.5847190081258304,59576,0.004997598360049833,0.004029458970762789,0.007359917042776942,0.0004272304564333588,117,25586.3857103455,11415.924652358988,27484.520036515656,2125.0605021324286,117,102345.542841382,45663.69860943595,109938.08014606262,8500.242008529714,117,0.923802312113281,0.912109375,0.9262067079544067,0.002498251090183962,117,0.5343879346664135,0.4867536723613739,0.6736751794815063,0.03309337670141433,117
svhn,50,train,543,308.4477480878704,28078808,0.5680437349684538,0.5239367499598302,0.5904914160491899,0.006594853508620268,543,225.36009451142687,216.76860411690927,244.30429819976106,2.7468895065995635,543,91045.47818261645,87574.51606323135,98698.93647270347,1109.7433606662237,543,0.998670874050309,0.998046875,1.0,0.00016869716511695663,543,0.007358321309017625,0.003649004502221942,0.00859152153134346,0.0003412018181046606,543
svhn,50,validation,117,0.5776639144169167,59576,0.0049372984138198,0.003862790996208787,0.00917024997761473,0.00046567254573927873,117,25894.268639303114,11908.487941788104,27667.450320586115,2008.3261956804938,117,103577.07455721246,47633.951767152415,110669.80128234446,8033.304782721975,117,0.925527366817507,0.91796875,0.93359375,0.0019374581688317884,117,0.5395637281939515,0.48434603214263916,0.6762939095497131,0.03275471495156424,117
svhn,51,train,543,308.0807089577429,28078808,0.5673677881358065,0.5211854579974897,0.585632375034038,0.006718726643645387,543,225.63003557633564,218.56715143618968,245.59395899456678,2.8187183877295316,543,91154.5343728396,88301.12918022063,99219.95943380498,1138.7622286427309,543,0.9986892961665411,0.9937499761581421,1.0,0.0004935524221198863,543,0.0068446405062153525,0.003135820385068655,0.009385677054524422,0.00030725853607521913,543
svhn,51,validation,117,0.5735068411449902,59576,0.004901767873034104,0.003924041986465454,0.006618625018745661,0.0002852246673532482,117,26010.78317183497,11722.606475328284,27880.635823309385,1784.7030522731613,117,104043.13268733988,46890.42590131314,111522.54329323754,7138.812209092645,117,0.9236791195013584,0.908203125,0.9262067079544067,0.0031770105472983413,117,0.5397880459443117,0.48048079013824463,0.6729096174240112,0.032243555761463094,117
svhn,52,train,543,308.28141738899285,28078808,0.5677374169226388,0.5212474999716505,0.5900859999819659,0.006450125368356575,543,225.48041328536863,216.91753406098758,245.56472694250164,2.6963894928683843,543,91094.08696728892,87634.68376063899,99208.14968477066,1089.341355118827,543,0.999080860812361,0.9984375238418579,1.0,0.00015163413826793447,543,0.006248712080872135,0.00433381088078022,0.006993185728788376,0.0003495198937093305,543
svhn,52,validation,117,0.5837021596962586,59576,0.00498890734783127,0.004263416980393231,0.008282124996185303,0.0005082189723775758,117,25687.515295080848,10789.467746539127,27542.92784880072,2352.3394023032683,117,102750.06118032339,43157.87098615651,110171.71139520287,9409.357609213073,117,0.9243242139490242,0.90625,0.9274088740348816,0.0030631566591529996,117,0.5488947971254332,0.5019276142120361,0.7086267471313477,0.0363921678156927,117
svhn,53,train,543,308.1926567465416,28078808,0.5675739534927101,0.5205929999938235,0.5921768330154009,0.006531169335509968,543,225.54608269634068,216.15165076319536,245.8734558503834,2.7264040585832476,543,91120.61740932163,87325.26690833093,99332.87616355489,1101.4672396676315,543,0.9991797118775313,0.9988364577293396,1.0,0.0001807489606136715,543,0.006065207620796234,0.0015354828210547566,0.006807585712522268,0.0005792999293163596,543
svhn,53,validation,117,0.5809625748661347,59576,0.004965492092872946,0.003812959010247141,0.006997958989813924,0.0003212924946252855,117,25686.904342026897,12064.121296971,27376.511335536095,1800.671846304386,117,102747.61736810759,48256.485187884,109506.04534214438,7202.687385217544,117,0.9239451273893698,0.90625,0.9267880320549011,0.0029198645338947894,117,0.5559164456322662,0.4968077838420868,0.6933936476707458,0.0347424332006134,117
svhn,54,train,543,308.33947933174204,28078808,0.567844344994,0.522460832959041,0.6028573329676874,0.006949268568064326,543,225.44273188648134,212.32220792586872,244.99444154512292,2.894001798067634,543,91078.86368213846,85778.17200205097,98977.75438422966,1169.176726419324,543,0.999519026850249,0.9992779493331909,1.0,0.0001886935565254877,543,0.005197627054832697,0.003971284721046686,0.009131344966590405,0.0005121701939212865,543
svhn,54,validation,117,0.5783592444495298,59576,0.004943241405551537,0.0038512080209329724,0.007028417021501809,0.00036828215192150277,117,25829.938791845147,11944.304163776718,27650.267467953472,1952.8622040872563,117,103319.75516738059,47777.21665510687,110601.06987181389,7811.448816349025,117,0.922937065617651,0.90625,0.92578125,0.0030926034101601834,117,0.5619016722736195,0.5134279727935791,0.7114650011062622,0.03699923444053199,117
svhn,55,train,543,308.2095640655025,28078808,0.5676050903600414,0.521177250018809,0.5893920829985291,0.0067677017038810855,543,225.53624930825794,217.1729205265206,245.59782683411555,2.8437877964738605,543,91116.6447205362,87737.85989271433,99221.52204098269,1148.8902697754393,543,0.9992833958585399,0.9977678656578064,1.0,0.00021253919896358,543,0.0053551112272490235,0.003990672994405031,0.010521351359784603,0.0005418178958790775,543
svhn,55,validation,117,0.5744349157903343,59576,0.004909700134960122,0.00384733296232298,0.006625082984101027,0.00025973037983978485,117,25955.876666659955,11956.33454408003,27961.08447619296,1709.8747802551757,117,103823.50666663982,47825.33817632012,111844.33790477183,6839.499121020703,117,0.9245206408011608,0.90625,0.9280598759651184,0.002423505191142306,117,0.5658531219531329,0.5054440498352051,0.7109726667404175,0.03530710528858535,117
svhn,56,train,543,308.29017037421,28078808,0.567753536600755,0.5230495410505682,0.6053747079567984,0.006737592988656032,543,225.4764796238739,211.43929258626133,244.71869288501108,2.7901098651226737,543,91092.49776804505,85421.47420484958,98866.35192554447,1127.20438550956,543,0.9995290559080204,0.9992897510528564,1.0,0.00010535312255513334,543,0.0045556254130933935,0.0012419067788869143,0.005126195959746838,0.00038983632942248865,543
svhn,56,validation,117,0.576942284766119,59576,0.004931130639026658,0.003789332986343652,0.007093457970768213,0.0003316659761970801,117,25872.242411213436,12139.339605618996,27552.063804442205,1845.6348824195472,117,103488.96964485374,48557.35842247598,110208.25521776882,7382.539529678189,117,0.9249185002767123,0.90625,0.9280598759651184,0.002482047730347058,117,0.5704426210150759,0.515717625617981,0.7132392525672913,0.03392691079310877,117
svhn,57,train,543,307.8404508595122,28078808,0.566925323866505,0.5184316249797121,0.5960221249843016,0.0072681446156680546,543,225.81176342284883,214.75712835890334,246.89851820866264,3.045554780706096,543,91227.95242283095,86761.87985699695,99747.0013562997,1230.4041314052627,543,0.9995257181576822,0.9993489384651184,1.0,0.00012748195021136286,543,0.004598549131516703,0.001969515811651945,0.006090749055147171,0.00035977937160587006,543
svhn,57,validation,117,0.5711160028586164,59576,0.004881333357765952,0.0036826670402660966,0.005720084009226412,0.00020287640812872916,117,26079.81399685785,12490.947320797213,27915.087638763747,1526.8301574031236,117,104319.2559874314,49963.78928318885,111660.35055505499,6107.3206296124945,117,0.9235834886885097,0.912109375,0.9259825944900513,0.002417576792493064,117,0.5773245483382136,0.5106189250946045,0.7161127328872681,0.03523727423946558,117
svhn,58,train,543,308.54181116539985,28078808,0.5682169634721913,0.521149542008061,0.7118048749980517,0.010268459171594517,543,225.32795726497872,179.82456217421995,245.6108845587744,3.8177039355308398,543,91032.49473505141,72649.12311838486,99226.79736174484,1542.3523899544593,543,0.9995875313576195,0.999387264251709,1.0,0.00015479436395013566,543,0.004293565394598682,0.0014920165995135903,0.0046095107682049274,0.00025807720084898794,543
svhn,58,validation,117,0.5769757510861382,59576,0.0049314166759498995,0.0039006249862723053,0.006416084012016654,0.0002924556584057771,117,25859.11570184162,11792.981935430977,27758.199975279178,1819.25410027467,117,103436.46280736648,47171.92774172391,111032.79990111671,7277.01640109868,117,0.9252980438053099,0.9140625,0.9296875,0.002357927174431724,117,0.5822815049407829,0.5236221551895142,0.7274843454360962,0.03463903334239806,117
svhn,59,train,543,308.05292420624755,28078808,0.5673166191643602,0.5225931660388596,0.6020247499691322,0.007000453406030327,543,225.65292251573464,212.6158434625204,244.93240309706235,2.9119707987842087,543,91163.7806963568,85896.80075885824,98952.69085121319,1176.4362027088202,543,0.9994801061149021,0.9921875,0.9996469020843506,0.0004106246612435385,543,0.0043015953618175526,0.0035218526609241962,0.015486560761928558,0.0006328251615989323,543
svhn,59,validation,117,0.5914279165444896,59576,0.0050549394576452095,0.0038007079856470227,0.00862654100637883,0.0006061383201853515,117,25411.09508181718,12103.008222077098,27794.11765589444,2528.8492952517126,117,101644.38032726872,48412.03288830839,111176.47062357776,10115.39718100685,117,0.92432133305786,0.9140625,0.9296875,0.0021921427433811884,117,0.5883981982866923,0.5217389464378357,0.7381402850151062,0.03795240562460292,117
svhn,60,train,543,308.18311691336567,28078808,0.5675563847391633,0.5236862919991836,0.6016414580517448,0.006637669936321236,543,225.55395796424327,212.7512961199413,244.42113905895314,2.7594771491537484,543,91123.79901755428,85951.52363245627,98746.14017981707,1114.8287682581142,543,0.9997130389810707,0.9995683431625366,1.0,0.0001255117018354982,543,0.0038282225374989967,0.0019151363521814346,0.004705126862972975,0.0002992565906546657,543
svhn,60,validation,117,0.578243039897643,59576,0.004942248204253359,0.0038638749974779785,0.006868208001833409,0.0003459348719316036,117,25825.814261155334,11905.147042806777,27510.363635522037,1923.9277661864633,117,103303.25704462134,47620.58817122711,110041.45454208815,7695.711064745853,117,0.9251280156975119,0.9140625,0.9296875,0.0020422472730673782,117,0.5951456626256307,0.5343465209007263,0.74620521068573,0.03687821768620309,117
svhn,61,train,543,308.30395392514765,28078808,0.5677789206724635,0.5207049169694073,0.6052580419927835,0.0070398605453721825,543,225.46941461662158,211.4800483750138,245.82060938656414,2.9140664509768888,543,91089.64350511512,85437.93954350558,99311.52619217192,1177.2828461946633,543,0.9998267690340678,0.9997324347496033,1.0,7.219828613743601e-05,543,0.0036098611726327824,0.0006996218580752611,0.00567783834412694,0.0002371486867961845,543
svhn,61,validation,117,0.5711070752586238,59576,0.004881257053492512,0.003827082982752472,0.0065644579590298235,0.0002575032265951017,117,26106.51860956272,12019.598270355871,27716.372119177326,1713.1388990458836,117,104426.07443825089,48078.393081423485,110865.4884767093,6852.555596183534,117,0.9243104192945693,0.90625,0.9267578125,0.003069947252430201,117,0.5997304101275582,0.5338647365570068,0.7448959350585938,0.035038385887774276,117
svhn,62,train,543,308.0447361114784,28078808,0.5673015398001444,0.5192291669663973,0.5927267500082962,0.00725688136719782,543,225.6620408647176,215.95111069005816,246.519279238186,3.0525464816872194,543,91167.46450934591,87244.24871878349,99593.78881222714,1233.2287786016363,543,0.9997630400332738,0.9973958134651184,1.0,0.00016800239180686722,543,0.0034040206040789134,0.0030968952924013138,0.006093678995966911,0.00027477986219179735,543
svhn,62,validation,117,0.5790358777157962,59576,0.004949024595861507,0.0037952919956296682,0.008360374951735139,0.0003965397022777171,117,25801.003992024147,12120.279560299878,27520.71475749119,1899.156326838858,117,103204.01596809659,48481.11824119951,110082.85902996476,7596.625307355432,117,0.9236493467265724,0.90625,0.9266269207000732,0.0032649622571864333,117,0.6050628281047201,0.5451631546020508,0.7609957456588745,0.0379959346644991,117
svhn,63,train,543,308.12377791741164,28078808,0.5674471048202793,0.5212301249848679,0.5867872079834342,0.006794399269889409,543,225.59931162428097,218.13699797561642,245.57291273929349,2.8554746659547203,543,91142.12189620952,88127.34718214904,99211.45674667458,1153.6117650457072,543,0.9998877633561966,0.9998202323913574,1.0,5.599075086365717e-05,543,0.0031991243691734186,0.0029524248093366623,0.0045584808103740215,0.00015198113393716727,543
svhn,63,validation,117,0.5977282511303201,59576,0.005108788471199317,0.003842208010610193,0.009075791982468218,0.0008385525371530872,117,25312.6352759516,11972.282571108011,27691.39234893032,2918.631418193357,117,101250.5411038064,47889.130284432045,110765.56939572128,11674.525672773429,117,0.9231822775979327,0.90625,0.9259825944900513,0.0032635201084304215,117,0.6149795946911869,0.5402477979660034,0.7643479704856873,0.03636922624099437,117
svhn,64,train,543,308.3101939643384,28078808,0.5677904124573451,0.5222857500193641,0.5995479580014944,0.007004225769290172,543,225.46466984607517,213.4941805600828,245.07656966565585,2.913686668964328,543,91087.72661781438,86251.64894627346,99010.93414492496,1177.1294142615884,543,0.9998515276838622,0.9997321367263794,1.0,7.712483787138992e-05,543,0.0029810733100979095,0.002429109299555421,0.0036414950154721737,0.00016811213654486867,543
svhn,64,validation,117,0.5854142477619462,59576,0.005003540579161933,0.0038322079926729202,0.009994083025958389,0.0005632360833513946,117,25603.824284632523,12003.52384002924,28068.125861301985,2181.235503159681,117,102415.29713853009,48014.09536011696,112272.50344520794,8724.942012638723,117,0.9241145079971379,0.90625,0.9270833134651184,0.002716636800161396,117,0.6200156604122912,0.5443968176841736,0.770013689994812,0.03708553679025711,117
svhn,65,train,543,307.8693346097134,28078808,0.5669785167766361,0.5167362909996882,0.6046544589917175,0.007550500721952138,543,225.79360306078,211.69115367716708,247.70855507819797,3.159951273084668,543,91220.61563655511,85523.2260855755,100074.25625159199,1276.6203143262057,543,0.9998164219750884,0.9993489384651184,1.0,6.553096216720476e-05,543,0.0029275524845899085,0.0027040999848395586,0.006170435808598995,0.00019437093719884742,543
svhn,65,validation,117,0.5758070761803538,59576,0.004921428001541485,0.003897374961525202,0.006849750003311783,0.00030254322223105355,117,25911.787663567677,11802.816114464471,27266.193567691498,1792.2721530918695,117,103647.1506542707,47211.264457857884,109064.77427076599,7169.088612367478,117,0.9237682615589892,0.90625,0.9267578125,0.002953056351926567,117,0.6263116221142631,0.56734699010849,0.7894356846809387,0.038846260449353485,117
svhn,66,train,543,308.1878769318573,28078808,0.5675651508873983,0.5164145830203779,0.5912736669997685,0.007294852822929477,543,225.5573432380039,216.481820760758,247.86286872721615,3.0460077520000945,543,91125.16666815357,87458.65558734623,100136.59896579533,1230.5871318080385,543,0.9999693890083341,0.999908983707428,1.0,2.9656681494894447e-05,543,0.002507648685677783,0.0014402029337361455,0.002686199964955449,0.0001363888198922201,543
svhn,66,validation,117,0.5758186208549887,59576,0.0049215266739742625,0.0038366669905371964,0.006805500015616417,0.0003084577272175107,117,25913.275271232593,11989.573271137417,27518.9931047318,1805.793459523397,117,103653.10108493037,47958.29308454967,110075.9724189272,7223.173838093588,117,0.9240673974029019,0.90625,0.9265202879905701,0.0028114013110386625,117,0.6325372009195833,0.5532894730567932,0.7853778600692749,0.03759777599915914,117
svhn,67,train,543,307.8997236752766,28078808,0.5670344819065868,0.520213584008161,0.5887640420114622,0.007059863268575318,543,225.7662169107167,217.4045812354622,246.05278280851653,2.9684235499095686,543,91209.55163192954,87831.45081912672,99405.32425464068,1199.2431141634656,543,0.9998270541045328,0.9995833039283752,1.0,7.976831986356341e-05,543,0.0026672089234008206,0.002228943631052971,0.00405019661411643,0.00015080805061858826,543
svhn,67,validation,117,0.5765828732401133,59576,0.004928058745641993,0.003807583008892834,0.007397749985102564,0.0003731514185582982,117,25908.96106388084,12081.154867159637,27599.096124125088,1940.4878135840106,117,103635.84425552336,48324.61946863855,110396.38449650035,7761.951254336042,117,0.9245266338698884,0.90625,0.9274088740348816,0.0029235724665470763,117,0.6427749731601813,0.5716342329978943,0.7997210621833801,0.039007650958152285,117
svhn,68,train,543,308.1596171242418,28078808,0.5675131070428026,0.5200737499981187,0.5924731660052203,0.006951538612172768,543,225.57463998918314,216.04353976576922,246.11893986278488,2.918874293072411,543,91132.15455563,87281.59006537076,99432.05170456509,1179.225214401254,543,0.999916724078563,0.9997735619544983,1.0,4.257490657689171e-05,543,0.0022115098959106,0.0011217211140319705,0.002395063638687134,0.00018517190736099556,543
svhn,68,validation,117,0.5736828332883306,59576,0.004903272079387441,0.00383612496079877,0.006760000018402934,0.00025114602959731835,117,25984.146558309414,11991.267351838751,27744.40983876265,1662.8879119520266,117,103936.58623323766,47965.069407355004,110977.6393550506,6651.551647808106,117,0.9242720140351189,0.90625,0.9270833134651184,0.002985570812417776,117,0.6488330211394873,0.5842804908752441,0.8167179822921753,0.040249900553864425,117
svhn,69,train,543,308.1609670446487,28078808,0.5675155930840676,0.5187063330085948,0.5914717080304399,0.007251137885293344,543,225.57676377007792,216.4093366802466,246.76776020368942,3.0422829395295943,543,91133.01256311146,87429.37201881963,99694.17512229053,1229.0823075699561,543,0.9999362675963624,0.9998652935028076,1.0,2.8689925967784185e-05,543,0.002270138872878259,0.0017720168689265847,0.0027975786942988634,0.00011085837851868527,543
svhn,69,validation,117,0.5766667057177983,59576,0.004928775262545285,0.003925166034605354,0.006845083029475063,0.0002892005599993197,117,25870.478633953633,11719.2494774619,27755.190444055883,1797.6777393523764,117,103481.91453581453,46876.9979098476,111020.76177622353,7190.710957409506,117,0.9243377309579116,0.90625,0.9274088740348816,0.0030434624289213787,117,0.6520852135796832,0.5819754600524902,0.819078803062439,0.03994154893435752,117
svhn,70,train,543,307.98087511915946,28078808,0.5671839320794834,0.518946667027194,0.5895344580058008,0.006967913986288286,543,225.70565836682604,217.1204723689629,246.65347738574548,2.9203950331406543,543,91185.08598019772,87716.67083706101,99648.00486384118,1179.839593388825,543,0.999955751399748,0.999895453453064,1.0,4.169509910161224e-05,543,0.0019971337885480943,0.0007781506283208728,0.0021270590368658304,0.00017055422535854696,543
svhn,70,validation,117,0.5817324980162084,59576,0.004972072632617166,0.003874832997098565,0.00794766697799787,0.0004667118477154171,117,25732.507538303857,11871.479373290236,27955.991347388,2151.6918045496773,117,102930.03015321543,47485.917493160945,111823.965389552,8606.767218198709,117,0.9247334492512238,0.90625,0.9274088740348816,0.0028547424368227043,117,0.6605789111210749,0.5888341665267944,0.8302241563796997,0.04108136558874938,117
svhn,71,train,543,307.8049647100852,28078808,0.5668599718417775,0.5186567089986056,0.6063966250512749,0.0074734481956547204,543,225.8398118923501,211.08296898779201,246.79137043678756,3.115880142959001,543,91239.28400450943,85277.51947106798,99703.71365646218,1258.8155777554362,543,0.9999844180505798,0.9999405741691589,1.0,1.7288180390754727e-05,543,0.0017410981560830872,0.0005003190017305315,0.0020113149657845497,0.00012172961112167106,543
svhn,71,validation,117,0.5779251637868583,59576,0.004939531314417592,0.0038506669807247818,0.00691079196985811,0.0002884583151897789,117,25810.202024379796,11945.982405194065,27681.90625575638,1760.5571667002055,117,103240.80809751918,47783.92962077626,110727.62502302552,7042.228666800822,117,0.9235718622166886,0.90625,0.9261067509651184,0.002932883640874811,117,0.662410113037142,0.5902833938598633,0.8243295550346375,0.03829560924182895,117
svhn,72,train,543,308.12833369447617,28078808,0.5674554948332895,0.5170423329691403,0.5915667080553249,0.007374765921279117,543,225.60198422298964,216.37458338515748,247.56193417462336,3.093510710326882,543,91143.20162608782,87415.33168760363,100015.02140654784,1249.7783269720603,543,0.99997703958831,0.9999226331710815,1.0,2.6065365961826017e-05,543,0.0016966019324018426,0.001475389115512371,0.0034388802014291286,0.00012779632882049474,543
svhn,72,validation,117,0.5844297865987755,59576,0.0049951263811861156,0.0038250419893302023,0.008095042023342103,0.0004882985153177241,117,25629.396889825268,12026.011774070745,27405.812714544958,2222.0272663872042,117,102517.58755930107,48104.04709628298,109623.25085817983,8888.109065548817,117,0.9241917495034698,0.8984375,0.9271537065505981,0.00391987363150354,117,0.6737091648272979,0.6131963729858398,0.8686356544494629,0.04334895580273359,117
svhn,73,train,543,307.80439226556337,28078808,0.5668589176161388,0.519291750038974,0.5883785409969278,0.007150090142300651,543,225.83712278802642,217.54702301535562,246.4895696694456,3.008688919451994,543,91238.1976063627,87888.99729820367,99581.78614645601,1215.5103234586059,543,0.9999399939294678,0.9996874928474426,1.0,4.442000134312657e-05,543,0.0016906890890802878,0.0014333405997604132,0.003170388750731945,0.00013705612630202885,543
svhn,73,validation,117,0.5761967531288974,59576,0.00492475857375126,0.0037743340362794697,0.006854165985714644,0.00033811302617508317,117,25908.47913463031,12187.580526217616,27794.61861619881,1856.1650279149019,117,103633.91653852124,48750.322104870465,111178.47446479525,7424.6601116596075,117,0.9246246259436648,0.90625,0.927734375,0.0030660157062168602,117,0.6784588867782527,0.6115062236785889,0.8481950759887695,0.041011855374379236,117
svhn,74,train,543,308.0274347534869,28078808,0.5672696772624067,0.5198849160224199,0.592030874977354,0.007083138908576133,543,225.6727998796321,216.20494033338412,246.20833583577183,2.9739682993682726,543,91171.81115137137,87346.79589468718,99468.16767765181,1201.4831929447823,543,0.9999637374342256,0.9999386072158813,1.0,2.133736028905605e-05,543,0.0014412254545302515,0.0003284625126980245,0.0015795513754710555,0.00014630464999776724,543
svhn,74,validation,117,0.574339747952763,59576,0.004908886734639,0.003882666991557926,0.007300374971237034,0.00028794710546343756,117,25968.620039010755,11847.526481157847,27706.875190578823,1732.1862111583469,117,103874.48015604302,47390.10592463139,110827.50076231529,6928.744844633387,117,0.9235349353562053,0.90625,0.9265463948249817,0.003745719416465072,117,0.6881746919746072,0.6149458885192871,0.8581936359405518,0.0408801448626092,117
svhn,75,train,543,307.8422169131809,28078808,0.5669285762673681,0.5196460410370491,0.5934490840299986,0.0072094639075765046,543,225.80994023876352,215.68825943883274,246.32151482296004,3.0288030024619337,543,91227.21585646045,87138.05681328844,99513.89198847585,1223.6364129946205,543,0.9999374165499847,0.9998788833618164,1.0,2.7924860534806267e-05,543,0.001488995154750144,0.0011370015563443303,0.0025552220176905394,9.802481199405187e-05,543
svhn,75,validation,117,0.5754642523243092,59576,0.004918497883113754,0.003967458964325488,0.009187042014673352,0.000442548065640777,117,25981.266191975836,11594.322818111496,27651.51566429222,1970.1004228411907,117,103925.06476790334,46377.29127244598,110606.06265716888,7880.401691364763,117,0.9234247971803714,0.8984375,0.9259020686149597,0.003803617702435364,117,0.6921941021568755,0.618878960609436,0.8656505346298218,0.04048156567572299,117
svhn,76,train,543,307.95516165543813,28078808,0.5671365776343243,0.5212930830311961,0.5891275830217637,0.006998781241045232,543,225.72490184645875,217.27042441886715,245.54325420109208,2.939526002997264,543,91192.86034596933,87777.25146522233,99199.47469724121,1187.5685052108945,543,0.9999860347305214,0.9999417066574097,1.0,1.7382342730932773e-05,543,0.0011876071280153197,0.0008531169150955975,0.001395801198668778,0.00010673926242226383,543
svhn,76,validation,117,0.5702043730416335,59576,0.0048735416499284916,0.0037175839534029365,0.006820957991294563,0.0002507046227839026,117,26138.117195998613,12373.627758397583,27863.691042855717,1620.61091280673,117,104552.46878399445,49494.51103359033,111454.76417142287,6482.44365122692,117,0.9241652432669941,0.90625,0.9264323115348816,0.002861827359484879,117,0.6991956733230852,0.6180468201637268,0.8745281100273132,0.042218469091517274,117
svhn,77,train,543,307.75329094956396,28078808,0.5667648083785708,0.5157212079502642,0.6265456660185009,0.007846992176906629,543,225.88191214149361,204.29476563679614,248.19611454168515,3.271165701095142,543,91256.29250516344,82535.08531726565,100271.2302748408,1321.550943242437,543,0.9999586787232597,0.9998553395271301,1.0,2.7323887826925373e-05,543,0.0011788090610787491,0.0009920386364683509,0.002323581837117672,9.427175188188743e-05,543
svhn,77,validation,117,0.5718350385432132,59576,0.004887478961907805,0.0037622919771820307,0.0057742499629966915,0.00021507408686045394,117,26054.55792575172,12226.589610531544,27558.986580331628,1590.5371860317778,117,104218.23170300688,48906.35844212618,110235.94632132651,6362.148744127111,117,0.9243808088139591,0.8984375,0.9270833134651184,0.003561445133681363,117,0.7049117429643614,0.6399412751197815,0.8861163258552551,0.04211202002965195,117
svhn,78,train,543,308.01242196396925,28078808,0.567242029399575,0.5174926670151763,0.5896524999989197,0.0073691095560198296,543,225.6868096573504,217.07700722075208,247.34650007368356,3.090524362730228,543,91177.47110156956,87699.11091718385,99927.98602976816,1248.571842543012,543,0.9999963905710322,0.9999690055847168,1.0,8.698468478260734e-06,543,0.001123839266425424,0.0003658593923319131,0.0013031043345108628,6.609760270955195e-05,543
svhn,78,validation,117,0.5972814125707373,59576,0.00510496933821143,0.0038762500043958426,0.009391582978423685,0.0008536595687450321,117,25362.510697943067,11867.13961891878,27569.37433153907,3043.7901128747317,117,101450.04279177227,47468.55847567512,110277.49732615628,12175.160451498927,117,0.9235675365496905,0.8984375,0.9261437058448792,0.0034558744449643105,117,0.7131669475482061,0.6291631460189819,0.8816186785697937,0.04046973127219388,117
svhn,79,train,543,307.86165758257266,28078808,0.5669643786051062,0.5196549580432475,0.5984093750012107,0.007297509387732332,543,225.7964717503734,213.90039218510074,246.31728807511425,3.0543530009221005,543,91221.77458715085,86415.7584427807,99512.18438234617,1233.958612372529,543,0.9999178352715999,0.9996995329856873,1.0,3.7613694084167827e-05,543,0.0012146762628399838,0.0005047477316111326,0.001890227198600769,0.00013727802568108913,543
svhn,79,validation,117,0.5941907109227031,59576,0.005078553084809429,0.003778124984819442,0.0092657909845002,0.00079112405593194,117,25418.31758380219,12175.35157911097,27487.471152547852,2801.2274191730303,117,101673.27033520876,48701.40631644388,109949.88461019141,11204.909676692121,117,0.9235239869508988,0.90625,0.9262242317199707,0.0034075865333760224,117,0.7212322716020111,0.6410084962844849,0.8950468301773071,0.04227640501268144,117
svhn,80,train,543,307.9581127880374,28078808,0.5671420125009897,0.5184904169873334,0.6037901669624262,0.007204522661182384,543,225.7248427098164,211.99417778521962,246.8705222050941,3.021943996534332,543,91192.83645476581,85645.64782522872,99735.69097085802,1220.86537459987,543,0.9999720179793146,0.9999382495880127,1.0,2.042552686600583e-05,543,0.0010046020477562526,0.0008689658716320992,0.0022401963360607624,0.00011562277171412366,543
svhn,80,validation,117,0.574561464949511,59576,0.004910781751705222,0.003790459013544023,0.006908874958753586,0.00031295656817517014,117,25974.922976342295,12135.733386282069,28181.932836615466,1856.1412583453405,117,103899.69190536918,48542.933545128275,112727.73134646186,7424.565033381362,117,0.9237614335157932,0.90625,0.9263047575950623,0.003156003969220819,117,0.7289693656130734,0.6444430351257324,0.9058563113212585,0.04402367421514114,117
svhn,81,train,543,307.87459254357964,28078808,0.5669881998960951,0.5183019580435939,0.5916204579989426,0.007356584349622637,543,225.78764439655612,216.35492530623202,246.9602863997555,3.0803524909642865,543,91218.20833620869,87407.38982371773,99771.95570550121,1244.4624063495717,543,0.9999839749125486,0.999956488609314,1.0,1.649386183877173e-05,543,0.0009336457781804105,0.00032438934431411326,0.0010498104384168983,8.823142284965773e-05,543
svhn,81,validation,117,0.5794228368904442,59576,0.004952331939234565,0.0038408340187743306,0.006801042007282376,0.0004192728678639847,117,25815.7556466874,11976.565447803263,28154.55892453846,2121.944347925734,117,103263.0225867496,47906.26179121305,112618.23569815385,8487.777391702935,117,0.9253757219029288,0.90625,0.9284206032752991,0.0026723925594613995,117,0.7356216357304499,0.652956485748291,0.9097712635993958,0.042258857652078013,117
svhn,82,train,543,307.9342857351294,28078808,0.5670981321088939,0.5203622080152854,0.5948375840089284,0.007191545219385085,543,225.74201452107374,215.1847889928871,245.98250608591476,3.004098311027186,543,91199.7738665138,86934.65475312638,99376.93245870958,1213.6557176549834,543,0.9999455315632056,0.9997888803482056,1.0,3.36924258003115e-05,543,0.0009610427805187411,0.0002878019295167178,0.0014983544824644923,0.00012527671544483576,543
svhn,82,validation,117,0.5791402940521948,59576,0.004949917043181152,0.0038076670025475323,0.0067447079927660525,0.00031618561184657663,117,25768.645720554985,12080.888367922811,27747.16459912099,1828.2886870522789,117,103074.58288221994,48323.553471691244,110988.65839648397,7313.1547482091155,117,0.9246775996990693,0.90625,0.9274088740348816,0.0030126811901700504,117,0.7412509928401719,0.6536074876785278,0.9276083111763,0.043340041493508355,117
svhn,83,train,543,307.7957538063638,28078808,0.5668430088514987,0.519856333034113,0.61387212498812,0.007493958377051461,543,225.84662070123127,208.5124813290343,246.22187297966536,3.1119368658322104,543,91242.03476329743,84239.04245692986,99473.6366837848,1257.2224937962133,543,0.9999826027982582,0.9999464750289917,1.0,1.9013414338569747e-05,543,0.0007601869430572642,0.00010441149061080068,0.000955824158154428,0.00010931017003858176,543
svhn,83,validation,117,0.5720551611739211,59576,0.004889360351913855,0.003933167026843876,0.007365166966337711,0.0003035198613125255,117,26083.05793374835,11695.409751492849,27743.4115525927,1810.1328799025214,117,104332.2317349934,46781.639005971396,110973.6462103708,7240.5315196100855,117,0.9240932367805742,0.8984375,0.9265202879905701,0.003290655596957919,117,0.7453003729510511,0.654242992401123,0.9342242479324341,0.042573766758086204,117
svhn,84,train,543,307.87907608720707,28078808,0.5669964568825177,0.5157192089827731,0.5931610830011778,0.007454969873104704,543,225.78564208187703,215.792983842377,248.19707656899718,3.137536317772696,543,91217.39940107834,87180.3654723203,100271.61893387487,1267.5646723801694,543,0.9999554110056349,0.9998922348022461,1.0,2.7185633544880635e-05,543,0.0008112561205508356,0.0006003741873428226,0.00175963353831321,0.00010483924069546736,543
svhn,84,validation,117,0.5760800801217556,59576,0.004923761368562014,0.0037189170252531767,0.009392540960106999,0.0004894606048968325,117,25973.022539793463,12369.192344878522,28104.072607068643,2015.5224813030509,117,103892.09015917385,49476.76937951409,112416.29042827457,8062.0899252122035,117,0.9235347983164665,0.8984375,0.9262242317199707,0.0037816883509644078,117,0.7559305862483815,0.6783422231674194,0.9475391507148743,0.0457421059792897,117
svhn,85,train,543,307.7925256464514,28078808,0.5668370638056195,0.5163975830073468,0.5937765000271611,0.006982118274181236,543,225.84389861965363,215.56932615916074,247.87102847105876,2.924748364870635,543,91240.93504234006,87090.00776830093,100139.89550230774,1181.5983394077366,543,0.9999602388720925,0.999913215637207,1.0,2.1643718938690325e-05,543,0.0008089743495580499,0.0001895690365927294,0.000971248431596905,0.0001225791511339645,543
svhn,85,validation,117,0.5817251706612296,59576,0.0049720100056515355,0.004114040988497436,0.009427791985217482,0.0005346872323237231,117,25767.801438681905,11181.220636501363,27625.901207631076,2251.79184856017,117,103071.20575472762,44724.88254600545,110503.6048305243,9007.16739424068,117,0.9235947590607864,0.8984375,0.9261067509651184,0.003678520747098008,117,0.7650758313317584,0.6822037696838379,0.9584206938743591,0.04589672117471873,117
svhn,86,train,543,307.6938588283374,28078808,0.5666553569582641,0.5158356670290232,0.5959777500247583,0.007626629681475973,543,225.92355736823035,214.77311861840914,248.14104216023154,3.2161644433372554,543,91273.11717676507,86768.3399218373,100248.98103273354,1299.330435108251,543,0.999968799548035,0.999925971031189,1.0,2.3583287638105436e-05,543,0.0006741380877385489,0.0003944859199691564,0.000825868162792176,0.00012795981406740764,543
svhn,86,validation,117,0.5783066676813178,59576,0.0049427920314642545,0.0038599169929511845,0.008980458020232618,0.0004447925943216169,117,25854.259654579924,11917.354721358835,27655.74541911757,1962.5597020849887,117,103417.0386183197,47669.41888543534,110622.98167647028,7850.238808339955,117,0.9232244950074416,0.90625,0.9256604313850403,0.0037602251523417996,117,0.7671221015799758,0.6758348941802979,0.9878534078598022,0.047784175817435874,117
svhn,87,train,543,307.7536030897172,28078808,0.5667653832223153,0.5161885420093313,0.5871005000080913,0.0072254782892984485,543,225.87549786912908,216.77992772085292,247.97140886107871,3.0629387699736017,543,91253.70113912814,87579.09079922459,100180.44917987581,1237.4272630693354,543,0.999939051451604,0.9995887875556946,1.0,5.4911865188662396e-05,543,0.0007003977231022732,0.000593707722146064,0.0020040548406541348,0.00010012137633452952,543
svhn,87,validation,117,0.5779472517897375,59576,0.0049397201007669875,0.003690207959152758,0.00905249995412305,0.0004693707718364937,117,25879.624729033523,12465.422141293422,27324.638352817143,1980.2092187846415,117,103518.49891613409,49861.68856517369,109298.55341126857,7920.836875138566,117,0.9238133562935723,0.8984375,0.9266269207000732,0.0038807292345764796,117,0.7741012884001447,0.6783243417739868,0.9651820063591003,0.04512639505507751,117
svhn,88,train,543,307.927257712814,28078808,0.5670851891580369,0.5192753750015981,0.5899538340163417,0.0074429824269592396,543,225.74995658787935,216.96612958439457,246.49734257012682,3.115299367817217,543,91202.98246150326,87654.31635209541,99584.92639833123,1258.5809445981554,543,0.9999741528793813,0.99993896484375,1.0,1.6338770603369752e-05,543,0.0005713155357858328,0.00031774441595189273,0.0007996128988452256,6.383412404680093e-05,543
svhn,88,validation,117,0.578005499963183,59576,0.004940217948403273,0.003872875007800758,0.009614000038709491,0.0005094441923110483,117,25900.72385247834,11877.481175443732,27642.307739374635,2078.512336966846,117,103602.89540991336,47509.92470177493,110569.23095749854,8314.049347867383,117,0.9234953471738049,0.90625,0.9261437058448792,0.0033592874903067673,117,0.7793576467750419,0.680252194404602,0.9627900123596191,0.04521771263772507,117
svhn,89,train,543,307.92841488146223,28078808,0.5670873202236874,0.5149304589722306,0.6234836250077933,0.007898131309182634,543,225.75378645703475,205.29809423366981,248.57725498600357,3.2745537013428683,543,91204.52972864204,82940.4300704026,100425.21101434543,1322.919695342519,543,0.999982736716613,0.9999566078186035,1.0,1.6334501702401018e-05,543,0.0005567663642768637,0.00013190078607294708,0.000681682548020035,8.143590637994791e-05,543
svhn,89,validation,117,0.5807028352282941,59576,0.004963272095968326,0.0038821250200271606,0.007081374991685152,0.00031169760560024703,117,25698.298717659723,11849.180477881202,27595.127807973775,1824.1189733145054,117,102793.1948706389,47396.72191152481,110380.5112318951,7296.475893258022,117,0.9242056674427457,0.90625,0.9265202879905701,0.0028908352404834565,117,0.7848433673891246,0.6814127564430237,0.9662017822265625,0.04483616158988833,117
svhn,90,train,543,307.8459723707638,28078808,0.5669354923955134,0.5141282920376398,0.600335749972146,0.007799064334458523,543,225.8137250348173,213.21402232990266,248.96509681017324,3.276151490245438,543,91228.7449140662,86138.46502128067,100581.89911130999,1323.5652020591567,543,0.9999679027341347,0.9999135732650757,1.0,2.7693233225821848e-05,543,0.0005313606272858069,0.00021278843632899225,0.0007442409405484796,0.00011719567169161045,543
svhn,90,validation,117,0.5979750824044459,59576,0.005110898140208939,0.0037515840376727283,0.008865542011335492,0.0007687073890793002,117,25255.146412308583,12261.487291255193,27846.517891838026,2850.353337765326,117,101020.58564923433,49045.94916502077,111386.0715673521,11401.413351061305,117,0.9237817439258608,0.8984375,0.9267578125,0.003992729121694642,117,0.7969350300283513,0.7253354787826538,1.0230813026428223,0.04841602910308847,117
svhn,91,train,543,307.7764307462494,28078808,0.5668074231054316,0.5187491250107996,0.5990960419876501,0.007305160815766165,543,225.85904114103855,213.65522558841846,246.74740414711104,3.054338210453624,543,91247.05262097958,86316.71113772105,99685.95127543286,1233.952637023264,543,0.9999579022163405,0.9998697638511658,1.0,2.4570917011038288e-05,543,0.0006242985601329397,0.00021670546266250312,0.0010223499266430736,0.00010291682626557483,543
svhn,91,validation,117,0.5995080370921642,59576,0.0051240003170270445,0.003903291013557464,0.009223708009812981,0.0008344726550407073,117,25248.754584843038,11784.92708850718,27554.53708287098,2992.063712057258,117,100995.01833937215,47139.70835402872,110218.14833148391,11968.254848229031,117,0.9232370909462627,0.8984375,0.9263091087341309,0.00430191002784227,117,0.7988521446529616,0.705959677696228,0.9951051473617554,0.04735097230945985,117
svhn,92,train,543,307.6573425034294,28078808,0.5665881077411222,0.5184825829928741,0.5962096250150353,0.007666316980493158,543,225.95051108126333,214.6895900863259,246.87425228661772,3.209811604552107,543,91284.00647683039,86734.59439487566,99737.19792379356,1296.7638882390513,543,0.9998878875050975,0.99609375,1.0,0.0002495091105221798,543,0.000948075337850439,0.0004492773732636124,0.019301267340779305,0.0012067305994972778,543
svhn,92,validation,117,0.5742547089466825,59576,0.004908159905527201,0.003906333004124463,0.007827958033885807,0.0004092211573197115,117,26034.978537834915,11775.74977643518,27735.644736458413,2033.8173117647978,117,104139.91415133966,47102.99910574072,110942.57894583365,8135.269247059191,117,0.9244229217879792,0.90625,0.9267314076423645,0.002910713972168846,117,0.8024060221818777,0.7019409537315369,0.9913137555122375,0.045364800295639364,117
svhn,93,train,543,307.47394483548123,28078808,0.566250358813041,0.5168890419881791,0.5887052079779096,0.0074557681841562985,543,226.08337905025468,217.42630821910961,247.6353522753289,3.1546542354515754,543,91337.6851363029,87840.22852052028,100044.68231923287,1274.4803111224367,543,0.999996962138961,0.999970018863678,1.0,7.483101574592167e-06,543,0.00033761361008960216,0.00020327186211943626,0.00048466812586411834,4.8055772139370935e-05,543
svhn,93,validation,117,0.5743870451115072,59576,0.004909290983859036,0.0037881669704802334,0.0070408330066129565,0.0003075131598733304,117,25975.713733993893,12143.076152255371,27705.62792556651,1789.0112055872776,117,103902.85493597557,48572.304609021485,110822.51170226604,7156.04482234911,117,0.9235847658581204,0.8984375,0.9263852834701538,0.003833467294406031,117,0.8083995280102787,0.7072284817695618,1.0015614032745361,0.04762200624477798,117
svhn,94,train,543,307.88459411857184,28078808,0.5670066190028947,0.5197344169719145,0.5973102919524536,0.007672324901408228,543,225.78371919447412,214.29398040606492,246.279630172956,3.2062483268075335,543,91216.62255456753,86574.76808405023,99496.97058987422,1295.3243240302436,543,0.999954101459756,0.9998875856399536,1.0,2.7798478528029116e-05,543,0.0005810923865226309,6.045196278137155e-05,0.0008735546143725514,0.00013636867596072323,543
svhn,94,validation,117,0.5711559199844487,59576,0.004881674529781613,0.003786750021390617,0.005720999964978546,0.00022551834920363364,117,26091.306389423775,12147.619922137696,27988.083280658426,1638.5479903447344,117,104365.2255576951,48590.47968855078,111952.3331226337,6554.191961378938,117,0.9237306357448937,0.90625,0.9266269207000732,0.003297209022573857,117,0.8125750697576083,0.7152317762374878,1.0179240703582764,0.047907016186154304,117
svhn,95,train,543,308.01513919973513,28078808,0.5672470335170076,0.5170168330078013,0.6105209580273367,0.00802799964245769,543,225.69166759636883,209.65701228927944,247.57414426015137,3.322974420676018,543,91179.43370893301,84701.4329648689,100019.95428110116,1342.4816659531111,543,0.9999443564845273,0.9998937249183655,1.0,3.880700193601277e-05,543,0.0005783597711674375,0.0002921384875662625,0.0007802544860169291,0.00017900875934181727,543
svhn,95,validation,117,0.6011120442999527,59576,0.005137709780341476,0.0037442909670062363,0.007711124955676496,0.0007584294427516041,117,25141.35933913802,12285.370022079105,27987.57532227053,2976.4979212629614,117,100565.43735655208,49141.48008831642,111950.30128908213,11905.991685051846,117,0.9232601696609432,0.8984375,0.9258868098258972,0.0036662547264422773,117,0.8201830967878684,0.7165317535400391,1.009641170501709,0.04441914550192305,117
svhn,96,train,543,307.66165505960817,28078808,0.5665960498335325,0.5170578339602798,0.5848376250360161,0.007553533867733404,543,225.94631922435823,218.86416762621482,247.5545124606562,3.1805110188624655,543,91282.31296664073,88421.12372099078,100012.0230341051,1284.9264516204353,543,0.9999287037340098,0.9984375238418579,1.0,0.00014042040489670434,543,0.0006511148397530331,0.00012588524259626865,0.00596902659162879,0.0005111240634229176,543
svhn,96,validation,117,0.5753471717471257,59576,0.004917497194419878,0.003754083998501301,0.007268416986335069,0.00033549178351278703,117,25942.693496739063,12253.321987031735,28026.899670661285,1825.8953713224241,117,103770.77398695625,49013.28794812694,112107.59868264514,7303.5814852896965,117,0.9238311627991179,0.90625,0.9269425868988037,0.003303241309321493,117,0.8298188177948325,0.7224428057670593,1.014620065689087,0.043931936248635735,117
svhn,97,train,543,307.7650925969938,28078808,0.5667865425359001,0.5165424160077237,0.5963402500492521,0.007976828593828882,543,225.8749350116423,214.64256351877708,247.80152807061262,3.336163597548269,543,91253.4737447035,86715.59566158595,100111.8173405275,1347.8100934095003,543,0.9999902789544445,0.999967634677887,1.0,1.1745250098169378e-05,543,0.00035222608355537716,0.0002988970372825861,0.0007184355054050684,4.725128678963535e-05,543
svhn,97,validation,117,0.5771713728900068,59576,0.004933088657179545,0.0039053750224411488,0.006766459031496197,0.0002919039441605527,117,25848.481177639384,11778.6383473223,27829.11196979838,1798.7819047452085,117,103393.92471055753,47114.5533892892,111316.44787919353,7195.127618980834,117,0.9236717050911015,0.8984375,0.9265463948249817,0.0043334964808345,117,0.8321924983945668,0.7402294874191284,1.0400934219360352,0.049440600362936446,117
svhn,98,train,543,307.65050669631455,28078808,0.5665755187777431,0.5190787089522928,0.5891696670441888,0.007640893969595283,543,225.9553517753708,217.25490492775108,246.59073429991935,3.206882033419323,543,91285.9621172498,87770.98159081144,99622.65665716742,1295.5803415014066,543,0.9999265800303956,0.9994791746139526,1.0,6.278228563862722e-05,543,0.0004986590880488558,0.00019400996097829193,0.001637361478060484,0.00017333594613744125,543
svhn,98,validation,117,0.5770415379665792,59576,0.004931978956979309,0.0038730420055799186,0.007409708050545305,0.00035177914321856074,117,25879.31314777699,11876.969042351588,28076.58511173552,1907.7506088299383,117,103517.25259110796,47507.87616940635,112306.34044694208,7631.002435319753,117,0.9230490673301567,0.8984375,0.9259825944900513,0.004176256489649268,117,0.834194243973137,0.7251142263412476,1.0284994840621948,0.046939555786504224,117
svhn,99,train,543,307.58103138557635,28078808,0.5664475716124795,0.5183657089946792,0.588529207976535,0.0075996057809682195,543,226.00602433309558,217.49132968283104,246.9299141107227,3.1968768253514557,543,91306.43383057062,87866.49719186375,99759.68530073197,1291.5382374419883,543,0.9999769103900285,0.9999480843544006,1.0,1.8189621036058457e-05,543,0.00035023775662301526,0.00018352019833400846,0.0004691663780249655,8.531583709221987e-05,543
svhn,99,validation,117,0.575050335843116,59576,0.0049149601354112485,0.004050625022500753,0.006123708037193865,0.0002502564888876153,117,25932.39148314715,11356.272117136325,27807.195965315903,1761.0267709094794,117,103729.5659325886,45425.0884685453,111228.78386126361,7044.107083637918,117,0.9230014982386532,0.8984375,0.9263047575950623,0.004438497150177977,117,0.8433723108381288,0.7330372929573059,1.042838454246521,0.04826165717243109,117
svhn,100,train,543,307.62276066449704,28078808,0.5665244211132542,0.5172454169951379,0.5884639999712817,0.007680593577370966,543,225.97634218933348,217.51543001143088,247.4647349097792,3.23533102455425,543,91294.44224449072,87876.23372461808,99975.75290355079,1307.0737339199172,543,0.9999874916963595,0.9999417066574097,1.0,1.580760228572005e-05,543,0.0002657184846297037,0.0001105588162317872,0.0004101696831639856,4.8828672912793996e-05,543
svhn,100,validation,117,0.5993028754019178,59576,0.00512224679830699,0.0038966250140219927,0.008760292024817318,0.0007291894135897542,117,25193.07891544561,11805.087693701382,27728.88538073091,2924.356452350922,117,100772.31566178244,47220.35077480553,110915.54152292364,11697.425809403689,117,0.9226194808625767,0.8984375,0.9257425665855408,0.004332579640439279,117,0.8521753625992017,0.7451287508010864,1.0734550952911377,0.052897901172821796,117
gtsrb,1,train,215,117.67392045503948,11105556,0.5473205602559976,0.5086834580288269,0.801690416992642,0.022614499816630218,215,233.92358149200743,159.6626294725621,251.62996354551458,8.831520106996575,215,94505.12692277099,64503.70230691509,101658.50527238789,3567.934123226616,215,0.16423776154947836,0.0390625,0.3674924373626709,0.11054010682472873,215,3.5925272819607756,3.3955607414245605,3.8193187713623047,0.11342420664474416,215
gtsrb,1,validation,47,0.2678004111512564,23620,0.005697881088324605,0.0033893330255523324,0.04887866700300947,0.006371921450160444,47,25778.464679949782,2618.7293526666554,28042.760071015913,4713.95877950337,47,103113.85871979913,10474.917410666621,112171.04028406365,18855.83511801348,47,0.7437378865607241,0.7356477379798889,0.8046875,0.010850841462488391,47,2.9921182165754603,2.9455008506774902,3.0023648738861084,0.009845483014681198,47
gtsrb,2,train,215,121.45917021069909,11105556,0.564926373073019,0.5271364580257796,0.5796568330260925,0.004948292543418433,215,226.3225128087735,184.01307388846215,235.17004814346996,3.3596870576785514,215,91434.2951747445,74341.2818509387,95008.69944996186,1357.313571302135,215,0.76239548283954,0.734375,0.7786387205123901,0.013207990578122742,215,2.825723630328511,2.6535699367523193,2.991405487060547,0.10263331968549584,215
gtsrb,2,validation,47,0.2338133790763095,23620,0.004974752746304457,0.003465667017735541,0.006999249977525324,0.0004107936514836535,47,25218.39588625443,4905.260636120709,27410.46064545779,3312.261091812195,47,100873.58354501773,19621.042544482836,109641.84258183117,13249.04436724878,47,0.8092726671949346,0.7984758615493774,0.84375,0.01015947938719438,47,2.314391795625078,2.2592930793762207,2.3315677642822266,0.014842186679256622,47
gtsrb,3,train,215,121.93943082808983,11105556,0.5671601433864643,0.5266028339974582,0.6002477500005625,0.0056162375834702015,215,225.43481984660414,184.19954040822384,240.764748153969,3.4430240311493696,215,91075.66721802807,74416.61432492244,97268.95825420348,1390.981708584345,215,0.8090494000634482,0.780468761920929,0.8212375640869141,0.01037000938730777,215,2.172324549874594,2.0183968544006348,2.346937417984009,0.09249298742636676,215
gtsrb,3,validation,47,0.23234316398156807,23620,0.004943471574075917,0.003546833002474159,0.005552874994464219,0.0002561842842657069,47,25312.040234813798,4793.008294481679,26854.790059885792,3116.7231348250916,47,101248.16093925519,19172.033177926714,107419.16023954317,12466.892539300366,47,0.8507262595156406,0.8392887115478516,0.8984375,0.011478642478116585,47,1.7088214412648628,1.6329251527786255,1.7315831184387207,0.020496626990938658,47
gtsrb,4,train,215,121.99302399717271,11105556,0.5674094139403382,0.5297025839681737,0.5891369580058381,0.005496104127865697,215,225.33789398489856,182.07619418584963,241.6450360523268,3.584543795247734,215,91036.50916989903,73558.78245108324,97624.59456514003,1448.1556932800845,215,0.8544207919475644,0.8359375,0.8828125,0.005745045053709025,215,1.5913611922153206,1.4749672412872314,1.7013193368911743,0.06622946875883379,215
gtsrb,4,validation,47,0.23372146196197718,23620,0.004972797063020791,0.0034727499587461352,0.005543166946154088,0.0002598274913349614,47,25150.550580875493,4895.255979252243,26575.314000534643,3059.949972749568,47,100602.20232350197,19581.023917008974,106301.25600213857,12239.799890998273,47,0.8805892847953959,0.8712635636329651,0.9140625,0.0076366978879467695,47,1.2388141079151884,1.1480733156204224,1.263649821281433,0.022740958858799742,47
gtsrb,5,train,215,122.00737317331368,11105556,0.5674761542944823,0.5285956249572337,0.5838671669480391,0.005473116929606215,215,225.30942570256127,183.4408393125494,242.15107722534765,3.4804570267050416,215,91025.00798383476,74110.09908226997,97829.03519904046,1406.1046387888364,215,0.8806632920753125,0.861328125,0.8877005577087402,0.004401904435045136,215,1.1586613111717756,1.0791555643081665,1.2708325386047363,0.047030087170470615,215
gtsrb,5,validation,47,0.23296028788900003,23620,0.004956601869978724,0.0035942920367233455,0.005760832980740815,0.00028609587609351814,47,25265.15203215831,4729.7214100325755,27190.168133640476,3182.217352710812,47,101060.60812863323,18918.885640130302,108760.6725345619,12728.869410843248,47,0.9005096440619611,0.8926333785057068,0.9375,0.0073748390702466715,47,0.9199938964336476,0.8293901681900024,0.9434853792190552,0.021497635930981317,47
gtsrb,6,train,215,121.93535908387275,11105556,0.5671412050412686,0.5286775000276975,0.5824110409594141,0.00488956407991531,215,225.43797199906115,183.47669419432103,239.20348975852235,3.3203204745027795,215,91076.9406876207,74124.58445450569,96638.20986244304,1341.4094716991237,215,0.9020760921544807,0.8359375,0.9145112633705139,0.010379008062276665,215,0.874886882859607,0.8138008117675781,1.0708656311035156,0.041861407145682025,215
gtsrb,6,validation,47,0.23551445704651996,23620,0.005010945894606808,0.0041382500203326344,0.0056059169583022594,0.0002110752866125238,47,25021.113765516362,4108.016653530647,26966.05748160877,3191.9813174046635,47,100084.45506206545,16432.06661412259,107864.22992643507,12767.925269618654,47,0.9278706375588762,0.9206597208976746,0.96875,0.007663674947197665,47,0.7048198897787865,0.6198119521141052,0.7260398864746094,0.019622129133548827,47
gtsrb,7,train,215,122.03576833981788,11105556,0.5676082248363622,0.5314690829836763,0.5849002089817077,0.005236149663469923,215,225.25629630240704,182.51296849750952,240.2990029954794,3.4811030144769597,215,91003.54370617245,73735.23927299384,97080.79721017368,1406.365617848692,215,0.935215169329976,0.9140625,0.9397321343421936,0.0019208894983369046,215,0.6618488195330597,0.6262028813362122,0.7374289035797119,0.022955204299278765,215
gtsrb,7,validation,47,0.23413749923929572,23620,0.004981648919985015,0.0033995829871855676,0.005514458985999227,0.0002753398443996318,47,25102.53800470699,5000.613329364225,27090.663577517746,3049.9004367443413,47,100410.15201882795,20002.4533174569,108362.65431007098,12199.601746977365,47,0.9423678682205525,0.9370887875556946,0.9765625,0.006109932491662388,47,0.5474330262934908,0.4704362154006958,0.5657324194908142,0.017474171230088775,47
gtsrb,8,train,215,122.03406688332325,11105556,0.5676003110852245,0.5303581249900162,0.6030106660327874,0.006168891139506552,215,225.26697364956516,182.36407767229448,241.34635441365126,3.719478276460702,215,91007.85735442434,73675.08737960698,97503.9271831151,1502.6692236901229,215,0.9482096996418266,0.93359375,0.9502617716789246,0.00264893951342195,215,0.5161745499732883,0.4849016070365906,0.6130164861679077,0.024321552505709946,215
gtsrb,8,validation,47,0.23280579200945795,23620,0.004953314723605488,0.0035241669975221157,0.005626791971735656,0.0002648619739949792,47,25261.52356155147,4823.834969214826,26843.05900402074,3112.620198864481,47,101046.09424620587,19295.339876859303,107372.23601608296,12450.480795457925,47,0.9603264319135788,0.9555920958518982,0.984375,0.0049548828529633795,47,0.42700880512278133,0.35428309440612793,0.4425061047077179,0.01605921844438145,47
gtsrb,9,train,215,121.99769257655134,11105556,0.5674311282630295,0.5323574999929406,0.5880919580231421,0.005353709718659924,215,225.32798061910165,182.2083844057542,240.06339173649627,3.5381872381294417,215,91032.50417011706,73612.1872999247,96985.6102615445,1429.4276442042942,215,0.9665311464043551,0.94921875,0.9692359566688538,0.0023496541213059705,215,0.3947552248489025,0.37544137239456177,0.43483608961105347,0.011308091652477772,215
gtsrb,9,validation,47,0.2314957908820361,23620,0.004925442359192257,0.0034940000041387975,0.005618042021524161,0.00026774217710016083,47,25405.162607128303,4865.483680556024,27037.017706501952,3133.756745893596,47,101620.65042851321,19461.934722224098,108148.07082600781,12535.026983574384,47,0.9700174927711487,0.9676942825317383,0.984375,0.0025793060347637366,47,0.33487505545007423,0.2667030692100525,0.3474886417388916,0.014493131896595528,47
gtsrb,10,train,215,122.05726708681323,11105556,0.5677082190084336,0.5257986659999005,0.5884350000414997,0.005293312923781261,215,225.2140864011828,184.48125922027035,238.69523248314397,3.320800636122707,215,90986.49090607786,74530.42872498922,96432.87392319017,1341.6034569935741,215,0.9798729311588199,0.97802734375,0.9869791865348816,0.0012253381274238565,215,0.30979623572770937,0.2926512658596039,0.35093823075294495,0.011142846483501338,215
gtsrb,10,validation,47,0.2329187918221578,23620,0.004955718974939528,0.003435665974393487,0.005623416975140572,0.00028037726601731473,47,25245.157415153484,4948.094525691219,27827.09727446778,3106.81973143665,47,100980.62966061394,19792.378102764877,111308.38909787111,12427.2789257466,47,0.983961339960707,0.9817708134651184,1.0,0.0025808735825702724,47,0.2659226877892271,0.20352043211460114,0.27618733048439026,0.013054753373250001,47
gtsrb,11,train,215,122.06575637793867,11105556,0.5677477040834357,0.5298718750127591,0.5860169579973444,0.005008521889265601,215,225.198210725691,183.06312256649642,237.13683212280316,3.3594471891552877,215,90980.07713317916,73957.50151686456,95803.28017761247,1357.2166644187355,215,0.9875062074772147,0.9828125238418579,0.9921875,0.001850949684604712,215,0.24682104490524115,0.23072181642055511,0.2761949896812439,0.010666471223036128,215
gtsrb,11,validation,47,0.24066742073046044,23620,0.00512058341979703,0.003540041041560471,0.009656667010858655,0.0008425918415501738,47,24789.771420277368,4802.204211877244,26937.68247501544,3864.000431647384,47,99159.08568110947,19208.816847508977,107750.72990006176,15456.001726589537,47,0.9877539733622936,0.984375,1.0,0.0019568579582308603,47,0.2147744317004021,0.1567949652671814,0.22311130166053772,0.011624717369790606,47
gtsrb,12,train,215,121.91873644682346,11105556,0.5670638904503417,0.5299460000242107,0.5877854999853298,0.005792326624465086,215,225.47757541014383,182.42524035499346,241.53404308014836,3.664299231554877,215,91092.94046569812,73699.79710341735,97579.75340437994,1480.3768895481708,215,0.9918726652167564,0.984375,0.992919921875,0.0015590715016464138,215,0.19713877765245216,0.1840607225894928,0.24997854232788086,0.009779690861209852,215
gtsrb,12,validation,47,0.2335212911129929,23620,0.004968538108787083,0.0035278340219520032,0.0056881249765865505,0.00027545469703504986,47,25189.164483195887,4818.8208102244125,27653.756094287673,3128.2644798006772,47,100756.65793278355,19275.28324089765,110615.0243771507,12513.057919202709,47,0.9891115363608015,0.9869791865348816,1.0,0.0017589886370620181,47,0.1755526398724698,0.12434136867523193,0.18225976824760437,0.010223533060945486,47
gtsrb,13,train,215,122.03181324305478,11105556,0.5675898290374641,0.5310938339680433,0.5867700000526384,0.005547848260413642,215,225.2665951048319,182.13707842282366,241.0120242663219,3.593048696138544,215,91007.70442235208,73583.37968282076,97368.85780359406,1451.591673239972,215,0.993855893611908,0.984375,0.9973958134651184,0.0009412340297094691,215,0.15622050970099693,0.1480964571237564,0.18230289220809937,0.005276597724945713,215
gtsrb,13,validation,47,0.2367665819474496,23620,0.005037586849945736,0.0034949579858221114,0.008803834032732993,0.0006214993761941656,47,25012.388540027805,4864.1500324076505,27416.3317392424,3488.3114947014037,47,100049.55416011122,19456.600129630602,109665.3269569696,13953.245978805615,47,0.9912413764507213,0.9895833134651184,1.0,0.0013804394355749745,47,0.1455080307861592,0.09897235780954361,0.15093418955802917,0.00902582313626492,47
gtsrb,14,train,215,121.97173775965348,11105556,0.5673104081844348,0.5267804999602959,0.5870359169784933,0.006475942146815424,215,225.38599846357957,182.11714443198647,242.98545600994632,3.8692290664466182,215,91055.94337928614,73575.32635052253,98166.12422801832,1563.1685428444343,215,0.9964297530262969,0.984375,0.9972098469734192,0.0011509755617407822,215,0.12427608117807744,0.11981485038995743,0.13603395223617554,0.0026548578065226382,215
gtsrb,14,validation,47,0.234225335996598,23620,0.0049835177871616594,0.0035938750370405614,0.005541332997381687,0.00026671110643225417,47,25115.58504970767,4730.270202716604,26978.36795202038,3118.0835115209225,47,100462.34019883069,18921.080810866417,107913.47180808152,12472.33404608369,47,0.9924189080583289,0.9895833134651184,1.0,0.0013537003455964443,47,0.12169371608723985,0.08020932227373123,0.12654656171798706,0.00797572026338083,47
gtsrb,15,train,215,121.90038158092648,11105556,0.5669785189810533,0.5289200830156915,0.5872434159973636,0.00640676684258708,215,225.51657851139709,182.7864043121675,242.00253329424555,3.8153419932183343,215,91108.69771860442,73845.70734211567,97769.0234508752,1541.3981652602067,215,0.9977846999501073,0.99609375,1.0,0.0004856652799496781,215,0.10381173363258672,0.09307357668876648,0.1122073084115982,0.003658311538998946,215
gtsrb,15,validation,47,0.23476683598710224,23620,0.004995039063555366,0.003476291021797806,0.005621875054202974,0.0002873560834413217,47,25051.310911827295,4890.269512363278,26989.27284772736,3102.245955370182,47,100205.24364730918,19561.078049453114,107957.09139090944,12408.983821480728,47,0.9935250675424616,0.9895833134651184,1.0,0.0015397285740952778,47,0.1027880997416821,0.06559838354587555,0.10767821222543716,0.007092935519403611,47
gtsrb,16,train,215,121.95311690983362,11105556,0.5672237995806215,0.5312825830187649,0.586800666002091,0.00617260317042032,215,225.4168737726629,182.57703734393635,240.09438695461708,3.7434067430291247,215,91068.4170041558,73761.12308695029,96998.1323296653,1512.3363241837667,215,0.9987173887186273,0.9979968070983887,1.0,0.0003181859128078058,215,0.0843122619529103,0.07609695196151733,0.08918911218643188,0.002632762836681765,215
gtsrb,16,validation,47,0.23244328901637346,23620,0.004945601893965393,0.0036342079984024167,0.005577208008617163,0.00024190987982757202,47,25306.001029397732,4677.772985881142,26793.657458250647,3123.380641390387,47,101224.00411759093,18711.091943524567,107174.62983300259,12493.522565561549,47,0.9943749955359925,0.9921875,1.0,0.0012048411375880752,47,0.08729468412855838,0.05215521156787872,0.09206514060497284,0.00667134789695939,47
gtsrb,17,train,215,121.91533257818082,11105556,0.5670480585031666,0.5282071250258014,0.5878860829980113,0.006418267452106624,215,225.49033027500215,181.90491484044003,242.32918098889252,3.885424179971315,215,91098.09343110088,73489.58559553778,97900.98911951258,1569.711368708411,215,0.9991714480311371,0.9973958134651184,1.0,0.00020697101573105306,215,0.07030536840821422,0.06628578901290894,0.08198162913322449,0.0032103160797677297,215
gtsrb,17,validation,47,0.2394366260850802,23620,0.005094396299682558,0.0034148329868912697,0.007378083013463765,0.0005237296356616622,47,24685.753243145173,4978.281533901936,27146.924074954888,3438.494392554165,47,98743.01297258069,19913.126135607745,108587.69629981955,13753.97757021666,47,0.9947058051190478,0.9921875,1.0,0.0012490843665266616,47,0.07512766756909958,0.04278120398521423,0.07971207052469254,0.006078952550898426,47
gtsrb,18,train,215,121.94439765933203,11105556,0.5671832449271257,0.5274082500254735,0.6235095000010915,0.00806470907362441,215,225.4516497697932,182.59689957859987,242.69624146724604,4.267329351852633,215,91082.46650699647,73769.14742975435,98049.2815527674,1724.0010581484646,215,0.9995791451875553,0.9992897510528564,1.0,0.00015256511634672057,215,0.05681671931646591,0.054504554718732834,0.06075059622526169,0.001082005432762006,215
gtsrb,18,validation,47,0.2330460421508178,23620,0.004958426428740804,0.0035456669866107404,0.005590417014900595,0.000274328633124016,47,25243.2548723418,4794.584506722131,27340.44347535609,3140.3806932801467,47,100973.0194893672,19178.338026888523,109361.77390142436,12561.522773120587,47,0.995109258814061,0.9933035969734192,1.0,0.0009026455917155884,47,0.06581949886489422,0.03440754488110542,0.0702405795454979,0.005806704058640207,47
gtsrb,19,train,215,122.01411599601852,11105556,0.5675075162605513,0.5300153749994934,0.5885284169926308,0.007106551183257656,215,225.3125502506544,182.95824143270244,241.50242811375492,3.9839769036474686,215,91026.27030126439,73915.12953881179,97566.98095795698,1609.5266690735773,215,0.9995291970496953,0.9921875,0.9997632503509521,0.0006036746532527603,215,0.0485666070046813,0.04619856923818588,0.05381014198064804,0.0015271737489692128,215
gtsrb,19,validation,47,0.2403349171509035,23620,0.005113508875551138,0.003556500014383346,0.008957290963735431,0.0006758599171413702,47,24685.545605638996,4779.980298396707,27038.44552778512,3566.3076196802967,47,98742.18242255598,19119.92119358683,108153.78211114048,14265.230478721187,47,0.9956975173442921,0.9937499761581421,1.0,0.0008118347495627926,47,0.05772885101589751,0.028657417744398117,0.06194010004401207,0.005329750444403629,47
gtsrb,20,train,215,122.00499455118552,11105556,0.5674650909357466,0.5295204589492641,0.5905325419735163,0.007368529248501126,215,225.33416722234816,181.63138678795153,241.72814824566444,4.16145060990955,215,91035.00355782869,73379.08026233241,97658.17189124844,1681.2260464034582,215,0.9997319606847541,0.999509334564209,1.0,9.664232131494592e-05,215,0.04020895500515782,0.039125099778175354,0.05552388355135918,0.0013626714023885565,215
gtsrb,20,validation,47,0.24583675293251872,23620,0.005230569211330185,0.0038012079894542694,0.006519125017803162,0.00037789245419344144,47,23981.895591359,4472.262514222656,26025.96155770609,3157.424267479601,47,95927.582365436,17889.050056890625,104103.84623082436,12629.697069918404,47,0.9956536686166804,0.9937499761581421,1.0,0.000817445874874914,47,0.0519101341512609,0.02433323860168457,0.0564422607421875,0.00506310277687365,47
gtsrb,21,train,215,122.69953504489968,11105556,0.5706955118367427,0.5249018329777755,0.6019960829871707,0.009796592855111355,215,224.08439760429164,183.2321487697041,243.85512101158838,4.751853283139892,215,90530.09663213383,74025.78810296046,98517.46888868172,1919.748726388516,215,0.9996799030969309,0.9993990659713745,1.0,0.00013543070747793555,215,0.03484088298539783,0.027509745210409164,0.036949273198843,0.0010363236675575021,215
gtsrb,21,validation,47,0.2341260449611582,23620,0.004981405211939536,0.003657334018498659,0.005592167028225958,0.00024258121140011696,47,25123.45441802129,4648.194535695847,26940.98765317027,3099.7989892130413,47,100493.81767208516,18592.778142783387,107763.95061268107,12399.195956852165,47,0.9959841776401439,0.9937499761581421,1.0,0.0008375564912149452,47,0.04659696081851391,0.020671024918556213,0.0509113073348999,0.004771942745369802,47
gtsrb,22,train,215,122.06841129512759,11105556,0.5677600525354771,0.5305267079966143,0.5888114170520566,0.008278772993747656,215,225.22566878234596,182.83716641956326,241.14561121975697,4.364264770491438,215,90991.17018806774,73866.21523350355,97422.82693278181,1763.1629672785414,215,0.9996933626574139,0.9984375238418579,1.0,0.00018436377833299064,215,0.030317494186551074,0.029214654117822647,0.034999996423721313,0.0008944342028423864,215
gtsrb,22,validation,47,0.2349432513001375,23620,0.004998792580853989,0.0035843750229105353,0.0070426249876618385,0.0003914843424408952,47,25094.155044556865,4742.807293137505,26727.220527562044,3271.093358969525,47,100376.62017822746,18971.22917255002,106908.88211024817,13084.3734358781,47,0.9959950890946896,0.9937499761581421,1.0,0.0008352343798067302,47,0.04257604230116022,0.017702890560030937,0.046930909156799316,0.004599581648612503,47
gtsrb,23,train,215,121.91226216295036,11105556,0.5670337775020947,0.5251776659861207,0.5882197920000181,0.008352041647463372,215,225.51465031611923,183.65853986409695,243.72704379889367,4.376935277255951,215,91107.91872771215,74198.05010509516,98465.72569475305,1768.2818520114051,215,0.9997296455294586,0.9995365738868713,1.0,0.00016660278410492583,215,0.026018672471129618,0.023447034880518913,0.02701696567237377,0.00047330129599125454,215
gtsrb,23,validation,47,0.23488991422345862,23620,0.00499765774943529,0.0035719580482691526,0.007026957988273352,0.00039209635876318933,47,25099.670162152113,4759.294417871904,27312.493308441593,3275.3435767945957,47,100398.68064860845,19037.177671487618,109249.97323376637,13101.374307178383,47,0.995550515803885,0.9921875,1.0,0.0011674285025398252,47,0.039528134219506954,0.015056194737553596,0.043884143233299255,0.004485012054772271,47
gtsrb,24,train,215,121.93821191595634,11105556,0.5671544740277039,0.525981042010244,0.6022724169888534,0.006880879522832845,215,225.45025891587326,183.00360301417845,243.3547785501879,3.9018407564136592,215,91081.9046020128,73933.45561772809,98315.33053427591,1576.3436655911185,215,0.9997905667438064,0.9991319179534912,1.0,0.00011534102563876633,215,0.02291957147765991,0.017543135210871696,0.02581322006881237,0.0006375947566895952,215
gtsrb,24,validation,47,0.23352495400467888,23620,0.004968616042652742,0.003465375048108399,0.005546665983274579,0.000281761016653086,47,25183.562686967663,4905.673921003032,27773.757635138678,3114.9343850844975,47,100734.25074787065,19622.695684012127,111095.03054055471,12459.73754033799,47,0.9960389390904852,0.9937499761581421,1.0,0.0008238832598174732,47,0.03623054337073514,0.013336257077753544,0.04055389016866684,0.0042779963745562454,47
gtsrb,25,train,215,121.9411540000583,11105556,0.567168158139806,0.5281225410290062,0.5845299999928102,0.006823326935566284,215,225.4453382006304,182.6867427375155,242.36799238033245,3.9447612122714126,215,91079.91663305469,73805.44406595625,97916.66892165432,1593.6835297576513,215,0.9998671983563623,0.9997395873069763,1.0,8.53234487180923e-05,215,0.02030054133298785,0.01827249489724636,0.022344235330820084,0.0005695616050298089,215
gtsrb,25,validation,47,0.23339004087029025,23620,0.004965745550431708,0.0034019159502349794,0.0055148330284282565,0.000291138564339987,47,25193.889709639527,4997.184012975325,27131.57750024158,3102.784585016688,47,100775.5588385581,19988.7360519013,108526.31000096632,12411.138340066753,47,0.9959841776401439,0.9937499761581421,1.0,0.0008375564912149452,47,0.03408788816329646,0.011591359041631222,0.0386117622256279,0.004215546691099827,47
gtsrb,26,train,215,121.86189917422598,11105556,0.5667995310429116,0.5272915000095963,0.5867805840098299,0.008186316989439056,215,225.60823068165973,182.01741462313356,242.74997794895324,4.429827836383875,215,91145.72519539054,73535.03550774595,98070.99109137712,1789.6504458990858,215,0.999926928863969,0.9998292326927185,1.0,5.433978920887045e-05,215,0.018082407264168873,0.017128149047493935,0.022097814828157425,0.000622541703784486,215
gtsrb,26,validation,47,0.2346694182488136,23620,0.004992966345719438,0.0034457080182619393,0.005740082997363061,0.00028167303942900333,47,25053.617032855,4933.673982212522,26609.384317294156,3069.967592675202,47,100214.46813142,19734.695928850088,106437.53726917662,12279.870370700808,47,0.9960435565481794,0.9937499761581421,1.0,0.000823569302470913,47,0.03200046365406919,0.009941184893250465,0.03642896190285683,0.004134528954469958,47
gtsrb,27,train,215,121.86073954065796,11105556,0.5667941373984091,0.5300374579965137,0.5849662499967963,0.00720268405904172,215,225.5977574415938,183.00593389503052,241.358053738073,4.049046332937684,215,91141.49400640391,73934.39729359232,97508.6537101815,1635.8147185068253,215,0.999844942259234,0.9996448755264282,1.0,6.797046208420776e-05,215,0.016249268220434356,0.012411778792738914,0.018153073266148567,0.0005848971554975434,215
gtsrb,27,validation,47,0.23480366577859968,23620,0.004995822676140418,0.0035101670073345304,0.007229083974380046,0.00042885053698636454,47,25122.75747394185,4843.0744077071895,27200.52223896251,3318.9776740136717,47,100491.0298957674,19372.297630828758,108802.08895585003,13275.910696054687,47,0.9961708910921787,0.9937499761581421,1.0,0.0008469551058844366,47,0.030616583421509316,0.008778641000390053,0.035220008343458176,0.004107464334510437,47
gtsrb,28,train,215,121.8859380025533,11105556,0.5669113395467595,0.5254488750360906,0.5946883329888806,0.008535826741084824,215,225.5682215366005,181.79980897224834,243.6012447285348,4.550877822930274,215,91129.56150078659,73447.12282478833,98414.90287032805,1838.5546404638312,215,0.9999526780705119,0.9998490214347839,1.0,4.72469106948303e-05,215,0.013698328061159268,0.012200366705656052,0.014300101436674595,0.0002313461795565857,215
gtsrb,28,validation,47,0.23374237708048895,23620,0.004973242065542318,0.003595416957978159,0.006796166999265552,0.00035934435232566896,47,25211.30123173228,4728.241591639972,27276.84419692145,3255.2443908397518,47,100845.20492692912,18912.96636655989,109107.3767876858,13020.977563359007,47,0.9959950890946896,0.9937499761581421,1.0,0.0008352343798067302,47,0.02888490681714834,0.007864674553275108,0.03341633826494217,0.004028945247056286,47
gtsrb,29,train,215,121.88992379361298,11105556,0.5669298781098278,0.528608999971766,0.5936648749629967,0.007727574636729103,215,225.54859119865978,183.50047011152088,241.96980434054396,4.169914546481294,215,91121.63084425857,74134.18992505444,97755.80095357976,1684.6454767784428,215,0.9999844625938771,0.9999194741249084,1.0,2.6543248171288942e-05,215,0.01298691440633563,0.012380524538457394,0.018027566373348236,0.0006259908444209411,215
gtsrb,29,validation,47,0.23541012388886884,23620,0.0050087260401886985,0.0035699160071089864,0.006840958958491683,0.00037973330683288326,47,25038.162910846066,4762.016799876212,26856.43550882979,3258.9272466290486,47,100152.65164338426,19048.067199504847,107425.74203531916,13035.708986516194,47,0.9962084508956747,0.9937499761581421,1.0,0.0008371262107443572,47,0.02725056037703093,0.006869678385555744,0.03184282034635544,0.003944205964837429,47
gtsrb,30,train,215,121.88597816415131,11105556,0.5669115263448898,0.5263019580161199,0.5866819169605151,0.007958936727106678,215,225.56043281877794,182.34590830110088,243.20639140787605,4.332898122321264,215,91126.41485878632,73667.74695364476,98255.38212878192,1750.49084141779,215,0.9999862235645915,0.999947190284729,1.0,2.0433121120776307e-05,215,0.011466980385485777,0.007530106697231531,0.012253125198185444,0.00039523497648662523,215
gtsrb,30,validation,47,0.24212691804859787,23620,0.005151636554225487,0.0035013339947909117,0.009580707992427051,0.0008291371066123617,47,24622.389155128752,4855.292304387884,27315.162622460906,3818.311509653815,47,98489.55662051501,19421.169217551535,109260.65048984363,15273.24603861526,47,0.9957309352590683,0.9921875,1.0,0.0012062675341702675,47,0.02640926063140022,0.006034445948898792,0.03095790185034275,0.003933635168018492,47
gtsrb,31,train,215,121.82762371539138,11105556,0.566640110304146,0.5301262909779325,0.5869818340288475,0.008503845670874942,215,225.67461245591065,182.77403417577548,241.45189962919278,4.490504175990073,215,91172.5434321879,73840.70980701329,97546.56745019388,1814.1636870999891,215,1.0,1.0,1.0,0.0,215,0.01034807370499123,0.009941454976797104,0.012308095581829548,0.00038524016069410144,215
gtsrb,31,validation,47,0.23260696232318878,23620,0.004949084304748697,0.003535750031005591,0.005625999998301268,0.00027120098553628147,47,25289.32418646085,4808.032199936115,27789.58594513398,3141.532724059294,47,101157.2967458434,19232.12879974446,111158.34378053591,12566.130896237177,47,0.9953274866367908,0.9895833134651184,1.0,0.0016753101331061474,47,0.026222587662174345,0.0054860226809978485,0.03253532573580742,0.0041406694382773,47
gtsrb,32,train,215,121.8678698237054,11105556,0.5668273015056066,0.5281200409517623,0.5893720000167377,0.007885359074006684,215,225.59134242565102,183.51913069734238,242.3691397306608,4.227943221590211,215,91138.90233996302,74141.72880172632,97917.13245118698,1708.089061522445,215,1.0,1.0,1.0,0.0,215,0.008843551246925842,0.007521913852542639,0.009118715301156044,0.00021640763112088627,215
gtsrb,32,validation,47,0.23573550023138523,23620,0.005015648941093302,0.003535208001267165,0.0069352080463431776,0.00038810785481304853,47,25002.10184028604,4808.769383274335,27302.053798581233,3249.0246643370374,47,100008.40736114416,19235.07753309734,109208.21519432493,12996.09865734815,47,0.9962193598138526,0.9937499761581421,1.0,0.000836339398761968,47,0.02419653417978515,0.004832486622035503,0.02885766513645649,0.0038544799223054842,47
gtsrb,33,train,215,121.92871850111987,11105556,0.5671103186098598,0.5273712500347756,0.5892299999832176,0.007457013275300378,215,225.4747315097427,182.88594503074435,242.7132688624181,4.128230532866567,215,91091.79152993605,73885.92179242072,98056.16062041691,1667.805135278093,215,1.0,1.0,1.0,0.0,215,0.0081977630878777,0.007386951707303524,0.012505650520324707,0.0004975838637674745,215
gtsrb,33,validation,47,0.23566712299361825,23620,0.005014194106247196,0.0034929169923998415,0.007154499995522201,0.00041253914796004945,47,25015.620325006807,4866.992269495643,26858.548617391745,3261.043033443376,47,100062.48130002723,19467.969077982572,107434.19446956698,13044.172133773503,47,0.9958112899293291,0.9921875,1.0,0.0012275834306750587,47,0.024008462027190848,0.0043392181396484375,0.030372802168130875,0.0040181363350039094,47
gtsrb,34,train,215,121.8396114205243,11105556,0.5666958670722061,0.5269231250276789,0.584455500007607,0.008094883523420422,215,225.64677690304023,183.30785172045384,242.91968585223177,4.329035240081517,215,91161.29786882827,74056.37209506334,98139.55308430163,1748.9302369929326,215,1.0,1.0,1.0,0.0,215,0.007291061437667109,0.006068538408726454,0.007991994731128216,0.00016457439108280984,215
gtsrb,34,validation,47,0.2327210030052811,23620,0.004951510702240023,0.0034889999660663307,0.005694292020052671,0.00028380917786547516,47,25276.355376289324,4872.456338589946,27113.61768652267,3141.3377289970126,47,101105.4215051573,19489.825354359786,108454.47074609068,12565.35091598805,47,0.9957309352590683,0.9921875,1.0,0.0012062675341702675,47,0.023012317489198547,0.003926524426788092,0.02896728552877903,0.0038953285527002003,47
gtsrb,35,train,215,121.69394644990098,11105556,0.5660183555809348,0.5258810829836875,0.5943497499683872,0.01010294404560792,215,225.95006655867815,179.30680797302742,243.40103521839455,5.251424881976571,215,91283.82688970598,72439.95042110307,98334.0182282314,2121.5756523185346,215,1.0,1.0,1.0,0.0,215,0.006790955180605483,0.006028373260051012,0.007717261556535959,0.00019226013564205115,215
gtsrb,35,validation,47,0.23533620330272242,23620,0.005007153261760051,0.0035201249993406236,0.0075181659776717424,0.0004919991549075111,47,25108.60426032829,4829.373957795356,28035.59178973054,3440.1108287699767,47,100434.41704131317,19317.495831181423,112142.36715892216,13760.443315079907,47,0.9958159073870233,0.9921875,1.0,0.0012290444809838436,47,0.022477585024775027,0.0034464632626622915,0.029303740710020065,0.00397594810014379,47
gtsrb,36,train,215,121.78896495973459,11105556,0.5664603021383003,0.5258096249890514,0.5877766250050627,0.007853695247661037,215,225.73860538971493,182.88848810232147,243.4341136350733,4.2908374503847515,215,91198.39657744484,73886.94919333787,98347.3819085696,1733.4983299554397,215,1.0,1.0,1.0,0.0,215,0.005835358428140713,0.005000896751880646,0.00604286789894104,0.0002295859862914619,215
gtsrb,36,validation,47,0.2345575830549933,23620,0.004990586873510496,0.003472584008704871,0.005575749964918941,0.0002856818618802321,47,25072.538449253436,4895.489916841578,27380.89738232549,3099.5125692937777,47,100290.15379701374,19581.95966736631,109523.58952930196,12398.05027717511,47,0.9953274866367908,0.9895833134651184,1.0,0.0016753101331061474,47,0.022217645577373022,0.0031319414265453815,0.02987615577876568,0.004123038321969549,47
gtsrb,37,train,215,122.00770920608193,11105556,0.5674777172375903,0.5278996670385823,0.5886298330151476,0.007850928900420317,215,225.33524279908607,181.2855529714998,242.47031773680763,4.345595825753079,215,91035.43809083076,73239.36340048592,97958.00836567029,1755.6207136042442,215,1.0,1.0,1.0,0.0,215,0.005480977661127961,0.004501303192228079,0.00576518289744854,0.0001809185556773974,215
gtsrb,37,validation,47,0.23852696194080636,23620,0.005075041743421412,0.0034747919999063015,0.008785541984252632,0.0007055662597333962,47,24906.80254819769,4892.379169877911,27570.858935286124,3700.7886587253374,47,99627.21019279076,19569.516679511646,110283.4357411445,14803.15463490135,47,0.9963874423757513,0.9937499761581421,1.0,0.0009955720763764914,47,0.021137525555380482,0.0027267220430076122,0.027164975181221962,0.003886505657460207,47
gtsrb,38,train,215,121.71618012187537,11105556,0.5661217680087226,0.5256605829927139,0.5935623340192251,0.010246944973748156,215,225.90757289060275,181.60552872989382,243.50313518138412,5.176092129471614,215,91266.65944780351,73368.6336068771,98375.26661327918,2091.141220306532,215,1.0,1.0,1.0,0.0,215,0.004902319720578055,0.004593626130372286,0.005347617901861668,0.00011851993300127598,215
gtsrb,38,validation,47,0.23567104490939528,23620,0.005014277551263729,0.0035526249557733536,0.007113249972462654,0.00040379550734615736,47,25017.432682049595,4785.194106226548,26563.362759470063,3264.187916465165,47,100069.73072819838,19140.77642490619,106253.45103788025,13056.75166586066,47,0.9958159073870233,0.9921875,1.0,0.0012290444809838436,47,0.02106575641107369,0.002481046598404646,0.028827082365751266,0.0040676333691193585,47
gtsrb,39,train,215,121.93525391886942,11105556,0.5671407159017182,0.5254824169678614,0.6320795840001665,0.009474518059849163,215,225.48424508201586,184.0838042072896,243.58569548070818,4.6399595375742075,215,91095.63501313441,74369.85689974499,98408.6209742061,1874.54365317998,215,1.0,1.0,1.0,0.0,215,0.004447318511733482,0.0043450226075947285,0.0054045990109443665,0.00012406315301540655,215
gtsrb,39,validation,47,0.23886071308515966,23620,0.0050821428315991415,0.003588958003092557,0.008371500007342547,0.0005502698898597622,47,24754.245269351355,4736.750885730991,26483.669961851512,3376.608357876559,47,99016.98107740542,18947.003542923965,105934.67984740605,13506.433431506235,47,0.9957309352590683,0.9921875,1.0,0.0012062675341702675,47,0.02010983220757322,0.0022598179057240486,0.026709850877523422,0.003837993560218161,47
gtsrb,40,train,215,121.84814071317669,11105556,0.5667355382008218,0.5301559999934398,0.5873489580117166,0.00839304121701039,215,225.63497686912007,182.83349030347156,241.43836908680444,4.441281855783744,215,91156.5306551245,73864.7300826025,97541.10111106899,1794.2778697366327,215,1.0,1.0,1.0,0.0,215,0.003969839941926821,0.0031997300684452057,0.004282120615243912,0.00012738058364491456,215
gtsrb,40,validation,47,0.2344619551440701,23620,0.004988552237107874,0.003520459053106606,0.005641333002131432,0.00027745483927591336,47,25084.701977121258,4828.915702058362,26978.13494423443,3100.720943579016,47,100338.80790848503,19315.662808233446,107912.53977693772,12402.883774316064,47,0.9958159073870233,0.9921875,1.0,0.0012290444809838436,47,0.01982480371767219,0.0020098835229873657,0.02702469564974308,0.0039032235557391734,47
gtsrb,41,train,215,121.97539248608518,11105556,0.5673274069120241,0.5287852499750443,0.5886954999878071,0.00845024919015765,215,225.40033338844592,182.5547311366066,242.0642406459728,4.459683592944416,215,91061.73468893215,73752.11137918905,97793.95322097301,1801.712171549545,215,1.0,1.0,1.0,0.0,215,0.0035458777099847795,0.0033649869728833437,0.004310789052397013,0.0001149121253037067,215
gtsrb,41,validation,47,0.23405449814163148,23620,0.004979882939183649,0.003647124976851046,0.005569375003688037,0.00023741543636651377,47,25127.521911513675,4661.2057738361145,26521.626409442495,3087.2653416102094,47,100510.0876460547,18644.823095344458,106086.50563776998,12349.061366440837,47,0.9963043306736236,0.9937499761581421,1.0,0.0008416766982013206,47,0.019822443208776096,0.0018511967500671744,0.027103301137685776,0.003985787497004288,47
gtsrb,42,train,215,121.77349649608368,11105556,0.5663883557957381,0.5261934999725781,0.5912657920271158,0.008466396066352359,215,225.77483543279422,182.66193065670944,243.2565206652506,4.496820612128725,215,91213.03351484887,73795.41998531061,98275.63434876125,1816.715527300005,215,1.0,1.0,1.0,0.0,215,0.003254816132099476,0.0027377172373235226,0.003502738894894719,7.394768359802499e-05,215
gtsrb,42,validation,47,0.23313242179574445,23620,0.004960264293526477,0.0036142499884590507,0.005660541995894164,0.000257973949317599,47,25234.51464723872,4703.603805570741,26880.642330200175,3132.0927819568356,47,100938.05858895488,18814.415222282965,107522.5693208007,12528.371127827342,47,0.9958159073870233,0.9921875,1.0,0.0012290444809838436,47,0.019653874989400837,0.0016691770870238543,0.028054561465978622,0.004134519245711542,47
gtsrb,43,train,215,121.80232883291319,11105556,0.5665224596879683,0.5271592919598334,0.5895979579654522,0.008585991383741585,215,225.72166782930896,183.48409809433576,242.81085803141434,4.482169094171822,215,91191.55380304084,74127.57563011165,98095.5866446914,1810.7963140454162,215,1.0,1.0,1.0,0.0,215,0.0029014039557253898,0.0025599647779017687,0.0031242608092725277,5.145423177378741e-05,215
gtsrb,43,validation,47,0.23596367007121444,23620,0.005020503618536477,0.003495874989312142,0.006947707966901362,0.0004006928420426015,47,24979.453657113987,4862.874116486919,27226.077303710354,3250.645625947321,47,99917.81462845595,19451.496465947675,108904.30921484141,13002.582503789285,47,0.996918685892795,0.995312511920929,1.0,0.000765459512231322,47,0.018825211569647046,0.0014699295861646533,0.02548828348517418,0.003876060418344597,47
gtsrb,44,train,215,121.75427022035001,11105556,0.5662989312574419,0.5268330000108108,0.5879894170211628,0.008291746557546902,215,225.8082454136736,182.90646397204173,242.96124198251323,4.437849159450815,215,91226.53114712411,73894.21144470487,98156.34176093535,1792.891060418129,215,1.0,1.0,1.0,0.0,215,0.002733976419928462,0.002548894379287958,0.004022630862891674,0.00013315664034165828,215
gtsrb,44,validation,47,0.23306833108654246,23620,0.004958900661415797,0.0035085409763269126,0.007067875005304813,0.0004055049453669273,47,25300.767150115713,4845.318927355746,27270.794257414327,3316.889135120591,47,101203.06860046285,19381.275709422986,109083.17702965731,13267.556540482365,47,0.9969625371567746,0.995312511920929,1.0,0.0007505289817314855,47,0.018189755042995068,0.001357391127385199,0.0243242047727108,0.0037377516820441127,47
gtsrb,45,train,215,121.77958279685117,11105556,0.5664166641714008,0.5280155420186929,0.5882670839782804,0.008816704676381116,215,225.76674650277081,183.50385477868778,242.41710672120425,4.55775310175008,215,91209.76558711941,74135.55733058987,97936.51111536652,1841.3322531070326,215,1.0,1.0,1.0,0.0,215,0.002458317025542952,0.0022887338418513536,0.0032422568183392286,0.0001044914093601287,215
gtsrb,45,validation,47,0.2345827489043586,23620,0.004991122317114013,0.0035813329741358757,0.005795041040983051,0.0002950740873697895,47,25088.934260576756,4746.835919131998,27570.116440597445,3158.9239049252383,47,100355.73704230702,18987.34367652799,110280.46576238978,12635.695619700953,47,0.9957616557466223,0.9921875,1.0,0.0012139557302005637,47,0.019004848897159893,0.0011955128284171224,0.02744392305612564,0.004138023121168301,47
gtsrb,46,train,215,121.86838808277389,11105556,0.5668297120129018,0.5266317920177244,0.5912487910245545,0.008774258892443586,215,225.6022840548035,182.86879199361584,243.05406916203043,4.567627347578415,215,91143.32275814061,73878.99196542079,98193.84394146029,1845.3214484216799,215,1.0,1.0,1.0,0.0,215,0.0021961162830594666,0.001995555590838194,0.0027256044559180737,5.954548139689204e-05,215
gtsrb,46,validation,47,0.2323850397951901,23620,0.004944362548833832,0.0035121249966323376,0.0055433749803341925,0.0002642516072086087,47,25306.59474284907,4840.374421838843,26825.71527533274,3116.921171706008,47,101226.37897139628,19361.49768735537,107302.86110133096,12467.684686824032,47,0.9968216190946863,0.995312511920929,1.0,0.0007932462028678817,47,0.018264090877640596,0.0010961968218907714,0.02622262015938759,0.003971744717623333,47
gtsrb,47,train,215,121.66489732899936,11105556,0.5658832433906947,0.5248748749727383,0.5922602089704014,0.011033251869190228,215,226.01889289484492,179.19556455756248,243.86764561105775,5.583275072782758,215,91311.63272951737,72395.00808125525,98522.52882686733,2255.643129404234,215,1.0,1.0,1.0,0.0,215,0.0020056800028785716,0.001740909181535244,0.0030574132688343525,8.496064364541417e-05,215
gtsrb,47,validation,47,0.23480296082561836,23620,0.004995807677140816,0.0036357499775476754,0.005813291994854808,0.0002855196213920233,47,25067.539836769374,4675.789068275413,27473.94828897895,3160.0123735290404,47,100270.1593470775,18703.156273101653,109895.7931559158,12640.049494116161,47,0.9969065912226414,0.995312511920929,1.0,0.00076383927541524,47,0.017966414142915225,0.0009827881585806608,0.02622161991894245,0.004016405289189258,47
gtsrb,48,train,215,121.84278124489356,11105556,0.5667106104413654,0.5254731660243124,0.5851212079869583,0.008374342614669444,215,225.644738894447,183.0152566454695,243.5899838015282,4.441012186839044,215,91160.47451335659,73938.16368476968,98410.3534558174,1794.1689234829742,215,1.0,1.0,1.0,0.0,215,0.0018607000370921437,0.0015224192757159472,0.002093120478093624,5.335016086019846e-05,215
gtsrb,48,validation,47,0.2332663709530607,23620,0.004963114275597036,0.003544542007148266,0.005765625042840838,0.00028991289676731896,47,25226.56417427626,4796.106229159129,27105.722992424886,3164.1613290650257,47,100906.25669710504,19184.424916636515,108422.89196969954,12656.645316260103,47,0.9969065912226414,0.995312511920929,1.0,0.00076383927541524,47,0.017826464663735254,0.0009035366820171475,0.025936171412467957,0.004001206541627005,47
gtsrb,49,train,215,121.96548282628646,11105556,0.5672813154710998,0.5261327079497278,0.589905834000092,0.008643529547733083,215,225.41888208334652,184.20117322193704,243.2846277487665,4.427893868892141,215,91069.228361672,74417.27398166255,98286.98961050167,1788.869123032426,215,1.0,1.0,1.0,0.0,215,0.001691586593014383,0.001577851828187704,0.002515553031116724,6.626853317532455e-05,215
gtsrb,49,validation,47,0.2341332872165367,23620,0.004981559302479504,0.003646666998974979,0.005574791051913053,0.0002474675166497067,47,25123.69082881779,4661.791165680451,27043.203804258468,3106.032681295076,47,100494.76331527116,18647.164662721803,108172.81521703387,12424.130725180305,47,0.996950442486621,0.995312511920929,1.0,0.0007495843243876416,47,0.017618287015369438,0.0008036274230107665,0.025551658123731613,0.003981251980750775,47
gtsrb,50,train,215,121.78884554107208,11105556,0.5664597467026609,0.5239562499918975,0.5920809169765562,0.008950900775479173,215,225.7530224105406,182.328328264813,244.29520594893066,4.675358764261363,215,91204.22105385839,73660.64461898444,98695.26320336798,1888.8449407615915,215,1.0,1.0,1.0,0.0,215,0.0014951361798096535,0.0010022256756201386,0.0015622269129380584,8.119799313091116e-05,215
gtsrb,50,validation,47,0.23302904289448634,23620,0.004958064742435879,0.003531042020767927,0.006135000032372773,0.00030555092791642954,47,25257.76590043675,4814.442847186185,27266.91944431573,3183.0604463103964,47,101031.063601747,19257.77138874474,109067.67777726291,12732.241785241586,47,0.9963350524293616,0.9937499761581421,1.0,0.0008450035374788753,47,0.018132209396386084,0.0007334754336625338,0.027597876265645027,0.004262642716788566,47
gtsrb,51,train,215,121.7635169090936,11105556,0.5663419391120632,0.5237980829551816,0.5819699169951491,0.009004905713701711,215,225.8002131311943,183.08814502801658,244.36897378059368,4.6778854273707315,215,91223.2861050025,73967.61059131869,98725.06540735984,1889.8657126577755,215,1.0,1.0,1.0,0.0,215,0.0013706278830203553,0.0012281315866857767,0.001539429184049368,2.8443963574356127e-05,215
gtsrb,51,validation,47,0.2328038778505288,23620,0.0049532739968197615,0.00361933303065598,0.005609167041257024,0.0002594933273485108,47,25272.564347546817,4696.997998252419,27282.169416857672,3145.2100723255,47,101090.25739018727,18787.991993009677,109128.67766743069,12580.840289302,47,0.9953691185788905,0.9895833134651184,1.0,0.0016944107261837797,47,0.01836261071730405,0.0006710415473207831,0.02913113310933113,0.0044891266437410045,47
gtsrb,52,train,215,121.57931124599418,11105556,0.5654851685860194,0.5264083340298384,0.5815601660287939,0.01142702874689949,215,226.17775502838796,184.18393278495734,243.15724452938574,5.487943634205093,215,91375.81303146876,74410.30884512277,98235.52678987184,2217.1292282188574,215,1.0,1.0,1.0,0.0,215,0.0012449062835468456,0.0011581112630665302,0.0017117593670263886,5.188479086236782e-05,215
gtsrb,52,validation,47,0.23995308007579297,23620,0.00510538468246368,0.003587040991988033,0.007393207983113825,0.0005600131154098257,47,24673.851865830802,4739.282332700121,26924.932716871946,3522.3148583073407,47,98695.40746332321,18957.129330800482,107699.73086748779,14089.259433229363,47,0.9953535896666507,0.9895833134651184,1.0,0.0016864897140613907,47,0.01790962040800839,0.0006128835957497358,0.028221454471349716,0.004387950936030499,47
gtsrb,53,train,215,121.87210616609082,11105556,0.5668470054236782,0.5283519169897772,0.6242055830080062,0.009450849989326616,215,225.6024463009242,183.3408240941751,242.26277199724174,4.706163725663745,215,91143.38830557337,74069.69293404675,97874.15988688567,1901.2901451681525,215,1.0,1.0,1.0,0.0,215,0.0011589458152695103,0.0010969527065753937,0.0017249257070943713,7.783712809780112e-05,215
gtsrb,53,validation,47,0.23769787728087977,23620,0.005057401644274037,0.003429542004596442,0.009208750037942082,0.0006785414104598974,47,24939.498272075947,4956.930102391444,27351.888392241286,3520.578795301199,47,99757.99308830379,19827.720409565776,109407.55356896514,14082.315181204796,47,0.9969065912226414,0.995312511920929,1.0,0.00076383927541524,47,0.017233315030449725,0.0005414000479504466,0.02592964470386505,0.004067913731100906,47
gtsrb,54,train,215,121.52274795004632,11105556,0.5652220834885876,0.5266452500363812,0.5881271249963902,0.010570004110578068,215,226.27030501312774,183.38280771825592,243.0478581002252,5.225011622469043,215,91413.2032253036,74086.6543181754,98191.33467249098,2110.9046954774926,215,1.0,1.0,1.0,0.0,215,0.0009941385428117978,0.000728379120118916,0.0010361517779529095,4.638990057374208e-05,215
gtsrb,54,validation,47,0.2320064601371996,23620,0.004936307662493609,0.003489541995804757,0.005704166949726641,0.0002822948418055006,47,25355.119094847538,4871.699501091537,27426.124766994213,3152.1801376468893,47,101420.47637939015,19486.79800436615,109704.49906797685,12608.720550587557,47,0.9970036605571179,0.995312511920929,1.0,0.0007484205889050536,47,0.017720920397860416,0.0005038416711613536,0.02757251262664795,0.004341424847327136,47
gtsrb,55,train,215,121.80532724410295,11105556,0.5665364057865254,0.525961792038288,0.5906231669941917,0.00952442032658883,215,225.7292978689775,182.97470681981406,243.3636852288352,4.828850883804043,215,91194.63633906693,73921.78155520487,98318.92883244943,1950.8557570568337,215,1.0,1.0,1.0,0.0,215,0.0009553181253871772,0.0009166010422632098,0.0012951293028891087,4.5987877901964455e-05,215
gtsrb,55,validation,47,0.2397568761371076,23620,0.005101210130576758,0.0035468750284053385,0.00741850002668798,0.0005369906094006812,47,24672.780053707906,4792.9515034656115,26785.94796443078,3468.9247530807816,47,98691.12021483162,19171.806013862446,107143.79185772312,13875.699012323126,47,0.9970036605571179,0.995312511920929,1.0,0.0007484205889050536,47,0.017096198259288087,0.0004608184681273997,0.026320654898881912,0.004141759416742123,47
gtsrb,56,train,215,121.60332521045348,11105556,0.5655968614439697,0.5253926249570213,0.5871994579792954,0.011465255507525165,215,226.13309680473068,184.62383252512325,242.96510435831266,5.478691908530569,215,91357.77110911123,74588.0283401498,98157.90216075831,2213.3915310463494,215,1.0,1.0,1.0,0.0,215,0.0008548430906240504,0.0007025236263871193,0.0009101674659177661,2.40863751747357e-05,215
gtsrb,56,validation,47,0.23629858187632635,23620,0.005027629401623965,0.003526583022903651,0.007162375026382506,0.00042165336532438795,47,24958.849974348817,4820.530210005622,26942.64368240465,3289.261228834144,47,99835.39989739527,19282.12084002249,107770.5747296186,13157.044915336575,47,0.9964181641314892,0.9937499761581421,1.0,0.000995825485963214,47,0.016870531175493638,0.0004118385841138661,0.025767939165234566,0.004097184157456325,47
gtsrb,57,train,215,121.59440530237043,11105556,0.5655553734993973,0.5240164590068161,0.5931775830104016,0.011655474587353602,215,226.15538463353042,182.81231312340546,244.2671366517803,5.634801542276555,215,91366.7753919463,73856.1745018558,98683.92320731925,2276.4598230797287,215,1.0,1.0,1.0,0.0,215,0.000765639198889826,0.0006744482670910656,0.0008650384843349457,2.1419721373417316e-05,215
gtsrb,57,validation,47,0.23569745710119605,23620,0.005014839512791405,0.003439833002630621,0.007428499986417592,0.00048135432779643667,47,25050.643620178762,4942.100383070691,27365.29099545725,3377.3753127879218,47,100202.57448071505,19768.401532282765,109461.163981829,13509.501251151687,47,0.9970036605571179,0.995312511920929,1.0,0.0007484205889050536,47,0.017084412649521565,0.0003791859489865601,0.026832010596990585,0.004264890965200977,47
gtsrb,58,train,215,121.73753100086469,11105556,0.5662210744226265,0.5291282499674708,0.579077958012931,0.008687751741145553,215,225.84358054876975,183.32039539745472,241.6621448384831,4.53814264201788,215,91240.80654170299,74061.4397405717,97631.50651474718,1833.4096273752236,215,1.0,1.0,1.0,0.0,215,0.0007180650160799539,0.000668191525619477,0.0007797029102221131,1.3258900486708251e-05,215
gtsrb,58,validation,47,0.23744354426162317,23620,0.005051990303438791,0.0034559169434942305,0.009641166019719094,0.0007328173297220729,47,24999.393234940133,4919.099700009437,27432.49056538763,3567.6110199021905,47,99997.57293976053,19676.398800037747,109729.96226155052,14270.444079608762,47,0.9970036605571179,0.995312511920929,1.0,0.0007484205889050536,47,0.01719055244045213,0.00034667388536036015,0.027385961264371872,0.004343740720515283,47
gtsrb,59,train,215,121.66884132643463,11105556,0.5659015875648122,0.5259721669717692,0.588383958034683,0.010964860661775636,215,226.0044471724218,183.3550476674216,243.35888481884294,5.346493986535618,215,91305.79665765841,74075.43925763833,98316.98946681255,2159.983570560389,215,1.0,1.0,1.0,0.0,215,0.0006171551967570342,0.00039992379606701434,0.000649014487862587,3.085820167990619e-05,215
gtsrb,59,validation,47,0.235924418841023,23620,0.005019668485979212,0.0035369580145925283,0.007122041017282754,0.0004192228853701937,47,24999.595559358593,4806.390104112805,27103.3353037829,3297.635078566856,47,99998.38223743437,19225.56041645122,108413.3412151316,13190.540314267424,47,0.996917502677187,0.995312511920929,1.0,0.0007627716594581956,47,0.017566881037287492,0.0003067433717660606,0.028745224699378014,0.004546561602052827,47
gtsrb,60,train,215,121.7403396263835,11105556,0.5662341377971326,0.5261352919624187,0.5835148749756627,0.008974531232672871,215,225.84163236318386,183.7371038901259,243.2834329029251,4.615534523107323,215,91240.01947472627,74229.78997161085,98286.50689278175,1864.6759473353593,215,1.0,1.0,1.0,0.0,215,0.0006218452225872424,0.0005864625563845038,0.0007750545046292245,3.803744342013344e-05,215
gtsrb,60,validation,47,0.23356945696286857,23620,0.0049695629141035865,0.0035284999758005142,0.005874374997802079,0.00029107734569409785,47,25191.28327269487,4817.911326793532,27917.370630850746,3152.420533249207,47,100765.13309077948,19271.645307174127,111669.48252340298,12609.682132996828,47,0.99651522839323,0.9937499761581421,1.0,0.001009853176654546,47,0.01726519925138378,0.0002859073574654758,0.028062911704182625,0.004478425053256464,47
gtsrb,61,train,215,121.78207396087237,11105556,0.5664282509808017,0.5262234999681823,0.5901512499549426,0.009233179627910804,215,225.7663120057193,184.33232268392618,242.20915565642375,4.6405289580142135,215,91209.5900503106,74470.25836430618,97852.4988851952,1874.7736990377418,215,1.0,1.0,1.0,0.0,215,0.0005323033107087275,0.0004045939422212541,0.0005630677915178239,1.3734727735150815e-05,215
gtsrb,61,validation,47,0.23218479158822447,23620,0.004940101948685627,0.0034367499756626785,0.0053804999915882945,0.00026703096576287285,47,25320.161079185316,4946.533824219214,27163.96532867167,3096.3348643431154,47,101280.64431674127,19786.135296876855,108655.86131468668,12385.339457372462,47,0.9968717009463208,0.995312511920929,1.0,0.000778672312030137,47,0.017268095080656534,0.0002627216454129666,0.0278013925999403,0.004455300630726309,47
gtsrb,62,train,215,121.73612054582918,11105556,0.5662145141666474,0.5265977089875378,0.6023246250115335,0.00964265249608923,215,225.8589471765814,183.30177520329124,243.06980037208857,4.85676383771405,215,91247.01465933888,74053.91718212966,98200.19935032379,1962.1325904364764,215,1.0,1.0,1.0,0.0,215,0.000506512166222904,0.0004511719453148544,0.000620370265096426,1.888673634279661e-05,215
gtsrb,62,validation,47,0.24052187299821526,23620,0.005117486659536495,0.00361558300210163,0.009245500026736408,0.0007460199911502118,47,24726.976964832458,4701.869654248958,27426.612207544546,3695.6034290767248,47,98907.90785932983,18807.47861699583,109706.44883017818,14782.413716306899,47,0.99651522839323,0.9937499761581421,1.0,0.001009853176654546,47,0.01759574103894881,0.00023316327133215964,0.02964831329882145,0.004748912029270239,47
gtsrb,63,train,215,121.79792455007555,11105556,0.5665019746515142,0.5244172080419958,0.5826789580169134,0.00915750130822333,215,225.73776939693772,183.29961029351023,244.08047264106875,4.696733612002844,215,91198.05883636283,74053.04255857813,98608.51094699177,1897.480379249148,215,1.0,1.0,1.0,0.0,215,0.00045638875697392886,0.0004375266144052148,0.0005501607665792108,2.0818849587580354e-05,215
gtsrb,63,validation,47,0.242509791161865,23620,0.005159782790677979,0.003484249988105148,0.007722874986939132,0.0007045285045460603,47,24507.66472610512,4879.09881840745,27226.32068175868,3718.182351986453,47,98030.65890442047,19516.3952736298,108905.28272703472,14872.729407945812,47,0.9965261398477757,0.9937499761581421,1.0,0.001013269105249438,47,0.017874828272900406,0.00021368454326875508,0.030259057879447937,0.004848115450669862,47
gtsrb,64,train,215,121.5049422113807,11105556,0.5651392660994451,0.5255633750348352,0.5933987909811549,0.012429536777542138,215,226.3368205831479,182.20045545267308,243.54817340823254,5.95610238301409,215,91440.07551559177,73608.98400287992,98393.46205692596,2406.265362737692,215,1.0,1.0,1.0,0.0,215,0.0004191042839137967,0.0003963155031669885,0.0005356887704692781,2.154128173791458e-05,215
gtsrb,64,validation,47,0.23144754098029807,23620,0.004924415765538257,0.003306875005364418,0.006951957999262959,0.00041877578817983187,47,25466.931154448142,5140.805132465718,27696.383583928797,3319.0350958303056,47,101867.72461779257,20563.220529862872,110785.53433571519,13276.140383321223,47,0.99651522839323,0.9937499761581421,1.0,0.001009853176654546,47,0.01693545066642555,0.000196626759134233,0.027555935084819794,0.004464950620703906,47
gtsrb,65,train,215,121.7738277943572,11105556,0.5663898967179405,0.5258196250069886,0.5819082090165466,0.009130975529904375,215,225.78402212775782,181.87497147860077,243.4294840142164,4.76735359423992,215,91216.74493961416,73477.48847735471,98345.51154174343,1926.0108520729284,215,1.0,1.0,1.0,0.0,215,0.0003823413532552158,0.00035678790300153196,0.0005004797712899745,1.299499204970557e-05,215
gtsrb,65,validation,47,0.23986837384290993,23620,0.005103582422189573,0.0035854169982485473,0.005831208953168243,0.0003016143991340393,47,24526.96160667095,4741.42896302003,26477.736854270788,3065.437689375348,47,98107.8464266838,18965.71585208012,105910.94741708315,12261.750757501391,47,0.9970036605571179,0.995312511920929,1.0,0.0007484205889050536,47,0.01678164458977296,0.00018047640332952142,0.02707129903137684,0.004434302393000232,47
gtsrb,66,train,215,121.52247650187928,11105556,0.5652208209389734,0.5252470829873346,0.5875761659699492,0.011624102483522398,215,226.28752304952948,183.76389180822778,243.69483267189605,5.582515216387011,215,91420.1593120099,74240.61229052402,98452.712399446,2255.336147420353,215,1.0,1.0,1.0,0.0,215,0.00033486225035821285,0.0003074693086091429,0.0005815251497551799,2.106475002476681e-05,215
gtsrb,66,validation,47,0.23274279007455334,23620,0.00495197425690539,0.0034332909854128957,0.005574833019636571,0.0002683232506035171,47,25257.837672073405,4951.5173844070605,27043.683715030376,3082.5230120631745,47,101031.35068829362,19806.069537628242,108174.7348601215,12330.092048252698,47,0.9966579612265242,0.9937499761581421,1.0,0.001041887910607797,47,0.016866146701393015,0.00016217029769904912,0.027857884764671326,0.004469576278399323,47
gtsrb,67,train,215,121.75868920440553,11105556,0.5663194846716536,0.5279674589983188,0.5887586669996381,0.009228164889656477,215,225.81501295927373,180.87207845766793,242.43918411723098,4.865526978680591,215,91229.26523554658,73072.31969689784,97945.43038336131,1965.6728993869585,215,1.0,1.0,1.0,0.0,215,0.00031060799211805125,0.000265237846178934,0.0003764438151847571,9.443620278641656e-06,215
gtsrb,67,validation,47,0.23145537677919492,23620,0.004924582484663722,0.0034596669720485806,0.005649500002618879,0.00029757164533770423,47,25421.449540059784,4913.767752025494,27523.42492861226,3185.501956803292,47,101685.79816023914,19655.071008101975,110093.69971444905,12742.007827213169,47,0.99651522839323,0.9937499761581421,1.0,0.001009853176654546,47,0.01743949998258068,0.00014873243344482034,0.02937401458621025,0.004792990350378456,47
gtsrb,68,train,215,121.75258867722005,11105556,0.5662911101266048,0.5270595000474714,0.6071244170307182,0.010556410098732543,215,225.84265117834406,182.69831304319234,242.85683113286308,5.2019663318675535,215,91240.43107605101,73810.1184694497,98114.15977767669,2101.594398074491,215,1.0,1.0,1.0,0.0,215,0.0002826207882567677,0.00016031303675845265,0.0003027049242518842,1.615182048417392e-05,215
gtsrb,68,validation,47,0.2371317081269808,23620,0.005045355492063422,0.003387417003978044,0.008017125015612692,0.0006234747949668554,47,24994.775796097994,5018.573142909744,27140.448255394273,3614.6842100662216,47,99979.10318439198,20074.292571638976,108561.79302157709,14458.736840264886,47,0.9965892827257197,0.9937499761581421,1.0,0.001025613127481693,47,0.01769020086918472,0.00012930227967444807,0.030257606878876686,0.004934624273854204,47
gtsrb,69,train,215,121.68655149184633,11105556,0.5659839604271922,0.5253335839952342,0.5858088340028189,0.01151060734062776,215,225.980874491401,183.34378425190422,243.6547060755994,5.554913441777862,215,91296.273294526,74070.88883776931,98436.50125454215,2244.1850304782565,215,1.0,1.0,1.0,0.0,215,0.0002711247112656142,0.0002414753835182637,0.0003163497895002365,1.3384708730675333e-05,215
gtsrb,69,validation,47,0.23217233613831922,23620,0.004939836939113175,0.0034882500185631216,0.005606458988040686,0.000273059179268849,47,25331.590982374022,4873.503880035134,27231.383055083923,3129.577883290143,47,101326.36392949609,19494.015520140536,108925.53222033569,12518.311533160571,47,0.99651522839323,0.9937499761581421,1.0,0.001009853176654546,47,0.01729220192615646,0.0001242171711055562,0.029490876942873,0.004798181992841082,47
gtsrb,70,train,215,121.5823661283357,11105556,0.5654993773410963,0.5276811249786988,0.5830773339839652,0.010419177601044159,215,226.1592985969694,181.69856761160253,242.57073816154983,5.256501364789658,215,91368.35663317563,73406.22131508742,97998.57821726613,2123.6265513750222,215,1.0,1.0,1.0,0.0,215,0.0002392959218542633,0.00017360430501867086,0.00027279433561488986,1.0159799667212807e-05,215
gtsrb,70,validation,47,0.23183808277826756,23620,0.004932725165495055,0.0034082920174114406,0.005562999984249473,0.00028272825543218657,47,25362.497701674485,4987.835523820904,26854.316829765532,3118.1302827437075,47,101449.99080669794,19951.342095283617,107417.26731906213,12472.52113097483,47,0.9966579612265242,0.9937499761581421,1.0,0.001041887910607797,47,0.01725257774787098,0.00011073258792748675,0.02933788113296032,0.004769819215754101,47
gtsrb,71,train,215,122.91284242004622,11105556,0.5716876391630057,0.5249096670304425,0.6208398339804262,0.01503665322050628,215,223.78774835834975,181.18321970881064,243.85148157802274,6.623869366376622,215,90410.25033677332,73198.0207623595,98515.99855752119,2676.0432240161554,215,1.0,1.0,1.0,0.0,215,0.00021800663434564635,0.00016909700934775174,0.00022915688168723136,6.425025106517861e-06,215
gtsrb,71,validation,47,0.2374138372251764,23620,0.00505135823883354,0.0034724590368568897,0.00609637500019744,0.000335824172525951,47,24789.038859529162,4895.6661027706805,27104.528928478587,3128.842753817231,47,99156.15543811665,19582.664411082722,108418.11571391435,12515.371015268924,47,0.99651522839323,0.9937499761581421,1.0,0.001009853176654546,47,0.01791504991675499,0.00010275757813360542,0.03164443373680115,0.005164373203923803,47
gtsrb,72,train,215,121.76904408470728,11105556,0.5663676469056153,0.5263106249622069,0.5869714579894207,0.012847253455456549,215,225.85318086618426,181.7342696262389,243.20238644088053,6.084838494878631,215,91244.68506993847,73420.64492900051,98253.76412211574,2458.2747519309673,215,1.0,1.0,1.0,0.0,215,0.00019708181417352238,0.0001803683553589508,0.00023218223941512406,4.417654213039527e-06,215
gtsrb,72,validation,47,0.2296782898483798,23620,0.004886772124433613,0.003501583996694535,0.00552575004985556,0.0002599835771452601,47,25608.437635302023,4854.945652038578,27374.801202436942,3163.9361173266107,47,102433.7505412081,19419.782608154313,109499.20480974777,12655.744469306443,47,0.9965783725393579,0.9937499761581421,1.0,0.0010210875473449974,47,0.017192311010613266,9.313297050539404e-05,0.0294753760099411,0.004790971814207328,47
gtsrb,73,train,215,121.60571549512679,11105556,0.5656079790471014,0.5260043750167824,0.5867131660343148,0.011324930513854402,215,226.13149434226582,180.98596291817134,243.34398358552835,5.612382205806514,215,91357.12371427538,73118.32901894122,98310.96936855346,2267.402411145831,215,1.0,1.0,1.0,0.0,215,0.00018000214470301342,0.00013833539560437202,0.00019233922648709267,5.757305255720842e-06,215
gtsrb,73,validation,47,0.23548624897375703,23620,0.0050103457228458945,0.00343558395979926,0.00950899999588728,0.0007190801463192518,47,25203.1898195633,4948.212647084691,27541.93814479266,3591.1204510495395,47,100812.7592782532,19792.850588338762,110167.75257917064,14364.481804198158,47,0.9964821528881154,0.9937499761581421,1.0,0.0010284410161054435,47,0.017896599056412207,8.518362301401794e-05,0.0317433625459671,0.005161972698015784,47
gtsrb,74,train,215,121.80528299801517,11105556,0.5665361999907682,0.5256040830281563,0.5883329590433277,0.009435139732524479,215,225.72743450739972,183.55938695166492,243.52931062208495,4.770171893881185,215,91193.8835409895,74157.99232847262,98385.84149132231,1927.149445127999,215,1.0,1.0,1.0,0.0,215,0.00016844785653141349,9.628216503188014e-05,0.00018520074081607163,8.187326912247953e-06,215
gtsrb,74,validation,47,0.23377716698450968,23620,0.004973982276266164,0.004198791983071715,0.007455917017068714,0.00040651898234673865,47,25299.89003778415,4048.783571212616,27181.7493399503,3453.5613600530583,47,101199.5601511366,16195.134284850465,108726.9973598012,13814.245440212233,47,0.9965892827257197,0.9937499761581421,1.0,0.001025613127481693,47,0.017381849227488002,7.578692748211324e-05,0.02966929040849209,0.00488096901590159,47
gtsrb,75,train,215,121.73080803715857,11105556,0.5661898048239934,0.5246772079844959,0.5846565419924445,0.010139553984271053,215,225.87635091015423,183.41449230498844,243.9595203529069,5.045008674670606,215,91254.04576770232,74099.45489121533,98559.64622257439,2038.1835045669243,215,1.0,1.0,1.0,0.0,215,0.00015263553224179115,0.00012534153938759118,0.00017735276196617633,6.103188928444467e-06,215
gtsrb,75,validation,47,0.23286583391018212,23620,0.004954592210854938,0.0035250000073574483,0.005628374987281859,0.0002850511119479701,47,25266.05301334654,4822.695025394971,27033.682943369717,3157.1994802205904,47,101064.21205338616,19290.780101579883,108134.73177347887,12628.797920882362,47,0.9966470510401624,0.9937499761581421,1.0,0.0010381553356008774,47,0.0174682820556398,6.989200483076274e-05,0.030655257403850555,0.0050111945829453145,47
gtsrb,76,train,215,121.77052204590291,11105556,0.5663745211437344,0.5268419170170091,0.5919675000477582,0.009753571160635988,215,225.79873471764597,181.78407932322355,242.95712976814545,4.973557767039548,215,91222.68882592896,73440.76804658232,98154.68042633076,2009.3173378839767,215,1.0,1.0,1.0,0.0,215,0.0001386641459079286,0.00010721931175794452,0.00014914576604496688,4.13459314223503e-06,215
gtsrb,76,validation,47,0.2355704631190747,23620,0.005012137513171802,0.0035173330106772482,0.0056063749943859875,0.0002679487889846424,47,24958.624643056857,4833.207418346413,26527.122876628204,3056.8102463064615,47,99834.49857222743,19332.82967338565,106108.49150651282,12227.240985225846,47,0.99651522839323,0.9937499761581421,1.0,0.001009853176654546,47,0.017994183343228328,6.353609205689281e-05,0.0317331962287426,0.005234590809135655,47
gtsrb,77,train,215,121.72411237208871,11105556,0.5661586621957615,0.5265345000079833,0.5972507920232601,0.01047352718363941,215,225.89373033952114,183.15469301691533,243.09898021508423,5.155313800436622,215,91261.06705716654,73994.49597883379,98211.98800689403,2082.746775376396,215,1.0,1.0,1.0,0.0,215,0.00012821409652323656,0.00011710099352058023,0.00013925698294769973,3.1730550831762684e-06,215
gtsrb,77,validation,47,0.2321382440859452,23620,0.004939111576296706,0.003516666009090841,0.005569208995439112,0.00028524057673480117,47,25346.351922582428,4834.124126673886,27561.70429489283,3171.7034581093876,47,101385.40769032971,19336.496506695545,110246.81717957131,12686.81383243755,47,0.9964712414335697,0.9937499761581421,1.0,0.0010246073193826038,47,0.01731920358902921,5.8247442211722955e-05,0.02998565509915352,0.004933064792671245,47
gtsrb,78,train,215,121.54636342037702,11105556,0.5653319228854745,0.5249483750085346,0.6074573330115527,0.012251208734813866,215,226.2621887105433,177.93034019517214,243.83350076646863,6.07178694904089,215,91409.9242390595,71883.85743884955,98508.73430965333,2453.0019274125198,215,1.0,1.0,1.0,0.0,215,0.00011763879179894968,8.217967115342617e-05,0.00013559368380811065,4.691354725475671e-06,215
gtsrb,78,validation,47,0.23577245720662177,23620,0.0050164352597153565,0.0036199160385876894,0.007055208028759807,0.0004915181692353787,47,25080.048942400826,4696.241520185245,27550.581224067773,3497.7755512317513,47,100320.1957696033,18784.96608074098,110202.3248962711,13991.102204927005,47,0.9965783725393579,0.9937499761581421,1.0,0.0010210875473449974,47,0.017231135040848576,5.381222581490874e-05,0.02994772046804428,0.00492553734284579,47
gtsrb,79,train,215,121.49583366297884,11105556,0.5650969007580411,0.5254177500028163,0.5928777920198627,0.012460765320660766,215,226.35446853432288,182.35923500758648,243.61567533512886,5.973058989338963,215,91447.20528786645,73673.13094306494,98420.73283539206,2413.115831692941,215,1.0,1.0,1.0,0.0,215,0.00010403915613667692,8.110939234029502e-05,0.000122079232824035,4.326458909108197e-06,215
gtsrb,79,validation,47,0.23314550006762147,23620,0.004960542554630244,0.003436082974076271,0.007117750006727874,0.0004179285232426579,47,25289.904454051422,4947.49402975932,27036.063693440097,3308.831694432697,47,101159.61781620569,19789.97611903728,108144.25477376039,13235.326777730788,47,0.9965892827257197,0.9937499761581421,1.0,0.001025613127481693,47,0.017683452035735753,4.7574441850883886e-05,0.031210578978061676,0.005059995742865422,47
gtsrb,80,train,215,121.59017654426862,11105556,0.5655357048570633,0.5240430000121705,0.5820421249954961,0.010370373881158067,215,226.13906849661907,185.0993143649419,243.07909013632926,5.048826287825442,215,91360.18367263411,74780.12300343653,98203.95241507702,2039.7258202814785,215,1.0,1.0,1.0,0.0,215,9.753128718774289e-05,9.284837869927287e-05,0.0001458801853004843,5.1362765436372606e-06,215
gtsrb,80,validation,47,0.23188133316580206,23620,0.004933645386506427,0.0034506249940022826,0.0074103749939240515,0.00045054191078470335,47,25450.139553725636,4926.643732526315,27172.615191140274,3378.481329668501,47,101800.55821490254,19706.57493010526,108690.4607645611,13513.925318674004,47,0.9966470510401624,0.9937499761581421,1.0,0.0010381553356008774,47,0.017824073319253387,4.355700730229728e-05,0.03126145899295807,0.005172901959891312,47
gtsrb,81,train,215,121.73654054029612,11105556,0.5662164676292842,0.5271437909686938,0.5917357500293292,0.010391105030266336,215,225.8701390708664,182.66800747447627,242.8179980357612,5.154281740302643,215,91251.53618463001,73797.87501968842,98098.47120644752,2082.329823082267,215,1.0,1.0,1.0,0.0,215,8.774846815910233e-05,6.785451842006296e-05,9.187290561385453e-05,2.538729701330385e-06,215
gtsrb,81,validation,47,0.23413425008766353,23620,0.004981579789099224,0.004692540969699621,0.005583333026152104,0.00017935560448555728,47,25256.986193723267,3380.5893237361183,27277.33243599012,3345.5967125718175,47,101027.94477489307,13522.357294944473,109109.32974396048,13382.38685028727,47,0.9966470510401624,0.9937499761581421,1.0,0.0010381553356008774,47,0.018025978977520743,4.0795486711431295e-05,0.032768383622169495,0.005401129711756341,47
gtsrb,82,train,215,121.48304058786016,11105556,0.5650373980830705,0.5251607910031453,0.583019083016552,0.01206927541619586,215,226.37057328777317,182.71855996715882,243.73487547594425,5.80826742991699,215,91453.71160826035,73818.29822673216,98468.88969228147,2346.5400416864636,215,1.0,1.0,1.0,0.0,215,7.943366126287296e-05,7.305831968551502e-05,0.0001195132645079866,3.369377359258304e-06,215
gtsrb,82,validation,47,0.23123204318108037,23620,0.004919830705980433,0.0034314169897697866,0.005597707990091294,0.00027726228716435183,47,25431.497251520388,4954.2215506546545,27408.506450397268,3135.278891684061,47,101725.98900608155,19816.886202618618,109634.02580158907,12541.115566736244,47,0.9966470510401624,0.9937499761581421,1.0,0.0010381553356008774,47,0.01791433151254054,3.6702927900478244e-05,0.03230442851781845,0.005337989253660499,47
gtsrb,83,train,215,121.50130266597262,11105556,0.565122337981268,0.522359583992511,0.6157685409998521,0.01307720813463422,215,226.35408224963325,182.84423132764135,245.04192882165077,6.135754600876499,215,91447.04922885183,73869.0694563671,98996.93924394691,2478.8448587541056,215,1.0,1.0,1.0,0.0,215,7.328522394324631e-05,4.840393376071006e-05,7.714459206908941e-05,2.495406716048162e-06,215
gtsrb,83,validation,47,0.23322824825299904,23620,0.004962303154319128,0.0035560420365072787,0.007038375013507903,0.000410380177726025,47,25294.683271070193,4780.595905637068,27341.90930440183,3355.3326023397485,47,101178.73308428077,19122.383622548274,109367.63721760732,13421.330409358994,47,0.9965783725393579,0.9937499761581421,1.0,0.0010210875473449974,47,0.01755907558919639,3.328348248032853e-05,0.031180642545223236,0.005103491115170059,47
gtsrb,84,train,215,121.71701437613228,11105556,0.5661256482610804,0.5262877080240287,0.5845854170038365,0.010744859769509445,215,225.91330635424833,182.173437079236,243.21297656861844,5.336776804571371,215,91268.97576711632,73598.06858001136,98258.04253372186,2156.057829046834,215,1.0,1.0,1.0,0.0,215,6.830354932178527e-05,3.800368358497508e-05,8.168286149157211e-05,3.120131779212617e-06,215
gtsrb,84,validation,47,0.2362499930895865,23620,0.005026595597650776,0.0035333330160938203,0.009756207989994437,0.0007510920895173427,47,25151.66292207185,4811.3211867003365,27177.663320759686,3638.0626933225317,47,100606.6516882874,19245.284746801346,108710.65328303874,14552.250773290127,47,0.9967101913817386,0.9937499761581421,1.0,0.0010531898630289985,47,0.018023361123344697,3.044311233679764e-05,0.03238484263420105,0.0053214929839123445,47
gtsrb,85,train,215,121.53523578925524,11105556,0.5652801664616522,0.5260953329852782,0.5845560830202885,0.01156044821938936,215,226.26268261602814,183.93822657019885,243.30191122144365,5.561276664985337,215,91410.12377687536,74311.04353436033,98293.97213346323,2246.7557726540763,215,1.0,1.0,1.0,0.0,215,6.26347235676042e-05,6.023919559083879e-05,9.141206101048738e-05,3.0388912984283783e-06,215
gtsrb,85,validation,47,0.23304254497634247,23620,0.004958352020773244,0.003444792004302144,0.005481375032104552,0.0002818848039143532,47,25233.41045555682,4934.9859088063895,27385.290973447758,3110.4240913809736,47,100933.64182222728,19739.943635225558,109541.16389379103,12441.696365523894,47,0.9967101913817386,0.9937499761581421,1.0,0.0010531898630289985,47,0.017631543003672243,2.818786379066296e-05,0.03145131096243858,0.005214615498893225,47
gtsrb,86,train,215,121.64128442655783,11105556,0.5657734159374783,0.5263314169715159,0.5788407090003602,0.009721989764588617,215,226.03799599743942,182.44156669952034,243.19277906020787,4.960690254248691,215,91319.35038296552,73706.39294660621,98249.88274032398,2004.1188627164715,215,1.0,1.0,1.0,0.0,215,5.553960845857144e-05,5.004986087442376e-05,5.8745325077325106e-05,1.4808176879113234e-06,215
gtsrb,86,validation,47,0.26960854115895927,23620,0.005736351939552325,0.003540917008649558,0.010399082966614515,0.0014387240562123962,47,22774.538943032825,4801.016222202704,26888.637898272274,5000.050939183562,47,91098.1557721313,19204.064888810815,107554.5515930891,20000.20375673425,47,0.9966470510401624,0.9937499761581421,1.0,0.0010381553356008774,47,0.018579506272718836,2.6396803150419146e-05,0.03457026928663254,0.0057250340720095836,47
gtsrb,87,train,215,121.71150557446526,11105556,0.5661000259277454,0.5268257499556057,0.5884576659882441,0.010341426393198095,215,225.91693085016166,182.25120659291883,242.96458555943067,5.18158563724275,215,91270.4400634653,73629.4874635392,98157.69256601,2093.360597446071,215,1.0,1.0,1.0,0.0,215,5.1416564671198164e-05,4.124729093746282e-05,5.758149200119078e-05,1.5238327976626061e-06,215
gtsrb,87,validation,47,0.2318227508221753,23620,0.004932398953663304,0.0035841669887304306,0.0056831249967217445,0.00026927015891491297,47,25382.251660057675,4743.0825777516775,27705.375903005854,3171.6343622233076,47,101529.0066402307,18972.33031100671,110821.50361202341,12686.53744889323,47,0.9967101913817386,0.9937499761581421,1.0,0.0010531898630289985,47,0.018460748012582004,2.3932840122142807e-05,0.033896949142217636,0.005644630493999908,47
gtsrb,88,train,215,121.69328182149911,11105556,0.5660152642860424,0.5247177919954993,0.5946488750050776,0.010602187706419786,215,225.95314072813983,183.19190649615496,243.9406514370641,5.20917244332663,215,91285.06885416851,74009.5302244466,98552.0231805739,2104.505667103959,215,1.0,1.0,1.0,0.0,215,4.764107398778135e-05,4.0564482333138585e-05,5.150889774085954e-05,1.4396629123427128e-06,215
gtsrb,88,validation,47,0.23432178905932233,23620,0.004985569979985582,0.003539707977324724,0.006225083023309708,0.00032590535473316616,47,25127.12364782383,4802.656069060372,26952.3334033343,3197.153255249459,47,100508.49459129533,19210.624276241488,107809.3336133372,12788.613020997836,47,0.9965783725393579,0.9937499761581421,1.0,0.0010210875473449974,47,0.01760395807534533,2.2058269678382203e-05,0.03077862411737442,0.005132599695102781,47
gtsrb,89,train,215,121.61969470442273,11105556,0.565672998625222,0.5284325830289163,0.5854387080180459,0.009899347181530793,215,226.0810216008693,182.16344454069767,242.22579021588405,5.034028089159409,215,91336.73272675123,73594.03159444185,97859.21924721716,2033.7473480204012,215,1.0,1.0,1.0,0.0,215,4.162678588452468e-05,3.0910428904462606e-05,4.287096089683473e-05,1.5660041062160184e-06,215
gtsrb,89,validation,47,0.23332712636329234,23620,0.004964406943899837,0.0034873340046033263,0.005721499968785793,0.00028327536690963146,47,25208.564686254696,4874.783997621042,27543.662669829966,3126.3447221205706,47,100834.25874501879,19499.135990484167,110174.65067931986,12505.378888482282,47,0.9967101913817386,0.9937499761581421,1.0,0.0010531898630289985,47,0.0178416244509324,1.9492847059154883e-05,0.032001905143260956,0.005312618928433563,47
gtsrb,90,train,215,121.55768195376731,11105556,0.5653845672268247,0.5258666250156239,0.5850887090200558,0.011512225864111108,215,226.2216029192466,182.74226888552482,243.4077271897547,5.59657236009305,215,91393.52757937563,73827.87662975203,98336.7217846609,2261.015233477592,215,1.0,1.0,1.0,0.0,215,4.0824019396136147e-05,3.8862104702275246e-05,4.573395199258812e-05,1.6957812059663143e-06,215
gtsrb,90,validation,47,0.2326167038991116,23620,0.004949291572321523,0.003547250002156943,0.005560083955060691,0.00026533388498597467,47,25286.530902604056,4792.444848731544,27074.189469970417,3131.886481921804,47,101146.12361041622,19169.779394926176,108296.75787988167,12527.545927687215,47,0.99651522839323,0.9937499761581421,1.0,0.001009853176654546,47,0.018594780860284835,1.7877096979646012e-05,0.034425631165504456,0.005721749318511909,47
gtsrb,91,train,215,121.64407653623493,11105556,0.5657864024941159,0.527081125008408,0.5855049999663606,0.010685023635993619,215,226.0466230896906,182.93834328933937,242.84686725968066,5.270444535934556,215,91322.83572823499,73907.0906888931,98110.13437291098,2129.2595925175606,215,1.0,1.0,1.0,0.0,215,3.601185267460857e-05,3.311483305878937e-05,4.5779586798744276e-05,1.3173918280366906e-06,215
gtsrb,91,validation,47,0.23331132903695107,23620,0.004964070830573427,0.0033487079781480134,0.005751374992541969,0.0003050368037731516,47,25202.432778844366,5076.584793578139,27093.290039461164,3106.8784583960455,47,100809.73111537746,20306.339174312558,108373.16015784466,12427.513833584182,47,0.9966470510401624,0.9937499761581421,1.0,0.0010381553356008774,47,0.018477487205908548,1.6585410776315257e-05,0.03422272950410843,0.005703161027055432,47
gtsrb,92,train,215,121.61357828904875,11105556,0.5656445501816221,0.5254400409758091,0.5899488750146702,0.010721640666016727,215,226.10489323756227,182.59768740164688,243.6053403206343,5.324483244560556,215,91346.37686797515,73769.46571026534,98416.55748953625,2151.0912308024645,215,1.0,1.0,1.0,0.0,215,3.373410478626854e-05,3.2059571822173893e-05,4.303930472815409e-05,1.8117478367449355e-06,215
gtsrb,92,validation,47,0.23028954508481547,23620,0.0048997775549960735,0.0034442920004948974,0.005491042044013739,0.00026595346921622385,47,25533.733624605175,4935.702314890065,26955.17133418082,3136.646416694914,47,102134.9344984207,19742.80925956026,107820.68533672328,12546.585666779656,47,0.9965783725393579,0.9937499761581421,1.0,0.0010210875473449974,47,0.017851656208938253,1.4864443983242381e-05,0.032340433448553085,0.005375687802279845,47
gtsrb,93,train,215,121.64658858609619,11105556,0.5657980864469591,0.5273264579591341,0.5862235829699785,0.010794196278710196,215,226.04365985964841,183.0392294805331,242.73388537223659,5.309184121132361,215,91321.63858329796,73947.84871013537,98064.48969038358,2144.9103849374737,215,1.0,1.0,1.0,0.0,215,3.096516263403193e-05,2.1988356820656918e-05,3.4549862903077155e-05,1.189090969646319e-06,215
gtsrb,93,validation,47,0.23139895993517712,23620,0.004923382126280364,0.003461542015429586,0.005546375003177673,0.000273909987350734,47,25415.54317179429,4911.106068978411,27515.04744433645,3140.8948896403226,47,101662.17268717715,19644.424275913643,110060.1897773458,12563.57955856129,47,0.9965343855796976,0.9937499761581421,1.0,0.001038360023254543,47,0.01851386403374837,1.4015062333783135e-05,0.03365183621644974,0.0055599127940253925,47
gtsrb,94,train,215,121.56553449569037,11105556,0.5654210906776297,0.5246832080301829,0.5878761659841985,0.010608825731010393,215,226.19258852673167,182.40074174207433,243.95673053946237,5.2874358555773435,215,91381.80576479962,73689.89966379803,98558.5191379428,2136.1240856532468,215,1.0,1.0,1.0,0.0,215,2.770435471469428e-05,2.378631143074017e-05,3.237221244489774e-05,9.245161758207624e-07,215
gtsrb,94,validation,47,0.23129753983812407,23620,0.00492122425187498,0.003487874986603856,0.005681041977368295,0.00027111720296958404,47,25428.559619027834,4874.027901026608,27099.266812406353,3143.9476517503417,47,101714.23847611134,19496.11160410643,108397.06724962541,12575.790607001367,47,0.9965783725393579,0.9937499761581421,1.0,0.0010210875473449974,47,0.01869539794958481,1.2572533705679234e-05,0.03452923148870468,0.0057254635301555185,47
gtsrb,95,train,215,121.77188379672589,11105556,0.5663808548684925,0.527620124979876,0.5932414999697357,0.010700318323193419,215,225.8094527396613,182.69827003913522,242.59878260876053,5.2666208987622545,215,91227.01890682318,73810.10109581063,98009.90817393926,2127.71484309995,215,1.0,1.0,1.0,0.0,215,2.5900673367581224e-05,2.4663821022841148e-05,3.366597957210615e-05,1.3464118314854864e-06,215
gtsrb,95,validation,47,0.23217825108440593,23620,0.0049399627890299135,0.003468999988399446,0.005573250004090369,0.0002803094027638921,47,25332.382578868845,4900.547724661017,27085.172316433447,3138.461830458969,47,101329.53031547538,19602.19089864407,108340.68926573379,12553.847321835876,47,0.9968762169493005,0.9937499761581421,1.0,0.0010897478674574055,47,0.01836316498212638,1.1714831089193467e-05,0.033364973962306976,0.005566541430496562,47
gtsrb,96,train,215,121.67873795621563,11105556,0.5659476184010029,0.5251667909906246,0.5871403749915771,0.01080397898164727,215,225.98389525221143,183.1399967347914,243.73209082499866,5.305054120371285,215,91297.49368189345,73988.55868085573,98467.76469329945,2143.241864629999,215,1.0,1.0,1.0,0.0,215,2.264883152620737e-05,2.0574903828673996e-05,2.476631198078394e-05,5.139668015850206e-07,215
gtsrb,96,validation,47,0.2332694538636133,23620,0.004963179869438581,0.0034868750371970236,0.005606582970358431,0.00029481297959480657,47,25221.706891298745,4875.425651521398,27487.719226330013,3156.0162993136114,47,100886.82756519498,19501.702606085593,109950.87690532005,12624.065197254446,47,0.9967101913817386,0.9937499761581421,1.0,0.0010531898630289985,47,0.018930650511623404,1.074256215360947e-05,0.03509284555912018,0.005862921246841806,47
gtsrb,97,train,215,121.5615759587381,11105556,0.5654026788778517,0.5242570000118576,0.5903701669885777,0.012957781500383188,215,226.24155770667062,181.6991775419605,244.1550613479742,6.155740326443894,215,91401.58931349491,73406.46772695205,98638.64478458157,2486.919091883333,215,1.0,1.0,1.0,0.0,215,2.1270820189086005e-05,1.7376241885358468e-05,2.4422919523203745e-05,5.576193137729759e-07,215
gtsrb,97,validation,47,0.23470704024657607,23620,0.004993766813756938,0.003395874984562397,0.007147124968469143,0.00042912719689816906,47,25120.029602567516,5006.07356786742,27442.04754534666,3287.9015182060625,47,100480.11841027006,20024.29427146968,109768.19018138664,13151.60607282425,47,0.9965343855796976,0.9937499761581421,1.0,0.001038360023254543,47,0.019021064648497604,1.0191222827415913e-05,0.03566862642765045,0.005888487778428419,47
gtsrb,98,train,215,121.80379662889754,11105556,0.5665292866460351,0.5266399169922806,0.6172509170137346,0.011131269185338107,215,225.75888889963267,181.02080806680277,243.0503193358892,5.476857395345505,215,91206.5911154516,73132.40645898832,98192.32901169924,2212.6503877195833,215,1.0,1.0,1.0,0.0,215,1.917718145705294e-05,1.5126349353522528e-05,1.9951477952417918e-05,8.007478730086798e-07,215
gtsrb,98,validation,47,0.23250166705111042,23620,0.00494684397981086,0.0035917499917559326,0.005511874973308295,0.00025744558107370155,47,25301.689621744306,4733.068849173728,27005.643745929316,3138.644683620736,47,101206.75848697723,18932.275396694913,108022.57498371726,12554.578734482944,47,0.9965343855796976,0.9937499761581421,1.0,0.001038360023254543,47,0.018955069377935094,8.775705282459967e-06,0.036006271839141846,0.005932793136004269,47
gtsrb,99,train,215,121.83043265540618,11105556,0.5666531751414241,0.5284997920389287,0.5926620000391267,0.010444180066198171,215,225.69591710154552,183.26825418292793,242.19498650355507,5.1353362268385085,215,91181.15050902437,74040.37468990288,97846.77454743625,2074.675835642758,215,1.0,1.0,1.0,0.0,215,1.8239931092085857e-05,1.3647220839629881e-05,2.4582273908890784e-05,7.700131246149364e-07,215
gtsrb,99,validation,47,0.23138412914704531,23620,0.0049230665775967086,0.003509208036120981,0.00558404199546203,0.0002615314301233406,47,25417.305811327114,4844.397888359879,27583.234547371245,3135.4463880711264,47,101669.22324530846,19377.591553439517,110332.93818948498,12541.785552284506,47,0.9968762169493005,0.9937499761581421,1.0,0.0010897478674574055,47,0.018813340643685072,7.962697964103427e-06,0.03530428186058998,0.005913643518338976,47
gtsrb,100,train,215,121.72528866789071,11105556,0.5661641333390266,0.5270106670213863,0.5841928749578074,0.010467277147542446,215,225.89275469472346,182.3159624851327,242.87933434714654,5.20246630297809,215,91260.6728966683,73655.64884399361,98123.2510762472,2101.796386403149,215,1.0,1.0,1.0,0.0,215,1.6880521197467608e-05,1.4620794900110923e-05,2.063753163383808e-05,6.756620526906375e-07,215
gtsrb,100,validation,47,0.23255220626015216,23620,0.004947919282130897,0.0034350419882684946,0.00572350004222244,0.00031819781232396904,47,25306.985926445406,4948.993362543789,27602.566305483146,3195.4312860946466,47,101227.94370578162,19795.973450175155,110410.26522193258,12781.725144378586,47,0.9967101913817386,0.9937499761581421,1.0,0.0010531898630289985,47,0.018980739981340408,7.524042302975431e-06,0.035871800035238266,0.0059525210725006735,47
fer2013,1,train,197,110.00358267105184,10148884,0.5583938206652378,0.44408650003606454,0.7986963750445284,0.021528520388408787,197,228.43631199906878,74.30984728722906,249.98520985388737,12.852914806186602,197,92288.2700476238,30021.178304040543,100994.0247809705,5192.577581699387,197,0.416760303458284,0.11328125,0.5625572204589844,0.11942019530487687,197,1.716856639397326,1.5276662111282349,1.962212324142456,0.11759046856323364,197
fer2013,1,validation,43,0.2510072142467834,21536,0.005837377075506591,0.0033664999646134675,0.04855933302314952,0.006596934984441593,43,25265.852076695654,2376.3552900908876,27765.22078043814,5063.991569289073,43,101063.40830678261,9505.42116036355,111060.88312175256,20255.96627715629,43,0.5180593812188437,0.501857340335846,0.55859375,0.015733043359964477,43,1.4636128031930258,1.3942461013793945,1.4857500791549683,0.02652946371835046,43
fer2013,2,train,197,111.26135707937647,10148884,0.5647784623318602,0.44326895801350474,0.6015912500442937,0.009643508683286957,197,225.6299203411033,74.44690047299594,233.3005911159545,10.922189419739787,197,91154.4878178057,30076.547791090357,94253.4388108456,4412.564525574874,197,0.7544293715263987,0.7310267686843872,0.7716746926307678,0.010552243178766048,197,1.1214087082044728,1.045963168144226,1.2177375555038452,0.04733894986879256,197
fer2013,2,validation,43,0.21257354080444202,21536,0.004943570716382372,0.003430791955906898,0.005548916000407189,0.0002829366848077484,43,25186.625680093344,2331.8231192148387,27068.945124171965,3613.4335466152074,43,100746.50272037338,9327.292476859355,108275.78049668786,14453.73418646083,43,0.529796585094097,0.5161589980125427,0.5625,0.013350229846451208,43,1.365622409554415,1.2754255533218384,1.3956953287124634,0.0360609815822884,43
fer2013,3,train,197,111.38838012720225,10148884,0.5654232493766612,0.44255725003313273,0.5816160829854198,0.009664558825609704,197,225.37096774968248,74.56662386059521,242.01862469023018,10.900332923780242,197,91049.87097087174,30124.91603968047,97775.52437485299,4403.734501207218,197,0.8116322492584964,0.78125,0.8359375,0.006108980892035697,197,0.8635656043962778,0.816326379776001,0.9376809597015381,0.0296847305007037,197
fer2013,3,validation,43,0.21501133200945333,21536,0.005000263535103566,0.003425957984291017,0.005835707997903228,0.00032519544123231904,43,24915.495833356203,2335.1132841331546,27622.670120900097,3631.96447028585,43,99661.98333342481,9340.453136532618,110490.68048360039,14527.8578811434,43,0.5330537308094113,0.5178571343421936,0.57421875,0.014868668462299976,43,1.3511688626089762,1.250845193862915,1.3855787515640259,0.04057976469264224,43
fer2013,4,train,197,111.38425515667768,10148884,0.5654023104399882,0.44560929195722565,0.6187750839744695,0.00995854535201972,197,225.38858767048907,74.05590636374723,237.50881090878013,10.98515702451606,197,91056.9894188776,29918.586170953877,95953.55960714718,4438.003437904489,197,0.8294417852072546,0.809374988079071,0.859375,0.005517780384655834,197,0.700721572195818,0.6678427457809448,0.7429291009902954,0.02018421732648142,197
fer2013,4,validation,43,0.21323404303984717,21536,0.004958931233484818,0.0033930829958990216,0.005655541957821697,0.00029619361708016864,43,25107.12703993558,2357.7377888100677,27034.402142941162,3608.984862527389,43,100428.50815974233,9430.951155240271,108137.60857176465,14435.939450109556,43,0.5322052961172059,0.5154017806053162,0.578125,0.01705358318194818,43,1.3746345680813457,1.2612738609313965,1.4120911359786987,0.04351453329160068,43
fer2013,5,train,197,111.42203279107343,10148884,0.565594075081591,0.4417724999948405,0.585326874977909,0.009933051661361736,197,225.30465035266954,74.69908154171075,241.8338942743891,10.915261279222763,197,91023.07874247848,30178.428942851144,97700.8932868532,4409.765556805995,197,0.8469326916684959,0.828125,0.8542798757553101,0.0025133237702013025,197,0.5874751291904353,0.5737162232398987,0.6266008019447327,0.008764232532244877,197
fer2013,5,validation,43,0.21455158398021013,21536,0.004989571720470003,0.0035763329942710698,0.0056247920147143304,0.00027075788185139214,43,24966.18288636118,2236.9281643558375,26764.709286262736,3594.310520145404,43,99864.73154544472,8947.71265742335,107058.83714505094,14377.242080581616,43,0.529819649319316,0.5144817233085632,0.57421875,0.016401346759235658,43,1.4144423451534538,1.2907899618148804,1.4545890092849731,0.04605170289529978,43
fer2013,6,train,197,111.47930058516795,10148884,0.5658847745439998,0.4452685419819318,0.5961327499826439,0.009770221567123242,197,225.1929483084959,74.11257901381023,240.51797800684145,10.947111540485398,197,90977.95111663236,29941.481921579336,97169.26311476395,4422.6330623561,197,0.8492271077209318,0.796875,0.8544871807098389,0.007362123493175618,197,0.5336148333428475,0.5126020312309265,0.6322067379951477,0.01763472456538021,197
fer2013,6,validation,43,0.21334207628387958,21536,0.004961443634508828,0.0034273340133950114,0.0058307910221628845,0.0003115463372216798,43,25108.08347068444,2334.175767151287,27094.488788550945,3644.00358406923,43,100432.33388273776,9336.703068605148,108377.95515420378,14576.01433627692,43,0.5306432538254316,0.5161966681480408,0.572265625,0.015056609062957145,43,1.4588677883148193,1.327709436416626,1.5009962320327759,0.04787939273724854,43
fer2013,7,train,197,111.35844995669322,10148884,0.565271319577123,0.44158849999075755,0.5828893749858253,0.010053744248402118,197,225.4354906108251,74.73020697026914,242.118136326689,10.947372908995156,197,91075.93820677334,30191.003615988728,97815.72707598236,4422.738655234043,197,0.8591208814969523,0.833984375,0.875,0.004180723901680272,197,0.4788023862741925,0.41602951288223267,0.5119836330413818,0.007484028628881263,197
fer2013,7,validation,43,0.21293428831268102,21536,0.004951960193318164,0.003372333012521267,0.0059335409896448255,0.00032901303488272704,43,25158.4490451933,2372.2449622550585,27684.402901420635,3669.4495586444127,43,100633.7961807732,9488.979849020234,110737.61160568254,14677.79823457765,43,0.5300022585447445,0.515625,0.58203125,0.016045307678047474,43,1.4953433497007502,1.3582714796066284,1.5404341220855713,0.05014219022500852,43
fer2013,8,train,197,111.34181271237321,10148884,0.5651868665602701,0.44288587500341237,0.5862466669641435,0.01005269541217305,197,225.47162723453033,74.5112948109843,239.70192676593084,10.970147255278397,197,91090.53740275024,30102.563103637654,96839.57841343606,4431.939491132472,197,0.8664823661600878,0.8611111044883728,0.88671875,0.0030709249456845017,197,0.4496992116954726,0.4151236414909363,0.48576319217681885,0.006189582829942164,197
fer2013,8,validation,43,0.21353070583427325,21536,0.0049658303682389125,0.0034699999960139394,0.005860709003172815,0.00031515932187157445,43,25094.703123139072,2305.4755069711136,27089.70644236545,3661.3573475891535,43,100378.81249255629,9221.902027884455,108358.8257694618,14645.429390356614,43,0.5308333940284197,0.5171493887901306,0.578125,0.015520113148525883,43,1.530329518539961,1.3916568756103516,1.5760992765426636,0.05118815652078821,43
fer2013,9,train,197,111.3484646260622,10148884,0.5652206326196051,0.4446611669845879,0.5838579590199515,0.009641154383277289,197,225.45610789354194,74.21381143711115,240.97559346658807,10.948473226609316,197,91084.26758899093,29982.379820592905,97354.13976050158,4423.183183550163,197,0.8701763334613161,0.8660038113594055,0.8828125,0.002633980810609466,197,0.4238278454330367,0.39822569489479065,0.4344841539859772,0.005351033148093809,197
fer2013,9,validation,43,0.21308491594390944,21536,0.0049554631614862656,0.003425957984291017,0.005462125001940876,0.00027759331227043257,43,25121.197876526065,2335.1132841331546,27029.880861461097,3592.4809931120285,43,100484.79150610426,9340.453136532618,108119.52344584439,14369.923972448114,43,0.5299135377240736,0.5174106955528259,0.5703125,0.01313180631711804,43,1.570625906766847,1.4279193878173828,1.6168464422225952,0.051014551194424315,43
fer2013,10,train,197,111.44983929226873,10148884,0.5657352248338514,0.44548029103316367,0.5888613749993965,0.0099355092387658,197,225.255702307837,74.0773512638819,241.74439355934635,10.985603361605257,197,91003.30373236617,29927.249910608283,97664.73499797593,4438.183758088523,197,0.8686345740018158,0.84375,0.875781238079071,0.0031083820731519097,197,0.41116833323754637,0.3968152403831482,0.4436565041542053,0.005434320830876526,197
fer2013,10,validation,43,0.21226404298795387,21536,0.0049363730927431135,0.003443917026743293,0.00560812494950369,0.0002950904757850811,43,25233.760661161712,2322.9363361187375,27293.804414765273,3651.0857733900084,43,100935.04264464685,9291.74534447495,109175.21765906109,14604.343093560034,43,0.5290920831436334,0.5158482193946838,0.56640625,0.013258109932250645,43,1.6033367528471836,1.456168293952942,1.6514676809310913,0.05337302969343688,43
fer2013,11,train,197,111.37122470664326,10148884,0.5653361660235698,0.44288620800944045,0.5871437090099789,0.009686109668606812,197,225.406842394416,74.51123878596053,242.85383615092502,10.91433040745001,197,91064.36432734404,30102.540469528052,98112.9498049737,4409.389484609804,197,0.8745990062728146,0.8671875,0.8832465410232544,0.002458976149360038,197,0.3992273842320224,0.3858461081981659,0.4802294671535492,0.009439694214121615,197
fer2013,11,validation,43,0.2141268309787847,21536,0.004979693743692668,0.003375541011337191,0.0071012499975040555,0.00043792877372810397,43,25072.308406045075,2369.9904617159045,27102.618110512463,3781.9464294545137,43,100289.2336241803,9479.961846863618,108410.47244204985,15127.785717818055,43,0.530841606994008,0.5158155560493469,0.58203125,0.016692349100184776,43,1.630731274915296,1.4775298833847046,1.6829427480697632,0.05725876185060644,43
fer2013,12,train,197,111.46541029820219,10148884,0.5658142654731075,0.44959129102062434,0.580605374998413,0.009088692875393465,197,225.2211165772779,73.39999830754323,237.84632013264445,10.948825983969764,197,90989.33109722027,29653.599316247462,96089.91333358835,4423.325697523784,197,0.8741358058706759,0.8698437213897705,0.9140625,0.004054667716060778,197,0.3874678909778595,0.3243466913700104,0.4017332196235657,0.008286080528783112,197
fer2013,12,validation,43,0.21222762385150418,21536,0.004935526136081492,0.0034288750030100346,0.00550904095871374,0.00028931271508093523,43,25232.2137089738,2333.126752353821,27362.851912567217,3634.504629123514,43,100928.8548358952,9332.507009415283,109451.40765026887,14538.018516494056,43,0.529852616232495,0.5167410969734192,0.5703125,0.013672601914527557,43,1.660630087519801,1.5093737840652466,1.7095633745193481,0.05487887383181969,43
fer2013,13,train,197,111.43806675524684,10148884,0.5656754657626742,0.44702504202723503,0.582966124988161,0.009839181422006167,197,225.28186683945177,73.82136770313076,243.16806173378865,11.015130221795985,197,91013.87420313849,29823.83255206483,98239.8969404506,4450.112609605578,197,0.8758762593801857,0.8664772510528564,0.8828125,0.0020044944463199284,197,0.3784342458102909,0.3714199960231781,0.40905314683914185,0.005292921707335688,197
fer2013,13,validation,43,0.21149283595150337,21536,0.004918438045383799,0.0033787089632824063,0.005523667030502111,0.0002985358632681576,43,25319.38780880122,2367.7683064563284,27817.0162080285,3656.149447052943,43,101277.55123520488,9471.073225825314,111268.064832114,14624.597788211771,43,0.5256906983464263,0.5127232074737549,0.5625,0.013072889816053089,43,1.6818001187124918,1.525969386100769,1.734361171722412,0.057678473813303655,43
fer2013,14,train,197,111.46018162707333,10148884,0.5657877239952961,0.44523595803184435,0.5822270420030691,0.009754565533269295,197,225.23203037585088,74.1180028357902,240.96423328150522,10.959500205246862,197,90993.74027184374,29943.673145659235,97349.5502457281,4427.638082919731,197,0.8813486002423436,0.8776971697807312,0.90625,0.004357171664552689,197,0.3634057771130867,0.27498048543930054,0.36974599957466125,0.011009626939325223,197
fer2013,14,validation,43,0.21187208406627178,21536,0.004927257768983065,0.003349082951899618,0.005633666994981468,0.000295731102012964,43,25265.215408098207,2388.713601573337,27116.007187256604,3625.492842355532,43,101060.86163239283,9554.854406293349,108464.02874902642,14501.971369422128,43,0.5267720666042593,0.5140625238418579,0.5703125,0.013465926761707306,43,1.7014365085335665,1.5466560125350952,1.7527759075164795,0.05678654177731541,43
fer2013,15,train,197,111.44113874220056,10148884,0.565691059605079,0.44779775000642985,0.58393329201499,0.009602748540782448,197,225.27373577948038,73.69398349930556,240.52615080837847,10.991893370290732,197,91010.58925491005,29772.36933371945,97172.5649265849,4440.724921597456,197,0.8790530777219588,0.8723958134651184,0.8885416388511658,0.003315390720515801,197,0.36375997695826034,0.3443553149700165,0.40263795852661133,0.007177916954337173,197
fer2013,15,validation,43,0.21414304105564952,21536,0.0049800707222244075,0.0034364580060355365,0.005765749956481159,0.0003049313032629336,43,25009.96225015054,2327.978396927709,27347.50551168905,3620.0528982994447,43,100039.84900060216,9311.913587710837,109390.0220467562,14480.211593197779,43,0.5245272364727286,0.5113839507102966,0.57421875,0.015081177201784562,43,1.7270711854446765,1.5666998624801636,1.7796684503555298,0.05855665654627344,43
fer2013,16,train,197,111.35401474812534,10148884,0.5652488058280474,0.4494574579875916,0.5849260839750059,0.010063588890326084,197,225.46115629263514,73.42185431242983,241.60119274023924,11.120105226988992,197,91086.30714222461,29662.42914222165,97606.88186705665,4492.5225117035525,197,0.8790619070759884,0.8723958134651184,0.9140625,0.003932721011228672,197,0.3538118084977726,0.2986854314804077,0.36305955052375793,0.008319681811495555,197
fer2013,16,validation,43,0.21430150495143607,21536,0.0049837559291031645,0.0034883339540101588,0.006170124979689717,0.0003317131113825613,43,25011.998832217017,2293.3584070422125,26702.592938272224,3664.182233914667,43,100047.99532886807,9173.43362816885,106810.3717530889,14656.728935658668,43,0.5272674033808153,0.5140625238418579,0.5703125,0.014712029614976618,43,1.7379045791404193,1.5751596689224243,1.7913110256195068,0.05981994713903904,43
fer2013,17,train,197,111.49310637399321,10148884,0.5659548546903209,0.4493869169964455,0.5865042500081472,0.009457627099655816,197,225.16944876766047,73.43337945964505,240.55251876153886,10.992265052560148,197,90968.45730213482,29667.085301696603,97183.2175796617,4440.8750812343,197,0.8808995346127427,0.8752790093421936,0.892578125,0.0022332390621380223,197,0.3527220920257762,0.337929904460907,0.3717999756336212,0.003906714670309485,197
fer2013,17,validation,43,0.213928043784108,21536,0.0049750707856769305,0.0033624579664319754,0.007105749973561615,0.0004429965048440398,43,25098.365807970553,2379.211897922723,27226.8013830425,3796.91586952928,43,100393.46323188221,9516.847591690892,108907.20553217,15187.66347811712,43,0.5301192749378293,0.5174106955528259,0.5703125,0.012671938057561548,43,1.7601024882737981,1.5997910499572754,1.8127449750900269,0.05865579955188017,43
fer2013,18,train,197,111.48023713100702,10148884,0.5658895285837919,0.4445822919951752,0.5879632079740986,0.010527251132328273,197,225.2014705483042,74.22697798399521,240.8890687082731,11.06574933752157,197,90981.39410151492,29987.699105534066,97319.18375814233,4470.562732358714,197,0.882600596410974,0.8671875,0.8872767686843872,0.0019817935539048017,197,0.34887061203796854,0.32558801770210266,0.36985883116722107,0.004910000711493351,197
fer2013,18,validation,43,0.21422945585800335,21536,0.0049820803687907755,0.0033285419922322035,0.007306499988771975,0.00046399227466907404,43,25066.89803205742,2403.4547314318243,27530.824814938853,3797.9941474652874,43,100267.59212822968,9613.818925727297,110123.29925975541,15191.97658986115,43,0.5280865874401358,0.5138393044471741,0.57421875,0.01489472069502946,43,1.7726201484369677,1.6088138818740845,1.8260685205459595,0.05977803062095303,43
fer2013,19,train,197,111.53547638125019,10148884,0.5661699308692903,0.4490934169734828,0.5820167090278119,0.009539889236244397,197,225.08422156125394,73.48137103053666,241.18726283011802,10.993800219299418,197,90934.0255107466,29686.47389633681,97439.65418336767,4441.495288596965,197,0.8812553219988867,0.8359375,0.90234375,0.004365575880775771,197,0.3492509852811165,0.3033115863800049,0.44313353300094604,0.00980777075496058,197
fer2013,19,validation,43,0.21455287496792153,21536,0.004989601743440036,0.003480791987385601,0.007108249992597848,0.00042614842674767154,43,25028.989657285958,2298.3275154022476,26730.23998909311,3772.644303627578,43,100115.95862914383,9193.31006160899,106920.95995637243,15090.577214510313,43,0.5265229871106702,0.5127232074737549,0.5703125,0.014929249913828498,43,1.7895110263380893,1.6224108934402466,1.8443304300308228,0.06174935246369144,43
fer2013,20,train,197,111.60063550015911,10148884,0.5665006878180666,0.44700820796424523,0.6046849170234054,0.010699146786363859,197,224.9645617147358,73.8241477718896,243.4696906735069,11.111851623715411,197,90885.68293275325,29824.9556998434,98361.75503209679,4489.188055981026,197,0.8820856286184436,0.869140625,0.8984375,0.0028271002925597593,197,0.3414188930528418,0.29077813029289246,0.3587436079978943,0.006342115332825516,197
fer2013,20,validation,43,0.212796913983766,21536,0.00494876544148293,0.00344512501033023,0.005676332977600396,0.0002959495670137431,43,25169.20573347698,2322.1218318673336,27182.23451664256,3638.542055213419,43,100676.82293390793,9288.487327469335,108728.93806657023,14554.168220853677,43,0.5273705970409305,0.5129464268684387,0.5703125,0.014707905696829511,43,1.8014018618783285,1.6351256370544434,1.8561911582946777,0.06033615140854428,43
fer2013,21,train,197,111.4616207118379,10148884,0.565795028994101,0.4467150419950485,0.5846368750208057,0.010035018662186387,197,225.2362809413632,73.8725963930397,242.2739109980982,11.0352732237242,197,90995.45750031072,29844.528942788038,97878.66004323168,4458.250382384578,197,0.8805128314773444,0.83203125,0.8853484988212585,0.006732519339178999,197,0.3434177115181376,0.3350340723991394,0.38568753004074097,0.0066517606490512264,197
fer2013,21,validation,43,0.21539921005023643,21536,0.005009283954656662,0.003486208035610616,0.007096333953086287,0.00043432137159950116,43,24936.61633866175,2294.7569159047,27411.19456550581,3785.0428735929218,43,99746.465354647,9179.0276636188,109644.77826202325,15140.171494371687,43,0.5245050427525543,0.510937511920929,0.56640625,0.014097617333887574,43,1.8156046728755153,1.6476399898529053,1.8714519739151,0.06159601493984253,43
fer2013,22,train,197,111.48170984350145,10148884,0.5658970042817333,0.44570116698741913,0.5891220000339672,0.01027397384405907,197,225.19697645505047,74.04064077968074,243.71433967456827,11.048550083491683,197,90979.57848784038,29912.41887499102,98460.59322852558,4463.614233730639,197,0.8823305810163469,0.875244140625,0.8984375,0.00304805828294595,197,0.3426979122125558,0.2912091612815857,0.36635205149650574,0.0075609581844060395,197
fer2013,22,validation,43,0.2119382480159402,21536,0.0049287964654869815,0.0034473330015316606,0.005403167044278234,0.0002769147811365301,43,25264.697181155418,2320.6345300687735,27328.529249313622,3629.102820373046,43,101058.78872462167,9282.538120275094,109314.11699725449,14516.411281492185,43,0.5263227751088697,0.5136160850524902,0.5625,0.012969478037937986,43,1.8223294435545456,1.651319980621338,1.8798249959945679,0.06334762616001736,43
fer2013,23,train,197,111.418633579975,10148884,0.5655768202029188,0.4418642080272548,0.583139874972403,0.01081783903100433,197,225.32565063629934,74.68357789677438,243.195609146284,11.07223249048763,197,91031.56285706493,30172.165470296848,98251.02609509873,4473.181926157003,197,0.8852480165849482,0.828125,0.8896484375,0.0047259810713652485,197,0.3314347540969171,0.3241921365261078,0.4895690083503723,0.012185600356798856,197
fer2013,23,validation,43,0.21258141804719344,21536,0.004943753908074266,0.003455250000115484,0.005962667055428028,0.0003251122756534807,43,25213.26877406286,2315.317270742383,27623.909927660665,3698.219370603146,43,100853.07509625144,9261.269082969531,110495.63971064266,14792.877482412585,43,0.5267192014428073,0.5133928656578064,0.5703125,0.014997700623835675,43,1.8300979747328647,1.6559786796569824,1.8886281251907349,0.06510259982730829,43
fer2013,24,train,197,111.47253628971521,10148884,0.5658504380188589,0.4464971669949591,0.5883575829793699,0.010543682052407364,197,225.22139648901225,73.90864363619258,242.5193973081874,11.111864148125326,197,90989.44418156095,29859.092029021802,97977.8365125077,4489.193115842631,197,0.887629150739176,0.8765624761581421,0.889843761920929,0.0016374539558044097,197,0.3316436340361077,0.32717373967170715,0.3697124719619751,0.005771431139281868,197
fer2013,24,validation,43,0.21379762375727296,21536,0.004972037761797046,0.003324707970023155,0.005614541005343199,0.00031055432315501235,43,25035.473242263077,2406.2263730021027,27046.54091685722,3599.299731154797,43,100141.89296905231,9624.90549200841,108186.16366742887,14397.198924619188,43,0.5269861498544383,0.5127232074737549,0.56640625,0.014216511983253513,43,1.8508074366769125,1.677964448928833,1.9087425470352173,0.06277537167485091,43
fer2013,25,train,197,111.56716478645103,10148884,0.5663307857180255,0.448378374974709,0.5871106249978766,0.010126761355476377,197,225.02704685586758,73.59855390408019,242.44354653972238,11.065301148953814,197,90910.92692977049,29733.815777248397,97947.19280204784,4470.38166417734,197,0.8838640760044156,0.869140625,0.890625,0.004177689554601891,197,0.3374086774242711,0.30133524537086487,0.372081458568573,0.01022027155225797,197
fer2013,25,validation,43,0.21080112480558455,21536,0.004902351739664757,0.003258500015363097,0.005454749974887818,0.00029858026348211384,43,25383.307205583766,2455.1173737246563,27309.096014177132,3627.368875630465,43,101533.22882233506,9820.469494898625,109236.38405670853,14509.47550252186,43,0.5239937638127526,0.5113839507102966,0.5703125,0.014342186067733064,43,1.8625248365624005,1.687821865081787,1.9207234382629395,0.06336870591226071,43
fer2013,26,train,197,111.50738350680331,10148884,0.566027327445702,0.44485683302627876,0.5856490000151098,0.010792797102058528,197,225.1513485778364,74.18116919887935,244.15341179439454,11.115786952508001,197,90961.1448254459,29969.192356347252,98637.97836493539,4490.777928813233,197,0.8880144288092096,0.8840277791023254,0.91015625,0.00482118781990977,197,0.3249683218256471,0.25638148188591003,0.3329544961452484,0.010284538754958618,197
fer2013,26,validation,43,0.21313220506999642,21536,0.004956562908604568,0.0035106659634038806,0.005532082985155284,0.0002683825310907327,43,25124.895078552596,2278.769920976287,26988.800497128694,3602.1415180659496,43,100499.58031421038,9115.079683905147,107955.20198851477,14408.566072263799,43,0.5258000756418982,0.5140625238418579,0.55859375,0.01179778895848692,43,1.8628512149633363,1.6880583763122559,1.921644687652588,0.06322809238192187,43
fer2013,27,train,197,111.48889783455525,10148884,0.5659334915459657,0.4440322500304319,0.5851938749547116,0.010865304847853117,197,225.18815821514488,74.31892615398618,242.752548680186,11.111253807539413,197,90976.01591891854,30024.84616621042,98072.02966679515,4488.946538245922,197,0.8924517256354317,0.875,0.90625,0.003379329882447997,197,0.31753093261404086,0.29568377137184143,0.3333452641963959,0.005418479320053231,197
fer2013,27,validation,43,0.21561008400749415,21536,0.005014188000174283,0.003533791983500123,0.0069531669723801315,0.00040928744594128237,43,24903.979864846882,2263.8570796904187,27012.76779610944,3753.4834381092505,43,99615.91945938753,9055.428318761675,108051.07118443777,15013.933752437002,43,0.5286174347234327,0.515625,0.5703125,0.01437945927083051,43,1.8698986990507258,1.691209316253662,1.9304553270339966,0.0665509818115177,43
fer2013,28,train,197,111.55415390437702,10148884,0.5662647406313555,0.4444524580030702,0.5896358749596402,0.010761931230139734,197,225.05484099448853,74.24866125900026,241.88892572035692,11.085802862630786,197,90922.15576177336,29996.459148636106,97723.1259910242,4478.664356502837,197,0.8886617443283197,0.875,0.901562511920929,0.0029052853265140385,197,0.32598455711669727,0.293886661529541,0.38324615359306335,0.009723394283516566,197
fer2013,28,validation,43,0.21729345910716802,21536,0.005053336258306233,0.003335291985422373,0.007296291005332023,0.0005629562211562605,43,24781.193328204055,2398.5905986539588,26965.108469612987,3939.751132587328,43,99124.77331281622,9594.362394615835,107860.43387845195,15759.004530349312,43,0.5265770485234815,0.5129464268684387,0.5703125,0.014066572782417706,43,1.8831355987593186,1.7095415592193604,1.9426316022872925,0.06244149080440499,43
fer2013,29,train,197,111.50095112767303,10148884,0.56599467577499,0.44463275000452995,0.6094050420215353,0.010773562215436124,197,225.16258845689657,74.21855452542304,241.5078773744001,11.087606769207097,197,90965.68573658622,29984.29602827091,97569.18245925763,4479.393134759667,197,0.8916463924543506,0.8877650499343872,0.9140625,0.0038298863398700334,197,0.316067741909608,0.2843252718448639,0.3235156238079071,0.007782167473182627,197
fer2013,29,validation,43,0.21408599888673052,21536,0.004978744160156524,0.0033348339493386447,0.005761875014286488,0.00031693467953609064,43,25005.65234101118,2398.920042656558,26995.915662459505,3604.6218514099664,43,100022.60936404472,9595.680170626232,107983.66264983802,14418.487405639866,43,0.5266535933627638,0.5140625238418579,0.5625,0.012672779713187582,43,1.8962354909541994,1.7155625820159912,1.9571863412857056,0.06594042218937526,43
fer2013,30,train,197,111.43937791895587,10148884,0.5656821214160196,0.4438804159872234,0.5919070420204662,0.01117618304685846,197,225.29344682403485,74.34434773745429,242.17631398604,11.171996698031881,197,91018.55251691006,30035.116485931532,97839.23085036015,4513.48666600488,197,0.8909516446481501,0.8723958134651184,0.921875,0.00341530404611375,197,0.3086826551686689,0.28050497174263,0.31850430369377136,0.0076608139733446035,197
fer2013,30,validation,43,0.21980366681236774,21536,0.00511171318168297,0.00349183299113065,0.007232167001347989,0.0004920196329789006,43,24463.04767644615,2291.0603171229022,26449.242666625098,3798.5487796178413,43,97852.1907057846,9164.241268491609,105796.97066650039,15194.195118471365,43,0.5281055278556291,0.5138393044471741,0.578125,0.016402088183963423,43,1.8925008912419163,1.7086836099624634,1.9541534185409546,0.06854105325636672,43
fer2013,31,train,197,111.44720329111442,10148884,0.5657218441173321,0.4461290420149453,0.587976458016783,0.010975407051397936,197,225.27924939525442,73.96962961872028,243.04360821339452,11.189147732783129,197,91012.81675568278,29883.73036596299,98189.61771821139,4520.415684044385,197,0.8877686643358415,0.859375,0.8921874761581421,0.005657485735389033,197,0.3199596811974714,0.3120393455028534,0.36500823497772217,0.007642557699745365,197
fer2013,31,validation,43,0.2182564990944229,21536,0.0050757325370796025,0.003378000052180141,0.009383124997839332,0.0007318273782843825,43,24755.16148538567,2368.2652091248037,27077.52889996332,3995.0006964662293,43,99020.64594154268,9473.060836499215,108310.11559985328,15980.002785864917,43,0.5229984119881032,0.5111607313156128,0.5625,0.013044627909800686,43,1.9086094734280608,1.7269110679626465,1.9704030752182007,0.06629950904496781,43
fer2013,32,train,197,111.53398137865588,10148884,0.5661623420236339,0.4468501670053229,0.5888752920436673,0.010715728476972088,197,225.10013502924528,73.85025772991801,243.3987594187857,11.135775573972433,197,90940.45455181508,29835.504122886876,98333.09880518942,4498.853331884862,197,0.8939109798615354,0.8890984058380127,0.94140625,0.008172690303033798,197,0.30570520490861786,0.22949184477329254,0.31683579087257385,0.016801687860938084,197
fer2013,32,validation,43,0.21207020699512213,21536,0.004931865278956329,0.003412917023524642,0.00555975001771003,0.00029422537337546635,43,25251.799113624187,2344.035892129048,27327.56066635048,3644.5199355821865,43,101007.19645449675,9376.143568516192,109310.24266540192,14578.079742328746,43,0.527745435404223,0.5129464268684387,0.5703125,0.015614723481707466,43,1.9088446650394173,1.7306618690490723,1.970296859741211,0.06466680353283376,43
fer2013,33,train,197,111.49293465603841,10148884,0.5659539830255758,0.4467769580078311,0.5824957080185413,0.01113403830788995,197,225.19029833411452,73.86235885383681,243.24145863766648,11.220467762251019,197,90976.88052698225,29840.39297695007,98269.54928961725,4533.068975949412,197,0.8877962682452903,0.8716517686843872,0.9296875,0.005618721711152916,197,0.32226669954769505,0.26374906301498413,0.35888803005218506,0.012004364686131936,197
fer2013,33,validation,43,0.21466450014850125,21536,0.0049921976778721225,0.003413291007746011,0.006882207992020994,0.00041784543472421975,43,25004.47514257113,2343.779063034784,26987.377914112025,3764.8627186366202,43,100017.90057028452,9375.116252139136,107949.5116564481,15059.450874546481,43,0.5283826742061349,0.5165178775787354,0.55859375,0.012436911380325103,43,1.9196650122487269,1.7389487028121948,1.9819188117980957,0.06569417291310337,43
fer2013,34,train,197,111.50472208380233,10148884,0.5660138176842758,0.44774804200278595,0.597675375000108,0.011075124255738587,197,225.1671962825823,73.70216484340241,243.88526389795754,11.223477146806154,197,90967.54729816323,29775.674596734578,98529.64661477484,4534.284767309686,197,0.8894720809713839,0.87890625,0.9140625,0.004040533371793963,197,0.31353993660907453,0.2758693993091583,0.3285319209098816,0.006107858330853709,197
fer2013,34,validation,43,0.21496524574467912,21536,0.004999191761504165,0.0034566669492051005,0.0070586250512860715,0.0004435052101729782,43,24991.92137430281,2314.3681811288443,27993.953567955235,3815.1161436508696,43,99967.68549721123,9257.472724515377,111975.81427182094,15260.464574603478,43,0.5273954701978106,0.5127232074737549,0.57421875,0.016501883692353017,43,1.929338347080142,1.7474925518035889,1.9912848472595215,0.06637684048046785,43
fer2013,35,train,197,111.54928191716317,10148884,0.5662400097317928,0.4453397080069408,0.5909652910195291,0.011127382117937129,197,225.0727378292688,74.10073570058945,242.51208416383326,11.17458584178597,197,90929.38608302458,29936.69722303814,97974.88200218865,4514.532680081533,197,0.8943635518780819,0.8914930820465088,0.9140625,0.0026923702623409193,197,0.3095085968826023,0.28874656558036804,0.36264896392822266,0.0046222831759139505,197
fer2013,35,validation,43,0.2437938330695033,21536,0.00566962402487217,0.003402166999876499,0.011215709033422172,0.0014142283958952042,43,22871.67157784443,2351.442477776783,27413.642616521367,5231.335766834645,43,91486.68631137772,9405.769911107132,109654.57046608547,20925.34306733858,43,0.5248846619628197,0.510937511920929,0.56640625,0.01517259661634927,43,1.9359727903854016,1.7554022073745728,1.9974526166915894,0.06447666128951304,43
fer2013,36,train,197,111.57218942203326,10148884,0.5663562914824023,0.4485291250166483,0.5891469999914989,0.0111281938674065,197,225.03307963688133,73.57381752807049,242.66706251444114,11.239861240599177,197,90913.36417330004,29723.82228134048,98037.49325583423,4540.903941202068,197,0.8939956426620483,0.8899739384651184,0.921875,0.003462029319447317,197,0.30508626944522566,0.2604830265045166,0.3144037127494812,0.005595447462412486,197
fer2013,36,validation,43,0.2126263331156224,21536,0.0049447984445493585,0.003374124993570149,0.005551917012780905,0.0002970732319257627,43,25178.77957292997,2370.9850747216183,27284.594813559845,3623.00713753599,43,100715.11829171987,9483.940298886473,109138.37925423938,14492.02855014396,43,0.5278502716574558,0.5147321224212646,0.57421875,0.015482220195436417,43,1.9413168374882188,1.7549889087677002,2.004746675491333,0.06761439559088814,43
fer2013,37,train,197,111.49140308552887,10148884,0.5659462085559841,0.4450040410156362,0.6041769160074182,0.011489639875769151,197,225.19480512135252,74.15662995932317,242.73461402624739,11.229331487702526,197,90978.70126902642,29959.27850356656,98064.78406660394,4536.649921031821,197,0.8942498936870982,0.84375,0.9041193127632141,0.00459190564953745,197,0.3028732152457165,0.2886201739311218,0.41406384110450745,0.01046795352267302,197
fer2013,37,validation,43,0.21338916290551424,21536,0.004962538672221261,0.0034880839521065354,0.005543541978113353,0.0002758126915159202,43,25093.61140488975,2293.5227792234223,26800.204317429474,3600.3572715857445,43,100374.445619559,9174.09111689369,107200.8172697179,14401.429086342978,43,0.5249518613482631,0.510009765625,0.5859375,0.018207181398012404,43,1.954887642416843,1.7719950675964355,2.0156798362731934,0.06408931991793015,43
fer2013,38,train,197,111.39925521373516,10148884,0.5654784528615998,0.44908433296950534,0.5901227500289679,0.01144233714903165,197,225.39062191737298,73.48285739961638,243.04320488090988,11.343252852131751,197,91057.8112546187,29687.074389445017,98189.4547718876,4582.674152261227,197,0.8954189891742571,0.8828125,0.9192708134651184,0.0039010953896751214,197,0.30332151902508614,0.25001320242881775,0.3196602165699005,0.007913809980796866,197
fer2013,38,validation,43,0.21049358684103936,21536,0.0048951996939776594,0.0034115000162273645,0.005664874974172562,0.000288479702291267,43,25442.865803860695,2345.009515446776,27980.692273840206,3671.8975821938047,43,101771.46321544278,9380.038061787103,111922.76909536083,14687.590328775219,43,0.526823784029761,0.5138393044471741,0.57421875,0.015738992204144212,43,1.9602994613869245,1.7710906267166138,2.0240066051483154,0.06890073191266856,43
fer2013,39,train,197,111.40826983255101,10148884,0.5655242123479747,0.4443327499902807,0.57993654103484,0.01114982123025123,197,225.35748717939578,74.26866464540784,243.58747271543845,11.189748611288255,197,91044.42482047589,30004.540516744764,98409.33897703713,4520.658438960455,197,0.8927653519635274,0.7890625,0.8977399468421936,0.009612866237355393,197,0.3059542458977191,0.2950243651866913,0.5143705606460571,0.018922503939213634,197
fer2013,39,validation,43,0.21517508407123387,21536,0.005004071722586834,0.0033410839969292283,0.0056053330190479755,0.0003039245006439727,43,24869.405130709834,2394.4324678316248,26503.317990521122,3557.299252042347,43,99477.62052283934,9577.729871326499,106013.27196208449,14229.197008169387,43,0.5268450573433278,0.5131696462631226,0.5703125,0.01549183853576893,43,1.9590852537820505,1.768481969833374,2.023672342300415,0.07024029503070778,43
fer2013,40,train,197,111.46721958491253,10148884,0.5658234496696067,0.44752420898294076,0.5868222079589032,0.010807942942113345,197,225.23853538036093,73.7390276047791,242.84262485475386,11.179985829469244,197,90996.3682936658,29790.567152330757,98108.42044132056,4516.714275105574,197,0.894926782489428,0.8921874761581421,0.9140625,0.0026487697569144326,197,0.3003558390939296,0.27432695031166077,0.31131216883659363,0.00427445092413289,197
fer2013,40,validation,43,0.2130412959959358,21536,0.00495444874409153,0.0033482079743407667,0.005620167008601129,0.0003055372396648285,43,25128.392507704306,2389.337837227728,27106.19911049218,3618.2429121959553,43,100513.57003081722,9557.351348910912,108424.79644196872,14472.971648783821,43,0.5256579740102901,0.5116071701049805,0.5703125,0.015435321019418835,43,1.9715170388997987,1.7805427312850952,2.03605318069458,0.06793134865838257,43
fer2013,41,train,197,111.40009903622558,10148884,0.5654827362244953,0.44766095804516226,0.5885140000027604,0.010832177014350769,197,225.37554820837175,73.716502203149,242.7135178668381,11.199758841912132,197,91051.72147618221,29781.4668900722,98056.26121820259,4524.702572132501,197,0.8957261972621008,0.87109375,0.9021267294883728,0.0031562137731461497,197,0.297043184641049,0.2814403474330902,0.3474712669849396,0.007589890446588817,197
fer2013,41,validation,43,0.21271266794065014,21536,0.00494680623117791,0.003400375018827617,0.0064087919890880585,0.0003608211593009582,43,25205.589214459294,2352.681676492919,26871.940239783155,3720.3659149376163,43,100822.35685783718,9410.726705971676,107487.76095913262,14881.463659750465,43,0.5251474325046983,0.5118447542190552,0.5703125,0.014504753522799797,43,1.9695647982663886,1.7876372337341309,2.0313711166381836,0.06346524992028756,43
fer2013,42,train,197,111.39801732392516,10148884,0.5654721691569805,0.4474158330122009,0.5812194159952924,0.011292907274962936,197,225.38702815877355,73.75688915126099,242.89083757073172,11.279615965583403,197,91056.35937614451,29797.78321710944,98127.89837857561,4556.9648500956955,197,0.8980274085466027,0.8828125,0.910937488079071,0.003081268372818494,197,0.2936252458446522,0.2737081050872803,0.3310793936252594,0.004869552941131495,197
fer2013,42,validation,43,0.21403853921219707,21536,0.004977640446795281,0.003440790984313935,0.0056428329553455114,0.000285510070088133,43,25012.083763950304,2325.046780368478,27447.69064765218,3584.1196470726813,43,100048.33505580122,9300.187121473911,109790.76259060872,14336.478588290725,43,0.5268900241962698,0.512451171875,0.578125,0.016482929338160902,43,1.9739333807035935,1.78941011428833,2.037811040878296,0.06641651473768712,43
fer2013,43,train,197,111.43164324061945,10148884,0.5656428590894388,0.44332037499407306,0.596304083999712,0.011422017400714734,197,225.31196065124738,74.43826600670269,242.74293814035943,11.202610442372492,197,91026.03210310393,30073.059466707888,98068.14700870521,4525.8546187184875,197,0.89668440153151,0.8828125,0.90234375,0.002148503488315504,197,0.2964147406483665,0.28230664134025574,0.38304123282432556,0.009070600799611167,197
fer2013,43,validation,43,0.2227548347436823,21536,0.0051803449940391235,0.0035520000383257866,0.008862624992616475,0.0006376521943355175,43,24203.150235012672,2252.2522279506366,26188.8084454215,3822.5789054269294,43,96812.60094005069,9009.008911802546,104755.233781686,15290.315621707718,43,0.5257456108581188,0.5120535492897034,0.56640625,0.01482620949184865,43,1.9886426870212999,1.8005561828613281,2.0533194541931152,0.06708915663915455,43
fer2013,44,train,197,111.38126387429656,10148884,0.5653871262654648,0.4452426669886336,0.5840871669934131,0.011372435804691631,197,225.41798571792745,74.11688601901768,243.44931574803633,11.253482608894487,197,91068.86623004272,29943.221951683143,98353.52356220668,4546.406973993374,197,0.897444246384093,0.870312511920929,0.9016926884651184,0.004152355410779524,197,0.2935225570262386,0.2823355793952942,0.3817186951637268,0.009087507657339063,197
fer2013,44,validation,43,0.2129604160436429,21536,0.00495256781496844,0.003588375053368509,0.005533625022508204,0.000256285653388498,43,25152.847179404736,2229.421362321136,27100.2249572415,3611.534740402166,43,100611.38871761895,8917.685449284543,108400.899828966,14446.138961608664,43,0.5237454162087551,0.5105846524238586,0.5625,0.013814882375702985,43,1.9949433942173802,1.8078012466430664,2.059985399246216,0.06635464227327592,43
fer2013,45,train,197,111.34582837001653,10148884,0.565207250609221,0.44472425000276417,0.5916120840120129,0.011614207393931349,197,225.49292131473004,74.203284394307,243.20221314283532,11.2894342044756,197,91099.14021115095,29978.126895300033,98253.69410970547,4560.931418608142,197,0.8963462652893841,0.8915625214576721,0.9156249761581421,0.0029472612889381504,197,0.29272355267844224,0.2244013249874115,0.2998485267162323,0.00920319510068198,197
fer2013,45,validation,43,0.2157378739793785,21536,0.0050171598599855465,0.0032544999849051237,0.009578292025253177,0.0007624308008245655,43,25050.47944514214,2458.1349015533083,27272.729540156382,4030.3979555069272,43,100201.91778056856,9832.539606213233,109090.91816062553,16121.591822027709,43,0.5287908149320025,0.5160714387893677,0.56640625,0.014104199085504282,43,2.0005131211391713,1.8114415407180786,2.0655784606933594,0.06772003523456803,43
fer2013,46,train,197,111.52740238467231,10148884,0.5661289461150879,0.4457604580093175,0.584479957993608,0.011520449489774253,197,225.12478471430742,74.03079256372762,242.64797166390528,11.262536201321698,197,90950.41302458021,29908.440195745956,98029.78055221774,4550.064625333966,197,0.9004902403971871,0.890625,0.9053819179534912,0.0023473650194216736,197,0.2887855029953313,0.273512601852417,0.3111650049686432,0.004966056318932755,197
fer2013,46,validation,43,0.21423629281343892,21536,0.004982239367754393,0.00345295894658193,0.005857666954398155,0.0003118510648398051,43,25004.81724470296,2316.8534939922083,26885.108231368962,3632.040166549088,43,100019.26897881184,9267.413975968833,107540.43292547585,14528.160666196352,43,0.5287017614342445,0.5143648982048035,0.5703125,0.0161059597154369,43,2.000401499659516,1.8148071765899658,2.0639874935150146,0.06437504712191339,43
fer2013,47,train,197,111.17950678878697,10148884,0.5643629786232841,0.44757283298531547,0.5820934579824097,0.01298927522223223,197,225.8634865292647,73.73101664792668,243.89672689201566,11.65242425479043,197,91248.84855782293,29787.330725762375,98534.27766437433,4707.579398935333,197,0.8989960953668894,0.8963815569877625,0.9140625,0.0031966042784110334,197,0.2874654289429563,0.2676939070224762,0.2946237325668335,0.005978607159205139,197
fer2013,47,validation,43,0.21611237188335508,21536,0.005025869113566397,0.0034359159762971103,0.006713292037602514,0.00039973771347198223,43,24826.34814894182,2328.3456450007857,27023.694546951385,3717.4013131534034,43,99305.39259576728,9313.382580003143,108094.77818780554,14869.605252613614,43,0.5264634739520938,0.5126007795333862,0.5703125,0.016524003639854373,43,2.0131448756816774,1.8164504766464233,2.0806877613067627,0.07239756499130556,43
fer2013,48,train,197,111.51565936766565,10148884,0.5660693368917038,0.4505469580180943,0.5909959999844432,0.01145105220848696,197,225.15712526728694,73.2443076414572,242.914749400483,11.346357854665927,197,90963.47860798393,29590.70028714871,98137.55875779514,4583.928573285035,197,0.8986330940033579,0.8776041865348816,0.9031438231468201,0.0033970311660637986,197,0.2901723510420262,0.27812719345092773,0.3367455005645752,0.006773597861562846,197
fer2013,48,validation,43,0.2124420380569063,21536,0.004940512512951309,0.003346584038808942,0.005621749965939671,0.0003074492223094903,43,25201.85845178418,2390.4972674307087,27137.80728431268,3634.08787564111,43,100807.43380713672,9561.989069722835,108551.22913725072,14536.35150256444,43,0.531656916751418,0.5166015625,0.578125,0.01716164249120766,43,2.010966273241265,1.817188024520874,2.0769026279449463,0.0697132835416352,43
fer2013,49,train,197,111.47381399088772,10148884,0.5658569238116128,0.44470649998402223,0.5829164579627104,0.011406461152015017,197,225.22940493144733,74.2062461447846,244.62178461136926,11.230398164289747,197,90992.6795923047,29979.323442492976,98827.20098299318,4537.080858373058,197,0.9005316638099361,0.87890625,0.9053415656089783,0.0025175071191660047,197,0.28552482424653725,0.2747156620025635,0.33445948362350464,0.005993951995047297,197
fer2013,49,validation,43,0.21511125599499792,21536,0.005002587348720882,0.003363209019880742,0.007053209003061056,0.0004560849750175338,43,24968.8143430899,2378.6805853308747,27780.03843498848,3813.600318857423,43,99875.2573723596,9514.722341323499,111120.15373995392,15254.401275429693,43,0.5254583996395732,0.5138393044471741,0.5546875,0.012282203545869709,43,2.015775020732436,1.8265621662139893,2.0831947326660156,0.068965499089964,43
fer2013,50,train,197,111.46511854999699,10148884,0.5658127845177512,0.4468852920108475,0.588369041972328,0.012183016250346292,197,225.26504863827427,73.84445312914656,242.72464129087822,11.418491200236078,197,91007.07964986283,29833.15906417521,98060.7550815148,4613.070444895375,197,0.8998190893739613,0.890625,0.9140625,0.002853841752182455,197,0.2846692105386463,0.23703019320964813,0.29541996121406555,0.006831992254251018,197
fer2013,50,validation,43,0.21652799990260974,21536,0.0050355348814560405,0.003306750033516437,0.00970020896056667,0.0007773615623956626,43,24973.848086635237,2419.293844080711,27002.322685419513,4040.07604916756,43,99895.39234654095,9677.175376322844,108009.29074167805,16160.30419667024,43,0.5288852439370266,0.5146169066429138,0.57421875,0.01661155808271762,43,2.0290757639463557,1.8384873867034912,2.093731641769409,0.06763038103134986,43
fer2013,51,train,197,111.4780832848046,10148884,0.565878595354338,0.4460739999776706,0.5859287499915808,0.011612232762438304,197,225.2269823967362,73.97875689157382,243.55827233491712,11.293259480163043,197,90991.70088828143,29887.417784195823,98397.54202330651,4562.476829985869,197,0.8999142568123523,0.89453125,0.921875,0.0023305711138535156,197,0.28499853883297915,0.26457640528678894,0.3052757978439331,0.004600944520188708,197
fer2013,51,validation,43,0.2138559139566496,21536,0.00497339334782906,0.0032649170025251806,0.005566083011217415,0.00031090741773971204,43,25017.82354869967,2450.2919963394384,27147.88559283491,3573.6671904612786,43,100071.29419479868,9801.167985357753,108591.54237133964,14294.668761845114,43,0.5242542582888936,0.5102678537368774,0.56640625,0.015318091691486336,43,2.045216488283734,1.8551347255706787,2.1125354766845703,0.0681794958322836,43
fer2013,52,train,197,111.46597413520794,10148884,0.565817127589888,0.4462379580363631,0.5843701669946313,0.011404397676573043,197,225.248443402183,73.9515753998473,243.229152158945,11.262947787453987,197,91000.37113448195,29876.436461538306,98264.57747221379,4550.230906131411,197,0.9030111304999608,0.88671875,0.9127604365348816,0.0027498083811769466,197,0.2786713523913156,0.25614747405052185,0.3143051564693451,0.0056153374717781085,197
fer2013,52,validation,43,0.21166191896190867,21536,0.004922370208416481,0.0035921669914387167,0.005571082991082221,0.0002869556158449584,43,25329.130217805716,2227.067956213216,27896.07556415125,3704.5460946170633,43,101316.52087122286,8908.271824852864,111584.302256605,14818.184378468253,43,0.527054650838985,0.5128528475761414,0.56640625,0.01502242918079185,43,2.0370967332706895,1.846326470375061,2.104098081588745,0.06948393812873606,43
fer2013,53,train,197,111.47928575263359,10148884,0.5658846992519472,0.44824012502795085,0.6060513749835081,0.01198040710443949,197,225.23472749402166,73.6212537820933,243.41470885458745,11.390655813432334,197,90994.82990758476,29742.98652796569,98339.54237725334,4601.824948626663,197,0.89932150495839,0.89453125,0.923828125,0.0030516786386890877,197,0.288107908467956,0.26291483640670776,0.34806472063064575,0.006286611331145762,197
fer2013,53,validation,43,0.22020792111288756,21536,0.005121114444485758,0.0033663749927654862,0.008594708982855082,0.0006971649877295816,43,24531.60819643144,2376.4435088759906,26920.215965570987,4023.6271299390596,43,98126.43278572576,9505.774035503962,107680.86386228395,16094.508519756238,43,0.5252701446067455,0.5116071701049805,0.55859375,0.013862292137895017,43,2.0559050011080364,1.8651483058929443,2.122349739074707,0.06731793944290679,43
fer2013,54,train,197,111.45900966110639,10148884,0.5657817749294741,0.44739908300107345,0.583925083046779,0.011298850330563128,197,225.2631670126355,73.75965050853898,242.68092253664784,11.268448053088274,197,91006.31947310473,29798.898805449746,98043.09270480572,4552.453013447663,197,0.9008546386878502,0.8828125,0.93359375,0.0037744433084911386,197,0.284908845188654,0.1940123587846756,0.31499552726745605,0.009327697360527956,197
fer2013,54,validation,43,0.21155504288617522,21536,0.004919884718283144,0.0034800419816747308,0.005781500018201768,0.0002974868979614004,43,25327.628568722936,2298.822842404358,27303.75417623514,3680.471413949455,43,101310.51427489174,9195.291369617433,109215.01670494056,14721.88565579782,43,0.5272718889768734,0.5131696462631226,0.56640625,0.014922721093926446,43,2.0627514096193535,1.870165228843689,2.1297833919525146,0.06885685373641863,43
fer2013,55,train,197,111.20295162539696,10148884,0.5644819879461774,0.44699754094472155,0.5906976250116713,0.014286644493366207,197,225.84061258820265,73.82590948991593,244.14161452120794,11.901040303153765,197,91239.60748563387,29825.66743392603,98633.212266568,4808.020282474122,197,0.9007311015564778,0.859375,0.9039164185523987,0.005298315089888033,197,0.2822948660947345,0.2753003239631653,0.35221338272094727,0.008548572571771657,197
fer2013,55,validation,43,0.2162314198212698,21536,0.005028637670262089,0.003380166948772967,0.0070216250023804605,0.0004581846984088404,43,24841.61908361357,2366.7470042874884,27192.576863036917,3806.6733241128627,43,99366.47633445427,9466.988017149954,108770.30745214767,15226.69329645145,43,0.5324976097705753,0.5186492204666138,0.5703125,0.015324056712996229,43,2.052882505017658,1.8595434427261353,2.1206958293914795,0.06955811253093451,43
fer2013,56,train,197,111.40533958299784,10148884,0.5655093379847607,0.44849283300573006,0.5786218330031261,0.01188053044772311,197,225.38476601023405,73.57977111660641,243.06389636909995,11.412832109537952,197,91055.44546813454,29726.22753110899,98197.81413311638,4610.784172253333,197,0.9034892598989651,0.89453125,0.9134615659713745,0.002591580465931562,197,0.2734676416452766,0.24324528872966766,0.28089267015457153,0.00857763313993007,197
fer2013,56,validation,43,0.21176737890345976,21536,0.004924822765196738,0.0034063750063069165,0.005624999990686774,0.0002911963813979331,43,25285.810227486625,2348.5376639941196,27157.245265257225,3641.8087566951112,43,101143.2409099465,9394.150655976478,108628.9810610289,14567.235026780445,43,0.5267744507900504,0.5133568644523621,0.5625,0.013667157774768682,43,2.0700171271035837,1.8775043487548828,2.1375010013580322,0.06811159841848656,43
fer2013,57,train,197,111.50957370514516,10148884,0.5660384452037825,0.44643337500747293,0.5823849160224199,0.01179473403692953,197,225.1672459057736,73.91920462812084,244.28959194251001,11.333563512382726,197,90967.56734593255,29863.35866976082,98692.99514477405,4578.759659002621,197,0.9007894814316997,0.875,0.9039964079856873,0.003984216998283295,197,0.2787017708805007,0.252768874168396,0.2926837205886841,0.003298395967981965,197
fer2013,57,validation,43,0.21344391599996015,21536,0.004963811999999073,0.003330416977405548,0.005535957985557616,0.00029760560516225635,43,25071.99259134349,2402.101614985201,27366.268044521497,3586.323742395152,43,100287.97036537396,9608.406459940805,109465.07217808599,14345.294969580607,43,0.5282215074051259,0.512499988079071,0.5703125,0.016816650258140053,43,2.071433710497479,1.8814294338226318,2.1380462646484375,0.0671074809420313,43
fer2013,58,train,197,111.42231212952174,10148884,0.5655954930432576,0.4492028329987079,0.5874757500132546,0.011891889842341687,197,225.35155481377737,73.4634725691833,243.2353341245272,11.418193467805848,197,91042.02814476607,29679.24291795005,98267.074986309,4612.950160993563,197,0.9031526882031242,0.890625,0.9166666865348816,0.0020372838889127936,197,0.27649768264160546,0.27051210403442383,0.32872092723846436,0.005810279362379043,197
fer2013,58,validation,43,0.21511366410413757,21536,0.005002643351259013,0.0034858750295825303,0.005559957993682474,0.0002942251815943911,43,24896.512051173704,2294.976134287316,26479.7911063041,3594.730434123052,43,99586.04820469482,9179.904537149265,105919.1644252164,14378.921736492208,43,0.5235192775726318,0.5116071701049805,0.5546875,0.01310629606367599,43,2.075896196587141,1.8837134838104248,2.144641399383545,0.06892810124361023,43
fer2013,59,train,197,111.46104674873641,10148884,0.5657921154758193,0.44296033401042223,0.5983687909902073,0.012509274600650228,197,225.27087696867463,74.49876990390646,242.29126122735227,11.395849458383697,197,91009.43429534454,30097.503041178214,97885.66953585032,4603.923181187014,197,0.9036877364071493,0.875,0.9092133641242981,0.00365321527036967,197,0.2738935623677249,0.2623281478881836,0.30931320786476135,0.005997229444224194,197
fer2013,59,validation,43,0.21570712327957153,21536,0.005016444727431896,0.0034293329808861017,0.006761625001672655,0.0004262265735680822,43,24893.079755796993,2332.8151697689295,27255.307351677635,3789.2130871805043,43,99572.31902318797,9331.260679075718,109021.22940671054,15156.852348722017,43,0.5299679567647535,0.5146169066429138,0.5703125,0.01611588523189366,43,2.084443081256955,1.8890066146850586,2.1522037982940674,0.07000656440348924,43
fer2013,60,train,197,111.31424137303839,10148884,0.5650469105230375,0.44771254202350974,0.5844336249865592,0.01415600610189323,197,225.61214059999745,73.7080088282788,242.6208355840182,11.859804572873015,197,91147.30480239895,29778.035566624636,98018.81757594335,4791.361047440698,197,0.9030393123021586,0.8981854915618896,0.921875,0.0026289398166871444,197,0.2784890454583967,0.22975791990756989,0.2979872524738312,0.007115722590745948,197
fer2013,60,validation,43,0.21243024920113385,21536,0.0049402383535147405,0.0036043330328539014,0.005697541986592114,0.00028302277803855005,43,25233.488781553595,2219.550726050867,27091.86209419678,3673.641104911834,43,100933.95512621438,8878.202904203468,108367.44837678711,14694.564419647337,43,0.5252861283546271,0.5104910731315613,0.5625,0.015188986970602841,43,2.0970954229665355,1.906036615371704,2.166032552719116,0.06838511005509831,43
fer2013,61,train,197,111.52406828757375,10148884,0.5661120217643337,0.44901291700080037,0.5896565829752944,0.012037707148796165,197,225.14702725417968,73.49454492406323,242.21885734879044,11.419380960043462,197,90959.39901068858,29691.796149321548,97856.41836891134,4613.429907857559,197,0.904559533910703,0.9011915326118469,0.9375,0.003881217456555731,197,0.26642880433707067,0.18109583854675293,0.2760564982891083,0.01151444793750424,197
fer2013,61,validation,43,0.21285299718147144,21536,0.004950069701894684,0.003280333010479808,0.005566582956817001,0.00031621827597883495,43,25145.548126945592,2438.7767871256024,27859.39709319468,3618.7509303746474,43,100582.19250778237,9755.10714850241,111437.58837277871,14475.00372149859,43,0.529328677543374,0.5151209831237793,0.5703125,0.016050196059889686,43,2.1011389604834623,1.9060790538787842,2.1688098907470703,0.0692061347732516,43
fer2013,62,train,197,111.47600361786317,10148884,0.5658680386693562,0.4452677500084974,0.5844008330022916,0.01173377552950476,197,225.23178938445412,74.11271083380782,242.8159823405432,11.302344120362442,197,90993.64291131946,29941.535176858364,98097.65686557945,4566.147024626426,197,0.9069245548417726,0.8984375,0.91796875,0.0019134837451959261,197,0.2653019712661123,0.21053893864154816,0.2761622965335846,0.008183026721334613,197
fer2013,62,validation,43,0.2152531280880794,21536,0.0050058866997227764,0.0033898749970830977,0.005550750007387251,0.00030924183727652505,43,24872.16751834103,2359.9690274372356,27230.659069240406,3587.990698810244,43,99488.67007336412,9439.876109748942,108922.63627696162,14351.962795240976,43,0.5254762061806613,0.5113407373428345,0.5703125,0.01525319985152013,43,2.1021808219510456,1.9109700918197632,2.1703548431396484,0.06821302008324415,43
fer2013,63,train,197,111.44256791821681,10148884,0.5656983143056691,0.4446173339965753,0.5825963329989463,0.011960826776591639,197,225.3020985039133,74.22112787049859,242.108919865501,11.332778054907191,197,91022.04779558096,29985.335659681434,97812.00362566242,4578.442334182504,197,0.9087107048421947,0.8999999761581421,0.9171317219734192,0.0029245861902494267,197,0.26567077500566005,0.2510012686252594,0.3322035074234009,0.007681740385592129,197
fer2013,63,validation,43,0.21166246209759265,21536,0.004922382839478899,0.0036311669973656535,0.005495749996043742,0.0002585287002886603,43,25320.003700303543,2203.1484659900952,27168.525875492473,3661.6811708511877,43,101280.01480121417,8812.593863960381,108674.10350196989,14646.724683404751,43,0.5260310062142306,0.5116071701049805,0.5625,0.015417066122514284,43,2.0991459724514985,1.9128683805465698,2.165316343307495,0.06641249567470799,43
fer2013,64,train,197,111.47085558471736,10148884,0.5658419065214079,0.4822983339545317,0.5846730829798616,0.010560746880788766,197,225.2976485338949,68.42238025045936,242.53360487364446,11.790451196820381,197,91020.25000769357,27642.64162118558,97983.57636895236,4763.342283515434,197,0.9061192979062269,0.8515625,0.9168750047683716,0.004988903354542984,197,0.26542370724799064,0.2464689314365387,0.35241401195526123,0.009511330133238655,197
fer2013,64,validation,43,0.21933037700364366,21536,0.005100706441945202,0.003442707995418459,0.01052025001263246,0.0008841654393702807,43,24728.70674018725,2323.75211915921,27061.785421385815,4083.804166415315,43,98914.826960749,9295.00847663684,108247.14168554326,16335.21666566126,43,0.5257806348246198,0.51123046875,0.56640625,0.015928606121112233,43,2.1086131722428076,1.9184794425964355,2.1780755519866943,0.06864778408655699,43
fer2013,65,train,197,111.42331708665006,10148884,0.5656005943484774,0.44608970801346004,0.5960066670086235,0.012148826388595668,197,225.3477160301727,73.97615189769023,243.28295152814448,11.404237411113877,197,91040.47727618979,29886.36536666685,98286.31241737037,4607.311914090006,197,0.907333364946588,0.8671875,0.9116950631141663,0.004676257464696274,197,0.26176896857731236,0.24700896441936493,0.31687474250793457,0.0062559293498854526,197
fer2013,65,validation,43,0.21325454290490597,21536,0.0049594079745326975,0.0036118340212851763,0.005652915977407247,0.0002552390641326134,43,25119.896030822394,2214.9412051757045,26520.47813386185,3605.538708973756,43,100479.58412328958,8859.764820702818,106081.9125354474,14422.154835895024,43,0.5274523510489353,0.5136160850524902,0.5625,0.014495729553107769,43,2.1223776007807533,1.9261395931243896,2.1925203800201416,0.07081375742853233,43
fer2013,66,train,197,111.33651433710475,10148884,0.5651599712543388,0.4477292090305127,0.5853022499941289,0.012353536297822472,197,225.53177231888625,73.70526500037002,243.42398660352364,11.501270842721018,197,91114.83601683004,29776.927060149486,98343.29058782355,4646.513420459291,197,0.9067293617325991,0.897656261920929,0.9140625,0.00213118143532757,197,0.26126463605365174,0.22425957024097443,0.2965715825557709,0.0059267554760299625,197
fer2013,66,validation,43,0.21844812715426087,21536,0.0050801890035874625,0.0034277919912710786,0.009626457991544157,0.0007589048353907797,43,24752.89522674019,2333.863904336119,27330.95712151266,4008.1819551368544,43,99011.58090696076,9335.455617344476,109323.82848605064,16032.727820547418,43,0.527829785679662,0.5143648982048035,0.559374988079071,0.014246974476678383,43,2.1244487485220267,1.9279365539550781,2.1951334476470947,0.07163009058517507,43
fer2013,67,train,197,111.40728095895611,10148884,0.5655191926850563,0.44656887504970655,0.5883661669795401,0.011803561101253416,197,225.37510541522553,73.89677571310102,241.88943998893484,11.351215105785506,197,91051.54258775113,29854.297388092815,97723.33375552967,4585.890902737344,197,0.9121656517692024,0.9072368144989014,0.9453125,0.004851465682803754,197,0.2543316795136118,0.19843699038028717,0.2635233700275421,0.008922911156429162,197
fer2013,67,validation,43,0.21209279098547995,21536,0.004932390488034418,0.003410083008930087,0.005802791973110288,0.0003108516596357459,43,25257.025998954363,2345.9839479127513,27167.089988854073,3667.9806224658973,43,101028.10399581745,9383.935791651005,108668.3599554163,14671.92248986359,43,0.5273153920506322,0.5141128897666931,0.5625,0.014108318333996797,43,2.130545677140702,1.9342200756072998,2.2004024982452393,0.07109263916648692,43
fer2013,68,train,197,111.06346807483351,10148884,0.5637739496184442,0.4481515829684213,0.5808976250118576,0.01491449735382659,197,226.14192303958,73.6357992566219,243.4550069360074,12.090098905563213,197,91361.33690799034,29748.862899675245,98355.82280214698,4884.399957847538,197,0.9074044300214893,0.8828125,0.9117187261581421,0.003047806354736109,197,0.2659636631532369,0.25887370109558105,0.34733450412750244,0.0106220343379409,197
fer2013,68,validation,43,0.21386578993406147,21536,0.00497362302172236,0.003346709010656923,0.007737457985058427,0.0005192205586524467,43,25146.07050688509,2390.408002167385,27560.22067685256,3878.163745125331,43,100584.28202754036,9561.63200866954,110240.88270741024,15512.654980501324,43,0.5276095118633536,0.513916015625,0.557812511920929,0.013309875077803276,43,2.147779883340348,1.9518336057662964,2.219365358352661,0.0719655921080988,43
fer2013,69,train,197,111.45107245154213,10148884,0.5657414845255946,0.447302165965084,0.6040165000013076,0.011986144035086785,197,225.2903449338156,73.77563202449583,242.52106342470043,11.38141013264986,197,91017.2993532615,29805.355337896315,97978.50962357898,4598.089693590544,197,0.910352368342695,0.890625,0.92578125,0.0028284392463531916,197,0.2546756146522948,0.2088572084903717,0.28785911202430725,0.00682684488458755,197
fer2013,69,validation,43,0.21280874899821356,21536,0.0049490406743770594,0.00330250000115484,0.005613125045783818,0.0003143518519770815,43,25153.386730195456,2422.4072663747183,27439.59441878313,3621.9185002959916,43,100613.54692078182,9689.629065498873,109758.37767513252,14487.674001183967,43,0.5275774459506191,0.51416015625,0.5562499761581421,0.01290633912125505,43,2.1483642944069796,1.9516077041625977,2.21824312210083,0.07043948130499554,43
fer2013,70,train,197,111.3678182552103,10148884,0.5653188743919304,0.4487819999922067,0.5807143329875544,0.01215982626902771,197,225.4665074237187,73.53236092484337,242.54808112117416,11.475123801942525,197,91088.46899918235,29707.073813636725,97989.42477295436,4635.950015984779,197,0.90917080852586,0.8671875,0.9129192233085632,0.004331613098831584,197,0.2635899863872431,0.2546204626560211,0.3551572561264038,0.010859882998353722,197
fer2013,70,validation,43,0.21465116803301498,21536,0.004991887628674767,0.003434250014834106,0.005823124956805259,0.00032977788962642793,43,24962.736891598564,2329.475130070414,26966.761843801632,3652.7859917144606,43,99850.94756639426,9317.900520281655,107867.04737520653,14611.143966857842,43,0.5246737446895865,0.510498046875,0.5625,0.015921357248807496,43,2.1616823839586834,1.9628472328186035,2.2327613830566406,0.0723693176162744,43
fer2013,71,train,197,111.42349954787642,10148884,0.565601520547596,0.44671920797554776,0.5912517500109971,0.011918530229343464,197,225.3444303348284,73.87190747751848,242.2328376567706,11.371523953301242,197,91039.14985527065,29844.250620917468,97862.06641333533,4594.095677133701,197,0.9085952942141422,0.9016926884651184,0.921875,0.0024634326721911302,197,0.25520844447431223,0.2419571429491043,0.2682719826698303,0.004341149754389788,197
fer2013,71,validation,43,0.21246216801228002,21536,0.004940980651448373,0.003290708002168685,0.006883332971483469,0.0004250766408143639,43,25255.878463772468,2431.087776468692,28057.352853014734,3794.934246839944,43,101023.51385508987,9724.351105874768,112229.41141205894,15179.736987359776,43,0.5247971886812255,0.51123046875,0.5546875,0.01351610666317661,43,2.152164389920789,1.9608076810836792,2.2226877212524414,0.06940692793549809,43
fer2013,72,train,197,111.34557900507934,10148884,0.5652059847973571,0.4419187079765834,0.5851338329957798,0.01274161106761564,197,225.50824256780368,74.67436748966198,243.60253868630335,11.451250457189673,197,91105.32999739266,30168.444465823435,98415.42562926655,4626.305184704628,197,0.9134123289040502,0.9087358117103577,0.9296875,0.0030580313552034605,197,0.2532784982683695,0.2280838042497635,0.27079105377197266,0.0067286300896651175,197
fer2013,72,validation,43,0.21335024485597387,21536,0.004961633601301718,0.0034947909880429506,0.005552165966946632,0.0002830081920056167,43,25103.831763518043,2289.1211598550913,27552.31270028152,3620.6391795636523,43,100415.32705407217,9156.484639420365,110209.25080112608,14482.55671825461,43,0.5260455178660016,0.511474609375,0.5625,0.014672811392761647,43,2.167134351508562,1.9700570106506348,2.2380287647247314,0.07085464172173268,43
fer2013,73,train,197,111.35949416918447,10148884,0.5652766201481445,0.44613329198909923,0.5938567499979399,0.012206400567748089,197,225.47880802876958,73.96892496605324,243.19081582183043,11.432249732828042,197,91093.43844362292,29883.445686285508,98249.08959201949,4618.628892062529,197,0.9132576563636664,0.8984375,0.93359375,0.0024224845861165667,197,0.2512205351276446,0.2025199830532074,0.27045172452926636,0.0048478247059465275,197
fer2013,73,validation,43,0.21771574800368398,21536,0.005063156930318232,0.0035119999665766954,0.009179874963592738,0.0007078269424032809,43,24829.218354753706,2277.9043496967797,27926.257370593517,4039.76403771426,43,99316.87341901482,9111.617398787119,111705.02948237407,16159.05615085704,43,0.5247217278147853,0.51171875,0.560546875,0.014200737518186261,43,2.1734532672305438,1.979678750038147,2.244209051132202,0.07131226905279607,43
fer2013,74,train,197,111.33413583197398,10148884,0.5651478976242335,0.4541942499927245,0.5867017910350114,0.012451601731289525,197,225.55165752434206,72.65613776600784,243.51539200784154,11.646022127418046,197,91122.86963983419,29353.07965746717,98380.21837116798,4704.9929394768915,197,0.9123773329754166,0.8984375,0.9173519611358643,0.0017988783136427592,197,0.2533415877425731,0.24117040634155273,0.28373920917510986,0.004299096698117825,197
fer2013,74,validation,43,0.21103991701966152,21536,0.004907905046968872,0.0033558339928276837,0.005525041953660548,0.00030553775976377055,43,25376.18620382733,2383.9081483464747,28344.715210832695,3678.8394638679624,43,101504.74481530931,9535.632593385899,113378.86084333078,14715.35785547185,43,0.5259508934131888,0.5113839507102966,0.55859375,0.014832229491794536,43,2.190280185189358,1.9960845708847046,2.262253761291504,0.07194370330306235,43
fer2013,75,train,197,111.40206351078814,10148884,0.5654927081765896,0.445656500000041,0.5830647090333514,0.012542073005579676,197,225.3974780973741,74.0480616797847,243.9085004828042,11.48000203161726,197,91060.58115133915,29915.416918633015,98539.03419505288,4637.920820773374,197,0.9116260469867493,0.890625,0.9154829382896423,0.0034651966893369107,197,0.25286638736724854,0.23703595995903015,0.2850082516670227,0.006081827747846166,197
fer2013,75,validation,43,0.21481978887459263,21536,0.004995809043595177,0.0034152499865740538,0.005945708020590246,0.000305892909941172,43,24923.911323341494,2342.434677241608,26191.04832012702,3585.316898838306,43,99695.64529336597,9369.738708966432,104764.19328050809,14341.267595353223,43,0.5276950057162795,0.5151209831237793,0.559374988079071,0.013316075490305446,43,2.1795741042425467,1.987383246421814,2.2511191368103027,0.07001703699294255,43
fer2013,76,train,197,111.45108474633889,10148884,0.5657415469357304,0.4450909169972874,0.587674458976835,0.012308042931599542,197,225.2921639994362,74.14215554571993,242.61428244906898,11.409561715271858,197,91018.03425577222,29953.43084047085,98016.17010942387,4609.46293296983,197,0.9133437508859005,0.9049479365348816,0.9201388955116272,0.0018709131900392863,197,0.2475652910277323,0.21650701761245728,0.26280778646469116,0.006396808943669008,197
fer2013,76,validation,43,0.21110608184244484,21536,0.004909443763777787,0.003330749983433634,0.005478375009261072,0.0002856328129289007,43,25351.074889696836,2401.8614545643222,27442.04754534666,3621.4965470355464,43,101404.29955878734,9607.445818257289,109768.19018138664,14485.986188142186,43,0.5248692978260129,0.5113636255264282,0.5546875,0.013421275164458048,43,2.1975929681644883,2.005797863006592,2.2674336433410645,0.06936463649944094,43
fer2013,77,train,197,111.38407053879928,10148884,0.5654013732933973,0.44653841701801866,0.5921318330219947,0.012616084323704929,197,225.43696170662838,73.90181615363318,242.19697266891677,11.509439560404674,197,91076.53252947787,29856.333726067805,97847.57695824238,4649.813582403488,197,0.9153686462320046,0.9127921462059021,0.9296875,0.002630913547614822,197,0.2448704424999692,0.22101238369941711,0.2666006088256836,0.004770083167851155,197
fer2013,77,validation,43,0.21209100092528388,21536,0.004932348858727532,0.0034573330194689333,0.005602582998108119,0.0002926196136294688,43,25256.154520353975,2313.9223080190427,27180.54890447787,3657.1595695678006,43,101024.6180814159,9255.68923207617,108722.19561791148,14628.638278271203,43,0.5269411677537963,0.5136088728904724,0.559374988079071,0.013770157999987508,43,2.190944840741712,1.995670199394226,2.2635371685028076,0.07220195131395642,43
fer2013,78,train,197,111.34190266299993,10148884,0.5651873231624361,0.4453782089985907,0.5809774160152301,0.012666027127760241,197,225.52170760536274,74.09433001717518,243.49921720485787,11.512415017258105,197,91110.76987256653,29934.10932693877,98373.68375076258,4651.0156669722755,197,0.9148565815184927,0.9088541865348816,0.921875,0.0018132636969416121,197,0.24702480216014203,0.20247963070869446,0.2727026343345642,0.005840023118796901,197
fer2013,78,validation,43,0.21628537314245477,21536,0.005029892398661739,0.003493208030704409,0.006967458000872284,0.0004099286795501177,43,24817.287047953552,2290.1584817400044,26873.818996465463,3724.555496646747,43,99269.14819181421,9160.633926960018,107495.27598586185,14898.221986586988,43,0.524448249229165,0.5107421875,0.55859375,0.01422965838670392,43,2.2204222734584365,2.0256950855255127,2.2915661334991455,0.07030989880710538,43
fer2013,79,train,197,111.35078466392588,10148884,0.5652324094615527,0.4466498339897953,0.5838147909962572,0.012504192560183001,197,225.50313613173003,73.88338131735196,243.03037998202967,11.502814478850445,197,91103.26699721893,29848.886052210197,98184.27351273998,4647.1370494555795,197,0.9151341264623071,0.9073660969734192,0.9375,0.002247080925937291,197,0.24262372559399775,0.15773919224739075,0.2513378858566284,0.007624098728142499,197
fer2013,79,validation,43,0.21369416685774922,21536,0.004969631787389517,0.0035864170058630407,0.005552165966946632,0.0002657172279059963,43,25068.310137702894,2230.6385417316715,26757.251178562925,3608.890085695731,43,100273.24055081158,8922.554166926686,107029.0047142517,14435.560342782925,43,0.5258138387702233,0.5110887289047241,0.556640625,0.013958773803257671,43,2.2118382453918457,2.019484043121338,2.2840523719787598,0.07081955608597973,43
fer2013,80,train,197,111.41698882903438,10148884,0.5655684712133725,0.44971337501192465,0.596212167001795,0.012527087421239765,197,225.37501558015504,73.38007236081197,242.70584785439314,11.551129744523559,197,91051.50629438265,29645.549233768033,98053.16253317484,4666.656416787518,197,0.9156426947734078,0.9125601053237915,0.9348958134651184,0.002698960323246316,197,0.24183058663068083,0.2092970609664917,0.24936296045780182,0.005468868587355687,197
fer2013,80,validation,43,0.22089212393620983,21536,0.005137026138051392,0.0033944580354727805,0.0079544170293957,0.00079406024106906,43,24579.576867177126,2356.7827076954154,27146.198541023918,4342.507203492921,43,98318.3074687085,9427.130830781662,108584.79416409567,17370.028813971683,43,0.5253720921139384,0.5126953125,0.5625,0.013900965065304114,43,2.2238860019417697,2.0288753509521484,2.294830083847046,0.07217736017367467,43
fer2013,81,train,197,110.99411416199291,10148884,0.5634218992994564,0.44485291599994525,0.5810469170100987,0.0153500706291365,197,226.28685057507911,74.18182238015062,244.85433264359585,12.135899243808069,197,91419.88763233194,29969.456241580847,98921.15038801273,4902.90329449846,197,0.9164410454367623,0.8671875,0.925000011920929,0.003804714291656458,197,0.23871864174223187,0.20416884124279022,0.29725122451782227,0.008711023968209938,197
fer2013,81,validation,43,0.21141825115773827,21536,0.0049167035152962385,0.003403250011615455,0.00549112498993054,0.00029289268944159724,43,25329.144999036256,2350.6941813547687,27242.97476649555,3652.170313006777,43,101316.57999614502,9402.776725419075,108971.8990659822,14608.681252027109,43,0.5228797308234281,0.509033203125,0.5546875,0.01444655966064241,43,2.2350908046544986,2.046131134033203,2.306370735168457,0.06868338560864481,43
fer2013,82,train,197,111.36522917100228,10148884,0.5653057318324989,0.44611970899859443,0.5931052090018056,0.012716530921569933,197,225.47652433569039,73.97117709521318,243.8076471724037,11.528777906169411,197,91092.51583161893,29884.355546466126,98498.2894576511,4657.626274092442,197,0.9135588564848537,0.890625,0.9174107313156128,0.0028088831081858833,197,0.24356169272497827,0.23740634322166443,0.25642043352127075,0.004198821331536037,197
fer2013,82,validation,43,0.214864166919142,21536,0.004996841091142837,0.0033277079928666353,0.007142791000660509,0.00047019171880846155,43,25000.433039797026,2404.0570918929834,27161.32548228228,3823.4781525540925,43,100001.7321591881,9616.228367571934,108645.30192912911,15293.91261021637,43,0.5281534236530925,0.515380859375,0.5546875,0.011656192527163007,43,2.2567027613174084,2.0696206092834473,2.3284215927124023,0.06827039302545661,43
fer2013,83,train,197,111.42852854193188,10148884,0.5656270484362025,0.4444536669761874,0.5869591670343652,0.01241351927970125,197,225.3383596522197,74.24845929276144,242.6440623093414,11.416150533698227,197,91036.69729949675,29996.377554275623,98028.20117297392,4612.124815614083,197,0.9168235680778619,0.9140625,0.9296875,0.0024653413237851313,197,0.2392428164100889,0.2083275020122528,0.24724137783050537,0.005875776740072729,197
fer2013,83,validation,43,0.21084033913211897,21536,0.004903263700746952,0.0032478750217705965,0.005516000033821911,0.0003097479261820212,43,25383.410710190143,2463.1489655161536,27852.83199954848,3646.8196489701277,43,101533.64284076057,9852.595862064614,111411.32799819393,14587.27859588051,43,0.526611469512762,0.5158482193946838,0.5546875,0.011577134416819757,43,2.2424899478291356,2.0470998287200928,2.3149242401123047,0.07233684826261672,43
fer2013,84,train,197,111.3691176304128,10148884,0.5653254702051411,0.44807500002207235,0.5933366670506075,0.013059107711921947,197,225.4790601537192,73.64838475338817,243.96362748687125,11.631800258626933,197,91093.54030210256,29753.947440368822,98561.30550469598,4699.247304485281,197,0.9187507248166854,0.9140625,0.94140625,0.0033909595005062573,197,0.23721841590356102,0.1986270546913147,0.24272562563419342,0.006953240350020569,197
fer2013,84,validation,43,0.21318858303129673,21536,0.004957874023983645,0.0034805830218829215,0.005520667007658631,0.0002941975554757375,43,25127.693782747134,2298.4655012401254,27735.14589972808,3644.5400101759988,43,100510.77513098854,9193.862004960502,110940.58359891232,14578.160040703995,43,0.5293630222941554,0.5160714387893677,0.556640625,0.01288426625415385,43,2.263821086218191,2.0675854682922363,2.3367726802825928,0.07235949399725468,43
fer2013,85,train,197,111.35550924821291,10148884,0.5652563921229081,0.44546262500807643,0.5889981660293415,0.012799406832189766,197,225.49652053662027,74.0802890015783,243.6331797907018,11.53378759219131,197,91100.59429679459,29928.43675663763,98427.80463544354,4659.65018724529,197,0.9189304319129983,0.9135044813156128,0.9609375,0.0038264615807307363,197,0.2383938936261356,0.16067874431610107,0.24561169743537903,0.006979072961682856,197
fer2013,85,validation,43,0.21284092019777745,21536,0.004949788841808778,0.0033251250279136,0.005507666966877878,0.000294912313717293,43,25142.5044529694,2405.9245691040137,27172.13606554695,3593.0086470288015,43,100570.0178118776,9623.698276416055,108688.5442621878,14372.034588115206,43,0.5224562606146169,0.5090726017951965,0.552734375,0.012832104230116123,43,2.2597112045731653,2.0692272186279297,2.3327224254608154,0.07025374677265497,43
fer2013,86,train,197,111.01427280216012,10148884,0.5635242274221326,0.4483753750100732,0.5846942089847289,0.015319408390488936,197,226.25195647665856,73.59904633312796,245.80595556750222,12.188249448880546,197,91405.79041657007,29734.014718583694,99305.6060492709,4924.052777347741,197,0.9199337263397759,0.9157072305679321,0.9427083134651184,0.0032336159352228957,197,0.2383733450004897,0.17084527015686035,0.25464102625846863,0.0086548812417308,197
fer2013,86,validation,43,0.2153137968853116,21536,0.00500729760198399,0.003500041028019041,0.005658124980982393,0.00030168318496048873,43,24878.91695073744,2285.6874922200136,27231.626527999753,3607.1293434930703,43,99515.66780294976,9142.749968880054,108926.50611199901,14428.517373972281,43,0.5290563425352407,0.5153882503509521,0.560546875,0.013621269851685025,43,2.2706726595412854,2.0821778774261475,2.343190908432007,0.06926452771026476,43
fer2013,87,train,197,111.39275762240868,10148884,0.5654454701645111,0.44468075002077967,0.5865821250481531,0.012976927491776636,197,225.42253959123627,74.2105431783542,244.28665845317028,11.546335573660468,197,91070.70599485947,29981.059444055096,98691.81001508079,4664.71957175883,197,0.9186236350064351,0.8828125,0.9251077771186829,0.004316722310072598,197,0.23713256653190265,0.17499010264873505,0.32555603981018066,0.010885528802851705,197
fer2013,87,validation,43,0.21252341591753066,21536,0.004942405021337922,0.003480000013951212,0.005586582992691547,0.0002782829492223475,43,25199.167321140238,2298.850565496623,27741.902358720527,3626.4602395089364,43,100796.66928456095,9195.402261986492,110967.6094348821,14505.840958035746,43,0.5246969405994859,0.5111607313156128,0.560546875,0.014401530606784627,43,2.2669987733974013,2.0692965984344482,2.341233968734741,0.07244975472248105,43
fer2013,88,train,197,111.41596800403204,10148884,0.5655632893605688,0.44711533398367465,0.5855208749999292,0.013140916421179115,197,225.38352345134024,73.80645997080681,243.46006216266343,11.62260166222701,197,91054.94347434146,29817.80982820595,98357.86511371603,4695.531071539712,197,0.9203273012553375,0.90625,0.9386160969734192,0.0035790919660614296,197,0.2277361082697883,0.18056480586528778,0.23495309054851532,0.010128718378804451,197
fer2013,88,validation,43,0.21936345915310085,21536,0.0051014757942581595,0.003422625013627112,0.010310249985195696,0.0008558051910252187,43,24705.10433251167,2337.3872300202806,26755.382824987653,4061.497001083536,43,98820.41733004668,9349.548920081123,107021.53129995061,16245.988004334144,43,0.5262676546739977,0.5133928656578064,0.556640625,0.013180337294044595,43,2.2831367448318836,2.085145950317383,2.3578145503997803,0.07332713321326959,43
fer2013,89,train,197,111.4250836246647,10148884,0.5656095615465213,0.4457821669639088,0.5930696249706671,0.013138248419508017,197,225.36172523986875,74.027187369906,242.07284296194734,11.584465398749238,197,91046.136996907,29906.983697442025,97797.42855662672,4680.124021094693,197,0.9219000091407504,0.9156249761581421,0.9375,0.0020518085656423524,197,0.22604103356145966,0.1732337474822998,0.2337186187505722,0.008058110100519024,197
fer2013,89,validation,43,0.2134752449928783,21536,0.0049645405812297275,0.0033650000113993883,0.00555449997773394,0.00029649659283562205,43,25073.30757994746,2377.4145536103797,26967.239045294293,3593.8885546056877,43,100293.23031978984,9509.658214441519,107868.95618117717,14375.55421842275,43,0.5314683720122936,0.51708984375,0.5625,0.014478828766509385,43,2.2884370781654537,2.0922915935516357,2.3643014430999756,0.07241944740496986,43
fer2013,90,train,197,111.4359732028679,10148884,0.565664838593238,0.4448465000023134,0.6036657500080764,0.012782845040796782,197,225.33073552605418,74.18289230066638,243.22287395751073,11.490847002842727,197,91033.6171525259,29969.888489469216,98262.04107883433,4642.302189148462,197,0.9208976438807958,0.916015625,0.9254261255264282,0.0014419286482141847,197,0.22859511936679106,0.20890232920646667,0.24136781692504883,0.00582195962806191,197
fer2013,90,validation,43,0.21682133700232953,21536,0.00504235667447278,0.0035072920145466924,0.009103875025175512,0.0007027221313150449,43,24933.606708706742,2280.96205471901,27773.50472236154,4064.3955671208123,43,99734.42683482697,9123.84821887604,111094.01888944616,16257.58226848325,43,0.5295037793558698,0.515625,0.5625,0.013436422265584636,43,2.30907492859419,2.115626096725464,2.383917808532715,0.07267641730580099,43
fer2013,91,train,197,111.46941469953163,10148884,0.5658345923834093,0.44607312500011176,0.5858538749744184,0.012860004394321679,197,225.26719838069005,73.97890200175527,243.48910373623463,11.53201060158078,197,91007.94814579877,29887.47640870913,98369.59790943879,4658.9322830386345,197,0.9172865473074356,0.892578125,0.921875,0.004192783548696578,197,0.23608096170849002,0.22900189459323883,0.2990446090698242,0.00999149527515373,197
fer2013,91,validation,43,0.2128919180831872,21536,0.004950974839143888,0.003607582999393344,0.005558833945542574,0.00026711929426922527,43,25169.924294602413,2217.551197393183,27221.734647292804,3638.7472381163275,43,100679.69717840965,8870.204789572732,108886.93858917122,14554.98895246531,43,0.5269533575967301,0.5151209831237793,0.5562499761581421,0.012032051070183779,43,2.3016324098720107,2.1009910106658936,2.3763978481292725,0.07380114492682074,43
fer2013,92,train,197,111.44706691498868,10148884,0.5657211518527344,0.44677587499609217,0.5835347499814816,0.012724104048961942,197,225.311677543196,73.86253790066137,242.9351502380754,11.528000398241034,197,91025.91772745119,29840.46531186719,98145.80069618247,4657.312160889377,197,0.9235079715094591,0.9114583134651184,0.9293749928474426,0.002326837215253606,197,0.22179735221233465,0.18965023756027222,0.24117299914360046,0.006587760233015978,197
fer2013,92,validation,43,0.21424616686999798,21536,0.004982468996976697,0.0035664159804582596,0.0067128329537808895,0.00039214744972340085,43,25064.950528568133,2243.148315797995,27238.14559949063,3781.460959841136,43,100259.80211427253,8972.59326319198,108952.58239796251,15125.843839364545,43,0.5264248584592065,0.5149553418159485,0.5546875,0.011425033505968725,43,2.3204355406206707,2.125671863555908,2.3925044536590576,0.07120640085077277,43
fer2013,93,train,197,111.40513550955802,10148884,0.5655083020789747,0.4526119169895537,0.5840407919604331,0.012717232895613731,197,225.40900975363624,72.91014390317443,243.46596642364412,11.654377777791511,197,91065.23994046904,29455.698136882467,98360.25043515222,4708.368622227771,197,0.9212222005510088,0.90625,0.9322916865348816,0.002320034281243893,197,0.22648050965088878,0.2036651372909546,0.27281004190444946,0.004975113018387498,197
fer2013,93,validation,43,0.2113586223567836,21536,0.004915316798994968,0.003389999968931079,0.0054782499792054296,0.0002899729045912109,43,25332.82734063078,2359.8820275277253,27455.78000049742,3645.40725628964,43,101331.30936252313,9439.528110110901,109823.12000198968,14581.62902515856,43,0.5278424232505089,0.5153729915618896,0.5546875,0.011816029814919894,43,2.3271393110585765,2.1315574645996094,2.401151657104492,0.07209978983400141,43
fer2013,94,train,197,111.02596858487232,10148884,0.5635835968775245,0.44462645798921585,0.590040749986656,0.016369121463585695,197,226.24479215611962,74.21960480993327,244.86895141795983,12.352269060948418,197,91402.89603107233,29984.720343213045,98927.05637285578,4990.316700623161,197,0.9234242145785221,0.90625,0.93359375,0.0018838986280605141,197,0.22303181833724686,0.1815074384212494,0.2291698008775711,0.006721879314746682,197
fer2013,94,validation,43,0.21630003879545256,21536,0.005030233460359362,0.0034607910201884806,0.007766416994854808,0.0005086126124383893,43,24863.91039615092,2311.610251336212,26953.28118594948,3828.2522125515893,43,99455.64158460368,9246.441005344848,107813.12474379792,15313.008850206357,43,0.5249900138655375,0.5120535492897034,0.5546875,0.012957819485174438,43,2.3361844572910044,2.1359565258026123,2.4125006198883057,0.07434076650853923,43
fer2013,95,train,197,111.47374979429878,10148884,0.565856597940603,0.443902375001926,0.5899002500227652,0.013484604281191952,197,225.2663012835194,74.34067006254882,242.87215296685943,11.617877568374116,197,91007.58571854184,30033.630705269727,98120.3497986112,4693.622537623142,197,0.9226468495911148,0.859375,0.9263091087341309,0.006042375617048108,197,0.22530967057658935,0.21435177326202393,0.3694729804992676,0.012958316732579923,197
fer2013,95,validation,43,0.21502887702081352,21536,0.00500067155862357,0.0034173339954577386,0.006690624984912574,0.0003898622598389992,43,24944.708681494278,2341.0061792711695,26784.311141197028,3711.7763076704964,43,99778.83472597711,9364.024717084678,107137.24456478811,14847.105230681986,43,0.5312603587328002,0.5169642567634583,0.55859375,0.013517952542851085,43,2.3468010758244713,2.154364824295044,2.4207732677459717,0.07074876315748796,43
fer2013,96,train,197,111.44064928614534,10148884,0.5656885750565753,0.4486098749912344,0.6023429159540683,0.013104590234738995,197,225.33531456924342,73.56057420859227,243.64974016471513,11.631873302452455,197,91035.46708597432,29718.47198027128,98434.4950265449,4699.276814190791,197,0.9255321921430869,0.8984375,0.9300987124443054,0.002526132471045123,197,0.22159331704154234,0.2163403332233429,0.2646321952342987,0.005065063071181434,197
fer2013,96,validation,43,0.21624237712239847,21536,0.005028892491218569,0.003405708004720509,0.009665125049650669,0.0007719383152919318,43,25021.26561458546,2348.997620733056,27217.874098971337,4072.5764987120688,43,100085.06245834184,9395.990482932224,108871.49639588535,16290.305994848275,43,0.5300363385400106,0.517333984375,0.55859375,0.01249091243885949,43,2.345939458802689,2.1562082767486572,2.418774366378784,0.06969780723558448,43
fer2013,97,train,197,111.40626054047607,10148884,0.5655140128958176,0.4498720000265166,0.5839177499874495,0.012712577141234818,197,225.4010675905728,73.3541985232575,244.79585665715666,11.601187194165991,197,91062.0313065914,29635.096203396028,98897.5260894913,4686.87962644306,197,0.9228489825568224,0.8984375,0.9254807829856873,0.0034083540623097404,197,0.22710000651741996,0.22102881968021393,0.28667908906936646,0.007513333146397684,197
fer2013,97,validation,43,0.2141552458051592,21536,0.004980354553608354,0.00325204199180007,0.007065832964144647,0.0004475319980879176,43,25056.740324955103,2459.992835323704,27281.69285086395,3772.229739559772,43,100226.96129982041,9839.971341294817,109126.7714034558,15088.918958239088,43,0.5259604620379071,0.5127232074737549,0.556640625,0.014077680798122905,43,2.352165244346441,2.155409097671509,2.426784038543701,0.0742532312986354,43
fer2013,98,train,197,111.38548470311798,10148884,0.5654085517924771,0.44546879100380465,0.5814521670108661,0.01260386087328181,197,225.43167625120333,74.0792636126964,242.36359413107698,11.485673633632377,197,91074.39720548614,29928.022499529343,97914.8920289551,4640.21214798748,197,0.9267903085287452,0.9230769276618958,0.940625011920929,0.002073341054096191,197,0.2167592169669679,0.18601378798484802,0.22585245966911316,0.004604724511678084,197
fer2013,98,validation,43,0.21139087300980464,21536,0.004916066814181503,0.0033599589951336384,0.0055173750151880085,0.0002920259963081568,43,25324.820830582063,2380.981438043356,27782.052288554256,3638.4368324083594,43,101299.28332232825,9523.925752173423,111128.20915421702,14553.747329633437,43,0.5251694557278656,0.512939453125,0.55078125,0.011059655261025309,43,2.3570582367653072,2.1589882373809814,2.432612180709839,0.07528211541987642,43
fer2013,99,train,197,111.30913954036077,10148884,0.5650210128952323,0.4488523749751039,0.5866159169818275,0.013038924576232812,197,225.60261859084693,73.52083188115108,243.67484540575833,11.659635602523748,197,91143.45791070216,29702.41607998504,98444.63754392636,4710.492783419594,197,0.9257315152187637,0.9140625,0.9375,0.002414383358549868,197,0.22098792370805886,0.21227198839187622,0.2967185974121094,0.0101642453909485,197
fer2013,99,validation,43,0.21316441701492295,21536,0.004957312023602859,0.003430958022363484,0.0054876659996807575,0.00028945216375509113,43,25118.582951835688,2331.710253478718,26956.590523729632,3612.6348425560145,43,100474.33180734275,9326.841013914873,107826.36209491853,14450.539370224058,43,0.5284267442170963,0.51708984375,0.5546875,0.011788766664536564,43,2.3511837249578433,2.1549694538116455,2.425959825515747,0.0753709163332741,43
fer2013,100,train,197,111.33649345795857,10148884,0.5651598652688252,0.4485584580106661,0.5842136249993928,0.012719041089894422,197,225.54015391937148,73.56900624804473,244.4512082414784,11.58466609013591,197,91118.22218342606,29721.878524210068,98758.28812955727,4680.205100414908,197,0.92479865684122,0.8515625,0.9309543967247009,0.006265083156534235,197,0.21649791814651587,0.20345249772071838,0.2971426248550415,0.007351432846659563,197
fer2013,100,validation,43,0.2259972901083529,21536,0.005255750932752393,0.0033341249800287187,0.008735207957215607,0.0009315059612284641,43,24127.233858256302,2399.430149715351,27731.38421325615,4478.919040643991,43,96508.93543302521,9597.720598861404,110925.5368530246,17915.676162575965,43,0.523410415926645,0.5111607313156128,0.55078125,0.012378495931024684,43,2.354992528294408,2.1608898639678955,2.430957555770874,0.07466452469985563,43
