dataset,true_class,predicted_class,count,row_rate
mnist,0,0,1030,0.9951690821256038
mnist,0,1,1,0.000966183574879227
mnist,0,2,0,0.0
mnist,0,3,0,0.0
mnist,0,4,0,0.0
mnist,0,5,1,0.000966183574879227
mnist,0,6,0,0.0
mnist,0,7,0,0.0
mnist,0,8,1,0.000966183574879227
mnist,0,9,2,0.001932367149758454
mnist,1,0,0,0.0
mnist,1,1,1174,0.9940728196443692
mnist,1,2,1,0.000846740050804403
mnist,1,3,0,0.0
mnist,1,4,0,0.0
mnist,1,5,0,0.0
mnist,1,6,1,0.000846740050804403
mnist,1,7,5,0.004233700254022015
mnist,1,8,0,0.0
mnist,1,9,0,0.0
mnist,2,0,1,0.0009541984732824427
mnist,2,1,1,0.0009541984732824427
mnist,2,2,1040,0.9923664122137404
mnist,2,3,2,0.0019083969465648854
mnist,2,4,0,0.0
mnist,2,5,0,0.0
mnist,2,6,1,0.0009541984732824427
mnist,2,7,3,0.0028625954198473282
mnist,2,8,0,0.0
mnist,2,9,0,0.0
mnist,3,0,0,0.0
mnist,3,1,0,0.0
mnist,3,2,1,0.0009337068160597573
mnist,3,3,1066,0.9953314659197012
mnist,3,4,0,0.0
mnist,3,5,1,0.0009337068160597573
mnist,3,6,1,0.0009337068160597573
mnist,3,7,1,0.0009337068160597573
mnist,3,8,0,0.0
mnist,3,9,1,0.0009337068160597573
mnist,4,0,1,0.0009775171065493646
mnist,4,1,0,0.0
mnist,4,2,0,0.0
mnist,4,3,1,0.0009775171065493646
mnist,4,4,1017,0.9941348973607038
mnist,4,5,0,0.0
mnist,4,6,0,0.0
mnist,4,7,2,0.0019550342130987292
mnist,4,8,0,0.0
mnist,4,9,2,0.0019550342130987292
mnist,5,0,0,0.0
mnist,5,1,2,0.0021119324181626186
mnist,5,2,1,0.0010559662090813093
mnist,5,3,3,0.0031678986272439284
mnist,5,4,0,0.0
mnist,5,5,936,0.9883843717001056
mnist,5,6,2,0.0021119324181626186
mnist,5,7,1,0.0010559662090813093
mnist,5,8,2,0.0021119324181626186
mnist,5,9,0,0.0
mnist,6,0,1,0.0009699321047526673
mnist,6,1,0,0.0
mnist,6,2,3,0.002909796314258002
mnist,6,3,0,0.0
mnist,6,4,1,0.0009699321047526673
mnist,6,5,0,0.0
mnist,6,6,1026,0.9951503394762367
mnist,6,7,0,0.0
mnist,6,8,0,0.0
mnist,6,9,0,0.0
mnist,7,0,0,0.0
mnist,7,1,2,0.0018281535648994515
mnist,7,2,0,0.0
mnist,7,3,0,0.0
mnist,7,4,1,0.0009140767824497258
mnist,7,5,0,0.0
mnist,7,6,0,0.0
mnist,7,7,1090,0.9963436928702011
mnist,7,8,0,0.0
mnist,7,9,1,0.0009140767824497258
mnist,8,0,0,0.0
mnist,8,1,1,0.0009765625
mnist,8,2,2,0.001953125
mnist,8,3,2,0.001953125
mnist,8,4,0,0.0
mnist,8,5,0,0.0
mnist,8,6,1,0.0009765625
mnist,8,7,0,0.0
mnist,8,8,1014,0.990234375
mnist,8,9,4,0.00390625
mnist,9,0,0,0.0
mnist,9,1,1,0.0009578544061302681
mnist,9,2,1,0.0009578544061302681
mnist,9,3,1,0.0009578544061302681
mnist,9,4,4,0.0038314176245210726
mnist,9,5,1,0.0009578544061302681
mnist,9,6,0,0.0
mnist,9,7,3,0.0028735632183908046
mnist,9,8,1,0.0009578544061302681
mnist,9,9,1032,0.9885057471264368
fashion_mnist,0,0,908,0.8647619047619047
fashion_mnist,0,1,0,0.0
fashion_mnist,0,2,20,0.01904761904761905
fashion_mnist,0,3,15,0.014285714285714285
fashion_mnist,0,4,3,0.002857142857142857
fashion_mnist,0,5,0,0.0
fashion_mnist,0,6,101,0.09619047619047619
fashion_mnist,0,7,0,0.0
fashion_mnist,0,8,3,0.002857142857142857
fashion_mnist,0,9,0,0.0
fashion_mnist,1,0,0,0.0
fashion_mnist,1,1,1029,0.98
fashion_mnist,1,2,0,0.0
fashion_mnist,1,3,12,0.011428571428571429
fashion_mnist,1,4,2,0.0019047619047619048
fashion_mnist,1,5,0,0.0
fashion_mnist,1,6,7,0.006666666666666667
fashion_mnist,1,7,0,0.0
fashion_mnist,1,8,0,0.0
fashion_mnist,1,9,0,0.0
fashion_mnist,2,0,19,0.018095238095238095
fashion_mnist,2,1,1,0.0009523809523809524
fashion_mnist,2,2,907,0.8638095238095238
fashion_mnist,2,3,7,0.006666666666666667
fashion_mnist,2,4,55,0.05238095238095238
fashion_mnist,2,5,0,0.0
fashion_mnist,2,6,60,0.05714285714285714
fashion_mnist,2,7,0,0.0
fashion_mnist,2,8,1,0.0009523809523809524
fashion_mnist,2,9,0,0.0
fashion_mnist,3,0,19,0.018095238095238095
fashion_mnist,3,1,1,0.0009523809523809524
fashion_mnist,3,2,5,0.004761904761904762
fashion_mnist,3,3,980,0.9333333333333333
fashion_mnist,3,4,20,0.01904761904761905
fashion_mnist,3,5,0,0.0
fashion_mnist,3,6,22,0.02095238095238095
fashion_mnist,3,7,0,0.0
fashion_mnist,3,8,2,0.0019047619047619048
fashion_mnist,3,9,1,0.0009523809523809524
fashion_mnist,4,0,2,0.0019047619047619048
fashion_mnist,4,1,0,0.0
fashion_mnist,4,2,47,0.04476190476190476
fashion_mnist,4,3,35,0.03333333333333333
fashion_mnist,4,4,916,0.8723809523809524
fashion_mnist,4,5,0,0.0
fashion_mnist,4,6,49,0.04666666666666667
fashion_mnist,4,7,0,0.0
fashion_mnist,4,8,1,0.0009523809523809524
fashion_mnist,4,9,0,0.0
fashion_mnist,5,0,1,0.0009523809523809524
fashion_mnist,5,1,0,0.0
fashion_mnist,5,2,1,0.0009523809523809524
fashion_mnist,5,3,1,0.0009523809523809524
fashion_mnist,5,4,0,0.0
fashion_mnist,5,5,1029,0.98
fashion_mnist,5,6,0,0.0
fashion_mnist,5,7,13,0.012380952380952381
fashion_mnist,5,8,0,0.0
fashion_mnist,5,9,5,0.004761904761904762
fashion_mnist,6,0,101,0.09619047619047619
fashion_mnist,6,1,0,0.0
fashion_mnist,6,2,42,0.04
fashion_mnist,6,3,19,0.018095238095238095
fashion_mnist,6,4,53,0.05047619047619047
fashion_mnist,6,5,0,0.0
fashion_mnist,6,6,830,0.7904761904761904
fashion_mnist,6,7,0,0.0
fashion_mnist,6,8,5,0.004761904761904762
fashion_mnist,6,9,0,0.0
fashion_mnist,7,0,0,0.0
fashion_mnist,7,1,0,0.0
fashion_mnist,7,2,0,0.0
fashion_mnist,7,3,0,0.0
fashion_mnist,7,4,0,0.0
fashion_mnist,7,5,10,0.009523809523809525
fashion_mnist,7,6,0,0.0
fashion_mnist,7,7,1011,0.9628571428571429
fashion_mnist,7,8,0,0.0
fashion_mnist,7,9,29,0.02761904761904762
fashion_mnist,8,0,13,0.012380952380952381
fashion_mnist,8,1,0,0.0
fashion_mnist,8,2,3,0.002857142857142857
fashion_mnist,8,3,3,0.002857142857142857
fashion_mnist,8,4,1,0.0009523809523809524
fashion_mnist,8,5,0,0.0
fashion_mnist,8,6,7,0.006666666666666667
fashion_mnist,8,7,1,0.0009523809523809524
fashion_mnist,8,8,1022,0.9733333333333334
fashion_mnist,8,9,0,0.0
fashion_mnist,9,0,2,0.0019047619047619048
fashion_mnist,9,1,0,0.0
fashion_mnist,9,2,0,0.0
fashion_mnist,9,3,0,0.0
fashion_mnist,9,4,0,0.0
fashion_mnist,9,5,6,0.005714285714285714
fashion_mnist,9,6,0,0.0
fashion_mnist,9,7,27,0.025714285714285714
fashion_mnist,9,8,1,0.0009523809523809524
fashion_mnist,9,9,1014,0.9657142857142857
kmnist,0,0,1039,0.9895238095238095
kmnist,0,1,1,0.0009523809523809524
kmnist,0,2,0,0.0
kmnist,0,3,0,0.0
kmnist,0,4,2,0.0019047619047619048
kmnist,0,5,1,0.0009523809523809524
kmnist,0,6,3,0.002857142857142857
kmnist,0,7,2,0.0019047619047619048
kmnist,0,8,1,0.0009523809523809524
kmnist,0,9,1,0.0009523809523809524
kmnist,1,0,0,0.0
kmnist,1,1,1029,0.98
kmnist,1,2,2,0.0019047619047619048
kmnist,1,3,0,0.0
kmnist,1,4,3,0.002857142857142857
kmnist,1,5,0,0.0
kmnist,1,6,10,0.009523809523809525
kmnist,1,7,1,0.0009523809523809524
kmnist,1,8,4,0.0038095238095238095
kmnist,1,9,1,0.0009523809523809524
kmnist,2,0,0,0.0
kmnist,2,1,2,0.0019047619047619048
kmnist,2,2,1033,0.9838095238095238
kmnist,2,3,3,0.002857142857142857
kmnist,2,4,3,0.002857142857142857
kmnist,2,5,0,0.0
kmnist,2,6,4,0.0038095238095238095
kmnist,2,7,1,0.0009523809523809524
kmnist,2,8,2,0.0019047619047619048
kmnist,2,9,2,0.0019047619047619048
kmnist,3,0,0,0.0
kmnist,3,1,0,0.0
kmnist,3,2,3,0.002857142857142857
kmnist,3,3,1042,0.9923809523809524
kmnist,3,4,0,0.0
kmnist,3,5,2,0.0019047619047619048
kmnist,3,6,2,0.0019047619047619048
kmnist,3,7,1,0.0009523809523809524
kmnist,3,8,0,0.0
kmnist,3,9,0,0.0
kmnist,4,0,6,0.005714285714285714
kmnist,4,1,3,0.002857142857142857
kmnist,4,2,1,0.0009523809523809524
kmnist,4,3,0,0.0
kmnist,4,4,1034,0.9847619047619047
kmnist,4,5,1,0.0009523809523809524
kmnist,4,6,2,0.0019047619047619048
kmnist,4,7,0,0.0
kmnist,4,8,3,0.002857142857142857
kmnist,4,9,0,0.0
kmnist,5,0,1,0.0009523809523809524
kmnist,5,1,1,0.0009523809523809524
kmnist,5,2,1,0.0009523809523809524
kmnist,5,3,1,0.0009523809523809524
kmnist,5,4,0,0.0
kmnist,5,5,1039,0.9895238095238095
kmnist,5,6,5,0.004761904761904762
kmnist,5,7,1,0.0009523809523809524
kmnist,5,8,0,0.0
kmnist,5,9,1,0.0009523809523809524
kmnist,6,0,0,0.0
kmnist,6,1,6,0.005714285714285714
kmnist,6,2,5,0.004761904761904762
kmnist,6,3,0,0.0
kmnist,6,4,2,0.0019047619047619048
kmnist,6,5,4,0.0038095238095238095
kmnist,6,6,1029,0.98
kmnist,6,7,4,0.0038095238095238095
kmnist,6,8,0,0.0
kmnist,6,9,0,0.0
kmnist,7,0,2,0.0019047619047619048
kmnist,7,1,0,0.0
kmnist,7,2,0,0.0
kmnist,7,3,2,0.0019047619047619048
kmnist,7,4,3,0.002857142857142857
kmnist,7,5,1,0.0009523809523809524
kmnist,7,6,0,0.0
kmnist,7,7,1040,0.9904761904761905
kmnist,7,8,1,0.0009523809523809524
kmnist,7,9,1,0.0009523809523809524
kmnist,8,0,1,0.0009523809523809524
kmnist,8,1,4,0.0038095238095238095
kmnist,8,2,4,0.0038095238095238095
kmnist,8,3,2,0.0019047619047619048
kmnist,8,4,4,0.0038095238095238095
kmnist,8,5,0,0.0
kmnist,8,6,3,0.002857142857142857
kmnist,8,7,1,0.0009523809523809524
kmnist,8,8,1031,0.981904761904762
kmnist,8,9,0,0.0
kmnist,9,0,2,0.0019047619047619048
kmnist,9,1,4,0.0038095238095238095
kmnist,9,2,2,0.0019047619047619048
kmnist,9,3,0,0.0
kmnist,9,4,0,0.0
kmnist,9,5,0,0.0
kmnist,9,6,0,0.0
kmnist,9,7,0,0.0
kmnist,9,8,0,0.0
kmnist,9,9,1042,0.9923809523809524
emnist_balanced,0,0,294,0.7
emnist_balanced,0,1,0,0.0
emnist_balanced,0,2,0,0.0
emnist_balanced,0,3,0,0.0
emnist_balanced,0,4,0,0.0
emnist_balanced,0,5,0,0.0
emnist_balanced,0,6,1,0.002380952380952381
emnist_balanced,0,7,0,0.0
emnist_balanced,0,8,0,0.0
emnist_balanced,0,9,0,0.0
emnist_balanced,0,10,0,0.0
emnist_balanced,0,11,0,0.0
emnist_balanced,0,12,0,0.0
emnist_balanced,0,13,13,0.030952380952380953
emnist_balanced,0,14,0,0.0
emnist_balanced,0,15,0,0.0
emnist_balanced,0,16,0,0.0
emnist_balanced,0,17,0,0.0
emnist_balanced,0,18,0,0.0
emnist_balanced,0,19,0,0.0
emnist_balanced,0,20,0,0.0
emnist_balanced,0,21,0,0.0
emnist_balanced,0,22,0,0.0
emnist_balanced,0,23,0,0.0
emnist_balanced,0,24,104,0.24761904761904763
emnist_balanced,0,25,0,0.0
emnist_balanced,0,26,3,0.007142857142857143
emnist_balanced,0,27,0,0.0
emnist_balanced,0,28,0,0.0
emnist_balanced,0,29,0,0.0
emnist_balanced,0,30,2,0.004761904761904762
emnist_balanced,0,31,0,0.0
emnist_balanced,0,32,0,0.0
emnist_balanced,0,33,0,0.0
emnist_balanced,0,34,0,0.0
emnist_balanced,0,35,0,0.0
emnist_balanced,0,36,1,0.002380952380952381
emnist_balanced,0,37,0,0.0
emnist_balanced,0,38,1,0.002380952380952381
emnist_balanced,0,39,0,0.0
emnist_balanced,0,40,0,0.0
emnist_balanced,0,41,1,0.002380952380952381
emnist_balanced,0,42,0,0.0
emnist_balanced,0,43,0,0.0
emnist_balanced,0,44,0,0.0
emnist_balanced,0,45,0,0.0
emnist_balanced,0,46,0,0.0
emnist_balanced,1,0,0,0.0
emnist_balanced,1,1,299,0.7119047619047619
emnist_balanced,1,2,0,0.0
emnist_balanced,1,3,0,0.0
emnist_balanced,1,4,0,0.0
emnist_balanced,1,5,0,0.0
emnist_balanced,1,6,0,0.0
emnist_balanced,1,7,0,0.0
emnist_balanced,1,8,0,0.0
emnist_balanced,1,9,0,0.0
emnist_balanced,1,10,0,0.0
emnist_balanced,1,11,0,0.0
emnist_balanced,1,12,0,0.0
emnist_balanced,1,13,0,0.0
emnist_balanced,1,14,0,0.0
emnist_balanced,1,15,0,0.0
emnist_balanced,1,16,0,0.0
emnist_balanced,1,17,0,0.0
emnist_balanced,1,18,52,0.12380952380952381
emnist_balanced,1,19,2,0.004761904761904762
emnist_balanced,1,20,0,0.0
emnist_balanced,1,21,65,0.15476190476190477
emnist_balanced,1,22,0,0.0
emnist_balanced,1,23,0,0.0
emnist_balanced,1,24,0,0.0
emnist_balanced,1,25,0,0.0
emnist_balanced,1,26,0,0.0
emnist_balanced,1,27,0,0.0
emnist_balanced,1,28,0,0.0
emnist_balanced,1,29,0,0.0
emnist_balanced,1,30,0,0.0
emnist_balanced,1,31,0,0.0
emnist_balanced,1,32,0,0.0
emnist_balanced,1,33,0,0.0
emnist_balanced,1,34,0,0.0
emnist_balanced,1,35,1,0.002380952380952381
emnist_balanced,1,36,0,0.0
emnist_balanced,1,37,0,0.0
emnist_balanced,1,38,0,0.0
emnist_balanced,1,39,0,0.0
emnist_balanced,1,40,0,0.0
emnist_balanced,1,41,0,0.0
emnist_balanced,1,42,0,0.0
emnist_balanced,1,43,0,0.0
emnist_balanced,1,44,0,0.0
emnist_balanced,1,45,1,0.002380952380952381
emnist_balanced,1,46,0,0.0
emnist_balanced,2,0,0,0.0
emnist_balanced,2,1,0,0.0
emnist_balanced,2,2,383,0.9119047619047619
emnist_balanced,2,3,0,0.0
emnist_balanced,2,4,0,0.0
emnist_balanced,2,5,0,0.0
emnist_balanced,2,6,0,0.0
emnist_balanced,2,7,1,0.002380952380952381
emnist_balanced,2,8,0,0.0
emnist_balanced,2,9,0,0.0
emnist_balanced,2,10,0,0.0
emnist_balanced,2,11,0,0.0
emnist_balanced,2,12,0,0.0
emnist_balanced,2,13,0,0.0
emnist_balanced,2,14,0,0.0
emnist_balanced,2,15,0,0.0
emnist_balanced,2,16,0,0.0
emnist_balanced,2,17,0,0.0
emnist_balanced,2,18,0,0.0
emnist_balanced,2,19,0,0.0
emnist_balanced,2,20,0,0.0
emnist_balanced,2,21,0,0.0
emnist_balanced,2,22,0,0.0
emnist_balanced,2,23,0,0.0
emnist_balanced,2,24,0,0.0
emnist_balanced,2,25,0,0.0
emnist_balanced,2,26,0,0.0
emnist_balanced,2,27,0,0.0
emnist_balanced,2,28,1,0.002380952380952381
emnist_balanced,2,29,0,0.0
emnist_balanced,2,30,0,0.0
emnist_balanced,2,31,1,0.002380952380952381
emnist_balanced,2,32,0,0.0
emnist_balanced,2,33,0,0.0
emnist_balanced,2,34,0,0.0
emnist_balanced,2,35,30,0.07142857142857142
emnist_balanced,2,36,2,0.004761904761904762
emnist_balanced,2,37,0,0.0
emnist_balanced,2,38,0,0.0
emnist_balanced,2,39,1,0.002380952380952381
emnist_balanced,2,40,0,0.0
emnist_balanced,2,41,1,0.002380952380952381
emnist_balanced,2,42,0,0.0
emnist_balanced,2,43,0,0.0
emnist_balanced,2,44,0,0.0
emnist_balanced,2,45,0,0.0
emnist_balanced,2,46,0,0.0
emnist_balanced,3,0,0,0.0
emnist_balanced,3,1,0,0.0
emnist_balanced,3,2,2,0.004761904761904762
emnist_balanced,3,3,410,0.9761904761904762
emnist_balanced,3,4,0,0.0
emnist_balanced,3,5,0,0.0
emnist_balanced,3,6,0,0.0
emnist_balanced,3,7,1,0.002380952380952381
emnist_balanced,3,8,0,0.0
emnist_balanced,3,9,0,0.0
emnist_balanced,3,10,0,0.0
emnist_balanced,3,11,1,0.002380952380952381
emnist_balanced,3,12,0,0.0
emnist_balanced,3,13,1,0.002380952380952381
emnist_balanced,3,14,0,0.0
emnist_balanced,3,15,0,0.0
emnist_balanced,3,16,0,0.0
emnist_balanced,3,17,0,0.0
emnist_balanced,3,18,0,0.0
emnist_balanced,3,19,2,0.004761904761904762
emnist_balanced,3,20,0,0.0
emnist_balanced,3,21,0,0.0
emnist_balanced,3,22,0,0.0
emnist_balanced,3,23,0,0.0
emnist_balanced,3,24,0,0.0
emnist_balanced,3,25,0,0.0
emnist_balanced,3,26,0,0.0
emnist_balanced,3,27,0,0.0
emnist_balanced,3,28,1,0.002380952380952381
emnist_balanced,3,29,0,0.0
emnist_balanced,3,30,0,0.0
emnist_balanced,3,31,0,0.0
emnist_balanced,3,32,0,0.0
emnist_balanced,3,33,0,0.0
emnist_balanced,3,34,0,0.0
emnist_balanced,3,35,0,0.0
emnist_balanced,3,36,0,0.0
emnist_balanced,3,37,0,0.0
emnist_balanced,3,38,0,0.0
emnist_balanced,3,39,0,0.0
emnist_balanced,3,40,0,0.0
emnist_balanced,3,41,2,0.004761904761904762
emnist_balanced,3,42,0,0.0
emnist_balanced,3,43,0,0.0
emnist_balanced,3,44,0,0.0
emnist_balanced,3,45,0,0.0
emnist_balanced,3,46,0,0.0
emnist_balanced,4,0,0,0.0
emnist_balanced,4,1,0,0.0
emnist_balanced,4,2,0,0.0
emnist_balanced,4,3,0,0.0
emnist_balanced,4,4,392,0.9333333333333333
emnist_balanced,4,5,0,0.0
emnist_balanced,4,6,0,0.0
emnist_balanced,4,7,0,0.0
emnist_balanced,4,8,0,0.0
emnist_balanced,4,9,0,0.0
emnist_balanced,4,10,1,0.002380952380952381
emnist_balanced,4,11,0,0.0
emnist_balanced,4,12,0,0.0
emnist_balanced,4,13,0,0.0
emnist_balanced,4,14,0,0.0
emnist_balanced,4,15,0,0.0
emnist_balanced,4,16,0,0.0
emnist_balanced,4,17,4,0.009523809523809525
emnist_balanced,4,18,0,0.0
emnist_balanced,4,19,0,0.0
emnist_balanced,4,20,0,0.0
emnist_balanced,4,21,0,0.0
emnist_balanced,4,22,0,0.0
emnist_balanced,4,23,0,0.0
emnist_balanced,4,24,0,0.0
emnist_balanced,4,25,0,0.0
emnist_balanced,4,26,0,0.0
emnist_balanced,4,27,0,0.0
emnist_balanced,4,28,0,0.0
emnist_balanced,4,29,0,0.0
emnist_balanced,4,30,3,0.007142857142857143
emnist_balanced,4,31,1,0.002380952380952381
emnist_balanced,4,32,0,0.0
emnist_balanced,4,33,0,0.0
emnist_balanced,4,34,16,0.0380952380952381
emnist_balanced,4,35,0,0.0
emnist_balanced,4,36,0,0.0
emnist_balanced,4,37,0,0.0
emnist_balanced,4,38,0,0.0
emnist_balanced,4,39,0,0.0
emnist_balanced,4,40,1,0.002380952380952381
emnist_balanced,4,41,0,0.0
emnist_balanced,4,42,0,0.0
emnist_balanced,4,43,0,0.0
emnist_balanced,4,44,2,0.004761904761904762
emnist_balanced,4,45,0,0.0
emnist_balanced,4,46,0,0.0
emnist_balanced,5,0,0,0.0
emnist_balanced,5,1,0,0.0
emnist_balanced,5,2,0,0.0
emnist_balanced,5,3,0,0.0
emnist_balanced,5,4,0,0.0
emnist_balanced,5,5,375,0.8928571428571429
emnist_balanced,5,6,0,0.0
emnist_balanced,5,7,0,0.0
emnist_balanced,5,8,1,0.002380952380952381
emnist_balanced,5,9,0,0.0
emnist_balanced,5,10,0,0.0
emnist_balanced,5,11,0,0.0
emnist_balanced,5,12,0,0.0
emnist_balanced,5,13,0,0.0
emnist_balanced,5,14,1,0.002380952380952381
emnist_balanced,5,15,0,0.0
emnist_balanced,5,16,0,0.0
emnist_balanced,5,17,0,0.0
emnist_balanced,5,18,0,0.0
emnist_balanced,5,19,0,0.0
emnist_balanced,5,20,0,0.0
emnist_balanced,5,21,0,0.0
emnist_balanced,5,22,0,0.0
emnist_balanced,5,23,0,0.0
emnist_balanced,5,24,0,0.0
emnist_balanced,5,25,0,0.0
emnist_balanced,5,26,0,0.0
emnist_balanced,5,27,0,0.0
emnist_balanced,5,28,38,0.09047619047619047
emnist_balanced,5,29,0,0.0
emnist_balanced,5,30,0,0.0
emnist_balanced,5,31,0,0.0
emnist_balanced,5,32,0,0.0
emnist_balanced,5,33,1,0.002380952380952381
emnist_balanced,5,34,0,0.0
emnist_balanced,5,35,2,0.004761904761904762
emnist_balanced,5,36,0,0.0
emnist_balanced,5,37,0,0.0
emnist_balanced,5,38,0,0.0
emnist_balanced,5,39,0,0.0
emnist_balanced,5,40,0,0.0
emnist_balanced,5,41,0,0.0
emnist_balanced,5,42,1,0.002380952380952381
emnist_balanced,5,43,0,0.0
emnist_balanced,5,44,0,0.0
emnist_balanced,5,45,0,0.0
emnist_balanced,5,46,1,0.002380952380952381
emnist_balanced,6,0,0,0.0
emnist_balanced,6,1,0,0.0
emnist_balanced,6,2,0,0.0
emnist_balanced,6,3,0,0.0
emnist_balanced,6,4,0,0.0
emnist_balanced,6,5,0,0.0
emnist_balanced,6,6,390,0.9285714285714286
emnist_balanced,6,7,0,0.0
emnist_balanced,6,8,0,0.0
emnist_balanced,6,9,0,0.0
emnist_balanced,6,10,0,0.0
emnist_balanced,6,11,0,0.0
emnist_balanced,6,12,2,0.004761904761904762
emnist_balanced,6,13,0,0.0
emnist_balanced,6,14,0,0.0
emnist_balanced,6,15,0,0.0
emnist_balanced,6,16,11,0.02619047619047619
emnist_balanced,6,17,0,0.0
emnist_balanced,6,18,0,0.0
emnist_balanced,6,19,0,0.0
emnist_balanced,6,20,0,0.0
emnist_balanced,6,21,2,0.004761904761904762
emnist_balanced,6,22,0,0.0
emnist_balanced,6,23,0,0.0
emnist_balanced,6,24,1,0.002380952380952381
emnist_balanced,6,25,0,0.0
emnist_balanced,6,26,0,0.0
emnist_balanced,6,27,0,0.0
emnist_balanced,6,28,0,0.0
emnist_balanced,6,29,0,0.0
emnist_balanced,6,30,1,0.002380952380952381
emnist_balanced,6,31,0,0.0
emnist_balanced,6,32,0,0.0
emnist_balanced,6,33,0,0.0
emnist_balanced,6,34,0,0.0
emnist_balanced,6,35,0,0.0
emnist_balanced,6,36,1,0.002380952380952381
emnist_balanced,6,37,11,0.02619047619047619
emnist_balanced,6,38,1,0.002380952380952381
emnist_balanced,6,39,0,0.0
emnist_balanced,6,40,0,0.0
emnist_balanced,6,41,0,0.0
emnist_balanced,6,42,0,0.0
emnist_balanced,6,43,0,0.0
emnist_balanced,6,44,0,0.0
emnist_balanced,6,45,0,0.0
emnist_balanced,6,46,0,0.0
emnist_balanced,7,0,0,0.0
emnist_balanced,7,1,0,0.0
emnist_balanced,7,2,0,0.0
emnist_balanced,7,3,0,0.0
emnist_balanced,7,4,0,0.0
emnist_balanced,7,5,0,0.0
emnist_balanced,7,6,0,0.0
emnist_balanced,7,7,406,0.9666666666666667
emnist_balanced,7,8,0,0.0
emnist_balanced,7,9,0,0.0
emnist_balanced,7,10,0,0.0
emnist_balanced,7,11,0,0.0
emnist_balanced,7,12,0,0.0
emnist_balanced,7,13,0,0.0
emnist_balanced,7,14,0,0.0
emnist_balanced,7,15,0,0.0
emnist_balanced,7,16,0,0.0
emnist_balanced,7,17,0,0.0
emnist_balanced,7,18,0,0.0
emnist_balanced,7,19,0,0.0
emnist_balanced,7,20,0,0.0
emnist_balanced,7,21,0,0.0
emnist_balanced,7,22,0,0.0
emnist_balanced,7,23,0,0.0
emnist_balanced,7,24,0,0.0
emnist_balanced,7,25,0,0.0
emnist_balanced,7,26,0,0.0
emnist_balanced,7,27,0,0.0
emnist_balanced,7,28,0,0.0
emnist_balanced,7,29,2,0.004761904761904762
emnist_balanced,7,30,0,0.0
emnist_balanced,7,31,0,0.0
emnist_balanced,7,32,0,0.0
emnist_balanced,7,33,0,0.0
emnist_balanced,7,34,3,0.007142857142857143
emnist_balanced,7,35,2,0.004761904761904762
emnist_balanced,7,36,0,0.0
emnist_balanced,7,37,0,0.0
emnist_balanced,7,38,0,0.0
emnist_balanced,7,39,0,0.0
emnist_balanced,7,40,2,0.004761904761904762
emnist_balanced,7,41,2,0.004761904761904762
emnist_balanced,7,42,0,0.0
emnist_balanced,7,43,1,0.002380952380952381
emnist_balanced,7,44,0,0.0
emnist_balanced,7,45,2,0.004761904761904762
emnist_balanced,7,46,0,0.0
emnist_balanced,8,0,0,0.0
emnist_balanced,8,1,0,0.0
emnist_balanced,8,2,0,0.0
emnist_balanced,8,3,0,0.0
emnist_balanced,8,4,0,0.0
emnist_balanced,8,5,0,0.0
emnist_balanced,8,6,0,0.0
emnist_balanced,8,7,0,0.0
emnist_balanced,8,8,401,0.9547619047619048
emnist_balanced,8,9,0,0.0
emnist_balanced,8,10,0,0.0
emnist_balanced,8,11,6,0.014285714285714285
emnist_balanced,8,12,0,0.0
emnist_balanced,8,13,0,0.0
emnist_balanced,8,14,0,0.0
emnist_balanced,8,15,0,0.0
emnist_balanced,8,16,0,0.0
emnist_balanced,8,17,0,0.0
emnist_balanced,8,18,0,0.0
emnist_balanced,8,19,1,0.002380952380952381
emnist_balanced,8,20,0,0.0
emnist_balanced,8,21,0,0.0
emnist_balanced,8,22,0,0.0
emnist_balanced,8,23,0,0.0
emnist_balanced,8,24,0,0.0
emnist_balanced,8,25,1,0.002380952380952381
emnist_balanced,8,26,0,0.0
emnist_balanced,8,27,3,0.007142857142857143
emnist_balanced,8,28,0,0.0
emnist_balanced,8,29,0,0.0
emnist_balanced,8,30,0,0.0
emnist_balanced,8,31,0,0.0
emnist_balanced,8,32,0,0.0
emnist_balanced,8,33,0,0.0
emnist_balanced,8,34,0,0.0
emnist_balanced,8,35,0,0.0
emnist_balanced,8,36,0,0.0
emnist_balanced,8,37,0,0.0
emnist_balanced,8,38,0,0.0
emnist_balanced,8,39,0,0.0
emnist_balanced,8,40,0,0.0
emnist_balanced,8,41,2,0.004761904761904762
emnist_balanced,8,42,0,0.0
emnist_balanced,8,43,0,0.0
emnist_balanced,8,44,6,0.014285714285714285
emnist_balanced,8,45,0,0.0
emnist_balanced,8,46,0,0.0
emnist_balanced,9,0,0,0.0
emnist_balanced,9,1,0,0.0
emnist_balanced,9,2,0,0.0
emnist_balanced,9,3,0,0.0
emnist_balanced,9,4,1,0.002380952380952381
emnist_balanced,9,5,0,0.0
emnist_balanced,9,6,0,0.0
emnist_balanced,9,7,0,0.0
emnist_balanced,9,8,0,0.0
emnist_balanced,9,9,349,0.830952380952381
emnist_balanced,9,10,0,0.0
emnist_balanced,9,11,0,0.0
emnist_balanced,9,12,0,0.0
emnist_balanced,9,13,0,0.0
emnist_balanced,9,14,0,0.0
emnist_balanced,9,15,0,0.0
emnist_balanced,9,16,0,0.0
emnist_balanced,9,17,0,0.0
emnist_balanced,9,18,0,0.0
emnist_balanced,9,19,0,0.0
emnist_balanced,9,20,0,0.0
emnist_balanced,9,21,0,0.0
emnist_balanced,9,22,0,0.0
emnist_balanced,9,23,0,0.0
emnist_balanced,9,24,0,0.0
emnist_balanced,9,25,0,0.0
emnist_balanced,9,26,0,0.0
emnist_balanced,9,27,1,0.002380952380952381
emnist_balanced,9,28,0,0.0
emnist_balanced,9,29,0,0.0
emnist_balanced,9,30,0,0.0
emnist_balanced,9,31,0,0.0
emnist_balanced,9,32,0,0.0
emnist_balanced,9,33,0,0.0
emnist_balanced,9,34,0,0.0
emnist_balanced,9,35,0,0.0
emnist_balanced,9,36,0,0.0
emnist_balanced,9,37,0,0.0
emnist_balanced,9,38,0,0.0
emnist_balanced,9,39,0,0.0
emnist_balanced,9,40,0,0.0
emnist_balanced,9,41,16,0.0380952380952381
emnist_balanced,9,42,0,0.0
emnist_balanced,9,43,0,0.0
emnist_balanced,9,44,53,0.1261904761904762
emnist_balanced,9,45,0,0.0
emnist_balanced,9,46,0,0.0
emnist_balanced,10,0,0,0.0
emnist_balanced,10,1,0,0.0
emnist_balanced,10,2,0,0.0
emnist_balanced,10,3,0,0.0
emnist_balanced,10,4,2,0.004761904761904762
emnist_balanced,10,5,0,0.0
emnist_balanced,10,6,0,0.0
emnist_balanced,10,7,0,0.0
emnist_balanced,10,8,0,0.0
emnist_balanced,10,9,0,0.0
emnist_balanced,10,10,400,0.9523809523809523
emnist_balanced,10,11,0,0.0
emnist_balanced,10,12,0,0.0
emnist_balanced,10,13,0,0.0
emnist_balanced,10,14,0,0.0
emnist_balanced,10,15,1,0.002380952380952381
emnist_balanced,10,16,0,0.0
emnist_balanced,10,17,11,0.02619047619047619
emnist_balanced,10,18,0,0.0
emnist_balanced,10,19,0,0.0
emnist_balanced,10,20,1,0.002380952380952381
emnist_balanced,10,21,0,0.0
emnist_balanced,10,22,0,0.0
emnist_balanced,10,23,0,0.0
emnist_balanced,10,24,0,0.0
emnist_balanced,10,25,0,0.0
emnist_balanced,10,26,0,0.0
emnist_balanced,10,27,1,0.002380952380952381
emnist_balanced,10,28,0,0.0
emnist_balanced,10,29,0,0.0
emnist_balanced,10,30,0,0.0
emnist_balanced,10,31,0,0.0
emnist_balanced,10,32,0,0.0
emnist_balanced,10,33,0,0.0
emnist_balanced,10,34,0,0.0
emnist_balanced,10,35,0,0.0
emnist_balanced,10,36,3,0.007142857142857143
emnist_balanced,10,37,0,0.0
emnist_balanced,10,38,0,0.0
emnist_balanced,10,39,0,0.0
emnist_balanced,10,40,0,0.0
emnist_balanced,10,41,0,0.0
emnist_balanced,10,42,0,0.0
emnist_balanced,10,43,1,0.002380952380952381
emnist_balanced,10,44,0,0.0
emnist_balanced,10,45,0,0.0
emnist_balanced,10,46,0,0.0
emnist_balanced,11,0,0,0.0
emnist_balanced,11,1,0,0.0
emnist_balanced,11,2,0,0.0
emnist_balanced,11,3,1,0.002380952380952381
emnist_balanced,11,4,0,0.0
emnist_balanced,11,5,0,0.0
emnist_balanced,11,6,0,0.0
emnist_balanced,11,7,0,0.0
emnist_balanced,11,8,6,0.014285714285714285
emnist_balanced,11,9,0,0.0
emnist_balanced,11,10,0,0.0
emnist_balanced,11,11,402,0.9571428571428572
emnist_balanced,11,12,0,0.0
emnist_balanced,11,13,2,0.004761904761904762
emnist_balanced,11,14,1,0.002380952380952381
emnist_balanced,11,15,0,0.0
emnist_balanced,11,16,0,0.0
emnist_balanced,11,17,0,0.0
emnist_balanced,11,18,0,0.0
emnist_balanced,11,19,0,0.0
emnist_balanced,11,20,0,0.0
emnist_balanced,11,21,0,0.0
emnist_balanced,11,22,0,0.0
emnist_balanced,11,23,0,0.0
emnist_balanced,11,24,1,0.002380952380952381
emnist_balanced,11,25,0,0.0
emnist_balanced,11,26,0,0.0
emnist_balanced,11,27,4,0.009523809523809525
emnist_balanced,11,28,0,0.0
emnist_balanced,11,29,0,0.0
emnist_balanced,11,30,0,0.0
emnist_balanced,11,31,0,0.0
emnist_balanced,11,32,0,0.0
emnist_balanced,11,33,0,0.0
emnist_balanced,11,34,0,0.0
emnist_balanced,11,35,2,0.004761904761904762
emnist_balanced,11,36,0,0.0
emnist_balanced,11,37,0,0.0
emnist_balanced,11,38,0,0.0
emnist_balanced,11,39,1,0.002380952380952381
emnist_balanced,11,40,0,0.0
emnist_balanced,11,41,0,0.0
emnist_balanced,11,42,0,0.0
emnist_balanced,11,43,0,0.0
emnist_balanced,11,44,0,0.0
emnist_balanced,11,45,0,0.0
emnist_balanced,11,46,0,0.0
emnist_balanced,12,0,1,0.002380952380952381
emnist_balanced,12,1,0,0.0
emnist_balanced,12,2,0,0.0
emnist_balanced,12,3,0,0.0
emnist_balanced,12,4,0,0.0
emnist_balanced,12,5,0,0.0
emnist_balanced,12,6,0,0.0
emnist_balanced,12,7,0,0.0
emnist_balanced,12,8,0,0.0
emnist_balanced,12,9,0,0.0
emnist_balanced,12,10,0,0.0
emnist_balanced,12,11,0,0.0
emnist_balanced,12,12,402,0.9571428571428572
emnist_balanced,12,13,0,0.0
emnist_balanced,12,14,0,0.0
emnist_balanced,12,15,0,0.0
emnist_balanced,12,16,1,0.002380952380952381
emnist_balanced,12,17,0,0.0
emnist_balanced,12,18,0,0.0
emnist_balanced,12,19,2,0.004761904761904762
emnist_balanced,12,20,0,0.0
emnist_balanced,12,21,4,0.009523809523809525
emnist_balanced,12,22,0,0.0
emnist_balanced,12,23,0,0.0
emnist_balanced,12,24,0,0.0
emnist_balanced,12,25,0,0.0
emnist_balanced,12,26,0,0.0
emnist_balanced,12,27,0,0.0
emnist_balanced,12,28,0,0.0
emnist_balanced,12,29,0,0.0
emnist_balanced,12,30,2,0.004761904761904762
emnist_balanced,12,31,0,0.0
emnist_balanced,12,32,0,0.0
emnist_balanced,12,33,0,0.0
emnist_balanced,12,34,0,0.0
emnist_balanced,12,35,1,0.002380952380952381
emnist_balanced,12,36,1,0.002380952380952381
emnist_balanced,12,37,0,0.0
emnist_balanced,12,38,0,0.0
emnist_balanced,12,39,6,0.014285714285714285
emnist_balanced,12,40,0,0.0
emnist_balanced,12,41,0,0.0
emnist_balanced,12,42,0,0.0
emnist_balanced,12,43,0,0.0
emnist_balanced,12,44,0,0.0
emnist_balanced,12,45,0,0.0
emnist_balanced,12,46,0,0.0
emnist_balanced,13,0,12,0.02857142857142857
emnist_balanced,13,1,0,0.0
emnist_balanced,13,2,0,0.0
emnist_balanced,13,3,0,0.0
emnist_balanced,13,4,0,0.0
emnist_balanced,13,5,0,0.0
emnist_balanced,13,6,0,0.0
emnist_balanced,13,7,0,0.0
emnist_balanced,13,8,0,0.0
emnist_balanced,13,9,0,0.0
emnist_balanced,13,10,0,0.0
emnist_balanced,13,11,0,0.0
emnist_balanced,13,12,0,0.0
emnist_balanced,13,13,395,0.9404761904761905
emnist_balanced,13,14,0,0.0
emnist_balanced,13,15,0,0.0
emnist_balanced,13,16,0,0.0
emnist_balanced,13,17,0,0.0
emnist_balanced,13,18,0,0.0
emnist_balanced,13,19,1,0.002380952380952381
emnist_balanced,13,20,1,0.002380952380952381
emnist_balanced,13,21,0,0.0
emnist_balanced,13,22,0,0.0
emnist_balanced,13,23,1,0.002380952380952381
emnist_balanced,13,24,3,0.007142857142857143
emnist_balanced,13,25,2,0.004761904761904762
emnist_balanced,13,26,0,0.0
emnist_balanced,13,27,0,0.0
emnist_balanced,13,28,0,0.0
emnist_balanced,13,29,0,0.0
emnist_balanced,13,30,0,0.0
emnist_balanced,13,31,0,0.0
emnist_balanced,13,32,0,0.0
emnist_balanced,13,33,0,0.0
emnist_balanced,13,34,0,0.0
emnist_balanced,13,35,0,0.0
emnist_balanced,13,36,1,0.002380952380952381
emnist_balanced,13,37,2,0.004761904761904762
emnist_balanced,13,38,2,0.004761904761904762
emnist_balanced,13,39,0,0.0
emnist_balanced,13,40,0,0.0
emnist_balanced,13,41,0,0.0
emnist_balanced,13,42,0,0.0
emnist_balanced,13,43,0,0.0
emnist_balanced,13,44,0,0.0
emnist_balanced,13,45,0,0.0
emnist_balanced,13,46,0,0.0
emnist_balanced,14,0,0,0.0
emnist_balanced,14,1,0,0.0
emnist_balanced,14,2,0,0.0
emnist_balanced,14,3,2,0.004761904761904762
emnist_balanced,14,4,0,0.0
emnist_balanced,14,5,1,0.002380952380952381
emnist_balanced,14,6,1,0.002380952380952381
emnist_balanced,14,7,0,0.0
emnist_balanced,14,8,0,0.0
emnist_balanced,14,9,0,0.0
emnist_balanced,14,10,0,0.0
emnist_balanced,14,11,0,0.0
emnist_balanced,14,12,0,0.0
emnist_balanced,14,13,0,0.0
emnist_balanced,14,14,406,0.9666666666666667
emnist_balanced,14,15,0,0.0
emnist_balanced,14,16,2,0.004761904761904762
emnist_balanced,14,17,0,0.0
emnist_balanced,14,18,0,0.0
emnist_balanced,14,19,0,0.0
emnist_balanced,14,20,0,0.0
emnist_balanced,14,21,0,0.0
emnist_balanced,14,22,0,0.0
emnist_balanced,14,23,0,0.0
emnist_balanced,14,24,0,0.0
emnist_balanced,14,25,0,0.0
emnist_balanced,14,26,0,0.0
emnist_balanced,14,27,0,0.0
emnist_balanced,14,28,0,0.0
emnist_balanced,14,29,0,0.0
emnist_balanced,14,30,0,0.0
emnist_balanced,14,31,0,0.0
emnist_balanced,14,32,0,0.0
emnist_balanced,14,33,0,0.0
emnist_balanced,14,34,0,0.0
emnist_balanced,14,35,3,0.007142857142857143
emnist_balanced,14,36,1,0.002380952380952381
emnist_balanced,14,37,0,0.0
emnist_balanced,14,38,0,0.0
emnist_balanced,14,39,3,0.007142857142857143
emnist_balanced,14,40,1,0.002380952380952381
emnist_balanced,14,41,0,0.0
emnist_balanced,14,42,0,0.0
emnist_balanced,14,43,0,0.0
emnist_balanced,14,44,0,0.0
emnist_balanced,14,45,0,0.0
emnist_balanced,14,46,0,0.0
emnist_balanced,15,0,0,0.0
emnist_balanced,15,1,0,0.0
emnist_balanced,15,2,1,0.002380952380952381
emnist_balanced,15,3,0,0.0
emnist_balanced,15,4,0,0.0
emnist_balanced,15,5,0,0.0
emnist_balanced,15,6,1,0.002380952380952381
emnist_balanced,15,7,2,0.004761904761904762
emnist_balanced,15,8,0,0.0
emnist_balanced,15,9,0,0.0
emnist_balanced,15,10,0,0.0
emnist_balanced,15,11,0,0.0
emnist_balanced,15,12,0,0.0
emnist_balanced,15,13,0,0.0
emnist_balanced,15,14,0,0.0
emnist_balanced,15,15,264,0.6285714285714286
emnist_balanced,15,16,0,0.0
emnist_balanced,15,17,0,0.0
emnist_balanced,15,18,0,0.0
emnist_balanced,15,19,2,0.004761904761904762
emnist_balanced,15,20,0,0.0
emnist_balanced,15,21,0,0.0
emnist_balanced,15,22,0,0.0
emnist_balanced,15,23,0,0.0
emnist_balanced,15,24,0,0.0
emnist_balanced,15,25,1,0.002380952380952381
emnist_balanced,15,26,0,0.0
emnist_balanced,15,27,0,0.0
emnist_balanced,15,28,0,0.0
emnist_balanced,15,29,0,0.0
emnist_balanced,15,30,0,0.0
emnist_balanced,15,31,0,0.0
emnist_balanced,15,32,0,0.0
emnist_balanced,15,33,0,0.0
emnist_balanced,15,34,0,0.0
emnist_balanced,15,35,0,0.0
emnist_balanced,15,36,0,0.0
emnist_balanced,15,37,0,0.0
emnist_balanced,15,38,0,0.0
emnist_balanced,15,39,1,0.002380952380952381
emnist_balanced,15,40,146,0.3476190476190476
emnist_balanced,15,41,1,0.002380952380952381
emnist_balanced,15,42,0,0.0
emnist_balanced,15,43,0,0.0
emnist_balanced,15,44,0,0.0
emnist_balanced,15,45,0,0.0
emnist_balanced,15,46,1,0.002380952380952381
emnist_balanced,16,0,0,0.0
emnist_balanced,16,1,0,0.0
emnist_balanced,16,2,0,0.0
emnist_balanced,16,3,0,0.0
emnist_balanced,16,4,0,0.0
emnist_balanced,16,5,0,0.0
emnist_balanced,16,6,16,0.0380952380952381
emnist_balanced,16,7,0,0.0
emnist_balanced,16,8,0,0.0
emnist_balanced,16,9,1,0.002380952380952381
emnist_balanced,16,10,0,0.0
emnist_balanced,16,11,4,0.009523809523809525
emnist_balanced,16,12,2,0.004761904761904762
emnist_balanced,16,13,0,0.0
emnist_balanced,16,14,0,0.0
emnist_balanced,16,15,0,0.0
emnist_balanced,16,16,381,0.9071428571428571
emnist_balanced,16,17,0,0.0
emnist_balanced,16,18,0,0.0
emnist_balanced,16,19,1,0.002380952380952381
emnist_balanced,16,20,0,0.0
emnist_balanced,16,21,0,0.0
emnist_balanced,16,22,0,0.0
emnist_balanced,16,23,1,0.002380952380952381
emnist_balanced,16,24,0,0.0
emnist_balanced,16,25,0,0.0
emnist_balanced,16,26,2,0.004761904761904762
emnist_balanced,16,27,0,0.0
emnist_balanced,16,28,2,0.004761904761904762
emnist_balanced,16,29,0,0.0
emnist_balanced,16,30,0,0.0
emnist_balanced,16,31,0,0.0
emnist_balanced,16,32,0,0.0
emnist_balanced,16,33,0,0.0
emnist_balanced,16,34,0,0.0
emnist_balanced,16,35,0,0.0
emnist_balanced,16,36,0,0.0
emnist_balanced,16,37,0,0.0
emnist_balanced,16,38,2,0.004761904761904762
emnist_balanced,16,39,0,0.0
emnist_balanced,16,40,0,0.0
emnist_balanced,16,41,8,0.01904761904761905
emnist_balanced,16,42,0,0.0
emnist_balanced,16,43,0,0.0
emnist_balanced,16,44,0,0.0
emnist_balanced,16,45,0,0.0
emnist_balanced,16,46,0,0.0
emnist_balanced,17,0,0,0.0
emnist_balanced,17,1,0,0.0
emnist_balanced,17,2,0,0.0
emnist_balanced,17,3,0,0.0
emnist_balanced,17,4,4,0.009523809523809525
emnist_balanced,17,5,0,0.0
emnist_balanced,17,6,0,0.0
emnist_balanced,17,7,0,0.0
emnist_balanced,17,8,0,0.0
emnist_balanced,17,9,0,0.0
emnist_balanced,17,10,1,0.002380952380952381
emnist_balanced,17,11,0,0.0
emnist_balanced,17,12,0,0.0
emnist_balanced,17,13,0,0.0
emnist_balanced,17,14,0,0.0
emnist_balanced,17,15,0,0.0
emnist_balanced,17,16,0,0.0
emnist_balanced,17,17,414,0.9857142857142858
emnist_balanced,17,18,0,0.0
emnist_balanced,17,19,0,0.0
emnist_balanced,17,20,0,0.0
emnist_balanced,17,21,0,0.0
emnist_balanced,17,22,0,0.0
emnist_balanced,17,23,1,0.002380952380952381
emnist_balanced,17,24,0,0.0
emnist_balanced,17,25,0,0.0
emnist_balanced,17,26,0,0.0
emnist_balanced,17,27,0,0.0
emnist_balanced,17,28,0,0.0
emnist_balanced,17,29,0,0.0
emnist_balanced,17,30,0,0.0
emnist_balanced,17,31,0,0.0
emnist_balanced,17,32,0,0.0
emnist_balanced,17,33,0,0.0
emnist_balanced,17,34,0,0.0
emnist_balanced,17,35,0,0.0
emnist_balanced,17,36,0,0.0
emnist_balanced,17,37,0,0.0
emnist_balanced,17,38,0,0.0
emnist_balanced,17,39,0,0.0
emnist_balanced,17,40,0,0.0
emnist_balanced,17,41,0,0.0
emnist_balanced,17,42,0,0.0
emnist_balanced,17,43,0,0.0
emnist_balanced,17,44,0,0.0
emnist_balanced,17,45,0,0.0
emnist_balanced,17,46,0,0.0
emnist_balanced,18,0,0,0.0
emnist_balanced,18,1,83,0.1976190476190476
emnist_balanced,18,2,0,0.0
emnist_balanced,18,3,0,0.0
emnist_balanced,18,4,0,0.0
emnist_balanced,18,5,0,0.0
emnist_balanced,18,6,0,0.0
emnist_balanced,18,7,0,0.0
emnist_balanced,18,8,0,0.0
emnist_balanced,18,9,0,0.0
emnist_balanced,18,10,0,0.0
emnist_balanced,18,11,0,0.0
emnist_balanced,18,12,1,0.002380952380952381
emnist_balanced,18,13,0,0.0
emnist_balanced,18,14,0,0.0
emnist_balanced,18,15,1,0.002380952380952381
emnist_balanced,18,16,0,0.0
emnist_balanced,18,17,0,0.0
emnist_balanced,18,18,275,0.6547619047619048
emnist_balanced,18,19,6,0.014285714285714285
emnist_balanced,18,20,0,0.0
emnist_balanced,18,21,49,0.11666666666666667
emnist_balanced,18,22,0,0.0
emnist_balanced,18,23,0,0.0
emnist_balanced,18,24,0,0.0
emnist_balanced,18,25,0,0.0
emnist_balanced,18,26,0,0.0
emnist_balanced,18,27,0,0.0
emnist_balanced,18,28,0,0.0
emnist_balanced,18,29,0,0.0
emnist_balanced,18,30,1,0.002380952380952381
emnist_balanced,18,31,0,0.0
emnist_balanced,18,32,0,0.0
emnist_balanced,18,33,0,0.0
emnist_balanced,18,34,0,0.0
emnist_balanced,18,35,1,0.002380952380952381
emnist_balanced,18,36,0,0.0
emnist_balanced,18,37,1,0.002380952380952381
emnist_balanced,18,38,0,0.0
emnist_balanced,18,39,0,0.0
emnist_balanced,18,40,1,0.002380952380952381
emnist_balanced,18,41,0,0.0
emnist_balanced,18,42,0,0.0
emnist_balanced,18,43,0,0.0
emnist_balanced,18,44,0,0.0
emnist_balanced,18,45,0,0.0
emnist_balanced,18,46,1,0.002380952380952381
emnist_balanced,19,0,0,0.0
emnist_balanced,19,1,0,0.0
emnist_balanced,19,2,0,0.0
emnist_balanced,19,3,0,0.0
emnist_balanced,19,4,0,0.0
emnist_balanced,19,5,0,0.0
emnist_balanced,19,6,0,0.0
emnist_balanced,19,7,0,0.0
emnist_balanced,19,8,0,0.0
emnist_balanced,19,9,0,0.0
emnist_balanced,19,10,0,0.0
emnist_balanced,19,11,0,0.0
emnist_balanced,19,12,0,0.0
emnist_balanced,19,13,0,0.0
emnist_balanced,19,14,0,0.0
emnist_balanced,19,15,0,0.0
emnist_balanced,19,16,0,0.0
emnist_balanced,19,17,0,0.0
emnist_balanced,19,18,13,0.030952380952380953
emnist_balanced,19,19,396,0.9428571428571428
emnist_balanced,19,20,0,0.0
emnist_balanced,19,21,1,0.002380952380952381
emnist_balanced,19,22,0,0.0
emnist_balanced,19,23,0,0.0
emnist_balanced,19,24,0,0.0
emnist_balanced,19,25,0,0.0
emnist_balanced,19,26,0,0.0
emnist_balanced,19,27,0,0.0
emnist_balanced,19,28,0,0.0
emnist_balanced,19,29,3,0.007142857142857143
emnist_balanced,19,30,3,0.007142857142857143
emnist_balanced,19,31,1,0.002380952380952381
emnist_balanced,19,32,0,0.0
emnist_balanced,19,33,0,0.0
emnist_balanced,19,34,0,0.0
emnist_balanced,19,35,0,0.0
emnist_balanced,19,36,0,0.0
emnist_balanced,19,37,0,0.0
emnist_balanced,19,38,2,0.004761904761904762
emnist_balanced,19,39,0,0.0
emnist_balanced,19,40,1,0.002380952380952381
emnist_balanced,19,41,0,0.0
emnist_balanced,19,42,0,0.0
emnist_balanced,19,43,0,0.0
emnist_balanced,19,44,0,0.0
emnist_balanced,19,45,0,0.0
emnist_balanced,19,46,0,0.0
emnist_balanced,20,0,0,0.0
emnist_balanced,20,1,0,0.0
emnist_balanced,20,2,0,0.0
emnist_balanced,20,3,0,0.0
emnist_balanced,20,4,1,0.002380952380952381
emnist_balanced,20,5,0,0.0
emnist_balanced,20,6,0,0.0
emnist_balanced,20,7,0,0.0
emnist_balanced,20,8,0,0.0
emnist_balanced,20,9,0,0.0
emnist_balanced,20,10,2,0.004761904761904762
emnist_balanced,20,11,0,0.0
emnist_balanced,20,12,0,0.0
emnist_balanced,20,13,0,0.0
emnist_balanced,20,14,0,0.0
emnist_balanced,20,15,0,0.0
emnist_balanced,20,16,0,0.0
emnist_balanced,20,17,1,0.002380952380952381
emnist_balanced,20,18,0,0.0
emnist_balanced,20,19,1,0.002380952380952381
emnist_balanced,20,20,409,0.9738095238095238
emnist_balanced,20,21,0,0.0
emnist_balanced,20,22,1,0.002380952380952381
emnist_balanced,20,23,0,0.0
emnist_balanced,20,24,0,0.0
emnist_balanced,20,25,0,0.0
emnist_balanced,20,26,0,0.0
emnist_balanced,20,27,1,0.002380952380952381
emnist_balanced,20,28,0,0.0
emnist_balanced,20,29,1,0.002380952380952381
emnist_balanced,20,30,0,0.0
emnist_balanced,20,31,0,0.0
emnist_balanced,20,32,0,0.0
emnist_balanced,20,33,1,0.002380952380952381
emnist_balanced,20,34,0,0.0
emnist_balanced,20,35,0,0.0
emnist_balanced,20,36,0,0.0
emnist_balanced,20,37,0,0.0
emnist_balanced,20,38,0,0.0
emnist_balanced,20,39,0,0.0
emnist_balanced,20,40,1,0.002380952380952381
emnist_balanced,20,41,0,0.0
emnist_balanced,20,42,0,0.0
emnist_balanced,20,43,0,0.0
emnist_balanced,20,44,1,0.002380952380952381
emnist_balanced,20,45,0,0.0
emnist_balanced,20,46,0,0.0
emnist_balanced,21,0,0,0.0
emnist_balanced,21,1,142,0.3380952380952381
emnist_balanced,21,2,2,0.004761904761904762
emnist_balanced,21,3,0,0.0
emnist_balanced,21,4,0,0.0
emnist_balanced,21,5,0,0.0
emnist_balanced,21,6,0,0.0
emnist_balanced,21,7,0,0.0
emnist_balanced,21,8,0,0.0
emnist_balanced,21,9,0,0.0
emnist_balanced,21,10,0,0.0
emnist_balanced,21,11,0,0.0
emnist_balanced,21,12,0,0.0
emnist_balanced,21,13,0,0.0
emnist_balanced,21,14,0,0.0
emnist_balanced,21,15,0,0.0
emnist_balanced,21,16,0,0.0
emnist_balanced,21,17,0,0.0
emnist_balanced,21,18,69,0.16428571428571428
emnist_balanced,21,19,2,0.004761904761904762
emnist_balanced,21,20,0,0.0
emnist_balanced,21,21,205,0.4880952380952381
emnist_balanced,21,22,0,0.0
emnist_balanced,21,23,0,0.0
emnist_balanced,21,24,0,0.0
emnist_balanced,21,25,0,0.0
emnist_balanced,21,26,0,0.0
emnist_balanced,21,27,0,0.0
emnist_balanced,21,28,0,0.0
emnist_balanced,21,29,0,0.0
emnist_balanced,21,30,0,0.0
emnist_balanced,21,31,0,0.0
emnist_balanced,21,32,0,0.0
emnist_balanced,21,33,0,0.0
emnist_balanced,21,34,0,0.0
emnist_balanced,21,35,0,0.0
emnist_balanced,21,36,0,0.0
emnist_balanced,21,37,0,0.0
emnist_balanced,21,38,0,0.0
emnist_balanced,21,39,0,0.0
emnist_balanced,21,40,0,0.0
emnist_balanced,21,41,0,0.0
emnist_balanced,21,42,0,0.0
emnist_balanced,21,43,0,0.0
emnist_balanced,21,44,0,0.0
emnist_balanced,21,45,0,0.0
emnist_balanced,21,46,0,0.0
emnist_balanced,22,0,0,0.0
emnist_balanced,22,1,0,0.0
emnist_balanced,22,2,0,0.0
emnist_balanced,22,3,0,0.0
emnist_balanced,22,4,0,0.0
emnist_balanced,22,5,0,0.0
emnist_balanced,22,6,0,0.0
emnist_balanced,22,7,0,0.0
emnist_balanced,22,8,0,0.0
emnist_balanced,22,9,0,0.0
emnist_balanced,22,10,0,0.0
emnist_balanced,22,11,0,0.0
emnist_balanced,22,12,0,0.0
emnist_balanced,22,13,0,0.0
emnist_balanced,22,14,0,0.0
emnist_balanced,22,15,0,0.0
emnist_balanced,22,16,0,0.0
emnist_balanced,22,17,2,0.004761904761904762
emnist_balanced,22,18,0,0.0
emnist_balanced,22,19,0,0.0
emnist_balanced,22,20,0,0.0
emnist_balanced,22,21,0,0.0
emnist_balanced,22,22,415,0.9880952380952381
emnist_balanced,22,23,1,0.002380952380952381
emnist_balanced,22,24,0,0.0
emnist_balanced,22,25,0,0.0
emnist_balanced,22,26,0,0.0
emnist_balanced,22,27,0,0.0
emnist_balanced,22,28,0,0.0
emnist_balanced,22,29,0,0.0
emnist_balanced,22,30,1,0.002380952380952381
emnist_balanced,22,31,0,0.0
emnist_balanced,22,32,0,0.0
emnist_balanced,22,33,0,0.0
emnist_balanced,22,34,0,0.0
emnist_balanced,22,35,0,0.0
emnist_balanced,22,36,1,0.002380952380952381
emnist_balanced,22,37,0,0.0
emnist_balanced,22,38,0,0.0
emnist_balanced,22,39,0,0.0
emnist_balanced,22,40,0,0.0
emnist_balanced,22,41,0,0.0
emnist_balanced,22,42,0,0.0
emnist_balanced,22,43,0,0.0
emnist_balanced,22,44,0,0.0
emnist_balanced,22,45,0,0.0
emnist_balanced,22,46,0,0.0
emnist_balanced,23,0,0,0.0
emnist_balanced,23,1,0,0.0
emnist_balanced,23,2,0,0.0
emnist_balanced,23,3,0,0.0
emnist_balanced,23,4,3,0.007142857142857143
emnist_balanced,23,5,0,0.0
emnist_balanced,23,6,0,0.0
emnist_balanced,23,7,0,0.0
emnist_balanced,23,8,0,0.0
emnist_balanced,23,9,0,0.0
emnist_balanced,23,10,0,0.0
emnist_balanced,23,11,0,0.0
emnist_balanced,23,12,0,0.0
emnist_balanced,23,13,0,0.0
emnist_balanced,23,14,0,0.0
emnist_balanced,23,15,0,0.0
emnist_balanced,23,16,0,0.0
emnist_balanced,23,17,1,0.002380952380952381
emnist_balanced,23,18,1,0.002380952380952381
emnist_balanced,23,19,0,0.0
emnist_balanced,23,20,0,0.0
emnist_balanced,23,21,0,0.0
emnist_balanced,23,22,2,0.004761904761904762
emnist_balanced,23,23,405,0.9642857142857143
emnist_balanced,23,24,1,0.002380952380952381
emnist_balanced,23,25,0,0.0
emnist_balanced,23,26,0,0.0
emnist_balanced,23,27,0,0.0
emnist_balanced,23,28,0,0.0
emnist_balanced,23,29,0,0.0
emnist_balanced,23,30,1,0.002380952380952381
emnist_balanced,23,31,0,0.0
emnist_balanced,23,32,1,0.002380952380952381
emnist_balanced,23,33,0,0.0
emnist_balanced,23,34,0,0.0
emnist_balanced,23,35,0,0.0
emnist_balanced,23,36,0,0.0
emnist_balanced,23,37,1,0.002380952380952381
emnist_balanced,23,38,0,0.0
emnist_balanced,23,39,0,0.0
emnist_balanced,23,40,0,0.0
emnist_balanced,23,41,0,0.0
emnist_balanced,23,42,0,0.0
emnist_balanced,23,43,4,0.009523809523809525
emnist_balanced,23,44,0,0.0
emnist_balanced,23,45,0,0.0
emnist_balanced,23,46,0,0.0
emnist_balanced,24,0,142,0.3380952380952381
emnist_balanced,24,1,0,0.0
emnist_balanced,24,2,0,0.0
emnist_balanced,24,3,0,0.0
emnist_balanced,24,4,0,0.0
emnist_balanced,24,5,0,0.0
emnist_balanced,24,6,0,0.0
emnist_balanced,24,7,0,0.0
emnist_balanced,24,8,0,0.0
emnist_balanced,24,9,0,0.0
emnist_balanced,24,10,0,0.0
emnist_balanced,24,11,0,0.0
emnist_balanced,24,12,0,0.0
emnist_balanced,24,13,5,0.011904761904761904
emnist_balanced,24,14,0,0.0
emnist_balanced,24,15,0,0.0
emnist_balanced,24,16,1,0.002380952380952381
emnist_balanced,24,17,0,0.0
emnist_balanced,24,18,0,0.0
emnist_balanced,24,19,0,0.0
emnist_balanced,24,20,0,0.0
emnist_balanced,24,21,0,0.0
emnist_balanced,24,22,1,0.002380952380952381
emnist_balanced,24,23,0,0.0
emnist_balanced,24,24,268,0.638095238095238
emnist_balanced,24,25,0,0.0
emnist_balanced,24,26,0,0.0
emnist_balanced,24,27,0,0.0
emnist_balanced,24,28,0,0.0
emnist_balanced,24,29,0,0.0
emnist_balanced,24,30,1,0.002380952380952381
emnist_balanced,24,31,0,0.0
emnist_balanced,24,32,0,0.0
emnist_balanced,24,33,0,0.0
emnist_balanced,24,34,0,0.0
emnist_balanced,24,35,0,0.0
emnist_balanced,24,36,2,0.004761904761904762
emnist_balanced,24,37,0,0.0
emnist_balanced,24,38,0,0.0
emnist_balanced,24,39,0,0.0
emnist_balanced,24,40,0,0.0
emnist_balanced,24,41,0,0.0
emnist_balanced,24,42,0,0.0
emnist_balanced,24,43,0,0.0
emnist_balanced,24,44,0,0.0
emnist_balanced,24,45,0,0.0
emnist_balanced,24,46,0,0.0
emnist_balanced,25,0,0,0.0
emnist_balanced,25,1,0,0.0
emnist_balanced,25,2,0,0.0
emnist_balanced,25,3,0,0.0
emnist_balanced,25,4,0,0.0
emnist_balanced,25,5,0,0.0
emnist_balanced,25,6,0,0.0
emnist_balanced,25,7,0,0.0
emnist_balanced,25,8,0,0.0
emnist_balanced,25,9,0,0.0
emnist_balanced,25,10,1,0.002380952380952381
emnist_balanced,25,11,0,0.0
emnist_balanced,25,12,0,0.0
emnist_balanced,25,13,3,0.007142857142857143
emnist_balanced,25,14,0,0.0
emnist_balanced,25,15,2,0.004761904761904762
emnist_balanced,25,16,0,0.0
emnist_balanced,25,17,0,0.0
emnist_balanced,25,18,0,0.0
emnist_balanced,25,19,0,0.0
emnist_balanced,25,20,0,0.0
emnist_balanced,25,21,0,0.0
emnist_balanced,25,22,0,0.0
emnist_balanced,25,23,0,0.0
emnist_balanced,25,24,0,0.0
emnist_balanced,25,25,411,0.9785714285714285
emnist_balanced,25,26,0,0.0
emnist_balanced,25,27,0,0.0
emnist_balanced,25,28,0,0.0
emnist_balanced,25,29,0,0.0
emnist_balanced,25,30,0,0.0
emnist_balanced,25,31,0,0.0
emnist_balanced,25,32,0,0.0
emnist_balanced,25,33,0,0.0
emnist_balanced,25,34,0,0.0
emnist_balanced,25,35,0,0.0
emnist_balanced,25,36,0,0.0
emnist_balanced,25,37,0,0.0
emnist_balanced,25,38,0,0.0
emnist_balanced,25,39,0,0.0
emnist_balanced,25,40,2,0.004761904761904762
emnist_balanced,25,41,0,0.0
emnist_balanced,25,42,0,0.0
emnist_balanced,25,43,0,0.0
emnist_balanced,25,44,1,0.002380952380952381
emnist_balanced,25,45,0,0.0
emnist_balanced,25,46,0,0.0
emnist_balanced,26,0,3,0.007142857142857143
emnist_balanced,26,1,0,0.0
emnist_balanced,26,2,2,0.004761904761904762
emnist_balanced,26,3,1,0.002380952380952381
emnist_balanced,26,4,0,0.0
emnist_balanced,26,5,0,0.0
emnist_balanced,26,6,1,0.002380952380952381
emnist_balanced,26,7,0,0.0
emnist_balanced,26,8,0,0.0
emnist_balanced,26,9,0,0.0
emnist_balanced,26,10,0,0.0
emnist_balanced,26,11,0,0.0
emnist_balanced,26,12,0,0.0
emnist_balanced,26,13,2,0.004761904761904762
emnist_balanced,26,14,0,0.0
emnist_balanced,26,15,0,0.0
emnist_balanced,26,16,2,0.004761904761904762
emnist_balanced,26,17,0,0.0
emnist_balanced,26,18,0,0.0
emnist_balanced,26,19,0,0.0
emnist_balanced,26,20,0,0.0
emnist_balanced,26,21,0,0.0
emnist_balanced,26,22,0,0.0
emnist_balanced,26,23,0,0.0
emnist_balanced,26,24,0,0.0
emnist_balanced,26,25,0,0.0
emnist_balanced,26,26,396,0.9428571428571428
emnist_balanced,26,27,0,0.0
emnist_balanced,26,28,0,0.0
emnist_balanced,26,29,0,0.0
emnist_balanced,26,30,0,0.0
emnist_balanced,26,31,0,0.0
emnist_balanced,26,32,0,0.0
emnist_balanced,26,33,0,0.0
emnist_balanced,26,34,0,0.0
emnist_balanced,26,35,0,0.0
emnist_balanced,26,36,7,0.016666666666666666
emnist_balanced,26,37,0,0.0
emnist_balanced,26,38,0,0.0
emnist_balanced,26,39,1,0.002380952380952381
emnist_balanced,26,40,0,0.0
emnist_balanced,26,41,0,0.0
emnist_balanced,26,42,0,0.0
emnist_balanced,26,43,0,0.0
emnist_balanced,26,44,5,0.011904761904761904
emnist_balanced,26,45,0,0.0
emnist_balanced,26,46,0,0.0
emnist_balanced,27,0,0,0.0
emnist_balanced,27,1,0,0.0
emnist_balanced,27,2,0,0.0
emnist_balanced,27,3,0,0.0
emnist_balanced,27,4,0,0.0
emnist_balanced,27,5,0,0.0
emnist_balanced,27,6,0,0.0
emnist_balanced,27,7,0,0.0
emnist_balanced,27,8,0,0.0
emnist_balanced,27,9,0,0.0
emnist_balanced,27,10,4,0.009523809523809525
emnist_balanced,27,11,0,0.0
emnist_balanced,27,12,0,0.0
emnist_balanced,27,13,0,0.0
emnist_balanced,27,14,0,0.0
emnist_balanced,27,15,0,0.0
emnist_balanced,27,16,0,0.0
emnist_balanced,27,17,0,0.0
emnist_balanced,27,18,0,0.0
emnist_balanced,27,19,0,0.0
emnist_balanced,27,20,0,0.0
emnist_balanced,27,21,0,0.0
emnist_balanced,27,22,0,0.0
emnist_balanced,27,23,0,0.0
emnist_balanced,27,24,0,0.0
emnist_balanced,27,25,1,0.002380952380952381
emnist_balanced,27,26,0,0.0
emnist_balanced,27,27,408,0.9714285714285714
emnist_balanced,27,28,0,0.0
emnist_balanced,27,29,0,0.0
emnist_balanced,27,30,0,0.0
emnist_balanced,27,31,0,0.0
emnist_balanced,27,32,0,0.0
emnist_balanced,27,33,0,0.0
emnist_balanced,27,34,0,0.0
emnist_balanced,27,35,0,0.0
emnist_balanced,27,36,1,0.002380952380952381
emnist_balanced,27,37,0,0.0
emnist_balanced,27,38,0,0.0
emnist_balanced,27,39,3,0.007142857142857143
emnist_balanced,27,40,0,0.0
emnist_balanced,27,41,0,0.0
emnist_balanced,27,42,0,0.0
emnist_balanced,27,43,0,0.0
emnist_balanced,27,44,3,0.007142857142857143
emnist_balanced,27,45,0,0.0
emnist_balanced,27,46,0,0.0
emnist_balanced,28,0,0,0.0
emnist_balanced,28,1,0,0.0
emnist_balanced,28,2,2,0.004761904761904762
emnist_balanced,28,3,0,0.0
emnist_balanced,28,4,0,0.0
emnist_balanced,28,5,24,0.05714285714285714
emnist_balanced,28,6,0,0.0
emnist_balanced,28,7,0,0.0
emnist_balanced,28,8,1,0.002380952380952381
emnist_balanced,28,9,1,0.002380952380952381
emnist_balanced,28,10,0,0.0
emnist_balanced,28,11,0,0.0
emnist_balanced,28,12,0,0.0
emnist_balanced,28,13,2,0.004761904761904762
emnist_balanced,28,14,0,0.0
emnist_balanced,28,15,0,0.0
emnist_balanced,28,16,1,0.002380952380952381
emnist_balanced,28,17,0,0.0
emnist_balanced,28,18,1,0.002380952380952381
emnist_balanced,28,19,1,0.002380952380952381
emnist_balanced,28,20,0,0.0
emnist_balanced,28,21,0,0.0
emnist_balanced,28,22,0,0.0
emnist_balanced,28,23,0,0.0
emnist_balanced,28,24,0,0.0
emnist_balanced,28,25,0,0.0
emnist_balanced,28,26,0,0.0
emnist_balanced,28,27,0,0.0
emnist_balanced,28,28,384,0.9142857142857143
emnist_balanced,28,29,0,0.0
emnist_balanced,28,30,0,0.0
emnist_balanced,28,31,0,0.0
emnist_balanced,28,32,0,0.0
emnist_balanced,28,33,0,0.0
emnist_balanced,28,34,0,0.0
emnist_balanced,28,35,1,0.002380952380952381
emnist_balanced,28,36,0,0.0
emnist_balanced,28,37,1,0.002380952380952381
emnist_balanced,28,38,0,0.0
emnist_balanced,28,39,1,0.002380952380952381
emnist_balanced,28,40,0,0.0
emnist_balanced,28,41,0,0.0
emnist_balanced,28,42,0,0.0
emnist_balanced,28,43,0,0.0
emnist_balanced,28,44,0,0.0
emnist_balanced,28,45,0,0.0
emnist_balanced,28,46,0,0.0
emnist_balanced,29,0,0,0.0
emnist_balanced,29,1,0,0.0
emnist_balanced,29,2,0,0.0
emnist_balanced,29,3,0,0.0
emnist_balanced,29,4,0,0.0
emnist_balanced,29,5,0,0.0
emnist_balanced,29,6,0,0.0
emnist_balanced,29,7,4,0.009523809523809525
emnist_balanced,29,8,0,0.0
emnist_balanced,29,9,0,0.0
emnist_balanced,29,10,0,0.0
emnist_balanced,29,11,0,0.0
emnist_balanced,29,12,0,0.0
emnist_balanced,29,13,0,0.0
emnist_balanced,29,14,0,0.0
emnist_balanced,29,15,0,0.0
emnist_balanced,29,16,0,0.0
emnist_balanced,29,17,0,0.0
emnist_balanced,29,18,0,0.0
emnist_balanced,29,19,1,0.002380952380952381
emnist_balanced,29,20,0,0.0
emnist_balanced,29,21,0,0.0
emnist_balanced,29,22,0,0.0
emnist_balanced,29,23,0,0.0
emnist_balanced,29,24,0,0.0
emnist_balanced,29,25,0,0.0
emnist_balanced,29,26,0,0.0
emnist_balanced,29,27,0,0.0
emnist_balanced,29,28,0,0.0
emnist_balanced,29,29,403,0.9595238095238096
emnist_balanced,29,30,0,0.0
emnist_balanced,29,31,0,0.0
emnist_balanced,29,32,0,0.0
emnist_balanced,29,33,0,0.0
emnist_balanced,29,34,0,0.0
emnist_balanced,29,35,0,0.0
emnist_balanced,29,36,0,0.0
emnist_balanced,29,37,0,0.0
emnist_balanced,29,38,0,0.0
emnist_balanced,29,39,0,0.0
emnist_balanced,29,40,0,0.0
emnist_balanced,29,41,0,0.0
emnist_balanced,29,42,0,0.0
emnist_balanced,29,43,0,0.0
emnist_balanced,29,44,0,0.0
emnist_balanced,29,45,2,0.004761904761904762
emnist_balanced,29,46,10,0.023809523809523808
emnist_balanced,30,0,1,0.002380952380952381
emnist_balanced,30,1,0,0.0
emnist_balanced,30,2,0,0.0
emnist_balanced,30,3,0,0.0
emnist_balanced,30,4,1,0.002380952380952381
emnist_balanced,30,5,0,0.0
emnist_balanced,30,6,0,0.0
emnist_balanced,30,7,0,0.0
emnist_balanced,30,8,0,0.0
emnist_balanced,30,9,0,0.0
emnist_balanced,30,10,0,0.0
emnist_balanced,30,11,0,0.0
emnist_balanced,30,12,1,0.002380952380952381
emnist_balanced,30,13,0,0.0
emnist_balanced,30,14,0,0.0
emnist_balanced,30,15,0,0.0
emnist_balanced,30,16,0,0.0
emnist_balanced,30,17,0,0.0
emnist_balanced,30,18,0,0.0
emnist_balanced,30,19,2,0.004761904761904762
emnist_balanced,30,20,1,0.002380952380952381
emnist_balanced,30,21,1,0.002380952380952381
emnist_balanced,30,22,0,0.0
emnist_balanced,30,23,7,0.016666666666666666
emnist_balanced,30,24,3,0.007142857142857143
emnist_balanced,30,25,0,0.0
emnist_balanced,30,26,0,0.0
emnist_balanced,30,27,0,0.0
emnist_balanced,30,28,0,0.0
emnist_balanced,30,29,0,0.0
emnist_balanced,30,30,382,0.9095238095238095
emnist_balanced,30,31,16,0.0380952380952381
emnist_balanced,30,32,1,0.002380952380952381
emnist_balanced,30,33,1,0.002380952380952381
emnist_balanced,30,34,1,0.002380952380952381
emnist_balanced,30,35,0,0.0
emnist_balanced,30,36,2,0.004761904761904762
emnist_balanced,30,37,0,0.0
emnist_balanced,30,38,0,0.0
emnist_balanced,30,39,0,0.0
emnist_balanced,30,40,0,0.0
emnist_balanced,30,41,0,0.0
emnist_balanced,30,42,0,0.0
emnist_balanced,30,43,0,0.0
emnist_balanced,30,44,0,0.0
emnist_balanced,30,45,0,0.0
emnist_balanced,30,46,0,0.0
emnist_balanced,31,0,0,0.0
emnist_balanced,31,1,0,0.0
emnist_balanced,31,2,0,0.0
emnist_balanced,31,3,0,0.0
emnist_balanced,31,4,1,0.002380952380952381
emnist_balanced,31,5,0,0.0
emnist_balanced,31,6,0,0.0
emnist_balanced,31,7,0,0.0
emnist_balanced,31,8,0,0.0
emnist_balanced,31,9,0,0.0
emnist_balanced,31,10,1,0.002380952380952381
emnist_balanced,31,11,0,0.0
emnist_balanced,31,12,0,0.0
emnist_balanced,31,13,0,0.0
emnist_balanced,31,14,0,0.0
emnist_balanced,31,15,0,0.0
emnist_balanced,31,16,0,0.0
emnist_balanced,31,17,0,0.0
emnist_balanced,31,18,0,0.0
emnist_balanced,31,19,1,0.002380952380952381
emnist_balanced,31,20,0,0.0
emnist_balanced,31,21,0,0.0
emnist_balanced,31,22,1,0.002380952380952381
emnist_balanced,31,23,3,0.007142857142857143
emnist_balanced,31,24,0,0.0
emnist_balanced,31,25,0,0.0
emnist_balanced,31,26,0,0.0
emnist_balanced,31,27,0,0.0
emnist_balanced,31,28,0,0.0
emnist_balanced,31,29,0,0.0
emnist_balanced,31,30,12,0.02857142857142857
emnist_balanced,31,31,390,0.9285714285714286
emnist_balanced,31,32,0,0.0
emnist_balanced,31,33,0,0.0
emnist_balanced,31,34,7,0.016666666666666666
emnist_balanced,31,35,0,0.0
emnist_balanced,31,36,0,0.0
emnist_balanced,31,37,0,0.0
emnist_balanced,31,38,0,0.0
emnist_balanced,31,39,0,0.0
emnist_balanced,31,40,0,0.0
emnist_balanced,31,41,0,0.0
emnist_balanced,31,42,0,0.0
emnist_balanced,31,43,0,0.0
emnist_balanced,31,44,0,0.0
emnist_balanced,31,45,4,0.009523809523809525
emnist_balanced,31,46,0,0.0
emnist_balanced,32,0,0,0.0
emnist_balanced,32,1,0,0.0
emnist_balanced,32,2,0,0.0
emnist_balanced,32,3,0,0.0
emnist_balanced,32,4,0,0.0
emnist_balanced,32,5,0,0.0
emnist_balanced,32,6,0,0.0
emnist_balanced,32,7,0,0.0
emnist_balanced,32,8,0,0.0
emnist_balanced,32,9,0,0.0
emnist_balanced,32,10,0,0.0
emnist_balanced,32,11,0,0.0
emnist_balanced,32,12,0,0.0
emnist_balanced,32,13,1,0.002380952380952381
emnist_balanced,32,14,0,0.0
emnist_balanced,32,15,0,0.0
emnist_balanced,32,16,0,0.0
emnist_balanced,32,17,0,0.0
emnist_balanced,32,18,0,0.0
emnist_balanced,32,19,0,0.0
emnist_balanced,32,20,0,0.0
emnist_balanced,32,21,0,0.0
emnist_balanced,32,22,0,0.0
emnist_balanced,32,23,0,0.0
emnist_balanced,32,24,0,0.0
emnist_balanced,32,25,0,0.0
emnist_balanced,32,26,0,0.0
emnist_balanced,32,27,0,0.0
emnist_balanced,32,28,0,0.0
emnist_balanced,32,29,0,0.0
emnist_balanced,32,30,0,0.0
emnist_balanced,32,31,0,0.0
emnist_balanced,32,32,419,0.9976190476190476
emnist_balanced,32,33,0,0.0
emnist_balanced,32,34,0,0.0
emnist_balanced,32,35,0,0.0
emnist_balanced,32,36,0,0.0
emnist_balanced,32,37,0,0.0
emnist_balanced,32,38,0,0.0
emnist_balanced,32,39,0,0.0
emnist_balanced,32,40,0,0.0
emnist_balanced,32,41,0,0.0
emnist_balanced,32,42,0,0.0
emnist_balanced,32,43,0,0.0
emnist_balanced,32,44,0,0.0
emnist_balanced,32,45,0,0.0
emnist_balanced,32,46,0,0.0
emnist_balanced,33,0,0,0.0
emnist_balanced,33,1,0,0.0
emnist_balanced,33,2,0,0.0
emnist_balanced,33,3,0,0.0
emnist_balanced,33,4,1,0.002380952380952381
emnist_balanced,33,5,0,0.0
emnist_balanced,33,6,0,0.0
emnist_balanced,33,7,0,0.0
emnist_balanced,33,8,0,0.0
emnist_balanced,33,9,0,0.0
emnist_balanced,33,10,0,0.0
emnist_balanced,33,11,0,0.0
emnist_balanced,33,12,0,0.0
emnist_balanced,33,13,0,0.0
emnist_balanced,33,14,0,0.0
emnist_balanced,33,15,0,0.0
emnist_balanced,33,16,0,0.0
emnist_balanced,33,17,1,0.002380952380952381
emnist_balanced,33,18,0,0.0
emnist_balanced,33,19,0,0.0
emnist_balanced,33,20,9,0.02142857142857143
emnist_balanced,33,21,0,0.0
emnist_balanced,33,22,1,0.002380952380952381
emnist_balanced,33,23,0,0.0
emnist_balanced,33,24,0,0.0
emnist_balanced,33,25,0,0.0
emnist_balanced,33,26,0,0.0
emnist_balanced,33,27,0,0.0
emnist_balanced,33,28,0,0.0
emnist_balanced,33,29,0,0.0
emnist_balanced,33,30,0,0.0
emnist_balanced,33,31,3,0.007142857142857143
emnist_balanced,33,32,0,0.0
emnist_balanced,33,33,402,0.9571428571428572
emnist_balanced,33,34,1,0.002380952380952381
emnist_balanced,33,35,0,0.0
emnist_balanced,33,36,0,0.0
emnist_balanced,33,37,0,0.0
emnist_balanced,33,38,0,0.0
emnist_balanced,33,39,0,0.0
emnist_balanced,33,40,0,0.0
emnist_balanced,33,41,0,0.0
emnist_balanced,33,42,0,0.0
emnist_balanced,33,43,1,0.002380952380952381
emnist_balanced,33,44,1,0.002380952380952381
emnist_balanced,33,45,0,0.0
emnist_balanced,33,46,0,0.0
emnist_balanced,34,0,0,0.0
emnist_balanced,34,1,0,0.0
emnist_balanced,34,2,0,0.0
emnist_balanced,34,3,0,0.0
emnist_balanced,34,4,14,0.03333333333333333
emnist_balanced,34,5,0,0.0
emnist_balanced,34,6,0,0.0
emnist_balanced,34,7,2,0.004761904761904762
emnist_balanced,34,8,0,0.0
emnist_balanced,34,9,0,0.0
emnist_balanced,34,10,0,0.0
emnist_balanced,34,11,0,0.0
emnist_balanced,34,12,0,0.0
emnist_balanced,34,13,0,0.0
emnist_balanced,34,14,0,0.0
emnist_balanced,34,15,0,0.0
emnist_balanced,34,16,0,0.0
emnist_balanced,34,17,0,0.0
emnist_balanced,34,18,0,0.0
emnist_balanced,34,19,0,0.0
emnist_balanced,34,20,1,0.002380952380952381
emnist_balanced,34,21,0,0.0
emnist_balanced,34,22,0,0.0
emnist_balanced,34,23,0,0.0
emnist_balanced,34,24,0,0.0
emnist_balanced,34,25,0,0.0
emnist_balanced,34,26,0,0.0
emnist_balanced,34,27,0,0.0
emnist_balanced,34,28,0,0.0
emnist_balanced,34,29,0,0.0
emnist_balanced,34,30,1,0.002380952380952381
emnist_balanced,34,31,2,0.004761904761904762
emnist_balanced,34,32,0,0.0
emnist_balanced,34,33,1,0.002380952380952381
emnist_balanced,34,34,392,0.9333333333333333
emnist_balanced,34,35,0,0.0
emnist_balanced,34,36,0,0.0
emnist_balanced,34,37,0,0.0
emnist_balanced,34,38,0,0.0
emnist_balanced,34,39,1,0.002380952380952381
emnist_balanced,34,40,0,0.0
emnist_balanced,34,41,4,0.009523809523809525
emnist_balanced,34,42,0,0.0
emnist_balanced,34,43,0,0.0
emnist_balanced,34,44,0,0.0
emnist_balanced,34,45,2,0.004761904761904762
emnist_balanced,34,46,0,0.0
emnist_balanced,35,0,0,0.0
emnist_balanced,35,1,0,0.0
emnist_balanced,35,2,28,0.06666666666666667
emnist_balanced,35,3,4,0.009523809523809525
emnist_balanced,35,4,0,0.0
emnist_balanced,35,5,0,0.0
emnist_balanced,35,6,0,0.0
emnist_balanced,35,7,0,0.0
emnist_balanced,35,8,0,0.0
emnist_balanced,35,9,0,0.0
emnist_balanced,35,10,0,0.0
emnist_balanced,35,11,0,0.0
emnist_balanced,35,12,0,0.0
emnist_balanced,35,13,0,0.0
emnist_balanced,35,14,0,0.0
emnist_balanced,35,15,0,0.0
emnist_balanced,35,16,0,0.0
emnist_balanced,35,17,0,0.0
emnist_balanced,35,18,0,0.0
emnist_balanced,35,19,0,0.0
emnist_balanced,35,20,0,0.0
emnist_balanced,35,21,0,0.0
emnist_balanced,35,22,0,0.0
emnist_balanced,35,23,0,0.0
emnist_balanced,35,24,0,0.0
emnist_balanced,35,25,0,0.0
emnist_balanced,35,26,0,0.0
emnist_balanced,35,27,0,0.0
emnist_balanced,35,28,0,0.0
emnist_balanced,35,29,0,0.0
emnist_balanced,35,30,0,0.0
emnist_balanced,35,31,1,0.002380952380952381
emnist_balanced,35,32,0,0.0
emnist_balanced,35,33,1,0.002380952380952381
emnist_balanced,35,34,1,0.002380952380952381
emnist_balanced,35,35,383,0.9119047619047619
emnist_balanced,35,36,0,0.0
emnist_balanced,35,37,0,0.0
emnist_balanced,35,38,0,0.0
emnist_balanced,35,39,0,0.0
emnist_balanced,35,40,0,0.0
emnist_balanced,35,41,0,0.0
emnist_balanced,35,42,0,0.0
emnist_balanced,35,43,0,0.0
emnist_balanced,35,44,0,0.0
emnist_balanced,35,45,0,0.0
emnist_balanced,35,46,2,0.004761904761904762
emnist_balanced,36,0,1,0.002380952380952381
emnist_balanced,36,1,0,0.0
emnist_balanced,36,2,6,0.014285714285714285
emnist_balanced,36,3,0,0.0
emnist_balanced,36,4,2,0.004761904761904762
emnist_balanced,36,5,0,0.0
emnist_balanced,36,6,1,0.002380952380952381
emnist_balanced,36,7,1,0.002380952380952381
emnist_balanced,36,8,0,0.0
emnist_balanced,36,9,0,0.0
emnist_balanced,36,10,8,0.01904761904761905
emnist_balanced,36,11,1,0.002380952380952381
emnist_balanced,36,12,1,0.002380952380952381
emnist_balanced,36,13,2,0.004761904761904762
emnist_balanced,36,14,0,0.0
emnist_balanced,36,15,0,0.0
emnist_balanced,36,16,0,0.0
emnist_balanced,36,17,0,0.0
emnist_balanced,36,18,0,0.0
emnist_balanced,36,19,0,0.0
emnist_balanced,36,20,0,0.0
emnist_balanced,36,21,0,0.0
emnist_balanced,36,22,1,0.002380952380952381
emnist_balanced,36,23,1,0.002380952380952381
emnist_balanced,36,24,0,0.0
emnist_balanced,36,25,0,0.0
emnist_balanced,36,26,1,0.002380952380952381
emnist_balanced,36,27,1,0.002380952380952381
emnist_balanced,36,28,1,0.002380952380952381
emnist_balanced,36,29,0,0.0
emnist_balanced,36,30,1,0.002380952380952381
emnist_balanced,36,31,0,0.0
emnist_balanced,36,32,0,0.0
emnist_balanced,36,33,0,0.0
emnist_balanced,36,34,0,0.0
emnist_balanced,36,35,0,0.0
emnist_balanced,36,36,382,0.9095238095238095
emnist_balanced,36,37,1,0.002380952380952381
emnist_balanced,36,38,0,0.0
emnist_balanced,36,39,1,0.002380952380952381
emnist_balanced,36,40,0,0.0
emnist_balanced,36,41,5,0.011904761904761904
emnist_balanced,36,42,0,0.0
emnist_balanced,36,43,0,0.0
emnist_balanced,36,44,2,0.004761904761904762
emnist_balanced,36,45,0,0.0
emnist_balanced,36,46,0,0.0
emnist_balanced,37,0,0,0.0
emnist_balanced,37,1,0,0.0
emnist_balanced,37,2,0,0.0
emnist_balanced,37,3,0,0.0
emnist_balanced,37,4,0,0.0
emnist_balanced,37,5,0,0.0
emnist_balanced,37,6,12,0.02857142857142857
emnist_balanced,37,7,0,0.0
emnist_balanced,37,8,0,0.0
emnist_balanced,37,9,0,0.0
emnist_balanced,37,10,0,0.0
emnist_balanced,37,11,3,0.007142857142857143
emnist_balanced,37,12,0,0.0
emnist_balanced,37,13,1,0.002380952380952381
emnist_balanced,37,14,0,0.0
emnist_balanced,37,15,0,0.0
emnist_balanced,37,16,1,0.002380952380952381
emnist_balanced,37,17,0,0.0
emnist_balanced,37,18,0,0.0
emnist_balanced,37,19,0,0.0
emnist_balanced,37,20,0,0.0
emnist_balanced,37,21,0,0.0
emnist_balanced,37,22,0,0.0
emnist_balanced,37,23,0,0.0
emnist_balanced,37,24,0,0.0
emnist_balanced,37,25,0,0.0
emnist_balanced,37,26,0,0.0
emnist_balanced,37,27,0,0.0
emnist_balanced,37,28,0,0.0
emnist_balanced,37,29,0,0.0
emnist_balanced,37,30,0,0.0
emnist_balanced,37,31,0,0.0
emnist_balanced,37,32,0,0.0
emnist_balanced,37,33,0,0.0
emnist_balanced,37,34,0,0.0
emnist_balanced,37,35,0,0.0
emnist_balanced,37,36,1,0.002380952380952381
emnist_balanced,37,37,395,0.9404761904761905
emnist_balanced,37,38,3,0.007142857142857143
emnist_balanced,37,39,0,0.0
emnist_balanced,37,40,0,0.0
emnist_balanced,37,41,0,0.0
emnist_balanced,37,42,4,0.009523809523809525
emnist_balanced,37,43,0,0.0
emnist_balanced,37,44,0,0.0
emnist_balanced,37,45,0,0.0
emnist_balanced,37,46,0,0.0
emnist_balanced,38,0,0,0.0
emnist_balanced,38,1,0,0.0
emnist_balanced,38,2,1,0.002380952380952381
emnist_balanced,38,3,0,0.0
emnist_balanced,38,4,1,0.002380952380952381
emnist_balanced,38,5,0,0.0
emnist_balanced,38,6,1,0.002380952380952381
emnist_balanced,38,7,0,0.0
emnist_balanced,38,8,0,0.0
emnist_balanced,38,9,0,0.0
emnist_balanced,38,10,0,0.0
emnist_balanced,38,11,1,0.002380952380952381
emnist_balanced,38,12,0,0.0
emnist_balanced,38,13,2,0.004761904761904762
emnist_balanced,38,14,0,0.0
emnist_balanced,38,15,0,0.0
emnist_balanced,38,16,0,0.0
emnist_balanced,38,17,0,0.0
emnist_balanced,38,18,0,0.0
emnist_balanced,38,19,0,0.0
emnist_balanced,38,20,0,0.0
emnist_balanced,38,21,0,0.0
emnist_balanced,38,22,1,0.002380952380952381
emnist_balanced,38,23,2,0.004761904761904762
emnist_balanced,38,24,0,0.0
emnist_balanced,38,25,0,0.0
emnist_balanced,38,26,0,0.0
emnist_balanced,38,27,0,0.0
emnist_balanced,38,28,1,0.002380952380952381
emnist_balanced,38,29,0,0.0
emnist_balanced,38,30,0,0.0
emnist_balanced,38,31,0,0.0
emnist_balanced,38,32,0,0.0
emnist_balanced,38,33,0,0.0
emnist_balanced,38,34,0,0.0
emnist_balanced,38,35,0,0.0
emnist_balanced,38,36,3,0.007142857142857143
emnist_balanced,38,37,3,0.007142857142857143
emnist_balanced,38,38,404,0.9619047619047619
emnist_balanced,38,39,0,0.0
emnist_balanced,38,40,0,0.0
emnist_balanced,38,41,0,0.0
emnist_balanced,38,42,0,0.0
emnist_balanced,38,43,0,0.0
emnist_balanced,38,44,0,0.0
emnist_balanced,38,45,0,0.0
emnist_balanced,38,46,0,0.0
emnist_balanced,39,0,0,0.0
emnist_balanced,39,1,0,0.0
emnist_balanced,39,2,1,0.002380952380952381
emnist_balanced,39,3,0,0.0
emnist_balanced,39,4,0,0.0
emnist_balanced,39,5,0,0.0
emnist_balanced,39,6,0,0.0
emnist_balanced,39,7,0,0.0
emnist_balanced,39,8,0,0.0
emnist_balanced,39,9,1,0.002380952380952381
emnist_balanced,39,10,0,0.0
emnist_balanced,39,11,0,0.0
emnist_balanced,39,12,4,0.009523809523809525
emnist_balanced,39,13,0,0.0
emnist_balanced,39,14,0,0.0
emnist_balanced,39,15,0,0.0
emnist_balanced,39,16,0,0.0
emnist_balanced,39,17,1,0.002380952380952381
emnist_balanced,39,18,0,0.0
emnist_balanced,39,19,2,0.004761904761904762
emnist_balanced,39,20,0,0.0
emnist_balanced,39,21,1,0.002380952380952381
emnist_balanced,39,22,0,0.0
emnist_balanced,39,23,0,0.0
emnist_balanced,39,24,0,0.0
emnist_balanced,39,25,1,0.002380952380952381
emnist_balanced,39,26,0,0.0
emnist_balanced,39,27,1,0.002380952380952381
emnist_balanced,39,28,0,0.0
emnist_balanced,39,29,0,0.0
emnist_balanced,39,30,0,0.0
emnist_balanced,39,31,0,0.0
emnist_balanced,39,32,0,0.0
emnist_balanced,39,33,0,0.0
emnist_balanced,39,34,0,0.0
emnist_balanced,39,35,0,0.0
emnist_balanced,39,36,4,0.009523809523809525
emnist_balanced,39,37,0,0.0
emnist_balanced,39,38,0,0.0
emnist_balanced,39,39,403,0.9595238095238096
emnist_balanced,39,40,0,0.0
emnist_balanced,39,41,1,0.002380952380952381
emnist_balanced,39,42,0,0.0
emnist_balanced,39,43,0,0.0
emnist_balanced,39,44,0,0.0
emnist_balanced,39,45,0,0.0
emnist_balanced,39,46,0,0.0
emnist_balanced,40,0,0,0.0
emnist_balanced,40,1,0,0.0
emnist_balanced,40,2,1,0.002380952380952381
emnist_balanced,40,3,0,0.0
emnist_balanced,40,4,1,0.002380952380952381
emnist_balanced,40,5,0,0.0
emnist_balanced,40,6,0,0.0
emnist_balanced,40,7,0,0.0
emnist_balanced,40,8,0,0.0
emnist_balanced,40,9,0,0.0
emnist_balanced,40,10,1,0.002380952380952381
emnist_balanced,40,11,0,0.0
emnist_balanced,40,12,0,0.0
emnist_balanced,40,13,0,0.0
emnist_balanced,40,14,1,0.002380952380952381
emnist_balanced,40,15,110,0.2619047619047619
emnist_balanced,40,16,0,0.0
emnist_balanced,40,17,0,0.0
emnist_balanced,40,18,0,0.0
emnist_balanced,40,19,0,0.0
emnist_balanced,40,20,1,0.002380952380952381
emnist_balanced,40,21,1,0.002380952380952381
emnist_balanced,40,22,0,0.0
emnist_balanced,40,23,0,0.0
emnist_balanced,40,24,0,0.0
emnist_balanced,40,25,0,0.0
emnist_balanced,40,26,0,0.0
emnist_balanced,40,27,0,0.0
emnist_balanced,40,28,0,0.0
emnist_balanced,40,29,0,0.0
emnist_balanced,40,30,0,0.0
emnist_balanced,40,31,0,0.0
emnist_balanced,40,32,0,0.0
emnist_balanced,40,33,0,0.0
emnist_balanced,40,34,0,0.0
emnist_balanced,40,35,0,0.0
emnist_balanced,40,36,0,0.0
emnist_balanced,40,37,0,0.0
emnist_balanced,40,38,0,0.0
emnist_balanced,40,39,0,0.0
emnist_balanced,40,40,291,0.6928571428571428
emnist_balanced,40,41,0,0.0
emnist_balanced,40,42,0,0.0
emnist_balanced,40,43,0,0.0
emnist_balanced,40,44,2,0.004761904761904762
emnist_balanced,40,45,1,0.002380952380952381
emnist_balanced,40,46,10,0.023809523809523808
emnist_balanced,41,0,0,0.0
emnist_balanced,41,1,0,0.0
emnist_balanced,41,2,0,0.0
emnist_balanced,41,3,0,0.0
emnist_balanced,41,4,0,0.0
emnist_balanced,41,5,0,0.0
emnist_balanced,41,6,0,0.0
emnist_balanced,41,7,0,0.0
emnist_balanced,41,8,9,0.02142857142857143
emnist_balanced,41,9,58,0.1380952380952381
emnist_balanced,41,10,0,0.0
emnist_balanced,41,11,2,0.004761904761904762
emnist_balanced,41,12,1,0.002380952380952381
emnist_balanced,41,13,1,0.002380952380952381
emnist_balanced,41,14,0,0.0
emnist_balanced,41,15,0,0.0
emnist_balanced,41,16,9,0.02142857142857143
emnist_balanced,41,17,0,0.0
emnist_balanced,41,18,0,0.0
emnist_balanced,41,19,0,0.0
emnist_balanced,41,20,0,0.0
emnist_balanced,41,21,0,0.0
emnist_balanced,41,22,0,0.0
emnist_balanced,41,23,0,0.0
emnist_balanced,41,24,0,0.0
emnist_balanced,41,25,0,0.0
emnist_balanced,41,26,0,0.0
emnist_balanced,41,27,0,0.0
emnist_balanced,41,28,2,0.004761904761904762
emnist_balanced,41,29,0,0.0
emnist_balanced,41,30,0,0.0
emnist_balanced,41,31,0,0.0
emnist_balanced,41,32,0,0.0
emnist_balanced,41,33,0,0.0
emnist_balanced,41,34,0,0.0
emnist_balanced,41,35,0,0.0
emnist_balanced,41,36,8,0.01904761904761905
emnist_balanced,41,37,0,0.0
emnist_balanced,41,38,1,0.002380952380952381
emnist_balanced,41,39,0,0.0
emnist_balanced,41,40,1,0.002380952380952381
emnist_balanced,41,41,292,0.6952380952380952
emnist_balanced,41,42,0,0.0
emnist_balanced,41,43,1,0.002380952380952381
emnist_balanced,41,44,35,0.08333333333333333
emnist_balanced,41,45,0,0.0
emnist_balanced,41,46,0,0.0
emnist_balanced,42,0,0,0.0
emnist_balanced,42,1,0,0.0
emnist_balanced,42,2,0,0.0
emnist_balanced,42,3,0,0.0
emnist_balanced,42,4,1,0.002380952380952381
emnist_balanced,42,5,0,0.0
emnist_balanced,42,6,0,0.0
emnist_balanced,42,7,0,0.0
emnist_balanced,42,8,0,0.0
emnist_balanced,42,9,0,0.0
emnist_balanced,42,10,2,0.004761904761904762
emnist_balanced,42,11,0,0.0
emnist_balanced,42,12,0,0.0
emnist_balanced,42,13,0,0.0
emnist_balanced,42,14,0,0.0
emnist_balanced,42,15,0,0.0
emnist_balanced,42,16,1,0.002380952380952381
emnist_balanced,42,17,4,0.009523809523809525
emnist_balanced,42,18,0,0.0
emnist_balanced,42,19,0,0.0
emnist_balanced,42,20,1,0.002380952380952381
emnist_balanced,42,21,3,0.007142857142857143
emnist_balanced,42,22,0,0.0
emnist_balanced,42,23,3,0.007142857142857143
emnist_balanced,42,24,0,0.0
emnist_balanced,42,25,0,0.0
emnist_balanced,42,26,0,0.0
emnist_balanced,42,27,0,0.0
emnist_balanced,42,28,0,0.0
emnist_balanced,42,29,0,0.0
emnist_balanced,42,30,0,0.0
emnist_balanced,42,31,0,0.0
emnist_balanced,42,32,0,0.0
emnist_balanced,42,33,0,0.0
emnist_balanced,42,34,0,0.0
emnist_balanced,42,35,0,0.0
emnist_balanced,42,36,0,0.0
emnist_balanced,42,37,3,0.007142857142857143
emnist_balanced,42,38,0,0.0
emnist_balanced,42,39,0,0.0
emnist_balanced,42,40,1,0.002380952380952381
emnist_balanced,42,41,0,0.0
emnist_balanced,42,42,395,0.9404761904761905
emnist_balanced,42,43,5,0.011904761904761904
emnist_balanced,42,44,1,0.002380952380952381
emnist_balanced,42,45,0,0.0
emnist_balanced,42,46,0,0.0
emnist_balanced,43,0,0,0.0
emnist_balanced,43,1,0,0.0
emnist_balanced,43,2,0,0.0
emnist_balanced,43,3,0,0.0
emnist_balanced,43,4,0,0.0
emnist_balanced,43,5,0,0.0
emnist_balanced,43,6,0,0.0
emnist_balanced,43,7,0,0.0
emnist_balanced,43,8,0,0.0
emnist_balanced,43,9,0,0.0
emnist_balanced,43,10,0,0.0
emnist_balanced,43,11,0,0.0
emnist_balanced,43,12,0,0.0
emnist_balanced,43,13,0,0.0
emnist_balanced,43,14,0,0.0
emnist_balanced,43,15,0,0.0
emnist_balanced,43,16,0,0.0
emnist_balanced,43,17,1,0.002380952380952381
emnist_balanced,43,18,0,0.0
emnist_balanced,43,19,0,0.0
emnist_balanced,43,20,0,0.0
emnist_balanced,43,21,0,0.0
emnist_balanced,43,22,1,0.002380952380952381
emnist_balanced,43,23,15,0.03571428571428571
emnist_balanced,43,24,1,0.002380952380952381
emnist_balanced,43,25,0,0.0
emnist_balanced,43,26,0,0.0
emnist_balanced,43,27,0,0.0
emnist_balanced,43,28,0,0.0
emnist_balanced,43,29,0,0.0
emnist_balanced,43,30,1,0.002380952380952381
emnist_balanced,43,31,0,0.0
emnist_balanced,43,32,1,0.002380952380952381
emnist_balanced,43,33,2,0.004761904761904762
emnist_balanced,43,34,1,0.002380952380952381
emnist_balanced,43,35,0,0.0
emnist_balanced,43,36,1,0.002380952380952381
emnist_balanced,43,37,0,0.0
emnist_balanced,43,38,0,0.0
emnist_balanced,43,39,0,0.0
emnist_balanced,43,40,0,0.0
emnist_balanced,43,41,0,0.0
emnist_balanced,43,42,7,0.016666666666666666
emnist_balanced,43,43,388,0.9238095238095239
emnist_balanced,43,44,0,0.0
emnist_balanced,43,45,1,0.002380952380952381
emnist_balanced,43,46,0,0.0
emnist_balanced,44,0,2,0.004761904761904762
emnist_balanced,44,1,0,0.0
emnist_balanced,44,2,0,0.0
emnist_balanced,44,3,0,0.0
emnist_balanced,44,4,3,0.007142857142857143
emnist_balanced,44,5,0,0.0
emnist_balanced,44,6,0,0.0
emnist_balanced,44,7,0,0.0
emnist_balanced,44,8,9,0.02142857142857143
emnist_balanced,44,9,85,0.20238095238095238
emnist_balanced,44,10,0,0.0
emnist_balanced,44,11,1,0.002380952380952381
emnist_balanced,44,12,0,0.0
emnist_balanced,44,13,0,0.0
emnist_balanced,44,14,0,0.0
emnist_balanced,44,15,0,0.0
emnist_balanced,44,16,0,0.0
emnist_balanced,44,17,0,0.0
emnist_balanced,44,18,1,0.002380952380952381
emnist_balanced,44,19,0,0.0
emnist_balanced,44,20,0,0.0
emnist_balanced,44,21,1,0.002380952380952381
emnist_balanced,44,22,0,0.0
emnist_balanced,44,23,0,0.0
emnist_balanced,44,24,0,0.0
emnist_balanced,44,25,0,0.0
emnist_balanced,44,26,13,0.030952380952380953
emnist_balanced,44,27,0,0.0
emnist_balanced,44,28,0,0.0
emnist_balanced,44,29,0,0.0
emnist_balanced,44,30,0,0.0
emnist_balanced,44,31,0,0.0
emnist_balanced,44,32,0,0.0
emnist_balanced,44,33,0,0.0
emnist_balanced,44,34,0,0.0
emnist_balanced,44,35,0,0.0
emnist_balanced,44,36,9,0.02142857142857143
emnist_balanced,44,37,0,0.0
emnist_balanced,44,38,0,0.0
emnist_balanced,44,39,1,0.002380952380952381
emnist_balanced,44,40,0,0.0
emnist_balanced,44,41,49,0.11666666666666667
emnist_balanced,44,42,0,0.0
emnist_balanced,44,43,0,0.0
emnist_balanced,44,44,246,0.5857142857142857
emnist_balanced,44,45,0,0.0
emnist_balanced,44,46,0,0.0
emnist_balanced,45,0,0,0.0
emnist_balanced,45,1,0,0.0
emnist_balanced,45,2,0,0.0
emnist_balanced,45,3,0,0.0
emnist_balanced,45,4,0,0.0
emnist_balanced,45,5,0,0.0
emnist_balanced,45,6,0,0.0
emnist_balanced,45,7,0,0.0
emnist_balanced,45,8,0,0.0
emnist_balanced,45,9,0,0.0
emnist_balanced,45,10,3,0.007142857142857143
emnist_balanced,45,11,0,0.0
emnist_balanced,45,12,1,0.002380952380952381
emnist_balanced,45,13,0,0.0
emnist_balanced,45,14,0,0.0
emnist_balanced,45,15,0,0.0
emnist_balanced,45,16,0,0.0
emnist_balanced,45,17,0,0.0
emnist_balanced,45,18,0,0.0
emnist_balanced,45,19,0,0.0
emnist_balanced,45,20,0,0.0
emnist_balanced,45,21,0,0.0
emnist_balanced,45,22,0,0.0
emnist_balanced,45,23,1,0.002380952380952381
emnist_balanced,45,24,0,0.0
emnist_balanced,45,25,0,0.0
emnist_balanced,45,26,0,0.0
emnist_balanced,45,27,6,0.014285714285714285
emnist_balanced,45,28,0,0.0
emnist_balanced,45,29,3,0.007142857142857143
emnist_balanced,45,30,0,0.0
emnist_balanced,45,31,1,0.002380952380952381
emnist_balanced,45,32,1,0.002380952380952381
emnist_balanced,45,33,0,0.0
emnist_balanced,45,34,3,0.007142857142857143
emnist_balanced,45,35,1,0.002380952380952381
emnist_balanced,45,36,0,0.0
emnist_balanced,45,37,0,0.0
emnist_balanced,45,38,0,0.0
emnist_balanced,45,39,0,0.0
emnist_balanced,45,40,2,0.004761904761904762
emnist_balanced,45,41,0,0.0
emnist_balanced,45,42,0,0.0
emnist_balanced,45,43,4,0.009523809523809525
emnist_balanced,45,44,0,0.0
emnist_balanced,45,45,390,0.9285714285714286
emnist_balanced,45,46,4,0.009523809523809525
emnist_balanced,46,0,0,0.0
emnist_balanced,46,1,0,0.0
emnist_balanced,46,2,0,0.0
emnist_balanced,46,3,0,0.0
emnist_balanced,46,4,3,0.007142857142857143
emnist_balanced,46,5,0,0.0
emnist_balanced,46,6,0,0.0
emnist_balanced,46,7,0,0.0
emnist_balanced,46,8,0,0.0
emnist_balanced,46,9,0,0.0
emnist_balanced,46,10,0,0.0
emnist_balanced,46,11,0,0.0
emnist_balanced,46,12,0,0.0
emnist_balanced,46,13,0,0.0
emnist_balanced,46,14,2,0.004761904761904762
emnist_balanced,46,15,0,0.0
emnist_balanced,46,16,0,0.0
emnist_balanced,46,17,0,0.0
emnist_balanced,46,18,0,0.0
emnist_balanced,46,19,3,0.007142857142857143
emnist_balanced,46,20,1,0.002380952380952381
emnist_balanced,46,21,0,0.0
emnist_balanced,46,22,0,0.0
emnist_balanced,46,23,0,0.0
emnist_balanced,46,24,0,0.0
emnist_balanced,46,25,0,0.0
emnist_balanced,46,26,0,0.0
emnist_balanced,46,27,0,0.0
emnist_balanced,46,28,0,0.0
emnist_balanced,46,29,18,0.04285714285714286
emnist_balanced,46,30,0,0.0
emnist_balanced,46,31,0,0.0
emnist_balanced,46,32,0,0.0
emnist_balanced,46,33,0,0.0
emnist_balanced,46,34,0,0.0
emnist_balanced,46,35,0,0.0
emnist_balanced,46,36,0,0.0
emnist_balanced,46,37,1,0.002380952380952381
emnist_balanced,46,38,0,0.0
emnist_balanced,46,39,0,0.0
emnist_balanced,46,40,10,0.023809523809523808
emnist_balanced,46,41,0,0.0
emnist_balanced,46,42,0,0.0
emnist_balanced,46,43,0,0.0
emnist_balanced,46,44,0,0.0
emnist_balanced,46,45,0,0.0
emnist_balanced,46,46,382,0.9095238095238095
cifar10,0,0,699,0.7766666666666666
cifar10,0,1,10,0.011111111111111112
cifar10,0,2,38,0.042222222222222223
cifar10,0,3,19,0.021111111111111112
cifar10,0,4,23,0.025555555555555557
cifar10,0,5,7,0.0077777777777777776
cifar10,0,6,7,0.0077777777777777776
cifar10,0,7,9,0.01
cifar10,0,8,58,0.06444444444444444
cifar10,0,9,30,0.03333333333333333
cifar10,1,0,21,0.023333333333333334
cifar10,1,1,738,0.82
cifar10,1,2,6,0.006666666666666667
cifar10,1,3,9,0.01
cifar10,1,4,2,0.0022222222222222222
cifar10,1,5,4,0.0044444444444444444
cifar10,1,6,7,0.0077777777777777776
cifar10,1,7,5,0.005555555555555556
cifar10,1,8,29,0.03222222222222222
cifar10,1,9,79,0.08777777777777777
cifar10,2,0,58,0.06444444444444444
cifar10,2,1,4,0.0044444444444444444
cifar10,2,2,588,0.6533333333333333
cifar10,2,3,49,0.05444444444444444
cifar10,2,4,62,0.06888888888888889
cifar10,2,5,49,0.05444444444444444
cifar10,2,6,46,0.051111111111111114
cifar10,2,7,27,0.03
cifar10,2,8,11,0.012222222222222223
cifar10,2,9,6,0.006666666666666667
cifar10,3,0,16,0.017777777777777778
cifar10,3,1,8,0.008888888888888889
cifar10,3,2,70,0.07777777777777778
cifar10,3,3,492,0.5466666666666666
cifar10,3,4,67,0.07444444444444444
cifar10,3,5,161,0.17888888888888888
cifar10,3,6,40,0.044444444444444446
cifar10,3,7,26,0.028888888888888888
cifar10,3,8,9,0.01
cifar10,3,9,11,0.012222222222222223
cifar10,4,0,9,0.01
cifar10,4,1,0,0.0
cifar10,4,2,70,0.07777777777777778
cifar10,4,3,58,0.06444444444444444
cifar10,4,4,645,0.7166666666666667
cifar10,4,5,24,0.02666666666666667
cifar10,4,6,27,0.03
cifar10,4,7,57,0.06333333333333334
cifar10,4,8,6,0.006666666666666667
cifar10,4,9,4,0.0044444444444444444
cifar10,5,0,2,0.0022222222222222222
cifar10,5,1,1,0.0011111111111111111
cifar10,5,2,52,0.057777777777777775
cifar10,5,3,184,0.20444444444444446
cifar10,5,4,49,0.05444444444444444
cifar10,5,5,534,0.5933333333333334
cifar10,5,6,24,0.02666666666666667
cifar10,5,7,41,0.04555555555555556
cifar10,5,8,5,0.005555555555555556
cifar10,5,9,8,0.008888888888888889
cifar10,6,0,12,0.013333333333333334
cifar10,6,1,7,0.0077777777777777776
cifar10,6,2,44,0.04888888888888889
cifar10,6,3,73,0.0811111111111111
cifar10,6,4,33,0.03666666666666667
cifar10,6,5,17,0.01888888888888889
cifar10,6,6,693,0.77
cifar10,6,7,8,0.008888888888888889
cifar10,6,8,9,0.01
cifar10,6,9,4,0.0044444444444444444
cifar10,7,0,9,0.01
cifar10,7,1,3,0.0033333333333333335
cifar10,7,2,21,0.023333333333333334
cifar10,7,3,41,0.04555555555555556
cifar10,7,4,57,0.06333333333333334
cifar10,7,5,38,0.042222222222222223
cifar10,7,6,8,0.008888888888888889
cifar10,7,7,709,0.7877777777777778
cifar10,7,8,3,0.0033333333333333335
cifar10,7,9,11,0.012222222222222223
cifar10,8,0,43,0.04777777777777778
cifar10,8,1,20,0.022222222222222223
cifar10,8,2,9,0.01
cifar10,8,3,22,0.024444444444444446
cifar10,8,4,5,0.005555555555555556
cifar10,8,5,3,0.0033333333333333335
cifar10,8,6,7,0.0077777777777777776
cifar10,8,7,2,0.0022222222222222222
cifar10,8,8,764,0.8488888888888889
cifar10,8,9,25,0.027777777777777776
cifar10,9,0,28,0.03111111111111111
cifar10,9,1,63,0.07
cifar10,9,2,9,0.01
cifar10,9,3,9,0.01
cifar10,9,4,5,0.005555555555555556
cifar10,9,5,10,0.011111111111111112
cifar10,9,6,9,0.01
cifar10,9,7,13,0.014444444444444444
cifar10,9,8,23,0.025555555555555557
cifar10,9,9,731,0.8122222222222222
cifar100_coarse,0,0,179,0.3977777777777778
cifar100_coarse,0,1,39,0.08666666666666667
cifar100_coarse,0,2,0,0.0
cifar100_coarse,0,3,4,0.008888888888888889
cifar100_coarse,0,4,4,0.008888888888888889
cifar100_coarse,0,5,13,0.028888888888888888
cifar100_coarse,0,6,3,0.006666666666666667
cifar100_coarse,0,7,11,0.024444444444444446
cifar100_coarse,0,8,29,0.06444444444444444
cifar100_coarse,0,9,12,0.02666666666666667
cifar100_coarse,0,10,9,0.02
cifar100_coarse,0,11,34,0.07555555555555556
cifar100_coarse,0,12,31,0.06888888888888889
cifar100_coarse,0,13,14,0.03111111111111111
cifar100_coarse,0,14,8,0.017777777777777778
cifar100_coarse,0,15,28,0.06222222222222222
cifar100_coarse,0,16,17,0.03777777777777778
cifar100_coarse,0,17,2,0.0044444444444444444
cifar100_coarse,0,18,8,0.017777777777777778
cifar100_coarse,0,19,5,0.011111111111111112
cifar100_coarse,1,0,51,0.11333333333333333
cifar100_coarse,1,1,180,0.4
cifar100_coarse,1,2,13,0.028888888888888888
cifar100_coarse,1,3,10,0.022222222222222223
cifar100_coarse,1,4,12,0.02666666666666667
cifar100_coarse,1,5,10,0.022222222222222223
cifar100_coarse,1,6,7,0.015555555555555555
cifar100_coarse,1,7,11,0.024444444444444446
cifar100_coarse,1,8,4,0.008888888888888889
cifar100_coarse,1,9,9,0.02
cifar100_coarse,1,10,18,0.04
cifar100_coarse,1,11,8,0.017777777777777778
cifar100_coarse,1,12,12,0.02666666666666667
cifar100_coarse,1,13,22,0.04888888888888889
cifar100_coarse,1,14,9,0.02
cifar100_coarse,1,15,28,0.06222222222222222
cifar100_coarse,1,16,29,0.06444444444444444
cifar100_coarse,1,17,2,0.0044444444444444444
cifar100_coarse,1,18,11,0.024444444444444446
cifar100_coarse,1,19,4,0.008888888888888889
cifar100_coarse,2,0,2,0.0044444444444444444
cifar100_coarse,2,1,8,0.017777777777777778
cifar100_coarse,2,2,296,0.6577777777777778
cifar100_coarse,2,3,13,0.028888888888888888
cifar100_coarse,2,4,53,0.11777777777777777
cifar100_coarse,2,5,3,0.006666666666666667
cifar100_coarse,2,6,3,0.006666666666666667
cifar100_coarse,2,7,18,0.04
cifar100_coarse,2,8,2,0.0044444444444444444
cifar100_coarse,2,9,0,0.0
cifar100_coarse,2,10,3,0.006666666666666667
cifar100_coarse,2,11,2,0.0044444444444444444
cifar100_coarse,2,12,3,0.006666666666666667
cifar100_coarse,2,13,19,0.042222222222222223
cifar100_coarse,2,14,7,0.015555555555555555
cifar100_coarse,2,15,3,0.006666666666666667
cifar100_coarse,2,16,5,0.011111111111111112
cifar100_coarse,2,17,5,0.011111111111111112
cifar100_coarse,2,18,5,0.011111111111111112
cifar100_coarse,2,19,0,0.0
cifar100_coarse,3,0,4,0.008888888888888889
cifar100_coarse,3,1,12,0.02666666666666667
cifar100_coarse,3,2,7,0.015555555555555555
cifar100_coarse,3,3,212,0.4711111111111111
cifar100_coarse,3,4,29,0.06444444444444444
cifar100_coarse,3,5,67,0.14888888888888888
cifar100_coarse,3,6,20,0.044444444444444446
cifar100_coarse,3,7,11,0.024444444444444446
cifar100_coarse,3,8,7,0.015555555555555555
cifar100_coarse,3,9,1,0.0022222222222222222
cifar100_coarse,3,10,4,0.008888888888888889
cifar100_coarse,3,11,5,0.011111111111111112
cifar100_coarse,3,12,5,0.011111111111111112
cifar100_coarse,3,13,21,0.04666666666666667
cifar100_coarse,3,14,22,0.04888888888888889
cifar100_coarse,3,15,3,0.006666666666666667
cifar100_coarse,3,16,4,0.008888888888888889
cifar100_coarse,3,17,2,0.0044444444444444444
cifar100_coarse,3,18,3,0.006666666666666667
cifar100_coarse,3,19,11,0.024444444444444446
cifar100_coarse,4,0,5,0.011111111111111112
cifar100_coarse,4,1,9,0.02
cifar100_coarse,4,2,39,0.08666666666666667
cifar100_coarse,4,3,24,0.05333333333333334
cifar100_coarse,4,4,263,0.5844444444444444
cifar100_coarse,4,5,4,0.008888888888888889
cifar100_coarse,4,6,9,0.02
cifar100_coarse,4,7,11,0.024444444444444446
cifar100_coarse,4,8,11,0.024444444444444446
cifar100_coarse,4,9,1,0.0022222222222222222
cifar100_coarse,4,10,2,0.0044444444444444444
cifar100_coarse,4,11,6,0.013333333333333334
cifar100_coarse,4,12,9,0.02
cifar100_coarse,4,13,25,0.05555555555555555
cifar100_coarse,4,14,2,0.0044444444444444444
cifar100_coarse,4,15,5,0.011111111111111112
cifar100_coarse,4,16,15,0.03333333333333333
cifar100_coarse,4,17,5,0.011111111111111112
cifar100_coarse,4,18,1,0.0022222222222222222
cifar100_coarse,4,19,4,0.008888888888888889
cifar100_coarse,5,0,18,0.04
cifar100_coarse,5,1,8,0.017777777777777778
cifar100_coarse,5,2,7,0.015555555555555555
cifar100_coarse,5,3,63,0.14
cifar100_coarse,5,4,12,0.02666666666666667
cifar100_coarse,5,5,177,0.3933333333333333
cifar100_coarse,5,6,30,0.06666666666666667
cifar100_coarse,5,7,7,0.015555555555555555
cifar100_coarse,5,8,15,0.03333333333333333
cifar100_coarse,5,9,4,0.008888888888888889
cifar100_coarse,5,10,3,0.006666666666666667
cifar100_coarse,5,11,13,0.028888888888888888
cifar100_coarse,5,12,4,0.008888888888888889
cifar100_coarse,5,13,22,0.04888888888888889
cifar100_coarse,5,14,14,0.03111111111111111
cifar100_coarse,5,15,13,0.028888888888888888
cifar100_coarse,5,16,8,0.017777777777777778
cifar100_coarse,5,17,2,0.0044444444444444444
cifar100_coarse,5,18,16,0.035555555555555556
cifar100_coarse,5,19,14,0.03111111111111111
cifar100_coarse,6,0,4,0.008888888888888889
cifar100_coarse,6,1,7,0.015555555555555555
cifar100_coarse,6,2,4,0.008888888888888889
cifar100_coarse,6,3,31,0.06888888888888889
cifar100_coarse,6,4,11,0.024444444444444446
cifar100_coarse,6,5,37,0.08222222222222222
cifar100_coarse,6,6,201,0.44666666666666666
cifar100_coarse,6,7,5,0.011111111111111112
cifar100_coarse,6,8,10,0.022222222222222223
cifar100_coarse,6,9,7,0.015555555555555555
cifar100_coarse,6,10,8,0.017777777777777778
cifar100_coarse,6,11,9,0.02
cifar100_coarse,6,12,6,0.013333333333333334
cifar100_coarse,6,13,17,0.03777777777777778
cifar100_coarse,6,14,34,0.07555555555555556
cifar100_coarse,6,15,9,0.02
cifar100_coarse,6,16,14,0.03111111111111111
cifar100_coarse,6,17,6,0.013333333333333334
cifar100_coarse,6,18,16,0.035555555555555556
cifar100_coarse,6,19,14,0.03111111111111111
cifar100_coarse,7,0,10,0.022222222222222223
cifar100_coarse,7,1,7,0.015555555555555555
cifar100_coarse,7,2,24,0.05333333333333334
cifar100_coarse,7,3,8,0.017777777777777778
cifar100_coarse,7,4,14,0.03111111111111111
cifar100_coarse,7,5,4,0.008888888888888889
cifar100_coarse,7,6,2,0.0044444444444444444
cifar100_coarse,7,7,226,0.5022222222222222
cifar100_coarse,7,8,10,0.022222222222222223
cifar100_coarse,7,9,1,0.0022222222222222222
cifar100_coarse,7,10,5,0.011111111111111112
cifar100_coarse,7,11,4,0.008888888888888889
cifar100_coarse,7,12,10,0.022222222222222223
cifar100_coarse,7,13,49,0.10888888888888888
cifar100_coarse,7,14,8,0.017777777777777778
cifar100_coarse,7,15,30,0.06666666666666667
cifar100_coarse,7,16,21,0.04666666666666667
cifar100_coarse,7,17,3,0.006666666666666667
cifar100_coarse,7,18,7,0.015555555555555555
cifar100_coarse,7,19,7,0.015555555555555555
cifar100_coarse,8,0,24,0.05333333333333334
cifar100_coarse,8,1,1,0.0022222222222222222
cifar100_coarse,8,2,0,0.0
cifar100_coarse,8,3,1,0.0022222222222222222
cifar100_coarse,8,4,18,0.04
cifar100_coarse,8,5,10,0.022222222222222223
cifar100_coarse,8,6,6,0.013333333333333334
cifar100_coarse,8,7,12,0.02666666666666667
cifar100_coarse,8,8,189,0.42
cifar100_coarse,8,9,5,0.011111111111111112
cifar100_coarse,8,10,5,0.011111111111111112
cifar100_coarse,8,11,46,0.10222222222222223
cifar100_coarse,8,12,36,0.08
cifar100_coarse,8,13,20,0.044444444444444446
cifar100_coarse,8,14,13,0.028888888888888888
cifar100_coarse,8,15,16,0.035555555555555556
cifar100_coarse,8,16,39,0.08666666666666667
cifar100_coarse,8,17,2,0.0044444444444444444
cifar100_coarse,8,18,1,0.0022222222222222222
cifar100_coarse,8,19,6,0.013333333333333334
cifar100_coarse,9,0,5,0.011111111111111112
cifar100_coarse,9,1,6,0.013333333333333334
cifar100_coarse,9,2,1,0.0022222222222222222
cifar100_coarse,9,3,3,0.006666666666666667
cifar100_coarse,9,4,1,0.0022222222222222222
cifar100_coarse,9,5,9,0.02
cifar100_coarse,9,6,7,0.015555555555555555
cifar100_coarse,9,7,3,0.006666666666666667
cifar100_coarse,9,8,4,0.008888888888888889
cifar100_coarse,9,9,266,0.5911111111111111
cifar100_coarse,9,10,44,0.09777777777777778
cifar100_coarse,9,11,17,0.03777777777777778
cifar100_coarse,9,12,2,0.0044444444444444444
cifar100_coarse,9,13,2,0.0044444444444444444
cifar100_coarse,9,14,4,0.008888888888888889
cifar100_coarse,9,15,5,0.011111111111111112
cifar100_coarse,9,16,5,0.011111111111111112
cifar100_coarse,9,17,15,0.03333333333333333
cifar100_coarse,9,18,26,0.057777777777777775
cifar100_coarse,9,19,25,0.05555555555555555
cifar100_coarse,10,0,12,0.02666666666666667
cifar100_coarse,10,1,14,0.03111111111111111
cifar100_coarse,10,2,3,0.006666666666666667
cifar100_coarse,10,3,2,0.0044444444444444444
cifar100_coarse,10,4,4,0.008888888888888889
cifar100_coarse,10,5,11,0.024444444444444446
cifar100_coarse,10,6,6,0.013333333333333334
cifar100_coarse,10,7,4,0.008888888888888889
cifar100_coarse,10,8,4,0.008888888888888889
cifar100_coarse,10,9,37,0.08222222222222222
cifar100_coarse,10,10,299,0.6644444444444444
cifar100_coarse,10,11,2,0.0044444444444444444
cifar100_coarse,10,12,1,0.0022222222222222222
cifar100_coarse,10,13,6,0.013333333333333334
cifar100_coarse,10,14,1,0.0022222222222222222
cifar100_coarse,10,15,4,0.008888888888888889
cifar100_coarse,10,16,6,0.013333333333333334
cifar100_coarse,10,17,16,0.035555555555555556
cifar100_coarse,10,18,5,0.011111111111111112
cifar100_coarse,10,19,13,0.028888888888888888
cifar100_coarse,11,0,26,0.057777777777777775
cifar100_coarse,11,1,5,0.011111111111111112
cifar100_coarse,11,2,1,0.0022222222222222222
cifar100_coarse,11,3,4,0.008888888888888889
cifar100_coarse,11,4,4,0.008888888888888889
cifar100_coarse,11,5,7,0.015555555555555555
cifar100_coarse,11,6,6,0.013333333333333334
cifar100_coarse,11,7,10,0.022222222222222223
cifar100_coarse,11,8,34,0.07555555555555556
cifar100_coarse,11,9,18,0.04
cifar100_coarse,11,10,5,0.011111111111111112
cifar100_coarse,11,11,194,0.4311111111111111
cifar100_coarse,11,12,36,0.08
cifar100_coarse,11,13,5,0.011111111111111112
cifar100_coarse,11,14,19,0.042222222222222223
cifar100_coarse,11,15,17,0.03777777777777778
cifar100_coarse,11,16,36,0.08
cifar100_coarse,11,17,4,0.008888888888888889
cifar100_coarse,11,18,12,0.02666666666666667
cifar100_coarse,11,19,7,0.015555555555555555
cifar100_coarse,12,0,29,0.06444444444444444
cifar100_coarse,12,1,8,0.017777777777777778
cifar100_coarse,12,2,1,0.0022222222222222222
cifar100_coarse,12,3,8,0.017777777777777778
cifar100_coarse,12,4,7,0.015555555555555555
cifar100_coarse,12,5,15,0.03333333333333333
cifar100_coarse,12,6,4,0.008888888888888889
cifar100_coarse,12,7,19,0.042222222222222223
cifar100_coarse,12,8,53,0.11777777777777777
cifar100_coarse,12,9,2,0.0044444444444444444
cifar100_coarse,12,10,1,0.0022222222222222222
cifar100_coarse,12,11,37,0.08222222222222222
cifar100_coarse,12,12,149,0.33111111111111113
cifar100_coarse,12,13,17,0.03777777777777778
cifar100_coarse,12,14,9,0.02
cifar100_coarse,12,15,18,0.04
cifar100_coarse,12,16,52,0.11555555555555555
cifar100_coarse,12,17,2,0.0044444444444444444
cifar100_coarse,12,18,10,0.022222222222222223
cifar100_coarse,12,19,9,0.02
cifar100_coarse,13,0,21,0.04666666666666667
cifar100_coarse,13,1,20,0.044444444444444446
cifar100_coarse,13,2,13,0.028888888888888888
cifar100_coarse,13,3,13,0.028888888888888888
cifar100_coarse,13,4,19,0.042222222222222223
cifar100_coarse,13,5,11,0.024444444444444446
cifar100_coarse,13,6,14,0.03111111111111111
cifar100_coarse,13,7,50,0.1111111111111111
cifar100_coarse,13,8,11,0.024444444444444446
cifar100_coarse,13,9,2,0.0044444444444444444
cifar100_coarse,13,10,3,0.006666666666666667
cifar100_coarse,13,11,4,0.008888888888888889
cifar100_coarse,13,12,23,0.051111111111111114
cifar100_coarse,13,13,135,0.3
cifar100_coarse,13,14,17,0.03777777777777778
cifar100_coarse,13,15,49,0.10888888888888888
cifar100_coarse,13,16,24,0.05333333333333334
cifar100_coarse,13,17,5,0.011111111111111112
cifar100_coarse,13,18,7,0.015555555555555555
cifar100_coarse,13,19,9,0.02
cifar100_coarse,14,0,7,0.015555555555555555
cifar100_coarse,14,1,5,0.011111111111111112
cifar100_coarse,14,2,8,0.017777777777777778
cifar100_coarse,14,3,24,0.05333333333333334
cifar100_coarse,14,4,7,0.015555555555555555
cifar100_coarse,14,5,14,0.03111111111111111
cifar100_coarse,14,6,18,0.04
cifar100_coarse,14,7,4,0.008888888888888889
cifar100_coarse,14,8,14,0.03111111111111111
cifar100_coarse,14,9,3,0.006666666666666667
cifar100_coarse,14,10,0,0.0
cifar100_coarse,14,11,18,0.04
cifar100_coarse,14,12,13,0.028888888888888888
cifar100_coarse,14,13,16,0.035555555555555556
cifar100_coarse,14,14,251,0.5577777777777778
cifar100_coarse,14,15,9,0.02
cifar100_coarse,14,16,25,0.05555555555555555
cifar100_coarse,14,17,0,0.0
cifar100_coarse,14,18,8,0.017777777777777778
cifar100_coarse,14,19,6,0.013333333333333334
cifar100_coarse,15,0,27,0.06
cifar100_coarse,15,1,32,0.07111111111111111
cifar100_coarse,15,2,9,0.02
cifar100_coarse,15,3,4,0.008888888888888889
cifar100_coarse,15,4,2,0.0044444444444444444
cifar100_coarse,15,5,16,0.035555555555555556
cifar100_coarse,15,6,9,0.02
cifar100_coarse,15,7,18,0.04
cifar100_coarse,15,8,22,0.04888888888888889
cifar100_coarse,15,9,5,0.011111111111111112
cifar100_coarse,15,10,6,0.013333333333333334
cifar100_coarse,15,11,18,0.04
cifar100_coarse,15,12,27,0.06
cifar100_coarse,15,13,47,0.10444444444444445
cifar100_coarse,15,14,9,0.02
cifar100_coarse,15,15,142,0.31555555555555553
cifar100_coarse,15,16,20,0.044444444444444446
cifar100_coarse,15,17,2,0.0044444444444444444
cifar100_coarse,15,18,21,0.04666666666666667
cifar100_coarse,15,19,14,0.03111111111111111
cifar100_coarse,16,0,25,0.05555555555555555
cifar100_coarse,16,1,24,0.05333333333333334
cifar100_coarse,16,2,3,0.006666666666666667
cifar100_coarse,16,3,8,0.017777777777777778
cifar100_coarse,16,4,7,0.015555555555555555
cifar100_coarse,16,5,14,0.03111111111111111
cifar100_coarse,16,6,9,0.02
cifar100_coarse,16,7,19,0.042222222222222223
cifar100_coarse,16,8,41,0.09111111111111111
cifar100_coarse,16,9,4,0.008888888888888889
cifar100_coarse,16,10,7,0.015555555555555555
cifar100_coarse,16,11,32,0.07111111111111111
cifar100_coarse,16,12,27,0.06
cifar100_coarse,16,13,29,0.06444444444444444
cifar100_coarse,16,14,31,0.06888888888888889
cifar100_coarse,16,15,27,0.06
cifar100_coarse,16,16,121,0.2688888888888889
cifar100_coarse,16,17,9,0.02
cifar100_coarse,16,18,6,0.013333333333333334
cifar100_coarse,16,19,7,0.015555555555555555
cifar100_coarse,17,0,6,0.013333333333333334
cifar100_coarse,17,1,2,0.0044444444444444444
cifar100_coarse,17,2,5,0.011111111111111112
cifar100_coarse,17,3,1,0.0022222222222222222
cifar100_coarse,17,4,7,0.015555555555555555
cifar100_coarse,17,5,5,0.011111111111111112
cifar100_coarse,17,6,1,0.0022222222222222222
cifar100_coarse,17,7,4,0.008888888888888889
cifar100_coarse,17,8,9,0.02
cifar100_coarse,17,9,19,0.042222222222222223
cifar100_coarse,17,10,23,0.051111111111111114
cifar100_coarse,17,11,4,0.008888888888888889
cifar100_coarse,17,12,4,0.008888888888888889
cifar100_coarse,17,13,3,0.006666666666666667
cifar100_coarse,17,14,2,0.0044444444444444444
cifar100_coarse,17,15,8,0.017777777777777778
cifar100_coarse,17,16,1,0.0022222222222222222
cifar100_coarse,17,17,327,0.7266666666666667
cifar100_coarse,17,18,8,0.017777777777777778
cifar100_coarse,17,19,11,0.024444444444444446
cifar100_coarse,18,0,5,0.011111111111111112
cifar100_coarse,18,1,10,0.022222222222222223
cifar100_coarse,18,2,5,0.011111111111111112
cifar100_coarse,18,3,2,0.0044444444444444444
cifar100_coarse,18,4,3,0.006666666666666667
cifar100_coarse,18,5,23,0.051111111111111114
cifar100_coarse,18,6,13,0.028888888888888888
cifar100_coarse,18,7,8,0.017777777777777778
cifar100_coarse,18,8,7,0.015555555555555555
cifar100_coarse,18,9,22,0.04888888888888889
cifar100_coarse,18,10,6,0.013333333333333334
cifar100_coarse,18,11,12,0.02666666666666667
cifar100_coarse,18,12,12,0.02666666666666667
cifar100_coarse,18,13,4,0.008888888888888889
cifar100_coarse,18,14,4,0.008888888888888889
cifar100_coarse,18,15,34,0.07555555555555556
cifar100_coarse,18,16,3,0.006666666666666667
cifar100_coarse,18,17,4,0.008888888888888889
cifar100_coarse,18,18,212,0.4711111111111111
cifar100_coarse,18,19,61,0.13555555555555557
cifar100_coarse,19,0,6,0.013333333333333334
cifar100_coarse,19,1,8,0.017777777777777778
cifar100_coarse,19,2,3,0.006666666666666667
cifar100_coarse,19,3,10,0.022222222222222223
cifar100_coarse,19,4,1,0.0022222222222222222
cifar100_coarse,19,5,12,0.02666666666666667
cifar100_coarse,19,6,12,0.02666666666666667
cifar100_coarse,19,7,17,0.03777777777777778
cifar100_coarse,19,8,2,0.0044444444444444444
cifar100_coarse,19,9,32,0.07111111111111111
cifar100_coarse,19,10,14,0.03111111111111111
cifar100_coarse,19,11,10,0.022222222222222223
cifar100_coarse,19,12,13,0.028888888888888888
cifar100_coarse,19,13,12,0.02666666666666667
cifar100_coarse,19,14,5,0.011111111111111112
cifar100_coarse,19,15,16,0.035555555555555556
cifar100_coarse,19,16,1,0.0022222222222222222
cifar100_coarse,19,17,8,0.017777777777777778
cifar100_coarse,19,18,52,0.11555555555555555
cifar100_coarse,19,19,216,0.48
svhn,0,0,943,0.9392430278884463
svhn,0,1,26,0.025896414342629483
svhn,0,2,3,0.00298804780876494
svhn,0,3,3,0.00298804780876494
svhn,0,4,7,0.0069721115537848604
svhn,0,5,3,0.00298804780876494
svhn,0,6,9,0.008964143426294821
svhn,0,7,3,0.00298804780876494
svhn,0,8,2,0.00199203187250996
svhn,0,9,5,0.0049800796812749
svhn,1,0,9,0.0031645569620253164
svhn,1,1,2724,0.9578059071729957
svhn,1,2,16,0.005625879043600563
svhn,1,3,11,0.003867791842475387
svhn,1,4,26,0.009142053445850914
svhn,1,5,3,0.0010548523206751054
svhn,1,6,5,0.0017580872011251757
svhn,1,7,34,0.011954992967651195
svhn,1,8,11,0.003867791842475387
svhn,1,9,5,0.0017580872011251757
svhn,2,0,11,0.004977375565610859
svhn,2,1,18,0.008144796380090498
svhn,2,2,2095,0.9479638009049773
svhn,2,3,20,0.00904977375565611
svhn,2,4,11,0.004977375565610859
svhn,2,5,8,0.0036199095022624436
svhn,2,6,2,0.0009049773755656109
svhn,2,7,21,0.009502262443438913
svhn,2,8,7,0.003167420814479638
svhn,2,9,17,0.007692307692307693
svhn,3,0,2,0.0011716461628588166
svhn,3,1,21,0.012302284710017574
svhn,3,2,24,0.014059753954305799
svhn,3,3,1550,0.9080257762155829
svhn,3,4,11,0.006444053895723492
svhn,3,5,46,0.026947861745752782
svhn,3,6,13,0.007615700058582308
svhn,3,7,5,0.0029291154071470417
svhn,3,8,26,0.015231400117164616
svhn,3,9,9,0.005272407732864675
svhn,4,0,1,0.0006680026720106881
svhn,4,1,32,0.02137608550434202
svhn,4,2,10,0.006680026720106881
svhn,4,3,10,0.006680026720106881
svhn,4,4,1407,0.9398797595190381
svhn,4,5,5,0.0033400133600534404
svhn,4,6,9,0.006012024048096192
svhn,4,7,4,0.0026720106880427524
svhn,4,8,8,0.005344021376085505
svhn,4,9,11,0.007348029392117568
svhn,5,0,1,0.0007194244604316547
svhn,5,1,8,0.0057553956834532375
svhn,5,2,14,0.010071942446043165
svhn,5,3,67,0.04820143884892086
svhn,5,4,1,0.0007194244604316547
svhn,5,5,1249,0.8985611510791367
svhn,5,6,26,0.01870503597122302
svhn,5,7,6,0.004316546762589928
svhn,5,8,13,0.00935251798561151
svhn,5,9,5,0.0035971223021582736
svhn,6,0,15,0.012987012987012988
svhn,6,1,9,0.007792207792207792
svhn,6,2,3,0.0025974025974025974
svhn,6,3,12,0.01038961038961039
svhn,6,4,11,0.009523809523809525
svhn,6,5,24,0.02077922077922078
svhn,6,6,1042,0.9021645021645022
svhn,6,7,2,0.0017316017316017316
svhn,6,8,32,0.027705627705627706
svhn,6,9,5,0.004329004329004329
svhn,7,0,3,0.002626970227670753
svhn,7,1,32,0.028021015761821366
svhn,7,2,19,0.016637478108581436
svhn,7,3,9,0.00788091068301226
svhn,7,4,5,0.0043782837127845885
svhn,7,5,5,0.0043782837127845885
svhn,7,6,3,0.002626970227670753
svhn,7,7,1061,0.9290718038528897
svhn,7,8,2,0.0017513134851138354
svhn,7,9,3,0.002626970227670753
svhn,8,0,6,0.005964214711729622
svhn,8,1,9,0.008946322067594433
svhn,8,2,6,0.005964214711729622
svhn,8,3,15,0.014910536779324055
svhn,8,4,8,0.007952286282306162
svhn,8,5,7,0.006958250497017893
svhn,8,6,23,0.02286282306163022
svhn,8,7,2,0.0019880715705765406
svhn,8,8,923,0.9174950298210736
svhn,8,9,7,0.006958250497017893
svhn,9,0,11,0.011727078891257996
svhn,9,1,12,0.01279317697228145
svhn,9,2,15,0.015991471215351813
svhn,9,3,15,0.015991471215351813
svhn,9,4,5,0.005330490405117271
svhn,9,5,5,0.005330490405117271
svhn,9,6,3,0.0031982942430703624
svhn,9,7,3,0.0031982942430703624
svhn,9,8,10,0.010660980810234541
svhn,9,9,859,0.9157782515991472
gtsrb,0,0,31,1.0
gtsrb,0,1,0,0.0
gtsrb,0,2,0,0.0
gtsrb,0,3,0,0.0
gtsrb,0,4,0,0.0
gtsrb,0,5,0,0.0
gtsrb,0,6,0,0.0
gtsrb,0,7,0,0.0
gtsrb,0,8,0,0.0
gtsrb,0,9,0,0.0
gtsrb,0,10,0,0.0
gtsrb,0,11,0,0.0
gtsrb,0,12,0,0.0
gtsrb,0,13,0,0.0
gtsrb,0,14,0,0.0
gtsrb,0,15,0,0.0
gtsrb,0,16,0,0.0
gtsrb,0,17,0,0.0
gtsrb,0,18,0,0.0
gtsrb,0,19,0,0.0
gtsrb,0,20,0,0.0
gtsrb,0,21,0,0.0
gtsrb,0,22,0,0.0
gtsrb,0,23,0,0.0
gtsrb,0,24,0,0.0
gtsrb,0,25,0,0.0
gtsrb,0,26,0,0.0
gtsrb,0,27,0,0.0
gtsrb,0,28,0,0.0
gtsrb,0,29,0,0.0
gtsrb,0,30,0,0.0
gtsrb,0,31,0,0.0
gtsrb,0,32,0,0.0
gtsrb,0,33,0,0.0
gtsrb,0,34,0,0.0
gtsrb,0,35,0,0.0
gtsrb,0,36,0,0.0
gtsrb,0,37,0,0.0
gtsrb,0,38,0,0.0
gtsrb,0,39,0,0.0
gtsrb,0,40,0,0.0
gtsrb,0,41,0,0.0
gtsrb,0,42,0,0.0
gtsrb,1,0,0,0.0
gtsrb,1,1,331,0.993993993993994
gtsrb,1,2,1,0.003003003003003003
gtsrb,1,3,0,0.0
gtsrb,1,4,0,0.0
gtsrb,1,5,0,0.0
gtsrb,1,6,0,0.0
gtsrb,1,7,0,0.0
gtsrb,1,8,0,0.0
gtsrb,1,9,0,0.0
gtsrb,1,10,1,0.003003003003003003
gtsrb,1,11,0,0.0
gtsrb,1,12,0,0.0
gtsrb,1,13,0,0.0
gtsrb,1,14,0,0.0
gtsrb,1,15,0,0.0
gtsrb,1,16,0,0.0
gtsrb,1,17,0,0.0
gtsrb,1,18,0,0.0
gtsrb,1,19,0,0.0
gtsrb,1,20,0,0.0
gtsrb,1,21,0,0.0
gtsrb,1,22,0,0.0
gtsrb,1,23,0,0.0
gtsrb,1,24,0,0.0
gtsrb,1,25,0,0.0
gtsrb,1,26,0,0.0
gtsrb,1,27,0,0.0
gtsrb,1,28,0,0.0
gtsrb,1,29,0,0.0
gtsrb,1,30,0,0.0
gtsrb,1,31,0,0.0
gtsrb,1,32,0,0.0
gtsrb,1,33,0,0.0
gtsrb,1,34,0,0.0
gtsrb,1,35,0,0.0
gtsrb,1,36,0,0.0
gtsrb,1,37,0,0.0
gtsrb,1,38,0,0.0
gtsrb,1,39,0,0.0
gtsrb,1,40,0,0.0
gtsrb,1,41,0,0.0
gtsrb,1,42,0,0.0
gtsrb,2,0,0,0.0
gtsrb,2,1,2,0.005934718100890208
gtsrb,2,2,333,0.9881305637982196
gtsrb,2,3,0,0.0
gtsrb,2,4,0,0.0
gtsrb,2,5,1,0.002967359050445104
gtsrb,2,6,0,0.0
gtsrb,2,7,0,0.0
gtsrb,2,8,0,0.0
gtsrb,2,9,0,0.0
gtsrb,2,10,0,0.0
gtsrb,2,11,0,0.0
gtsrb,2,12,0,0.0
gtsrb,2,13,0,0.0
gtsrb,2,14,0,0.0
gtsrb,2,15,1,0.002967359050445104
gtsrb,2,16,0,0.0
gtsrb,2,17,0,0.0
gtsrb,2,18,0,0.0
gtsrb,2,19,0,0.0
gtsrb,2,20,0,0.0
gtsrb,2,21,0,0.0
gtsrb,2,22,0,0.0
gtsrb,2,23,0,0.0
gtsrb,2,24,0,0.0
gtsrb,2,25,0,0.0
gtsrb,2,26,0,0.0
gtsrb,2,27,0,0.0
gtsrb,2,28,0,0.0
gtsrb,2,29,0,0.0
gtsrb,2,30,0,0.0
gtsrb,2,31,0,0.0
gtsrb,2,32,0,0.0
gtsrb,2,33,0,0.0
gtsrb,2,34,0,0.0
gtsrb,2,35,0,0.0
gtsrb,2,36,0,0.0
gtsrb,2,37,0,0.0
gtsrb,2,38,0,0.0
gtsrb,2,39,0,0.0
gtsrb,2,40,0,0.0
gtsrb,2,41,0,0.0
gtsrb,2,42,0,0.0
gtsrb,3,0,0,0.0
gtsrb,3,1,0,0.0
gtsrb,3,2,1,0.004739336492890996
gtsrb,3,3,209,0.990521327014218
gtsrb,3,4,0,0.0
gtsrb,3,5,0,0.0
gtsrb,3,6,0,0.0
gtsrb,3,7,0,0.0
gtsrb,3,8,0,0.0
gtsrb,3,9,0,0.0
gtsrb,3,10,1,0.004739336492890996
gtsrb,3,11,0,0.0
gtsrb,3,12,0,0.0
gtsrb,3,13,0,0.0
gtsrb,3,14,0,0.0
gtsrb,3,15,0,0.0
gtsrb,3,16,0,0.0
gtsrb,3,17,0,0.0
gtsrb,3,18,0,0.0
gtsrb,3,19,0,0.0
gtsrb,3,20,0,0.0
gtsrb,3,21,0,0.0
gtsrb,3,22,0,0.0
gtsrb,3,23,0,0.0
gtsrb,3,24,0,0.0
gtsrb,3,25,0,0.0
gtsrb,3,26,0,0.0
gtsrb,3,27,0,0.0
gtsrb,3,28,0,0.0
gtsrb,3,29,0,0.0
gtsrb,3,30,0,0.0
gtsrb,3,31,0,0.0
gtsrb,3,32,0,0.0
gtsrb,3,33,0,0.0
gtsrb,3,34,0,0.0
gtsrb,3,35,0,0.0
gtsrb,3,36,0,0.0
gtsrb,3,37,0,0.0
gtsrb,3,38,0,0.0
gtsrb,3,39,0,0.0
gtsrb,3,40,0,0.0
gtsrb,3,41,0,0.0
gtsrb,3,42,0,0.0
gtsrb,4,0,0,0.0
gtsrb,4,1,0,0.0
gtsrb,4,2,0,0.0
gtsrb,4,3,0,0.0
gtsrb,4,4,297,1.0
gtsrb,4,5,0,0.0
gtsrb,4,6,0,0.0
gtsrb,4,7,0,0.0
gtsrb,4,8,0,0.0
gtsrb,4,9,0,0.0
gtsrb,4,10,0,0.0
gtsrb,4,11,0,0.0
gtsrb,4,12,0,0.0
gtsrb,4,13,0,0.0
gtsrb,4,14,0,0.0
gtsrb,4,15,0,0.0
gtsrb,4,16,0,0.0
gtsrb,4,17,0,0.0
gtsrb,4,18,0,0.0
gtsrb,4,19,0,0.0
gtsrb,4,20,0,0.0
gtsrb,4,21,0,0.0
gtsrb,4,22,0,0.0
gtsrb,4,23,0,0.0
gtsrb,4,24,0,0.0
gtsrb,4,25,0,0.0
gtsrb,4,26,0,0.0
gtsrb,4,27,0,0.0
gtsrb,4,28,0,0.0
gtsrb,4,29,0,0.0
gtsrb,4,30,0,0.0
gtsrb,4,31,0,0.0
gtsrb,4,32,0,0.0
gtsrb,4,33,0,0.0
gtsrb,4,34,0,0.0
gtsrb,4,35,0,0.0
gtsrb,4,36,0,0.0
gtsrb,4,37,0,0.0
gtsrb,4,38,0,0.0
gtsrb,4,39,0,0.0
gtsrb,4,40,0,0.0
gtsrb,4,41,0,0.0
gtsrb,4,42,0,0.0
gtsrb,5,0,0,0.0
gtsrb,5,1,0,0.0
gtsrb,5,2,1,0.0035335689045936395
gtsrb,5,3,0,0.0
gtsrb,5,4,0,0.0
gtsrb,5,5,282,0.9964664310954063
gtsrb,5,6,0,0.0
gtsrb,5,7,0,0.0
gtsrb,5,8,0,0.0
gtsrb,5,9,0,0.0
gtsrb,5,10,0,0.0
gtsrb,5,11,0,0.0
gtsrb,5,12,0,0.0
gtsrb,5,13,0,0.0
gtsrb,5,14,0,0.0
gtsrb,5,15,0,0.0
gtsrb,5,16,0,0.0
gtsrb,5,17,0,0.0
gtsrb,5,18,0,0.0
gtsrb,5,19,0,0.0
gtsrb,5,20,0,0.0
gtsrb,5,21,0,0.0
gtsrb,5,22,0,0.0
gtsrb,5,23,0,0.0
gtsrb,5,24,0,0.0
gtsrb,5,25,0,0.0
gtsrb,5,26,0,0.0
gtsrb,5,27,0,0.0
gtsrb,5,28,0,0.0
gtsrb,5,29,0,0.0
gtsrb,5,30,0,0.0
gtsrb,5,31,0,0.0
gtsrb,5,32,0,0.0
gtsrb,5,33,0,0.0
gtsrb,5,34,0,0.0
gtsrb,5,35,0,0.0
gtsrb,5,36,0,0.0
gtsrb,5,37,0,0.0
gtsrb,5,38,0,0.0
gtsrb,5,39,0,0.0
gtsrb,5,40,0,0.0
gtsrb,5,41,0,0.0
gtsrb,5,42,0,0.0
gtsrb,6,0,0,0.0
gtsrb,6,1,0,0.0
gtsrb,6,2,0,0.0
gtsrb,6,3,0,0.0
gtsrb,6,4,0,0.0
gtsrb,6,5,0,0.0
gtsrb,6,6,66,0.9850746268656716
gtsrb,6,7,0,0.0
gtsrb,6,8,0,0.0
gtsrb,6,9,0,0.0
gtsrb,6,10,0,0.0
gtsrb,6,11,0,0.0
gtsrb,6,12,0,0.0
gtsrb,6,13,0,0.0
gtsrb,6,14,0,0.0
gtsrb,6,15,0,0.0
gtsrb,6,16,0,0.0
gtsrb,6,17,0,0.0
gtsrb,6,18,0,0.0
gtsrb,6,19,0,0.0
gtsrb,6,20,0,0.0
gtsrb,6,21,0,0.0
gtsrb,6,22,0,0.0
gtsrb,6,23,0,0.0
gtsrb,6,24,0,0.0
gtsrb,6,25,0,0.0
gtsrb,6,26,0,0.0
gtsrb,6,27,0,0.0
gtsrb,6,28,0,0.0
gtsrb,6,29,0,0.0
gtsrb,6,30,0,0.0
gtsrb,6,31,0,0.0
gtsrb,6,32,1,0.014925373134328358
gtsrb,6,33,0,0.0
gtsrb,6,34,0,0.0
gtsrb,6,35,0,0.0
gtsrb,6,36,0,0.0
gtsrb,6,37,0,0.0
gtsrb,6,38,0,0.0
gtsrb,6,39,0,0.0
gtsrb,6,40,0,0.0
gtsrb,6,41,0,0.0
gtsrb,6,42,0,0.0
gtsrb,7,0,0,0.0
gtsrb,7,1,0,0.0
gtsrb,7,2,0,0.0
gtsrb,7,3,0,0.0
gtsrb,7,4,0,0.0
gtsrb,7,5,0,0.0
gtsrb,7,6,0,0.0
gtsrb,7,7,210,0.995260663507109
gtsrb,7,8,1,0.004739336492890996
gtsrb,7,9,0,0.0
gtsrb,7,10,0,0.0
gtsrb,7,11,0,0.0
gtsrb,7,12,0,0.0
gtsrb,7,13,0,0.0
gtsrb,7,14,0,0.0
gtsrb,7,15,0,0.0
gtsrb,7,16,0,0.0
gtsrb,7,17,0,0.0
gtsrb,7,18,0,0.0
gtsrb,7,19,0,0.0
gtsrb,7,20,0,0.0
gtsrb,7,21,0,0.0
gtsrb,7,22,0,0.0
gtsrb,7,23,0,0.0
gtsrb,7,24,0,0.0
gtsrb,7,25,0,0.0
gtsrb,7,26,0,0.0
gtsrb,7,27,0,0.0
gtsrb,7,28,0,0.0
gtsrb,7,29,0,0.0
gtsrb,7,30,0,0.0
gtsrb,7,31,0,0.0
gtsrb,7,32,0,0.0
gtsrb,7,33,0,0.0
gtsrb,7,34,0,0.0
gtsrb,7,35,0,0.0
gtsrb,7,36,0,0.0
gtsrb,7,37,0,0.0
gtsrb,7,38,0,0.0
gtsrb,7,39,0,0.0
gtsrb,7,40,0,0.0
gtsrb,7,41,0,0.0
gtsrb,7,42,0,0.0
gtsrb,8,0,0,0.0
gtsrb,8,1,0,0.0
gtsrb,8,2,0,0.0
gtsrb,8,3,0,0.0
gtsrb,8,4,0,0.0
gtsrb,8,5,0,0.0
gtsrb,8,6,0,0.0
gtsrb,8,7,0,0.0
gtsrb,8,8,211,1.0
gtsrb,8,9,0,0.0
gtsrb,8,10,0,0.0
gtsrb,8,11,0,0.0
gtsrb,8,12,0,0.0
gtsrb,8,13,0,0.0
gtsrb,8,14,0,0.0
gtsrb,8,15,0,0.0
gtsrb,8,16,0,0.0
gtsrb,8,17,0,0.0
gtsrb,8,18,0,0.0
gtsrb,8,19,0,0.0
gtsrb,8,20,0,0.0
gtsrb,8,21,0,0.0
gtsrb,8,22,0,0.0
gtsrb,8,23,0,0.0
gtsrb,8,24,0,0.0
gtsrb,8,25,0,0.0
gtsrb,8,26,0,0.0
gtsrb,8,27,0,0.0
gtsrb,8,28,0,0.0
gtsrb,8,29,0,0.0
gtsrb,8,30,0,0.0
gtsrb,8,31,0,0.0
gtsrb,8,32,0,0.0
gtsrb,8,33,0,0.0
gtsrb,8,34,0,0.0
gtsrb,8,35,0,0.0
gtsrb,8,36,0,0.0
gtsrb,8,37,0,0.0
gtsrb,8,38,0,0.0
gtsrb,8,39,0,0.0
gtsrb,8,40,0,0.0
gtsrb,8,41,0,0.0
gtsrb,8,42,0,0.0
gtsrb,9,0,0,0.0
gtsrb,9,1,0,0.0
gtsrb,9,2,0,0.0
gtsrb,9,3,0,0.0
gtsrb,9,4,0,0.0
gtsrb,9,5,0,0.0
gtsrb,9,6,0,0.0
gtsrb,9,7,0,0.0
gtsrb,9,8,0,0.0
gtsrb,9,9,220,1.0
gtsrb,9,10,0,0.0
gtsrb,9,11,0,0.0
gtsrb,9,12,0,0.0
gtsrb,9,13,0,0.0
gtsrb,9,14,0,0.0
gtsrb,9,15,0,0.0
gtsrb,9,16,0,0.0
gtsrb,9,17,0,0.0
gtsrb,9,18,0,0.0
gtsrb,9,19,0,0.0
gtsrb,9,20,0,0.0
gtsrb,9,21,0,0.0
gtsrb,9,22,0,0.0
gtsrb,9,23,0,0.0
gtsrb,9,24,0,0.0
gtsrb,9,25,0,0.0
gtsrb,9,26,0,0.0
gtsrb,9,27,0,0.0
gtsrb,9,28,0,0.0
gtsrb,9,29,0,0.0
gtsrb,9,30,0,0.0
gtsrb,9,31,0,0.0
gtsrb,9,32,0,0.0
gtsrb,9,33,0,0.0
gtsrb,9,34,0,0.0
gtsrb,9,35,0,0.0
gtsrb,9,36,0,0.0
gtsrb,9,37,0,0.0
gtsrb,9,38,0,0.0
gtsrb,9,39,0,0.0
gtsrb,9,40,0,0.0
gtsrb,9,41,0,0.0
gtsrb,9,42,0,0.0
gtsrb,10,0,0,0.0
gtsrb,10,1,0,0.0
gtsrb,10,2,0,0.0
gtsrb,10,3,0,0.0
gtsrb,10,4,0,0.0
gtsrb,10,5,0,0.0
gtsrb,10,6,0,0.0
gtsrb,10,7,0,0.0
gtsrb,10,8,0,0.0
gtsrb,10,9,0,0.0
gtsrb,10,10,300,0.9966777408637874
gtsrb,10,11,0,0.0
gtsrb,10,12,0,0.0
gtsrb,10,13,0,0.0
gtsrb,10,14,0,0.0
gtsrb,10,15,0,0.0
gtsrb,10,16,0,0.0
gtsrb,10,17,0,0.0
gtsrb,10,18,0,0.0
gtsrb,10,19,1,0.0033222591362126247
gtsrb,10,20,0,0.0
gtsrb,10,21,0,0.0
gtsrb,10,22,0,0.0
gtsrb,10,23,0,0.0
gtsrb,10,24,0,0.0
gtsrb,10,25,0,0.0
gtsrb,10,26,0,0.0
gtsrb,10,27,0,0.0
gtsrb,10,28,0,0.0
gtsrb,10,29,0,0.0
gtsrb,10,30,0,0.0
gtsrb,10,31,0,0.0
gtsrb,10,32,0,0.0
gtsrb,10,33,0,0.0
gtsrb,10,34,0,0.0
gtsrb,10,35,0,0.0
gtsrb,10,36,0,0.0
gtsrb,10,37,0,0.0
gtsrb,10,38,0,0.0
gtsrb,10,39,0,0.0
gtsrb,10,40,0,0.0
gtsrb,10,41,0,0.0
gtsrb,10,42,0,0.0
gtsrb,11,0,0,0.0
gtsrb,11,1,0,0.0
gtsrb,11,2,0,0.0
gtsrb,11,3,0,0.0
gtsrb,11,4,0,0.0
gtsrb,11,5,0,0.0
gtsrb,11,6,0,0.0
gtsrb,11,7,0,0.0
gtsrb,11,8,0,0.0
gtsrb,11,9,0,0.0
gtsrb,11,10,0,0.0
gtsrb,11,11,197,0.9949494949494949
gtsrb,11,12,0,0.0
gtsrb,11,13,0,0.0
gtsrb,11,14,0,0.0
gtsrb,11,15,0,0.0
gtsrb,11,16,0,0.0
gtsrb,11,17,0,0.0
gtsrb,11,18,0,0.0
gtsrb,11,19,0,0.0
gtsrb,11,20,0,0.0
gtsrb,11,21,0,0.0
gtsrb,11,22,0,0.0
gtsrb,11,23,0,0.0
gtsrb,11,24,0,0.0
gtsrb,11,25,0,0.0
gtsrb,11,26,0,0.0
gtsrb,11,27,0,0.0
gtsrb,11,28,0,0.0
gtsrb,11,29,0,0.0
gtsrb,11,30,1,0.005050505050505051
gtsrb,11,31,0,0.0
gtsrb,11,32,0,0.0
gtsrb,11,33,0,0.0
gtsrb,11,34,0,0.0
gtsrb,11,35,0,0.0
gtsrb,11,36,0,0.0
gtsrb,11,37,0,0.0
gtsrb,11,38,0,0.0
gtsrb,11,39,0,0.0
gtsrb,11,40,0,0.0
gtsrb,11,41,0,0.0
gtsrb,11,42,0,0.0
gtsrb,12,0,0,0.0
gtsrb,12,1,0,0.0
gtsrb,12,2,0,0.0
gtsrb,12,3,0,0.0
gtsrb,12,4,0,0.0
gtsrb,12,5,0,0.0
gtsrb,12,6,0,0.0
gtsrb,12,7,0,0.0
gtsrb,12,8,0,0.0
gtsrb,12,9,0,0.0
gtsrb,12,10,0,0.0
gtsrb,12,11,0,0.0
gtsrb,12,12,315,1.0
gtsrb,12,13,0,0.0
gtsrb,12,14,0,0.0
gtsrb,12,15,0,0.0
gtsrb,12,16,0,0.0
gtsrb,12,17,0,0.0
gtsrb,12,18,0,0.0
gtsrb,12,19,0,0.0
gtsrb,12,20,0,0.0
gtsrb,12,21,0,0.0
gtsrb,12,22,0,0.0
gtsrb,12,23,0,0.0
gtsrb,12,24,0,0.0
gtsrb,12,25,0,0.0
gtsrb,12,26,0,0.0
gtsrb,12,27,0,0.0
gtsrb,12,28,0,0.0
gtsrb,12,29,0,0.0
gtsrb,12,30,0,0.0
gtsrb,12,31,0,0.0
gtsrb,12,32,0,0.0
gtsrb,12,33,0,0.0
gtsrb,12,34,0,0.0
gtsrb,12,35,0,0.0
gtsrb,12,36,0,0.0
gtsrb,12,37,0,0.0
gtsrb,12,38,0,0.0
gtsrb,12,39,0,0.0
gtsrb,12,40,0,0.0
gtsrb,12,41,0,0.0
gtsrb,12,42,0,0.0
gtsrb,13,0,0,0.0
gtsrb,13,1,0,0.0
gtsrb,13,2,0,0.0
gtsrb,13,3,0,0.0
gtsrb,13,4,0,0.0
gtsrb,13,5,0,0.0
gtsrb,13,6,0,0.0
gtsrb,13,7,0,0.0
gtsrb,13,8,0,0.0
gtsrb,13,9,0,0.0
gtsrb,13,10,0,0.0
gtsrb,13,11,0,0.0
gtsrb,13,12,0,0.0
gtsrb,13,13,323,0.9969135802469136
gtsrb,13,14,0,0.0
gtsrb,13,15,0,0.0
gtsrb,13,16,0,0.0
gtsrb,13,17,0,0.0
gtsrb,13,18,0,0.0
gtsrb,13,19,0,0.0
gtsrb,13,20,0,0.0
gtsrb,13,21,0,0.0
gtsrb,13,22,0,0.0
gtsrb,13,23,0,0.0
gtsrb,13,24,0,0.0
gtsrb,13,25,0,0.0
gtsrb,13,26,0,0.0
gtsrb,13,27,0,0.0
gtsrb,13,28,0,0.0
gtsrb,13,29,0,0.0
gtsrb,13,30,0,0.0
gtsrb,13,31,0,0.0
gtsrb,13,32,1,0.0030864197530864196
gtsrb,13,33,0,0.0
gtsrb,13,34,0,0.0
gtsrb,13,35,0,0.0
gtsrb,13,36,0,0.0
gtsrb,13,37,0,0.0
gtsrb,13,38,0,0.0
gtsrb,13,39,0,0.0
gtsrb,13,40,0,0.0
gtsrb,13,41,0,0.0
gtsrb,13,42,0,0.0
gtsrb,14,0,0,0.0
gtsrb,14,1,0,0.0
gtsrb,14,2,0,0.0
gtsrb,14,3,0,0.0
gtsrb,14,4,0,0.0
gtsrb,14,5,0,0.0
gtsrb,14,6,0,0.0
gtsrb,14,7,0,0.0
gtsrb,14,8,0,0.0
gtsrb,14,9,0,0.0
gtsrb,14,10,0,0.0
gtsrb,14,11,0,0.0
gtsrb,14,12,0,0.0
gtsrb,14,13,0,0.0
gtsrb,14,14,121,1.0
gtsrb,14,15,0,0.0
gtsrb,14,16,0,0.0
gtsrb,14,17,0,0.0
gtsrb,14,18,0,0.0
gtsrb,14,19,0,0.0
gtsrb,14,20,0,0.0
gtsrb,14,21,0,0.0
gtsrb,14,22,0,0.0
gtsrb,14,23,0,0.0
gtsrb,14,24,0,0.0
gtsrb,14,25,0,0.0
gtsrb,14,26,0,0.0
gtsrb,14,27,0,0.0
gtsrb,14,28,0,0.0
gtsrb,14,29,0,0.0
gtsrb,14,30,0,0.0
gtsrb,14,31,0,0.0
gtsrb,14,32,0,0.0
gtsrb,14,33,0,0.0
gtsrb,14,34,0,0.0
gtsrb,14,35,0,0.0
gtsrb,14,36,0,0.0
gtsrb,14,37,0,0.0
gtsrb,14,38,0,0.0
gtsrb,14,39,0,0.0
gtsrb,14,40,0,0.0
gtsrb,14,41,0,0.0
gtsrb,14,42,0,0.0
gtsrb,15,0,0,0.0
gtsrb,15,1,0,0.0
gtsrb,15,2,0,0.0
gtsrb,15,3,0,0.0
gtsrb,15,4,1,0.010638297872340425
gtsrb,15,5,0,0.0
gtsrb,15,6,0,0.0
gtsrb,15,7,0,0.0
gtsrb,15,8,0,0.0
gtsrb,15,9,0,0.0
gtsrb,15,10,0,0.0
gtsrb,15,11,0,0.0
gtsrb,15,12,0,0.0
gtsrb,15,13,0,0.0
gtsrb,15,14,0,0.0
gtsrb,15,15,92,0.9787234042553191
gtsrb,15,16,0,0.0
gtsrb,15,17,0,0.0
gtsrb,15,18,0,0.0
gtsrb,15,19,0,0.0
gtsrb,15,20,0,0.0
gtsrb,15,21,0,0.0
gtsrb,15,22,0,0.0
gtsrb,15,23,0,0.0
gtsrb,15,24,0,0.0
gtsrb,15,25,0,0.0
gtsrb,15,26,0,0.0
gtsrb,15,27,0,0.0
gtsrb,15,28,0,0.0
gtsrb,15,29,0,0.0
gtsrb,15,30,0,0.0
gtsrb,15,31,0,0.0
gtsrb,15,32,1,0.010638297872340425
gtsrb,15,33,0,0.0
gtsrb,15,34,0,0.0
gtsrb,15,35,0,0.0
gtsrb,15,36,0,0.0
gtsrb,15,37,0,0.0
gtsrb,15,38,0,0.0
gtsrb,15,39,0,0.0
gtsrb,15,40,0,0.0
gtsrb,15,41,0,0.0
gtsrb,15,42,0,0.0
gtsrb,16,0,0,0.0
gtsrb,16,1,0,0.0
gtsrb,16,2,0,0.0
gtsrb,16,3,0,0.0
gtsrb,16,4,0,0.0
gtsrb,16,5,0,0.0
gtsrb,16,6,0,0.0
gtsrb,16,7,0,0.0
gtsrb,16,8,0,0.0
gtsrb,16,9,0,0.0
gtsrb,16,10,0,0.0
gtsrb,16,11,0,0.0
gtsrb,16,12,0,0.0
gtsrb,16,13,0,0.0
gtsrb,16,14,0,0.0
gtsrb,16,15,0,0.0
gtsrb,16,16,67,1.0
gtsrb,16,17,0,0.0
gtsrb,16,18,0,0.0
gtsrb,16,19,0,0.0
gtsrb,16,20,0,0.0
gtsrb,16,21,0,0.0
gtsrb,16,22,0,0.0
gtsrb,16,23,0,0.0
gtsrb,16,24,0,0.0
gtsrb,16,25,0,0.0
gtsrb,16,26,0,0.0
gtsrb,16,27,0,0.0
gtsrb,16,28,0,0.0
gtsrb,16,29,0,0.0
gtsrb,16,30,0,0.0
gtsrb,16,31,0,0.0
gtsrb,16,32,0,0.0
gtsrb,16,33,0,0.0
gtsrb,16,34,0,0.0
gtsrb,16,35,0,0.0
gtsrb,16,36,0,0.0
gtsrb,16,37,0,0.0
gtsrb,16,38,0,0.0
gtsrb,16,39,0,0.0
gtsrb,16,40,0,0.0
gtsrb,16,41,0,0.0
gtsrb,16,42,0,0.0
gtsrb,17,0,0,0.0
gtsrb,17,1,0,0.0
gtsrb,17,2,0,0.0
gtsrb,17,3,0,0.0
gtsrb,17,4,0,0.0
gtsrb,17,5,0,0.0
gtsrb,17,6,0,0.0
gtsrb,17,7,0,0.0
gtsrb,17,8,0,0.0
gtsrb,17,9,0,0.0
gtsrb,17,10,0,0.0
gtsrb,17,11,0,0.0
gtsrb,17,12,0,0.0
gtsrb,17,13,0,0.0
gtsrb,17,14,0,0.0
gtsrb,17,15,0,0.0
gtsrb,17,16,0,0.0
gtsrb,17,17,166,1.0
gtsrb,17,18,0,0.0
gtsrb,17,19,0,0.0
gtsrb,17,20,0,0.0
gtsrb,17,21,0,0.0
gtsrb,17,22,0,0.0
gtsrb,17,23,0,0.0
gtsrb,17,24,0,0.0
gtsrb,17,25,0,0.0
gtsrb,17,26,0,0.0
gtsrb,17,27,0,0.0
gtsrb,17,28,0,0.0
gtsrb,17,29,0,0.0
gtsrb,17,30,0,0.0
gtsrb,17,31,0,0.0
gtsrb,17,32,0,0.0
gtsrb,17,33,0,0.0
gtsrb,17,34,0,0.0
gtsrb,17,35,0,0.0
gtsrb,17,36,0,0.0
gtsrb,17,37,0,0.0
gtsrb,17,38,0,0.0
gtsrb,17,39,0,0.0
gtsrb,17,40,0,0.0
gtsrb,17,41,0,0.0
gtsrb,17,42,0,0.0
gtsrb,18,0,0,0.0
gtsrb,18,1,0,0.0
gtsrb,18,2,0,0.0
gtsrb,18,3,0,0.0
gtsrb,18,4,0,0.0
gtsrb,18,5,0,0.0
gtsrb,18,6,0,0.0
gtsrb,18,7,0,0.0
gtsrb,18,8,0,0.0
gtsrb,18,9,0,0.0
gtsrb,18,10,0,0.0
gtsrb,18,11,0,0.0
gtsrb,18,12,0,0.0
gtsrb,18,13,0,0.0
gtsrb,18,14,0,0.0
gtsrb,18,15,0,0.0
gtsrb,18,16,0,0.0
gtsrb,18,17,0,0.0
gtsrb,18,18,179,0.9944444444444445
gtsrb,18,19,0,0.0
gtsrb,18,20,0,0.0
gtsrb,18,21,0,0.0
gtsrb,18,22,0,0.0
gtsrb,18,23,0,0.0
gtsrb,18,24,0,0.0
gtsrb,18,25,0,0.0
gtsrb,18,26,1,0.005555555555555556
gtsrb,18,27,0,0.0
gtsrb,18,28,0,0.0
gtsrb,18,29,0,0.0
gtsrb,18,30,0,0.0
gtsrb,18,31,0,0.0
gtsrb,18,32,0,0.0
gtsrb,18,33,0,0.0
gtsrb,18,34,0,0.0
gtsrb,18,35,0,0.0
gtsrb,18,36,0,0.0
gtsrb,18,37,0,0.0
gtsrb,18,38,0,0.0
gtsrb,18,39,0,0.0
gtsrb,18,40,0,0.0
gtsrb,18,41,0,0.0
gtsrb,18,42,0,0.0
gtsrb,19,0,0,0.0
gtsrb,19,1,0,0.0
gtsrb,19,2,0,0.0
gtsrb,19,3,0,0.0
gtsrb,19,4,0,0.0
gtsrb,19,5,0,0.0
gtsrb,19,6,0,0.0
gtsrb,19,7,0,0.0
gtsrb,19,8,0,0.0
gtsrb,19,9,0,0.0
gtsrb,19,10,0,0.0
gtsrb,19,11,0,0.0
gtsrb,19,12,0,0.0
gtsrb,19,13,0,0.0
gtsrb,19,14,0,0.0
gtsrb,19,15,0,0.0
gtsrb,19,16,0,0.0
gtsrb,19,17,0,0.0
gtsrb,19,18,0,0.0
gtsrb,19,19,31,1.0
gtsrb,19,20,0,0.0
gtsrb,19,21,0,0.0
gtsrb,19,22,0,0.0
gtsrb,19,23,0,0.0
gtsrb,19,24,0,0.0
gtsrb,19,25,0,0.0
gtsrb,19,26,0,0.0
gtsrb,19,27,0,0.0
gtsrb,19,28,0,0.0
gtsrb,19,29,0,0.0
gtsrb,19,30,0,0.0
gtsrb,19,31,0,0.0
gtsrb,19,32,0,0.0
gtsrb,19,33,0,0.0
gtsrb,19,34,0,0.0
gtsrb,19,35,0,0.0
gtsrb,19,36,0,0.0
gtsrb,19,37,0,0.0
gtsrb,19,38,0,0.0
gtsrb,19,39,0,0.0
gtsrb,19,40,0,0.0
gtsrb,19,41,0,0.0
gtsrb,19,42,0,0.0
gtsrb,20,0,0,0.0
gtsrb,20,1,0,0.0
gtsrb,20,2,0,0.0
gtsrb,20,3,0,0.0
gtsrb,20,4,0,0.0
gtsrb,20,5,0,0.0
gtsrb,20,6,0,0.0
gtsrb,20,7,0,0.0
gtsrb,20,8,0,0.0
gtsrb,20,9,0,0.0
gtsrb,20,10,0,0.0
gtsrb,20,11,0,0.0
gtsrb,20,12,0,0.0
gtsrb,20,13,0,0.0
gtsrb,20,14,0,0.0
gtsrb,20,15,0,0.0
gtsrb,20,16,0,0.0
gtsrb,20,17,0,0.0
gtsrb,20,18,0,0.0
gtsrb,20,19,0,0.0
gtsrb,20,20,49,1.0
gtsrb,20,21,0,0.0
gtsrb,20,22,0,0.0
gtsrb,20,23,0,0.0
gtsrb,20,24,0,0.0
gtsrb,20,25,0,0.0
gtsrb,20,26,0,0.0
gtsrb,20,27,0,0.0
gtsrb,20,28,0,0.0
gtsrb,20,29,0,0.0
gtsrb,20,30,0,0.0
gtsrb,20,31,0,0.0
gtsrb,20,32,0,0.0
gtsrb,20,33,0,0.0
gtsrb,20,34,0,0.0
gtsrb,20,35,0,0.0
gtsrb,20,36,0,0.0
gtsrb,20,37,0,0.0
gtsrb,20,38,0,0.0
gtsrb,20,39,0,0.0
gtsrb,20,40,0,0.0
gtsrb,20,41,0,0.0
gtsrb,20,42,0,0.0
gtsrb,21,0,0,0.0
gtsrb,21,1,0,0.0
gtsrb,21,2,0,0.0
gtsrb,21,3,0,0.0
gtsrb,21,4,0,0.0
gtsrb,21,5,0,0.0
gtsrb,21,6,0,0.0
gtsrb,21,7,0,0.0
gtsrb,21,8,0,0.0
gtsrb,21,9,0,0.0
gtsrb,21,10,0,0.0
gtsrb,21,11,0,0.0
gtsrb,21,12,0,0.0
gtsrb,21,13,0,0.0
gtsrb,21,14,0,0.0
gtsrb,21,15,0,0.0
gtsrb,21,16,0,0.0
gtsrb,21,17,0,0.0
gtsrb,21,18,0,0.0
gtsrb,21,19,0,0.0
gtsrb,21,20,0,0.0
gtsrb,21,21,49,1.0
gtsrb,21,22,0,0.0
gtsrb,21,23,0,0.0
gtsrb,21,24,0,0.0
gtsrb,21,25,0,0.0
gtsrb,21,26,0,0.0
gtsrb,21,27,0,0.0
gtsrb,21,28,0,0.0
gtsrb,21,29,0,0.0
gtsrb,21,30,0,0.0
gtsrb,21,31,0,0.0
gtsrb,21,32,0,0.0
gtsrb,21,33,0,0.0
gtsrb,21,34,0,0.0
gtsrb,21,35,0,0.0
gtsrb,21,36,0,0.0
gtsrb,21,37,0,0.0
gtsrb,21,38,0,0.0
gtsrb,21,39,0,0.0
gtsrb,21,40,0,0.0
gtsrb,21,41,0,0.0
gtsrb,21,42,0,0.0
gtsrb,22,0,0,0.0
gtsrb,22,1,0,0.0
gtsrb,22,2,0,0.0
gtsrb,22,3,0,0.0
gtsrb,22,4,0,0.0
gtsrb,22,5,0,0.0
gtsrb,22,6,0,0.0
gtsrb,22,7,0,0.0
gtsrb,22,8,0,0.0
gtsrb,22,9,0,0.0
gtsrb,22,10,0,0.0
gtsrb,22,11,0,0.0
gtsrb,22,12,0,0.0
gtsrb,22,13,0,0.0
gtsrb,22,14,0,0.0
gtsrb,22,15,0,0.0
gtsrb,22,16,0,0.0
gtsrb,22,17,0,0.0
gtsrb,22,18,0,0.0
gtsrb,22,19,0,0.0
gtsrb,22,20,0,0.0
gtsrb,22,21,0,0.0
gtsrb,22,22,58,1.0
gtsrb,22,23,0,0.0
gtsrb,22,24,0,0.0
gtsrb,22,25,0,0.0
gtsrb,22,26,0,0.0
gtsrb,22,27,0,0.0
gtsrb,22,28,0,0.0
gtsrb,22,29,0,0.0
gtsrb,22,30,0,0.0
gtsrb,22,31,0,0.0
gtsrb,22,32,0,0.0
gtsrb,22,33,0,0.0
gtsrb,22,34,0,0.0
gtsrb,22,35,0,0.0
gtsrb,22,36,0,0.0
gtsrb,22,37,0,0.0
gtsrb,22,38,0,0.0
gtsrb,22,39,0,0.0
gtsrb,22,40,0,0.0
gtsrb,22,41,0,0.0
gtsrb,22,42,0,0.0
gtsrb,23,0,0,0.0
gtsrb,23,1,0,0.0
gtsrb,23,2,0,0.0
gtsrb,23,3,0,0.0
gtsrb,23,4,0,0.0
gtsrb,23,5,0,0.0
gtsrb,23,6,0,0.0
gtsrb,23,7,0,0.0
gtsrb,23,8,0,0.0
gtsrb,23,9,0,0.0
gtsrb,23,10,0,0.0
gtsrb,23,11,0,0.0
gtsrb,23,12,0,0.0
gtsrb,23,13,0,0.0
gtsrb,23,14,0,0.0
gtsrb,23,15,0,0.0
gtsrb,23,16,0,0.0
gtsrb,23,17,0,0.0
gtsrb,23,18,0,0.0
gtsrb,23,19,0,0.0
gtsrb,23,20,0,0.0
gtsrb,23,21,0,0.0
gtsrb,23,22,0,0.0
gtsrb,23,23,76,1.0
gtsrb,23,24,0,0.0
gtsrb,23,25,0,0.0
gtsrb,23,26,0,0.0
gtsrb,23,27,0,0.0
gtsrb,23,28,0,0.0
gtsrb,23,29,0,0.0
gtsrb,23,30,0,0.0
gtsrb,23,31,0,0.0
gtsrb,23,32,0,0.0
gtsrb,23,33,0,0.0
gtsrb,23,34,0,0.0
gtsrb,23,35,0,0.0
gtsrb,23,36,0,0.0
gtsrb,23,37,0,0.0
gtsrb,23,38,0,0.0
gtsrb,23,39,0,0.0
gtsrb,23,40,0,0.0
gtsrb,23,41,0,0.0
gtsrb,23,42,0,0.0
gtsrb,24,0,0,0.0
gtsrb,24,1,0,0.0
gtsrb,24,2,0,0.0
gtsrb,24,3,0,0.0
gtsrb,24,4,0,0.0
gtsrb,24,5,0,0.0
gtsrb,24,6,0,0.0
gtsrb,24,7,0,0.0
gtsrb,24,8,0,0.0
gtsrb,24,9,0,0.0
gtsrb,24,10,0,0.0
gtsrb,24,11,0,0.0
gtsrb,24,12,0,0.0
gtsrb,24,13,0,0.0
gtsrb,24,14,0,0.0
gtsrb,24,15,0,0.0
gtsrb,24,16,0,0.0
gtsrb,24,17,0,0.0
gtsrb,24,18,0,0.0
gtsrb,24,19,0,0.0
gtsrb,24,20,0,0.0
gtsrb,24,21,0,0.0
gtsrb,24,22,0,0.0
gtsrb,24,23,0,0.0
gtsrb,24,24,40,1.0
gtsrb,24,25,0,0.0
gtsrb,24,26,0,0.0
gtsrb,24,27,0,0.0
gtsrb,24,28,0,0.0
gtsrb,24,29,0,0.0
gtsrb,24,30,0,0.0
gtsrb,24,31,0,0.0
gtsrb,24,32,0,0.0
gtsrb,24,33,0,0.0
gtsrb,24,34,0,0.0
gtsrb,24,35,0,0.0
gtsrb,24,36,0,0.0
gtsrb,24,37,0,0.0
gtsrb,24,38,0,0.0
gtsrb,24,39,0,0.0
gtsrb,24,40,0,0.0
gtsrb,24,41,0,0.0
gtsrb,24,42,0,0.0
gtsrb,25,0,0,0.0
gtsrb,25,1,0,0.0
gtsrb,25,2,0,0.0
gtsrb,25,3,0,0.0
gtsrb,25,4,0,0.0
gtsrb,25,5,0,0.0
gtsrb,25,6,0,0.0
gtsrb,25,7,0,0.0
gtsrb,25,8,0,0.0
gtsrb,25,9,0,0.0
gtsrb,25,10,0,0.0
gtsrb,25,11,0,0.0
gtsrb,25,12,0,0.0
gtsrb,25,13,0,0.0
gtsrb,25,14,0,0.0
gtsrb,25,15,0,0.0
gtsrb,25,16,0,0.0
gtsrb,25,17,0,0.0
gtsrb,25,18,0,0.0
gtsrb,25,19,0,0.0
gtsrb,25,20,0,0.0
gtsrb,25,21,0,0.0
gtsrb,25,22,0,0.0
gtsrb,25,23,0,0.0
gtsrb,25,24,0,0.0
gtsrb,25,25,225,1.0
gtsrb,25,26,0,0.0
gtsrb,25,27,0,0.0
gtsrb,25,28,0,0.0
gtsrb,25,29,0,0.0
gtsrb,25,30,0,0.0
gtsrb,25,31,0,0.0
gtsrb,25,32,0,0.0
gtsrb,25,33,0,0.0
gtsrb,25,34,0,0.0
gtsrb,25,35,0,0.0
gtsrb,25,36,0,0.0
gtsrb,25,37,0,0.0
gtsrb,25,38,0,0.0
gtsrb,25,39,0,0.0
gtsrb,25,40,0,0.0
gtsrb,25,41,0,0.0
gtsrb,25,42,0,0.0
gtsrb,26,0,0,0.0
gtsrb,26,1,0,0.0
gtsrb,26,2,0,0.0
gtsrb,26,3,0,0.0
gtsrb,26,4,0,0.0
gtsrb,26,5,0,0.0
gtsrb,26,6,0,0.0
gtsrb,26,7,0,0.0
gtsrb,26,8,0,0.0
gtsrb,26,9,0,0.0
gtsrb,26,10,0,0.0
gtsrb,26,11,0,0.0
gtsrb,26,12,0,0.0
gtsrb,26,13,0,0.0
gtsrb,26,14,0,0.0
gtsrb,26,15,0,0.0
gtsrb,26,16,0,0.0
gtsrb,26,17,0,0.0
gtsrb,26,18,0,0.0
gtsrb,26,19,0,0.0
gtsrb,26,20,0,0.0
gtsrb,26,21,0,0.0
gtsrb,26,22,0,0.0
gtsrb,26,23,0,0.0
gtsrb,26,24,0,0.0
gtsrb,26,25,0,0.0
gtsrb,26,26,90,1.0
gtsrb,26,27,0,0.0
gtsrb,26,28,0,0.0
gtsrb,26,29,0,0.0
gtsrb,26,30,0,0.0
gtsrb,26,31,0,0.0
gtsrb,26,32,0,0.0
gtsrb,26,33,0,0.0
gtsrb,26,34,0,0.0
gtsrb,26,35,0,0.0
gtsrb,26,36,0,0.0
gtsrb,26,37,0,0.0
gtsrb,26,38,0,0.0
gtsrb,26,39,0,0.0
gtsrb,26,40,0,0.0
gtsrb,26,41,0,0.0
gtsrb,26,42,0,0.0
gtsrb,27,0,0,0.0
gtsrb,27,1,0,0.0
gtsrb,27,2,0,0.0
gtsrb,27,3,0,0.0
gtsrb,27,4,0,0.0
gtsrb,27,5,0,0.0
gtsrb,27,6,0,0.0
gtsrb,27,7,0,0.0
gtsrb,27,8,0,0.0
gtsrb,27,9,0,0.0
gtsrb,27,10,0,0.0
gtsrb,27,11,0,0.0
gtsrb,27,12,0,0.0
gtsrb,27,13,0,0.0
gtsrb,27,14,0,0.0
gtsrb,27,15,0,0.0
gtsrb,27,16,0,0.0
gtsrb,27,17,0,0.0
gtsrb,27,18,0,0.0
gtsrb,27,19,0,0.0
gtsrb,27,20,0,0.0
gtsrb,27,21,0,0.0
gtsrb,27,22,0,0.0
gtsrb,27,23,0,0.0
gtsrb,27,24,0,0.0
gtsrb,27,25,0,0.0
gtsrb,27,26,0,0.0
gtsrb,27,27,36,1.0
gtsrb,27,28,0,0.0
gtsrb,27,29,0,0.0
gtsrb,27,30,0,0.0
gtsrb,27,31,0,0.0
gtsrb,27,32,0,0.0
gtsrb,27,33,0,0.0
gtsrb,27,34,0,0.0
gtsrb,27,35,0,0.0
gtsrb,27,36,0,0.0
gtsrb,27,37,0,0.0
gtsrb,27,38,0,0.0
gtsrb,27,39,0,0.0
gtsrb,27,40,0,0.0
gtsrb,27,41,0,0.0
gtsrb,27,42,0,0.0
gtsrb,28,0,0,0.0
gtsrb,28,1,0,0.0
gtsrb,28,2,0,0.0
gtsrb,28,3,0,0.0
gtsrb,28,4,0,0.0
gtsrb,28,5,0,0.0
gtsrb,28,6,0,0.0
gtsrb,28,7,0,0.0
gtsrb,28,8,0,0.0
gtsrb,28,9,0,0.0
gtsrb,28,10,0,0.0
gtsrb,28,11,0,0.0
gtsrb,28,12,0,0.0
gtsrb,28,13,0,0.0
gtsrb,28,14,0,0.0
gtsrb,28,15,0,0.0
gtsrb,28,16,0,0.0
gtsrb,28,17,0,0.0
gtsrb,28,18,0,0.0
gtsrb,28,19,0,0.0
gtsrb,28,20,0,0.0
gtsrb,28,21,0,0.0
gtsrb,28,22,0,0.0
gtsrb,28,23,0,0.0
gtsrb,28,24,0,0.0
gtsrb,28,25,0,0.0
gtsrb,28,26,0,0.0
gtsrb,28,27,0,0.0
gtsrb,28,28,76,1.0
gtsrb,28,29,0,0.0
gtsrb,28,30,0,0.0
gtsrb,28,31,0,0.0
gtsrb,28,32,0,0.0
gtsrb,28,33,0,0.0
gtsrb,28,34,0,0.0
gtsrb,28,35,0,0.0
gtsrb,28,36,0,0.0
gtsrb,28,37,0,0.0
gtsrb,28,38,0,0.0
gtsrb,28,39,0,0.0
gtsrb,28,40,0,0.0
gtsrb,28,41,0,0.0
gtsrb,28,42,0,0.0
gtsrb,29,0,0,0.0
gtsrb,29,1,0,0.0
gtsrb,29,2,0,0.0
gtsrb,29,3,0,0.0
gtsrb,29,4,0,0.0
gtsrb,29,5,0,0.0
gtsrb,29,6,0,0.0
gtsrb,29,7,0,0.0
gtsrb,29,8,0,0.0
gtsrb,29,9,0,0.0
gtsrb,29,10,0,0.0
gtsrb,29,11,0,0.0
gtsrb,29,12,0,0.0
gtsrb,29,13,0,0.0
gtsrb,29,14,0,0.0
gtsrb,29,15,0,0.0
gtsrb,29,16,0,0.0
gtsrb,29,17,0,0.0
gtsrb,29,18,0,0.0
gtsrb,29,19,0,0.0
gtsrb,29,20,0,0.0
gtsrb,29,21,0,0.0
gtsrb,29,22,0,0.0
gtsrb,29,23,0,0.0
gtsrb,29,24,0,0.0
gtsrb,29,25,0,0.0
gtsrb,29,26,0,0.0
gtsrb,29,27,0,0.0
gtsrb,29,28,0,0.0
gtsrb,29,29,40,1.0
gtsrb,29,30,0,0.0
gtsrb,29,31,0,0.0
gtsrb,29,32,0,0.0
gtsrb,29,33,0,0.0
gtsrb,29,34,0,0.0
gtsrb,29,35,0,0.0
gtsrb,29,36,0,0.0
gtsrb,29,37,0,0.0
gtsrb,29,38,0,0.0
gtsrb,29,39,0,0.0
gtsrb,29,40,0,0.0
gtsrb,29,41,0,0.0
gtsrb,29,42,0,0.0
gtsrb,30,0,0,0.0
gtsrb,30,1,0,0.0
gtsrb,30,2,0,0.0
gtsrb,30,3,0,0.0
gtsrb,30,4,0,0.0
gtsrb,30,5,0,0.0
gtsrb,30,6,0,0.0
gtsrb,30,7,0,0.0
gtsrb,30,8,0,0.0
gtsrb,30,9,0,0.0
gtsrb,30,10,0,0.0
gtsrb,30,11,0,0.0
gtsrb,30,12,0,0.0
gtsrb,30,13,0,0.0
gtsrb,30,14,0,0.0
gtsrb,30,15,0,0.0
gtsrb,30,16,0,0.0
gtsrb,30,17,0,0.0
gtsrb,30,18,0,0.0
gtsrb,30,19,0,0.0
gtsrb,30,20,0,0.0
gtsrb,30,21,0,0.0
gtsrb,30,22,0,0.0
gtsrb,30,23,0,0.0
gtsrb,30,24,0,0.0
gtsrb,30,25,0,0.0
gtsrb,30,26,0,0.0
gtsrb,30,27,0,0.0
gtsrb,30,28,0,0.0
gtsrb,30,29,0,0.0
gtsrb,30,30,67,1.0
gtsrb,30,31,0,0.0
gtsrb,30,32,0,0.0
gtsrb,30,33,0,0.0
gtsrb,30,34,0,0.0
gtsrb,30,35,0,0.0
gtsrb,30,36,0,0.0
gtsrb,30,37,0,0.0
gtsrb,30,38,0,0.0
gtsrb,30,39,0,0.0
gtsrb,30,40,0,0.0
gtsrb,30,41,0,0.0
gtsrb,30,42,0,0.0
gtsrb,31,0,0,0.0
gtsrb,31,1,0,0.0
gtsrb,31,2,0,0.0
gtsrb,31,3,0,0.0
gtsrb,31,4,1,0.008264462809917356
gtsrb,31,5,0,0.0
gtsrb,31,6,0,0.0
gtsrb,31,7,0,0.0
gtsrb,31,8,0,0.0
gtsrb,31,9,0,0.0
gtsrb,31,10,0,0.0
gtsrb,31,11,0,0.0
gtsrb,31,12,0,0.0
gtsrb,31,13,0,0.0
gtsrb,31,14,0,0.0
gtsrb,31,15,0,0.0
gtsrb,31,16,0,0.0
gtsrb,31,17,0,0.0
gtsrb,31,18,0,0.0
gtsrb,31,19,0,0.0
gtsrb,31,20,0,0.0
gtsrb,31,21,0,0.0
gtsrb,31,22,0,0.0
gtsrb,31,23,0,0.0
gtsrb,31,24,0,0.0
gtsrb,31,25,0,0.0
gtsrb,31,26,0,0.0
gtsrb,31,27,0,0.0
gtsrb,31,28,0,0.0
gtsrb,31,29,0,0.0
gtsrb,31,30,0,0.0
gtsrb,31,31,120,0.9917355371900827
gtsrb,31,32,0,0.0
gtsrb,31,33,0,0.0
gtsrb,31,34,0,0.0
gtsrb,31,35,0,0.0
gtsrb,31,36,0,0.0
gtsrb,31,37,0,0.0
gtsrb,31,38,0,0.0
gtsrb,31,39,0,0.0
gtsrb,31,40,0,0.0
gtsrb,31,41,0,0.0
gtsrb,31,42,0,0.0
gtsrb,32,0,0,0.0
gtsrb,32,1,0,0.0
gtsrb,32,2,0,0.0
gtsrb,32,3,0,0.0
gtsrb,32,4,0,0.0
gtsrb,32,5,0,0.0
gtsrb,32,6,0,0.0
gtsrb,32,7,0,0.0
gtsrb,32,8,0,0.0
gtsrb,32,9,0,0.0
gtsrb,32,10,0,0.0
gtsrb,32,11,0,0.0
gtsrb,32,12,0,0.0
gtsrb,32,13,0,0.0
gtsrb,32,14,0,0.0
gtsrb,32,15,0,0.0
gtsrb,32,16,0,0.0
gtsrb,32,17,0,0.0
gtsrb,32,18,0,0.0
gtsrb,32,19,0,0.0
gtsrb,32,20,0,0.0
gtsrb,32,21,0,0.0
gtsrb,32,22,0,0.0
gtsrb,32,23,0,0.0
gtsrb,32,24,0,0.0
gtsrb,32,25,0,0.0
gtsrb,32,26,0,0.0
gtsrb,32,27,0,0.0
gtsrb,32,28,0,0.0
gtsrb,32,29,0,0.0
gtsrb,32,30,0,0.0
gtsrb,32,31,0,0.0
gtsrb,32,32,36,1.0
gtsrb,32,33,0,0.0
gtsrb,32,34,0,0.0
gtsrb,32,35,0,0.0
gtsrb,32,36,0,0.0
gtsrb,32,37,0,0.0
gtsrb,32,38,0,0.0
gtsrb,32,39,0,0.0
gtsrb,32,40,0,0.0
gtsrb,32,41,0,0.0
gtsrb,32,42,0,0.0
gtsrb,33,0,0,0.0
gtsrb,33,1,0,0.0
gtsrb,33,2,0,0.0
gtsrb,33,3,0,0.0
gtsrb,33,4,0,0.0
gtsrb,33,5,0,0.0
gtsrb,33,6,0,0.0
gtsrb,33,7,0,0.0
gtsrb,33,8,0,0.0
gtsrb,33,9,0,0.0
gtsrb,33,10,0,0.0
gtsrb,33,11,0,0.0
gtsrb,33,12,0,0.0
gtsrb,33,13,0,0.0
gtsrb,33,14,0,0.0
gtsrb,33,15,0,0.0
gtsrb,33,16,0,0.0
gtsrb,33,17,0,0.0
gtsrb,33,18,0,0.0
gtsrb,33,19,0,0.0
gtsrb,33,20,0,0.0
gtsrb,33,21,0,0.0
gtsrb,33,22,0,0.0
gtsrb,33,23,0,0.0
gtsrb,33,24,0,0.0
gtsrb,33,25,0,0.0
gtsrb,33,26,0,0.0
gtsrb,33,27,0,0.0
gtsrb,33,28,0,0.0
gtsrb,33,29,0,0.0
gtsrb,33,30,0,0.0
gtsrb,33,31,0,0.0
gtsrb,33,32,0,0.0
gtsrb,33,33,102,0.9902912621359223
gtsrb,33,34,1,0.009708737864077669
gtsrb,33,35,0,0.0
gtsrb,33,36,0,0.0
gtsrb,33,37,0,0.0
gtsrb,33,38,0,0.0
gtsrb,33,39,0,0.0
gtsrb,33,40,0,0.0
gtsrb,33,41,0,0.0
gtsrb,33,42,0,0.0
gtsrb,34,0,0,0.0
gtsrb,34,1,0,0.0
gtsrb,34,2,0,0.0
gtsrb,34,3,0,0.0
gtsrb,34,4,0,0.0
gtsrb,34,5,0,0.0
gtsrb,34,6,0,0.0
gtsrb,34,7,0,0.0
gtsrb,34,8,0,0.0
gtsrb,34,9,0,0.0
gtsrb,34,10,0,0.0
gtsrb,34,11,0,0.0
gtsrb,34,12,0,0.0
gtsrb,34,13,0,0.0
gtsrb,34,14,0,0.0
gtsrb,34,15,0,0.0
gtsrb,34,16,0,0.0
gtsrb,34,17,0,0.0
gtsrb,34,18,0,0.0
gtsrb,34,19,0,0.0
gtsrb,34,20,0,0.0
gtsrb,34,21,0,0.0
gtsrb,34,22,0,0.0
gtsrb,34,23,0,0.0
gtsrb,34,24,0,0.0
gtsrb,34,25,0,0.0
gtsrb,34,26,0,0.0
gtsrb,34,27,0,0.0
gtsrb,34,28,0,0.0
gtsrb,34,29,0,0.0
gtsrb,34,30,0,0.0
gtsrb,34,31,0,0.0
gtsrb,34,32,0,0.0
gtsrb,34,33,0,0.0
gtsrb,34,34,63,1.0
gtsrb,34,35,0,0.0
gtsrb,34,36,0,0.0
gtsrb,34,37,0,0.0
gtsrb,34,38,0,0.0
gtsrb,34,39,0,0.0
gtsrb,34,40,0,0.0
gtsrb,34,41,0,0.0
gtsrb,34,42,0,0.0
gtsrb,35,0,0,0.0
gtsrb,35,1,0,0.0
gtsrb,35,2,0,0.0
gtsrb,35,3,0,0.0
gtsrb,35,4,0,0.0
gtsrb,35,5,0,0.0
gtsrb,35,6,0,0.0
gtsrb,35,7,0,0.0
gtsrb,35,8,0,0.0
gtsrb,35,9,0,0.0
gtsrb,35,10,0,0.0
gtsrb,35,11,0,0.0
gtsrb,35,12,0,0.0
gtsrb,35,13,0,0.0
gtsrb,35,14,0,0.0
gtsrb,35,15,0,0.0
gtsrb,35,16,0,0.0
gtsrb,35,17,0,0.0
gtsrb,35,18,0,0.0
gtsrb,35,19,0,0.0
gtsrb,35,20,0,0.0
gtsrb,35,21,0,0.0
gtsrb,35,22,0,0.0
gtsrb,35,23,0,0.0
gtsrb,35,24,0,0.0
gtsrb,35,25,0,0.0
gtsrb,35,26,0,0.0
gtsrb,35,27,0,0.0
gtsrb,35,28,0,0.0
gtsrb,35,29,0,0.0
gtsrb,35,30,0,0.0
gtsrb,35,31,0,0.0
gtsrb,35,32,0,0.0
gtsrb,35,33,0,0.0
gtsrb,35,34,0,0.0
gtsrb,35,35,180,1.0
gtsrb,35,36,0,0.0
gtsrb,35,37,0,0.0
gtsrb,35,38,0,0.0
gtsrb,35,39,0,0.0
gtsrb,35,40,0,0.0
gtsrb,35,41,0,0.0
gtsrb,35,42,0,0.0
gtsrb,36,0,0,0.0
gtsrb,36,1,0,0.0
gtsrb,36,2,0,0.0
gtsrb,36,3,0,0.0
gtsrb,36,4,0,0.0
gtsrb,36,5,0,0.0
gtsrb,36,6,0,0.0
gtsrb,36,7,0,0.0
gtsrb,36,8,0,0.0
gtsrb,36,9,0,0.0
gtsrb,36,10,0,0.0
gtsrb,36,11,0,0.0
gtsrb,36,12,0,0.0
gtsrb,36,13,0,0.0
gtsrb,36,14,0,0.0
gtsrb,36,15,0,0.0
gtsrb,36,16,0,0.0
gtsrb,36,17,0,0.0
gtsrb,36,18,0,0.0
gtsrb,36,19,0,0.0
gtsrb,36,20,0,0.0
gtsrb,36,21,0,0.0
gtsrb,36,22,0,0.0
gtsrb,36,23,0,0.0
gtsrb,36,24,0,0.0
gtsrb,36,25,0,0.0
gtsrb,36,26,0,0.0
gtsrb,36,27,0,0.0
gtsrb,36,28,0,0.0
gtsrb,36,29,0,0.0
gtsrb,36,30,0,0.0
gtsrb,36,31,0,0.0
gtsrb,36,32,0,0.0
gtsrb,36,33,0,0.0
gtsrb,36,34,0,0.0
gtsrb,36,35,0,0.0
gtsrb,36,36,58,1.0
gtsrb,36,37,0,0.0
gtsrb,36,38,0,0.0
gtsrb,36,39,0,0.0
gtsrb,36,40,0,0.0
gtsrb,36,41,0,0.0
gtsrb,36,42,0,0.0
gtsrb,37,0,0,0.0
gtsrb,37,1,0,0.0
gtsrb,37,2,0,0.0
gtsrb,37,3,0,0.0
gtsrb,37,4,0,0.0
gtsrb,37,5,0,0.0
gtsrb,37,6,0,0.0
gtsrb,37,7,0,0.0
gtsrb,37,8,0,0.0
gtsrb,37,9,0,0.0
gtsrb,37,10,0,0.0
gtsrb,37,11,0,0.0
gtsrb,37,12,0,0.0
gtsrb,37,13,0,0.0
gtsrb,37,14,0,0.0
gtsrb,37,15,0,0.0
gtsrb,37,16,0,0.0
gtsrb,37,17,0,0.0
gtsrb,37,18,0,0.0
gtsrb,37,19,0,0.0
gtsrb,37,20,0,0.0
gtsrb,37,21,0,0.0
gtsrb,37,22,0,0.0
gtsrb,37,23,0,0.0
gtsrb,37,24,0,0.0
gtsrb,37,25,0,0.0
gtsrb,37,26,0,0.0
gtsrb,37,27,0,0.0
gtsrb,37,28,0,0.0
gtsrb,37,29,0,0.0
gtsrb,37,30,0,0.0
gtsrb,37,31,0,0.0
gtsrb,37,32,0,0.0
gtsrb,37,33,0,0.0
gtsrb,37,34,0,0.0
gtsrb,37,35,0,0.0
gtsrb,37,36,0,0.0
gtsrb,37,37,31,1.0
gtsrb,37,38,0,0.0
gtsrb,37,39,0,0.0
gtsrb,37,40,0,0.0
gtsrb,37,41,0,0.0
gtsrb,37,42,0,0.0
gtsrb,38,0,0,0.0
gtsrb,38,1,0,0.0
gtsrb,38,2,0,0.0
gtsrb,38,3,0,0.0
gtsrb,38,4,0,0.0
gtsrb,38,5,0,0.0
gtsrb,38,6,0,0.0
gtsrb,38,7,0,0.0
gtsrb,38,8,0,0.0
gtsrb,38,9,0,0.0
gtsrb,38,10,0,0.0
gtsrb,38,11,0,0.0
gtsrb,38,12,0,0.0
gtsrb,38,13,0,0.0
gtsrb,38,14,0,0.0
gtsrb,38,15,0,0.0
gtsrb,38,16,0,0.0
gtsrb,38,17,0,0.0
gtsrb,38,18,0,0.0
gtsrb,38,19,0,0.0
gtsrb,38,20,0,0.0
gtsrb,38,21,0,0.0
gtsrb,38,22,0,0.0
gtsrb,38,23,0,0.0
gtsrb,38,24,0,0.0
gtsrb,38,25,0,0.0
gtsrb,38,26,0,0.0
gtsrb,38,27,0,0.0
gtsrb,38,28,0,0.0
gtsrb,38,29,0,0.0
gtsrb,38,30,0,0.0
gtsrb,38,31,0,0.0
gtsrb,38,32,0,0.0
gtsrb,38,33,0,0.0
gtsrb,38,34,1,0.0032258064516129032
gtsrb,38,35,0,0.0
gtsrb,38,36,0,0.0
gtsrb,38,37,0,0.0
gtsrb,38,38,309,0.9967741935483871
gtsrb,38,39,0,0.0
gtsrb,38,40,0,0.0
gtsrb,38,41,0,0.0
gtsrb,38,42,0,0.0
gtsrb,39,0,0,0.0
gtsrb,39,1,0,0.0
gtsrb,39,2,0,0.0
gtsrb,39,3,0,0.0
gtsrb,39,4,0,0.0
gtsrb,39,5,0,0.0
gtsrb,39,6,0,0.0
gtsrb,39,7,0,0.0
gtsrb,39,8,0,0.0
gtsrb,39,9,0,0.0
gtsrb,39,10,0,0.0
gtsrb,39,11,0,0.0
gtsrb,39,12,0,0.0
gtsrb,39,13,0,0.0
gtsrb,39,14,0,0.0
gtsrb,39,15,0,0.0
gtsrb,39,16,0,0.0
gtsrb,39,17,0,0.0
gtsrb,39,18,0,0.0
gtsrb,39,19,0,0.0
gtsrb,39,20,0,0.0
gtsrb,39,21,0,0.0
gtsrb,39,22,0,0.0
gtsrb,39,23,0,0.0
gtsrb,39,24,0,0.0
gtsrb,39,25,0,0.0
gtsrb,39,26,0,0.0
gtsrb,39,27,0,0.0
gtsrb,39,28,0,0.0
gtsrb,39,29,0,0.0
gtsrb,39,30,0,0.0
gtsrb,39,31,0,0.0
gtsrb,39,32,0,0.0
gtsrb,39,33,0,0.0
gtsrb,39,34,0,0.0
gtsrb,39,35,0,0.0
gtsrb,39,36,0,0.0
gtsrb,39,37,0,0.0
gtsrb,39,38,1,0.022222222222222223
gtsrb,39,39,44,0.9777777777777777
gtsrb,39,40,0,0.0
gtsrb,39,41,0,0.0
gtsrb,39,42,0,0.0
gtsrb,40,0,0,0.0
gtsrb,40,1,0,0.0
gtsrb,40,2,0,0.0
gtsrb,40,3,0,0.0
gtsrb,40,4,0,0.0
gtsrb,40,5,0,0.0
gtsrb,40,6,0,0.0
gtsrb,40,7,0,0.0
gtsrb,40,8,0,0.0
gtsrb,40,9,0,0.0
gtsrb,40,10,0,0.0
gtsrb,40,11,0,0.0
gtsrb,40,12,0,0.0
gtsrb,40,13,0,0.0
gtsrb,40,14,0,0.0
gtsrb,40,15,0,0.0
gtsrb,40,16,0,0.0
gtsrb,40,17,0,0.0
gtsrb,40,18,0,0.0
gtsrb,40,19,0,0.0
gtsrb,40,20,0,0.0
gtsrb,40,21,0,0.0
gtsrb,40,22,0,0.0
gtsrb,40,23,0,0.0
gtsrb,40,24,0,0.0
gtsrb,40,25,0,0.0
gtsrb,40,26,0,0.0
gtsrb,40,27,0,0.0
gtsrb,40,28,0,0.0
gtsrb,40,29,0,0.0
gtsrb,40,30,0,0.0
gtsrb,40,31,0,0.0
gtsrb,40,32,0,0.0
gtsrb,40,33,0,0.0
gtsrb,40,34,0,0.0
gtsrb,40,35,0,0.0
gtsrb,40,36,0,0.0
gtsrb,40,37,0,0.0
gtsrb,40,38,0,0.0
gtsrb,40,39,0,0.0
gtsrb,40,40,49,1.0
gtsrb,40,41,0,0.0
gtsrb,40,42,0,0.0
gtsrb,41,0,0,0.0
gtsrb,41,1,0,0.0
gtsrb,41,2,0,0.0
gtsrb,41,3,0,0.0
gtsrb,41,4,0,0.0
gtsrb,41,5,0,0.0
gtsrb,41,6,0,0.0
gtsrb,41,7,0,0.0
gtsrb,41,8,0,0.0
gtsrb,41,9,0,0.0
gtsrb,41,10,0,0.0
gtsrb,41,11,0,0.0
gtsrb,41,12,0,0.0
gtsrb,41,13,0,0.0
gtsrb,41,14,0,0.0
gtsrb,41,15,0,0.0
gtsrb,41,16,0,0.0
gtsrb,41,17,0,0.0
gtsrb,41,18,0,0.0
gtsrb,41,19,0,0.0
gtsrb,41,20,0,0.0
gtsrb,41,21,0,0.0
gtsrb,41,22,0,0.0
gtsrb,41,23,0,0.0
gtsrb,41,24,0,0.0
gtsrb,41,25,0,0.0
gtsrb,41,26,0,0.0
gtsrb,41,27,0,0.0
gtsrb,41,28,0,0.0
gtsrb,41,29,0,0.0
gtsrb,41,30,0,0.0
gtsrb,41,31,0,0.0
gtsrb,41,32,0,0.0
gtsrb,41,33,0,0.0
gtsrb,41,34,0,0.0
gtsrb,41,35,0,0.0
gtsrb,41,36,0,0.0
gtsrb,41,37,0,0.0
gtsrb,41,38,0,0.0
gtsrb,41,39,0,0.0
gtsrb,41,40,0,0.0
gtsrb,41,41,36,1.0
gtsrb,41,42,0,0.0
gtsrb,42,0,0,0.0
gtsrb,42,1,0,0.0
gtsrb,42,2,0,0.0
gtsrb,42,3,0,0.0
gtsrb,42,4,0,0.0
gtsrb,42,5,0,0.0
gtsrb,42,6,0,0.0
gtsrb,42,7,0,0.0
gtsrb,42,8,0,0.0
gtsrb,42,9,0,0.0
gtsrb,42,10,0,0.0
gtsrb,42,11,0,0.0
gtsrb,42,12,0,0.0
gtsrb,42,13,0,0.0
gtsrb,42,14,0,0.0
gtsrb,42,15,0,0.0
gtsrb,42,16,0,0.0
gtsrb,42,17,0,0.0
gtsrb,42,18,0,0.0
gtsrb,42,19,0,0.0
gtsrb,42,20,0,0.0
gtsrb,42,21,0,0.0
gtsrb,42,22,0,0.0
gtsrb,42,23,0,0.0
gtsrb,42,24,0,0.0
gtsrb,42,25,0,0.0
gtsrb,42,26,0,0.0
gtsrb,42,27,0,0.0
gtsrb,42,28,0,0.0
gtsrb,42,29,0,0.0
gtsrb,42,30,0,0.0
gtsrb,42,31,0,0.0
gtsrb,42,32,0,0.0
gtsrb,42,33,0,0.0
gtsrb,42,34,0,0.0
gtsrb,42,35,0,0.0
gtsrb,42,36,0,0.0
gtsrb,42,37,0,0.0
gtsrb,42,38,0,0.0
gtsrb,42,39,0,0.0
gtsrb,42,40,0,0.0
gtsrb,42,41,0,0.0
gtsrb,42,42,40,1.0
fer2013,0,0,280,0.3768506056527591
fer2013,0,1,9,0.012113055181695828
fer2013,0,2,100,0.13458950201884254
fer2013,0,3,75,0.1009421265141319
fer2013,0,4,141,0.18977119784656796
fer2013,0,5,32,0.04306864064602961
fer2013,0,6,106,0.1426648721399731
fer2013,1,0,12,0.14634146341463414
fer2013,1,1,31,0.3780487804878049
fer2013,1,2,14,0.17073170731707318
fer2013,1,3,0,0.0
fer2013,1,4,15,0.18292682926829268
fer2013,1,5,6,0.07317073170731707
fer2013,1,6,4,0.04878048780487805
fer2013,2,0,92,0.11979166666666667
fer2013,2,1,2,0.0026041666666666665
fer2013,2,2,262,0.3411458333333333
fer2013,2,3,80,0.10416666666666667
fer2013,2,4,170,0.22135416666666666
fer2013,2,5,66,0.0859375
fer2013,2,6,96,0.125
fer2013,3,0,74,0.05489614243323442
fer2013,3,1,2,0.001483679525222552
fer2013,3,2,54,0.040059347181008904
fer2013,3,3,992,0.7359050445103857
fer2013,3,4,101,0.07492581602373888
fer2013,3,5,33,0.024480712166172106
fer2013,3,6,92,0.06824925816023739
fer2013,4,0,95,0.10428100987925357
fer2013,4,1,9,0.009879253567508232
fer2013,4,2,167,0.18331503841931943
fer2013,4,3,93,0.10208562019758508
fer2013,4,4,356,0.3907793633369923
fer2013,4,5,22,0.024149286498353458
fer2013,4,6,169,0.18551042810098792
fer2013,5,0,29,0.04833333333333333
fer2013,5,1,1,0.0016666666666666668
fer2013,5,2,76,0.12666666666666668
fer2013,5,3,45,0.075
fer2013,5,4,22,0.03666666666666667
fer2013,5,5,383,0.6383333333333333
fer2013,5,6,44,0.07333333333333333
fer2013,6,0,92,0.0989247311827957
fer2013,6,1,5,0.005376344086021506
fer2013,6,2,110,0.11827956989247312
fer2013,6,3,114,0.12258064516129032
fer2013,6,4,155,0.16666666666666666
fer2013,6,5,21,0.02258064516129032
fer2013,6,6,433,0.46559139784946235
