accuracy,accuracy_degradation,entropy_global_bits_mean,fidelity_mean,fidelity_min,id,macro_f1,macro_f1_degradation,noise_scale,output_mae,output_rmse,purity_global_mean,relative_l2_error,sampling_seed,scope,shot_standard_error_y_mean,shots,snr_db_auxiliary,snr_status,test_examples,trace_distance_max,trace_distance_mean,dataset,shot_label,accuracy_change_pp,f1_change_pp
0.993046294532292,0.0,1.6768316635268644e-14,1.0,1.0,n0-sexact-rnone,0.9930490004656918,0.0,0.0,0.0,0.0,1.0,0.0,,full_test,0.0,,,zero_error_infinite,10498,0.0,0.0,mnist,exata,-0.0,-0.0
0.9926652695751572,0.0003810249571346,1.6768316635268644e-14,1.0,1.0,n0-s256-r42,0.992678040506721,0.0003709599589707,0.0,0.0326395397029799,0.0445128110187408,1.0,0.0633971989181925,42.0,full_test,0.0409205006168762,256.0,23.95859860301082,finite,10498,0.0,0.0,mnist,256,-0.03810249571346,-0.03709599589707
0.9929510382930082,9.525623928363648e-05,1.6768316635268644e-14,1.0,1.0,n0-s256-r43,0.992946364732046,0.0001026357336457,0.0,0.0326295400544872,0.0444948973781104,1.0,0.0633716854848145,43.0,full_test,0.0409205006168762,256.0,23.96209483744793,finite,10498,0.0,0.0,mnist,256,-0.009525623928363649,-0.01026357336457
0.9929510382930082,9.525623928363648e-05,1.6768316635268644e-14,1.0,1.0,n0-s256-r44,0.992950205499924,9.879496576792324e-05,0.0,0.0326460165485761,0.0444532528222882,1.0,0.0633123733872655,44.0,full_test,0.0409205006168762,256.0,23.970228116026803,finite,10498,0.0,0.0,mnist,256,-0.009525623928363649,-0.009879496576792324
0.9925700133358736,0.0004762811964184,1.6768316635268644e-14,1.0,1.0,n0-s256-r45,0.9925518737761172,0.0004971266895744,0.0,0.0326929899620488,0.0445624332650837,1.0,0.0634678732106078,45.0,full_test,0.0409205006168762,256.0,23.948921090400464,finite,10498,0.0,0.0,mnist,256,-0.04762811964184,-0.049712668957440004
0.9928557820537244,0.0001905124785673,1.6768316635268644e-14,1.0,1.0,n0-s256-r46,0.9928503223452896,0.0001986781204021,0.0,0.0326450933812889,0.0444636056474183,1.0,0.0633271183584125,46.0,full_test,0.0409205006168762,256.0,23.968205473786035,finite,10498,0.0,0.0,mnist,256,-0.01905124785673,-0.01986781204021
0.9929510382930082,9.525623928363648e-05,1.6768316635268644e-14,1.0,1.0,n0-s1024-r42,0.9929469442285004,0.0001020562371915,0.0,0.0163034897835279,0.0222217402241113,1.0,0.0316492275606511,42.0,full_test,0.0204602503084381,1024.0,29.992737700446273,finite,10498,0.0,0.0,mnist,1024,-0.009525623928363649,-0.01020562371915
0.9932368070108591,-0.0001905124785673,1.6768316635268644e-14,1.0,1.0,n0-s1024-r43,0.9932368910419704,-0.0001878905762786,0.0,0.0163484658041057,0.0222759745648138,1.0,0.0317264706106185,43.0,full_test,0.0204602503084381,1024.0,29.971564760063615,finite,10498,0.0,0.0,mnist,1024,0.01905124785673,0.01878905762786
0.9929510382930082,9.525623928363648e-05,1.6768316635268644e-14,1.0,1.0,n0-s1024-r44,0.9929516332346148,9.736723107689472e-05,0.0,0.0162989884150969,0.0222553362941685,1.0,0.0316970766334806,44.0,full_test,0.0204602503084381,1024.0,29.979615803274456,finite,10498,0.0,0.0,mnist,1024,-0.009525623928363649,-0.009736723107689473
0.9931415507715756,-9.525623928363648e-05,1.6768316635268644e-14,1.0,1.0,n0-s1024-r45,0.9931497667084777,-0.0001007662427857,0.0,0.016305578913579,0.0222565373621801,1.0,0.0316987872499505,45.0,full_test,0.0204602503084381,1024.0,29.979147058944328,finite,10498,0.0,0.0,mnist,1024,0.009525623928363649,0.01007662427857
0.9927605258144409,0.000285768717851,1.6768316635268644e-14,1.0,1.0,n0-s1024-r46,0.9927551747949857,0.0002938256707061,0.0,0.0163310700028373,0.0222443813151994,1.0,0.0316814740470578,46.0,full_test,0.0204602503084381,1024.0,29.983892403007953,finite,10498,0.0,0.0,mnist,1024,-0.0285768717851,-0.02938256707061
0.9931415507715756,-9.525623928363648e-05,1.6768316635268644e-14,1.0,1.0,n0-s4096-r42,0.993142154122542,-9.315365685025334e-05,0.0,0.0081536142306707,0.0111190630279907,1.0,0.0158362825091558,42.0,full_test,0.010230125154219,4096.0,36.006935186296246,finite,10498,0.0,0.0,mnist,4096,0.009525623928363649,0.009315365685025334
0.993046294532292,0.0,1.6768316635268644e-14,1.0,1.0,n0-s4096-r43,0.9930459119960996,3.088469592071874e-06,0.0,0.0081285848047165,0.011072029079452,1.0,0.0157692945898767,43.0,full_test,0.010230125154219,4096.0,36.04375467188237,finite,10498,0.0,0.0,mnist,4096,-0.0,-0.0003088469592071874
0.9931415507715756,-9.525623928363648e-05,1.6768316635268644e-14,1.0,1.0,n0-s4096-r44,0.9931391067114912,-9.010624579941506e-05,0.0,0.0081596264065586,0.0111136719913803,1.0,0.0158286043461161,44.0,full_test,0.010230125154219,4096.0,36.01114752903401,finite,10498,0.0,0.0,mnist,4096,0.009525623928363649,0.009010624579941506
0.9928557820537244,0.0001905124785673,1.6768316635268644e-14,1.0,1.0,n0-s4096-r45,0.992851916273772,0.0001970841919197,0.0,0.0081489385742058,0.0111142866237111,1.0,0.0158294797338358,45.0,full_test,0.010230125154219,4096.0,36.01066717645762,finite,10498,0.0,0.0,mnist,4096,-0.01905124785673,-0.01970841919197
0.9929510382930082,9.525623928363648e-05,1.6768316635268644e-14,1.0,1.0,n0-s4096-r46,0.9929438557589082,0.0001051447067835,0.0,0.0081892708132923,0.0111517234132215,1.0,0.0158827989364907,46.0,full_test,0.010230125154219,4096.0,35.98145923772384,finite,10498,0.0,0.0,mnist,4096,-0.009525623928363649,-0.01051447067835
0.993046294532292,0.0,1.3205656159860255,0.8443564698112256,0.8346361422338794,n0.5-sexact-rnone,0.9930490004656918,0.0,0.5,0.0866315248540238,0.0954796882402109,0.7142961962759198,0.1359865766613381,,full_test,0.0,,17.330079181070097,finite,10498,0.1654656304758516,0.1557566842081148,mnist,exata,-0.0,-0.0
0.9929510382930082,9.525623928363648e-05,1.3205656159860255,0.8443564698112256,0.8346361422338794,n0.5-s256-r42,0.9929349246419924,0.0001140758236994,0.5,0.0941570933909324,0.1076649991754599,0.7142961962759198,0.1533414586281669,42.0,full_test,0.048473272163836,256.0,16.286808198516102,finite,10498,0.1654656304758516,0.1557566842081148,mnist,256,-0.009525623928363649,-0.01140758236994
0.9927605258144409,0.000285768717851,1.3205656159860255,0.8443564698112256,0.8346361422338794,n0.5-s256-r43,0.9927626967576092,0.0002863037080825,0.5,0.0939756503097876,0.1074752276036401,0.7142961962759198,0.1530711772010378,43.0,full_test,0.048473272163836,256.0,16.302131556508733,finite,10498,0.1654656304758516,0.1557566842081148,mnist,256,-0.0285768717851,-0.028630370808249997
0.9928557820537244,0.0001905124785673,1.3205656159860255,0.8443564698112256,0.8346361422338794,n0.5-s256-r44,0.9928509003984758,0.0001981000672159,0.5,0.0941483554898075,0.1077111998086593,0.7142961962759198,0.1534072597012974,44.0,full_test,0.048473272163836,256.0,16.283081755118673,finite,10498,0.1654656304758516,0.1557566842081148,mnist,256,-0.01905124785673,-0.019810006721589998
0.9926652695751572,0.0003810249571346,1.3205656159860255,0.8443564698112256,0.8346361422338794,n0.5-s256-r45,0.9926596123106786,0.0003893881550132,0.5,0.0939088248227787,0.1074381551680161,0.7142961962759198,0.1530183769279963,45.0,full_test,0.048473272163836,256.0,16.305128178529056,finite,10498,0.1654656304758516,0.1557566842081148,mnist,256,-0.03810249571346,-0.03893881550132
0.9927605258144409,0.000285768717851,1.3205656159860255,0.8443564698112256,0.8346361422338794,n0.5-s256-r46,0.992752588597759,0.0002964118679328,0.5,0.094147942429644,0.107651895286274,0.7142961962759198,0.1533227954646798,46.0,full_test,0.048473272163836,256.0,16.287865421041282,finite,10498,0.1654656304758516,0.1557566842081148,mnist,256,-0.0285768717851,-0.02964118679328
0.9928557820537244,0.0001905124785673,1.3205656159860255,0.8443564698112256,0.8346361422338794,n0.5-s1024-r42,0.9928494217984204,0.0001995786672712,0.5,0.0885075741940217,0.0984789816838402,0.7142961962759198,0.1402583087471806,42.0,full_test,0.024236636081918,1024.0,17.061428043693432,finite,10498,0.1654656304758516,0.1557566842081148,mnist,1024,-0.01905124785673,-0.01995786672712
0.9927605258144409,0.000285768717851,1.3205656159860255,0.8443564698112256,0.8346361422338794,n0.5-s1024-r43,0.9927514653566856,0.0002975351090063,0.5,0.0886108365306235,0.0985832628414312,0.7142961962759198,0.1404068307825208,43.0,full_test,0.024236636081918,1024.0,17.052235265920142,finite,10498,0.1654656304758516,0.1557566842081148,mnist,1024,-0.0285768717851,-0.02975351090063
0.993046294532292,0.0,1.3205656159860255,0.8443564698112256,0.8346361422338794,n0.5-s1024-r44,0.9930444076133992,4.59285229270634e-06,0.5,0.0885463375264153,0.0985231519404432,0.7142961962759198,0.1403212180642971,44.0,full_test,0.024236636081918,1024.0,17.057533080999285,finite,10498,0.1654656304758516,0.1557566842081148,mnist,1024,-0.0,-0.000459285229270634
0.9928557820537244,0.0001905124785673,1.3205656159860255,0.8443564698112256,0.8346361422338794,n0.5-s1024-r45,0.992866164247926,0.0001828362177658,0.5,0.0886500551289607,0.0986031490083169,0.7142961962759198,0.1404351535787882,45.0,full_test,0.024236636081918,1024.0,17.050483329264278,finite,10498,0.1654656304758516,0.1557566842081148,mnist,1024,-0.01905124785673,-0.018283621776579998
0.9928557820537244,0.0001905124785673,1.3205656159860255,0.8443564698112256,0.8346361422338794,n0.5-s1024-r46,0.9928522885758426,0.0001967118898491,0.5,0.0887841047457603,0.0987475002262859,0.7142961962759198,0.140640745242631,46.0,full_test,0.024236636081918,1024.0,17.037776819537914,finite,10498,0.1654656304758516,0.1557566842081148,mnist,1024,-0.01905124785673,-0.01967118898491
0.993046294532292,0.0,1.3205656159860255,0.8443564698112256,0.8346361422338794,n0.5-s4096-r42,0.9930459119960996,3.088469592071874e-06,0.5,0.0871528667180262,0.0962789650481434,0.7142961962759198,0.1371249435634388,42.0,full_test,0.012118318040959,4096.0,17.25767076319856,finite,10498,0.1654656304758516,0.1557566842081148,mnist,4096,-0.0,-0.0003088469592071874
0.9931415507715756,-9.525623928363648e-05,1.3205656159860255,0.8443564698112256,0.8346361422338794,n0.5-s4096-r43,0.9931391067114912,-9.010624579941506e-05,0.5,0.0871814697092735,0.096290956288759,0.7142961962759198,0.1371420220415034,43.0,full_test,0.012118318040959,4096.0,17.25658903047497,finite,10498,0.1654656304758516,0.1557566842081148,mnist,4096,0.009525623928363649,0.009010624579941506
0.9928557820537244,0.0001905124785673,1.3205656159860255,0.8443564698112256,0.8346361422338794,n0.5-s4096-r44,0.9928476144567792,0.0002013860089125,0.5,0.0871309537808768,0.0962513165941744,0.7142961962759198,0.1370855653598175,44.0,full_test,0.012118318040959,4096.0,17.260165450469987,finite,10498,0.1654656304758516,0.1557566842081148,mnist,4096,-0.01905124785673,-0.02013860089125
0.9929510382930082,9.525623928363648e-05,1.3205656159860255,0.8443564698112256,0.8346361422338794,n0.5-s4096-r45,0.9929514776832784,9.752278241337288e-05,0.5,0.0870967192037886,0.0962040573283204,0.7142961962759198,0.1370182565332234,45.0,full_test,0.012118318040959,4096.0,17.264431257835803,finite,10498,0.1654656304758516,0.1557566842081148,mnist,4096,-0.009525623928363649,-0.009752278241337288
0.9929510382930082,9.525623928363648e-05,1.3205656159860255,0.8443564698112256,0.8346361422338794,n0.5-s4096-r46,0.9929530560983616,9.594436733006972e-05,0.5,0.0870813284366393,0.0962217021983964,0.7142961962759198,0.1370433871711789,46.0,full_test,0.012118318040959,4096.0,17.262838317317193,finite,10498,0.1654656304758516,0.1557566842081148,mnist,4096,-0.009525623928363649,-0.009594436733006972
0.9929510382930082,9.525623928363648e-05,2.167050169739755,0.7136280337516561,0.6971444466794655,n1-sexact-rnone,0.9929527124892022,9.628797648952858e-05,1.0,0.1615154931680094,0.17781686969872,0.5135826650552953,0.2532549888739639,,full_test,0.0,,11.928839814193283,finite,10498,0.3030162074992683,0.2865504968853636,mnist,exata,-0.009525623928363649,-0.009628797648952858
0.9929510382930082,9.525623928363648e-05,2.167050169739755,0.7136280337516561,0.6971444466794655,n1-s256-r42,0.992957170891662,9.182957402986693e-05,1.0,0.1658539104948075,0.1855370746035392,0.5135826650552953,0.2642504608479528,42.0,full_test,0.0525635354275011,256.0,11.559684932365432,finite,10498,0.3030162074992683,0.2865504968853636,mnist,256,-0.009525623928363649,-0.009182957402986693
0.9931415507715756,-9.525623928363648e-05,2.167050169739755,0.7136280337516561,0.6971444466794655,n1-s256-r43,0.9931263592314404,-7.735876574876954e-05,1.0,0.1659739353002087,0.1856173928911358,0.5135826650552953,0.2643648538583916,43.0,full_test,0.0525635354275011,256.0,11.555925657702346,finite,10498,0.3030162074992683,0.2865504968853636,mnist,256,0.009525623928363649,0.007735876574876954
0.9928557820537244,0.0001905124785673,2.167050169739755,0.7136280337516561,0.6971444466794655,n1-s256-r44,0.9928376356506587,0.000211364815033,1.0,0.1658327503237142,0.185596325326944,0.5135826650552953,0.2643348484615808,44.0,full_test,0.0525635354275011,256.0,11.556911561664016,finite,10498,0.3030162074992683,0.2865504968853636,mnist,256,-0.01905124785673,-0.0211364815033
0.9926652695751572,0.0003810249571346,2.167050169739755,0.7136280337516561,0.6971444466794655,n1-s256-r45,0.9926454770371428,0.0004035234285491,1.0,0.1657024041812031,0.1853550677048839,0.5135826650552953,0.2639912382265446,45.0,full_test,0.0525635354275011,256.0,11.568209739346496,finite,10498,0.3030162074992683,0.2865504968853636,mnist,256,-0.03810249571346,-0.040352342854909996
0.9923795008573062,0.0006667936749856,2.167050169739755,0.7136280337516561,0.6971444466794655,n1-s256-r46,0.9923676382877348,0.000681362177957,1.0,0.166031010964295,0.185703162223675,0.5135826650552953,0.2644870104985055,46.0,full_test,0.0525635354275011,256.0,11.551913044019887,finite,10498,0.3030162074992683,0.2865504968853636,mnist,256,-0.06667936749856,-0.06813621779569999
0.9929510382930082,9.525623928363648e-05,2.167050169739755,0.7136280337516561,0.6971444466794655,n1-s1024-r42,0.992956158129202,9.28423364898734e-05,1.0,0.1626494565591509,0.1798026031819891,0.5135826650552953,0.2560831621067063,42.0,full_test,0.0262817677137505,1024.0,11.832379523528475,finite,10498,0.3030162074992683,0.2865504968853636,mnist,1024,-0.009525623928363649,-0.00928423364898734
0.9931415507715756,-9.525623928363648e-05,2.167050169739755,0.7136280337516561,0.6971444466794655,n1-s1024-r43,0.9931300454172118,-8.104495152005953e-05,1.0,0.16260072372678,0.179738642527596,0.5135826650552953,0.2559920663920864,43.0,full_test,0.0262817677137505,1024.0,11.835469879351216,finite,10498,0.3030162074992683,0.2865504968853636,mnist,1024,0.009525623928363649,0.008104495152005953
0.9926652695751572,0.0003810249571346,2.167050169739755,0.7136280337516561,0.6971444466794655,n1-s1024-r44,0.9926581805653144,0.0003908199003774,1.0,0.1625253559871117,0.1796741557975149,0.5135826650552953,0.2559002214162025,44.0,full_test,0.0262817677137505,1024.0,11.83858676683672,finite,10498,0.3030162074992683,0.2865504968853636,mnist,1024,-0.03810249571346,-0.03908199003774
0.993046294532292,0.0,2.167050169739755,0.7136280337516561,0.6971444466794655,n1-s1024-r45,0.9930493440748512,-3.436091593478352e-07,1.0,0.1626697610329148,0.179826162148084,0.5135826650552953,0.2561167158730412,45.0,full_test,0.0262817677137505,1024.0,11.831241513449706,finite,10498,0.3030162074992683,0.2865504968853636,mnist,1024,-0.0,3.436091593478352e-05
0.993046294532292,0.0,2.167050169739755,0.7136280337516561,0.6971444466794655,n1-s1024-r46,0.993043645536342,5.35492934972126e-06,1.0,0.1627289390696671,0.1798783770148654,0.5135826650552953,0.2561910826950878,46.0,full_test,0.0262817677137505,1024.0,11.828719818424284,finite,10498,0.3030162074992683,0.2865504968853636,mnist,1024,-0.0,-0.000535492934972126
0.9928557820537244,0.0001905124785673,2.167050169739755,0.7136280337516561,0.6971444466794655,n1-s4096-r42,0.9928541110778818,0.0001948893878099,1.0,0.1618688511548145,0.1783603921378672,0.5135826650552953,0.2540290986055783,42.0,full_test,0.0131408838568752,4096.0,11.902330656576694,finite,10498,0.3030162074992683,0.2865504968853636,mnist,4096,-0.01905124785673,-0.01948893878099
0.9931415507715756,-9.525623928363648e-05,2.167050169739755,0.7136280337516561,0.6971444466794655,n1-s4096-r43,0.9931406489155282,-9.16484498364456e-05,1.0,0.1617678727911453,0.1782737928991094,0.5135826650552953,0.2539057599747428,43.0,full_test,0.0131408838568752,4096.0,11.90654893669079,finite,10498,0.3030162074992683,0.2865504968853636,mnist,4096,0.009525623928363649,0.00916484498364456
0.9929510382930082,9.525623928363648e-05,2.167050169739755,0.7136280337516561,0.6971444466794655,n1-s4096-r44,0.9929527124892022,9.628797648952858e-05,1.0,0.1617986107895658,0.1783105942313033,0.5135826650552953,0.2539581741297726,44.0,full_test,0.0131408838568752,4096.0,11.90475608023021,finite,10498,0.3030162074992683,0.2865504968853636,mnist,4096,-0.009525623928363649,-0.009628797648952858
0.9929510382930082,9.525623928363648e-05,2.167050169739755,0.7136280337516561,0.6971444466794655,n1-s4096-r45,0.9929527124892022,9.628797648952858e-05,1.0,0.1617642066248405,0.1782980646194518,0.5135826650552953,0.2539403288785576,45.0,full_test,0.0131408838568752,4096.0,11.905366445812165,finite,10498,0.3030162074992683,0.2865504968853636,mnist,4096,-0.009525623928363649,-0.009628797648952858
0.993046294532292,0.0,2.167050169739755,0.7136280337516561,0.6971444466794655,n1-s4096-r46,0.9930446313401288,4.369125563119525e-06,1.0,0.1618306523004552,0.1783604875652525,0.5135826650552953,0.2540292345176626,46.0,full_test,0.0131408838568752,4096.0,11.902326009404163,finite,10498,0.3030162074992683,0.2865504968853636,mnist,4096,-0.0,-0.00043691255631195247
0.9929510382930082,9.525623928363648e-05,3.2769543383405177,0.5116946196819014,0.4880055223544801,n2-sexact-rnone,0.9929496706939706,9.93297717212238e-05,2.0,0.2821834679328305,0.3101079185877643,0.2730468582673382,0.4416700035533112,,full_test,0.0,,7.098041905420547,finite,10498,0.5121933376059851,0.4885267100577659,mnist,exata,-0.009525623928363649,-0.00993297717212238
0.9925700133358736,0.0004762811964184,3.2769543383405177,0.5116946196819014,0.4880055223544801,n2-s256-r42,0.992550775952216,0.0004982245134759,2.0,0.2850333491406991,0.3155709380559731,0.2730468582673382,0.4494506878999857,42.0,full_test,0.057182246936336,256.0,6.946359010660688,finite,10498,0.5121933376059851,0.4885267100577659,mnist,256,-0.04762811964184,-0.049822451347589995
0.9927605258144409,0.000285768717851,3.2769543383405177,0.5116946196819014,0.4880055223544801,n2-s256-r43,0.9927598386011734,0.0002891618645183,2.0,0.2846788624836862,0.3152874093920728,0.2730468582673382,0.4490468732971127,43.0,full_test,0.057182246936336,256.0,6.954166464931974,finite,10498,0.5121933376059851,0.4885267100577659,mnist,256,-0.0285768717851,-0.02891618645183
0.9927605258144409,0.000285768717851,3.2769543383405177,0.5116946196819014,0.4880055223544801,n2-s256-r44,0.9927471045975024,0.0003018958681892,2.0,0.2847380115507533,0.3152959183896838,0.2730468582673382,0.4490589922040472,44.0,full_test,0.057182246936336,256.0,6.95393205272687,finite,10498,0.5121933376059851,0.4885267100577659,mnist,256,-0.0285768717851,-0.03018958681892
0.9927605258144409,0.000285768717851,3.2769543383405177,0.5116946196819014,0.4880055223544801,n2-s256-r45,0.9927451441533924,0.0003038563122994,2.0,0.2850976345586855,0.3156772464495723,0.2730468582673382,0.4496020972183691,45.0,full_test,0.057182246936336,256.0,6.943433432399088,finite,10498,0.5121933376059851,0.4885267100577659,mnist,256,-0.0285768717851,-0.03038563122994
0.9927605258144409,0.000285768717851,3.2769543383405177,0.5116946196819014,0.4880055223544801,n2-s256-r46,0.9927432872054206,0.0003057132602711,2.0,0.2846582107843158,0.3153109745661151,0.2730468582673382,0.4490804359050924,46.0,full_test,0.057182246936336,256.0,6.953517289462022,finite,10498,0.5121933376059851,0.4885267100577659,mnist,256,-0.0285768717851,-0.03057132602711
0.9927605258144409,0.000285768717851,3.2769543383405177,0.5116946196819014,0.4880055223544801,n2-s1024-r42,0.992751335792857,0.0002976646728347,2.0,0.2828202208449294,0.3113984979669568,0.2730468582673382,0.443508106242174,42.0,full_test,0.028591123468168,1024.0,7.06196875840059,finite,10498,0.5121933376059851,0.4885267100577659,mnist,1024,-0.0285768717851,-0.029766467283470002
0.9931415507715756,-9.525623928363648e-05,3.2769543383405177,0.5116946196819014,0.4880055223544801,n2-s1024-r43,0.99312187990889,-7.287944319811501e-05,2.0,0.2828480008367534,0.3114641196451851,0.2730468582673382,0.4436015676635664,43.0,full_test,0.028591123468168,1024.0,7.060138554946576,finite,10498,0.5121933376059851,0.4885267100577659,mnist,1024,0.009525623928363649,0.007287944319811501
0.9924747570965898,0.000571537435702,3.2769543383405177,0.5116946196819014,0.4880055223544801,n2-s1024-r44,0.9924698514333006,0.0005791490323912,2.0,0.2828407641385636,0.3114664723953863,0.2730468582673382,0.4436049185589399,44.0,full_test,0.028591123468168,1024.0,7.0600729433716936,finite,10498,0.5121933376059851,0.4885267100577659,mnist,1024,-0.0571537435702,-0.05791490323912
0.9925700133358736,0.0004762811964184,3.2769543383405177,0.5116946196819014,0.4880055223544801,n2-s1024-r45,0.992557819475158,0.0004911809905339,2.0,0.2827488030448721,0.3113730198632866,0.2730468582673382,0.4434718191515708,45.0,full_test,0.028591123468168,1024.0,7.0626794524206415,finite,10498,0.5121933376059851,0.4885267100577659,mnist,1024,-0.04762811964184,-0.049118099053390006
0.9925700133358736,0.0004762811964184,3.2769543383405177,0.5116946196819014,0.4880055223544801,n2-s1024-r46,0.9925533606500482,0.0004956398156436,2.0,0.282767459578008,0.311331361289611,0.2730468582673382,0.4434124870891483,46.0,full_test,0.028591123468168,1024.0,7.063841614707971,finite,10498,0.5121933376059851,0.4885267100577659,mnist,1024,-0.04762811964184,-0.04956398156436
0.9929510382930082,9.525623928363648e-05,3.2769543383405177,0.5116946196819014,0.4880055223544801,n2-s4096-r42,0.9929497104031092,9.929006258269092e-05,2.0,0.282392251280569,0.3104603098040687,0.2730468582673382,0.442171895380086,42.0,full_test,0.014295561734084,4096.0,7.088177296169858,finite,10498,0.5121933376059851,0.4885267100577659,mnist,4096,-0.009525623928363649,-0.009929006258269093
0.993046294532292,0.0,3.2769543383405177,0.5116946196819014,0.4880055223544801,n2-s4096-r43,0.9930474815191396,1.5189465520926149e-06,2.0,0.2822993573748509,0.3103916708420679,0.2730468582673382,0.4420741366039513,43.0,full_test,0.014295561734084,4096.0,7.090097852018353,finite,10498,0.5121933376059851,0.4885267100577659,mnist,4096,-0.0,-0.0001518946552092615
0.9928557820537244,0.0001905124785673,3.2769543383405177,0.5116946196819014,0.4880055223544801,n2-s4096-r44,0.9928588539848866,0.0001901464808051,2.0,0.2824356170420719,0.3104973418079607,0.2730468582673382,0.4422246380683896,44.0,full_test,0.014295561734084,4096.0,7.087141296698951,finite,10498,0.5121933376059851,0.4885267100577659,mnist,4096,-0.01905124785673,-0.01901464808051
0.9928557820537244,0.0001905124785673,3.2769543383405177,0.5116946196819014,0.4880055223544801,n2-s4096-r45,0.992851000213504,0.0001980002521877,2.0,0.2823950349467707,0.3104840336276334,0.2730468582673382,0.4422056839440343,45.0,full_test,0.014295561734084,4096.0,7.087513589299652,finite,10498,0.5121933376059851,0.4885267100577659,mnist,4096,-0.01905124785673,-0.019800025218769998
0.9928557820537244,0.0001905124785673,3.2769543383405177,0.5116946196819014,0.4880055223544801,n2-s4096-r46,0.9928420497107894,0.0002069507549024,2.0,0.2823342618237273,0.310430674214751,0.2730468582673382,0.4421296870066306,46.0,full_test,0.014295561734084,4096.0,7.089006464139739,finite,10498,0.5121933376059851,0.4885267100577659,mnist,4096,-0.01905124785673,-0.020695075490239998
0.9186666666666666,0.0,1.652671459601797e-14,1.0,1.0,n0-sexact-rnone,0.9189430252138596,0.0,0.0,0.0,0.0,1.0000000000000009,0.0,,full_test,0.0,,,zero_error_infinite,10500,0.0,0.0,fashion_mnist,exata,-0.0,-0.0
0.9188571428571428,-0.0001904761904761,1.652671459601797e-14,1.0,1.0,n0-s256-r42,0.9191717408148816,-0.0002287156010217,0.0,0.0385700502761994,0.0504277945972568,1.0000000000000009,0.085466994518298,42.0,full_test,0.0483710175813261,256.0,21.364031358296668,finite,10500,0.0,0.0,fashion_mnist,256,0.01904761904761,0.022871560102169997
0.9194285714285716,-0.0007619047619048,1.652671459601797e-14,1.0,1.0,n0-s256-r43,0.9196862903404353,-0.0007432651265754,0.0,0.0385388135025405,0.0503392647412988,1.0000000000000009,0.0853169506630333,43.0,full_test,0.0483710175813261,256.0,21.37929350371239,finite,10500,0.0,0.0,fashion_mnist,256,0.07619047619048,0.07432651265754
0.9188571428571428,-0.0001904761904761,1.652671459601797e-14,1.0,1.0,n0-s256-r44,0.9191503584961298,-0.00020733328227,0.0,0.0386527987356747,0.0505798938115648,1.0000000000000009,0.0857247782032544,44.0,full_test,0.0483710175813261,256.0,21.337872597337608,finite,10500,0.0,0.0,fashion_mnist,256,0.01904761904761,0.020733328226999997
0.9192380952380952,-0.0005714285714285,1.652671459601797e-14,1.0,1.0,n0-s256-r45,0.9195401878839172,-0.0005971626700574,0.0,0.0387051086072751,0.0505945568750184,1.0000000000000009,0.0857496297355059,45.0,full_test,0.0483710175813261,256.0,21.3353549310505,finite,10500,0.0,0.0,fashion_mnist,256,0.05714285714285,0.05971626700574
0.9196190476190476,-0.000952380952381,1.652671459601797e-14,1.0,1.0,n0-s256-r46,0.919936406555388,-0.0009933813415283,0.0,0.0384834649101059,0.0503695296749436,1.0000000000000009,0.0853682448538377,46.0,full_test,0.0483710175813261,256.0,21.37407294908298,finite,10500,0.0,0.0,fashion_mnist,256,0.09523809523809999,0.09933813415283
0.9186666666666666,0.0,1.652671459601797e-14,1.0,1.0,n0-s1024-r42,0.9189470728905584,-4.047676698593072e-06,0.0,0.0193181847801008,0.0252312765602014,1.0000000000000009,0.0427629523099886,42.0,full_test,0.024185508790663,1024.0,27.37864638372917,finite,10500,0.0,0.0,fashion_mnist,1024,-0.0,0.00040476766985930723
0.9192380952380952,-0.0005714285714285,1.652671459601797e-14,1.0,1.0,n0-s1024-r43,0.919515722588246,-0.0005726973743862,0.0,0.0193078471846696,0.0252662258259474,1.0000000000000009,0.0428221856896712,43.0,full_test,0.024185508790663,1024.0,27.36662339251866,finite,10500,0.0,0.0,fashion_mnist,1024,0.05714285714285,0.05726973743862
0.918952380952381,-0.0002857142857143,1.652671459601797e-14,1.0,1.0,n0-s1024-r44,0.919236867417405,-0.0002938422035452,0.0,0.0193163332182248,0.0252130175573584,1.0000000000000009,0.0427320062393076,44.0,full_test,0.024185508790663,1024.0,27.38493433733408,finite,10500,0.0,0.0,fashion_mnist,1024,0.02857142857143,0.02938422035452
0.9185714285714286,9.523809523803715e-05,1.652671459601797e-14,1.0,1.0,n0-s1024-r45,0.9188589391524428,8.408606141696584e-05,0.0,0.0193200895031267,0.0252660602163468,1.0000000000000009,0.0428219050080562,45.0,full_test,0.024185508790663,1024.0,27.36668032509886,finite,10500,0.0,0.0,fashion_mnist,1024,-0.009523809523803715,-0.008408606141696584
0.919047619047619,-0.0003809523809523,1.652671459601797e-14,1.0,1.0,n0-s1024-r46,0.9193046484813848,-0.0003616232675249,0.0,0.0192574496885954,0.0252261798720561,1.0000000000000009,0.0427543142439924,46.0,full_test,0.024185508790663,1024.0,27.380401100436288,finite,10500,0.0,0.0,fashion_mnist,1024,0.038095238095229994,0.03616232675249
0.9192380952380952,-0.0005714285714285,1.652671459601797e-14,1.0,1.0,n0-s4096-r42,0.9194959094121932,-0.0005528841983333,0.0,0.0096626157513581,0.0126256462267905,1.0000000000000009,0.021398438013662,42.0,full_test,0.0120927543953315,4096.0,33.392358539376396,finite,10500,0.0,0.0,fashion_mnist,4096,0.05714285714285,0.05528841983333
0.9188571428571428,-0.0001904761904761,1.652671459601797e-14,1.0,1.0,n0-s4096-r43,0.9190992454553916,-0.0001562202415317,0.0,0.0096635020436245,0.0126461650605152,1.0000000000000009,0.0214332141339241,43.0,full_test,0.0120927543953315,4096.0,33.37825394177779,finite,10500,0.0,0.0,fashion_mnist,4096,0.01904761904761,0.01562202415317
0.9193333333333332,-0.0006666666666667,1.652671459601797e-14,1.0,1.0,n0-s4096-r44,0.9196194316264372,-0.0006764064125776,0.0,0.009632000942473,0.0126013587915024,1.0000000000000009,0.0213572747203787,44.0,full_test,0.0120927543953315,4096.0,33.40908331883639,finite,10500,0.0,0.0,fashion_mnist,4096,0.06666666666667001,0.06764064125776
0.9196190476190476,-0.000952380952381,1.652671459601797e-14,1.0,1.0,n0-s4096-r45,0.9198742923873976,-0.0009312671735379,0.0,0.0096521228042181,0.0126413336661659,1.0000000000000009,0.0214250256982079,45.0,full_test,0.0120927543953315,4096.0,33.38157296981456,finite,10500,0.0,0.0,fashion_mnist,4096,0.09523809523809999,0.09312671735379001
0.9184761904761904,0.0001904761904761,1.652671459601797e-14,1.0,1.0,n0-s4096-r46,0.9187569264654284,0.0001860987484314,0.0,0.0096026933746418,0.0125559847335968,1.0000000000000009,0.0212803729960566,46.0,full_test,0.0120927543953315,4096.0,33.44041528251205,finite,10500,0.0,0.0,fashion_mnist,4096,-0.01904761904761,-0.01860987484314
0.9187619047619048,-9.52380952381482e-05,1.3262401165156636,0.8438444746334065,0.8348844589733403,n0.5-sexact-rnone,0.9190912025709024,-0.0001481773570426,0.5,0.069827919061417,0.0792293250231132,0.7134563146045744,0.1342809524295005,,full_test,0.0,,17.439711740883006,finite,10500,0.1651597106153015,0.1563176332452904,fashion_mnist,exata,0.00952380952381482,0.014817735704260001
0.9182857142857144,0.0003809523809523,1.3262401165156636,0.8438444746334065,0.8348844589733403,n0.5-s256-r42,0.9186057459323976,0.000337279281462,0.5,0.0807897074868288,0.0955225117748825,0.7134563146045744,0.1618952812717702,42.0,full_test,0.0528433717565863,256.0,15.815316187069278,finite,10500,0.1651597106153015,0.1563176332452904,fashion_mnist,256,-0.038095238095229994,-0.0337279281462
0.9184761904761904,0.0001904761904761,1.3262401165156636,0.8438444746334065,0.8348844589733403,n0.5-s256-r43,0.9187364974162128,0.0002065277976468,0.5,0.0810084061370401,0.0956854022843795,0.7134563146045744,0.162171354465005,43.0,full_test,0.0528433717565863,256.0,15.800517120432216,finite,10500,0.1651597106153015,0.1563176332452904,fashion_mnist,256,-0.01904761904761,-0.02065277976468
0.9187619047619048,-9.52380952381482e-05,1.3262401165156636,0.8438444746334065,0.8348844589733403,n0.5-s256-r44,0.9190508704308488,-0.0001078452169889,0.5,0.080944070145446,0.0957139402885067,0.7134563146045744,0.1622197217882597,44.0,full_test,0.0528433717565863,256.0,15.797926955253542,finite,10500,0.1651597106153015,0.1563176332452904,fashion_mnist,256,0.00952380952381482,0.01078452169889
0.9173333333333332,0.0013333333333332,1.3262401165156636,0.8438444746334065,0.8348844589733403,n0.5-s256-r45,0.9176267715901748,0.0013162536236848,0.5,0.0810362138124964,0.095756468465431,0.7134563146045744,0.1622918002024178,45.0,full_test,0.0528433717565863,256.0,15.79406844719738,finite,10500,0.1651597106153015,0.1563176332452904,fashion_mnist,256,-0.13333333333331998,-0.13162536236848002
0.9188571428571428,-0.0001904761904761,1.3262401165156636,0.8438444746334065,0.8348844589733403,n0.5-s256-r46,0.9191981566938552,-0.0002551314799954,0.5,0.0809374853882987,0.0957152133723133,0.7134563146045744,0.1622218794603845,46.0,full_test,0.0528433717565863,256.0,15.79781142566745,finite,10500,0.1651597106153015,0.1563176332452904,fashion_mnist,256,0.01904761904761,0.02551314799954
0.9185714285714286,9.523809523803715e-05,1.3262401165156636,0.8438444746334065,0.8348844589733403,n0.5-s1024-r42,0.9188776688433804,6.535637047944132e-05,0.5,0.0726071936519979,0.0836562823574211,0.7134563146045744,0.1417839325071702,42.0,full_test,0.0264216858782931,1024.0,16.96745964523776,finite,10500,0.1651597106153015,0.1563176332452904,fashion_mnist,1024,-0.009523809523803715,-0.006535637047944132
0.9187619047619048,-9.52380952381482e-05,1.3262401165156636,0.8438444746334065,0.8348844589733403,n0.5-s1024-r43,0.9190821926946916,-0.0001391674808319,0.5,0.0726186059563114,0.0836196412055232,0.7134563146045744,0.1417218316528018,43.0,full_test,0.0264216858782931,1024.0,16.971264867171772,finite,10500,0.1651597106153015,0.1563176332452904,fashion_mnist,1024,0.00952380952381482,0.01391674808319
0.9187619047619048,-9.52380952381482e-05,1.3262401165156636,0.8438444746334065,0.8348844589733403,n0.5-s1024-r44,0.9190552972842528,-0.0001122720703929,0.5,0.0725395784018713,0.0836054231767401,0.7134563146045744,0.1416977343826799,44.0,full_test,0.0264216858782931,1024.0,16.972741873380556,finite,10500,0.1651597106153015,0.1563176332452904,fashion_mnist,1024,0.00952380952381482,0.01122720703929
0.919047619047619,-0.0003809523809523,1.3262401165156636,0.8438444746334065,0.8348844589733403,n0.5-s1024-r45,0.9193761604188152,-0.0004331352049554,0.5,0.0726372794189459,0.0836786388804902,0.7134563146045744,0.1418218232150596,45.0,full_test,0.0264216858782931,1024.0,16.965138715550307,finite,10500,0.1651597106153015,0.1563176332452904,fashion_mnist,1024,0.038095238095229994,0.04331352049554
0.9187619047619048,-9.52380952381482e-05,1.3262401165156636,0.8438444746334065,0.8348844589733403,n0.5-s1024-r46,0.9190669311450612,-0.0001239059312013,0.5,0.0726011379290265,0.0836414336421175,0.7134563146045744,0.141758766324917,46.0,full_test,0.0264216858782931,1024.0,16.969001498955997,finite,10500,0.1651597106153015,0.1563176332452904,fashion_mnist,1024,0.00952380952381482,0.012390593120129998
0.9186666666666666,0.0,1.3262401165156636,0.8438444746334065,0.8348844589733403,n0.5-s4096-r42,0.9189439275124944,-9.02298634808396e-07,0.5,0.0704620253936062,0.0803237154320273,0.7134563146045744,0.1361357680094115,42.0,full_test,0.0132108429391465,4096.0,17.32055508472496,finite,10500,0.1651597106153015,0.1563176332452904,fashion_mnist,4096,-0.0,9.02298634808396e-05
0.9187619047619048,-9.52380952381482e-05,1.3262401165156636,0.8438444746334065,0.8348844589733403,n0.5-s4096-r43,0.919042740063582,-9.971484972237654e-05,0.5,0.0704427864054496,0.0803178226336451,0.7134563146045744,0.136125780664713,43.0,full_test,0.0132108429391465,4096.0,17.321192332065166,finite,10500,0.1651597106153015,0.1563176332452904,fashion_mnist,4096,0.00952380952381482,0.009971484972237654
0.9191428571428572,-0.0004761904761905,1.3262401165156636,0.8438444746334065,0.8348844589733403,n0.5-s4096-r44,0.9194417440986046,-0.0004987188847448,0.5,0.0704917844214544,0.0803531406383061,0.7134563146045744,0.1361856389975007,44.0,full_test,0.0132108429391465,4096.0,17.31737374170614,finite,10500,0.1651597106153015,0.1563176332452904,fashion_mnist,4096,0.047619047619049996,0.04987188847448
0.9187619047619048,-9.52380952381482e-05,1.3262401165156636,0.8438444746334065,0.8348844589733403,n0.5-s4096-r45,0.919054493900024,-0.0001114686861642,0.5,0.0705225357667874,0.0803659841902081,0.7134563146045744,0.1362074067505578,45.0,full_test,0.0132108429391465,4096.0,17.315985510221704,finite,10500,0.1651597106153015,0.1563176332452904,fashion_mnist,4096,0.00952380952381482,0.01114686861642
0.9187619047619048,-9.52380952381482e-05,1.3262401165156636,0.8438444746334065,0.8348844589733403,n0.5-s4096-r46,0.9190614237425588,-0.0001183985286991,0.5,0.0705078246339435,0.0803378528307464,0.7134563146045744,0.1361597286245539,46.0,full_test,0.0132108429391465,4096.0,17.31902645673149,finite,10500,0.1651597106153015,0.1563176332452904,fashion_mnist,4096,0.00952380952381482,0.01183985286991
0.9187619047619048,-9.52380952381482e-05,2.1745597000569727,0.7127852863838053,0.6975602990710927,n1-sexact-rnone,0.9190861524165908,-0.0001431272027311,1.0,0.1302441151908941,0.1476930705202148,0.5124553246129055,0.250315980489626,,full_test,0.0,,12.030228471924936,finite,10500,0.302507772571974,0.2874699293595581,fashion_mnist,exata,0.00952380952381482,0.014312720273110001
0.9183809523809524,0.0002857142857142,2.1745597000569727,0.7127852863838053,0.6975602990710927,n1-s256-r42,0.9187304126078948,0.0002126126059648,1.0,0.1361552511612964,0.1578098721909531,0.5124553246129055,0.2674623308275949,42.0,full_test,0.0555509698393461,256.0,11.454747500196325,finite,10500,0.302507772571974,0.2874699293595581,fashion_mnist,256,-0.028571428571419998,-0.02126126059648
0.9185714285714286,9.523809523803715e-05,2.1745597000569727,0.7127852863838053,0.6975602990710927,n1-s256-r43,0.9189075242727625,3.550094109738833e-05,1.0,0.1362557638200451,0.1578796682107759,0.5124553246129055,0.2675806238461817,43.0,full_test,0.0555509698393461,256.0,11.450906761383992,finite,10500,0.302507772571974,0.2874699293595581,fashion_mnist,256,-0.009523809523803715,-0.0035500941097388328
0.9186666666666666,0.0,2.1745597000569727,0.7127852863838053,0.6975602990710927,n1-s256-r44,0.918983354005493,-4.032879163329284e-05,1.0,0.1362466656184111,0.1578900572939953,0.5124553246129055,0.2675982316699158,44.0,full_test,0.0555509698393461,256.0,11.45033521558318,finite,10500,0.302507772571974,0.2874699293595581,fashion_mnist,256,-0.0,0.004032879163329284
0.9177142857142856,0.0009523809523809,2.1745597000569727,0.7127852863838053,0.6975602990710927,n1-s256-r45,0.918031636681236,0.0009113885326237,1.0,0.1363140126922276,0.1579716906658325,0.5124553246129055,0.2677365870947175,45.0,full_test,0.0555509698393461,256.0,11.445845539457933,finite,10500,0.302507772571974,0.2874699293595581,fashion_mnist,256,-0.09523809523809,-0.09113885326236999
0.9195238095238096,-0.0008571428571428,2.1745597000569727,0.7127852863838053,0.6975602990710927,n1-s256-r46,0.9198968680190828,-0.0009538428052229,1.0,0.1364607096306014,0.1579887976714106,0.5124553246129055,0.2677655807154707,46.0,full_test,0.0555509698393461,256.0,11.44490498158364,finite,10500,0.302507772571974,0.2874699293595581,fashion_mnist,256,0.08571428571428,0.09538428052228999
0.918,0.0006666666666665,2.1745597000569727,0.7127852863838053,0.6975602990710927,n1-s1024-r42,0.9183903798755308,0.0005526453383288,1.0,0.1316331467752134,0.1502235290232095,0.5124553246129055,0.2546047003262058,42.0,full_test,0.027775484919673,1024.0,11.882671659610228,finite,10500,0.302507772571974,0.2874699293595581,fashion_mnist,1024,-0.06666666666665,-0.055264533832880006
0.9186666666666666,0.0,2.1745597000569727,0.7127852863838053,0.6975602990710927,n1-s1024-r43,0.9190170536791704,-7.402846531068263e-05,1.0,0.1316120096782062,0.1502148994530394,0.5124553246129055,0.2545900745938628,43.0,full_test,0.027775484919673,1024.0,11.883170633689694,finite,10500,0.302507772571974,0.2874699293595581,fashion_mnist,1024,-0.0,0.007402846531068263
0.9183809523809524,0.0002857142857142,2.1745597000569727,0.7127852863838053,0.6975602990710927,n1-s1024-r44,0.9187065885580428,0.0002364366558169,1.0,0.1317216274201874,0.1503042999939348,0.5124553246129055,0.2547415941199429,44.0,full_test,0.027775484919673,1024.0,11.87800275585602,finite,10500,0.302507772571974,0.2874699293595581,fashion_mnist,1024,-0.028571428571419998,-0.02364366558169
0.9186666666666666,0.0,2.1745597000569727,0.7127852863838053,0.6975602990710927,n1-s1024-r45,0.9189627060088906,-1.968079503089637e-05,1.0,0.1317930852548154,0.1503904220603257,0.5124553246129055,0.2548875571594713,45.0,full_test,0.027775484919673,1024.0,11.873027299157496,finite,10500,0.302507772571974,0.2874699293595581,fashion_mnist,1024,-0.0,0.001968079503089637
0.9187619047619048,-9.52380952381482e-05,2.1745597000569727,0.7127852863838053,0.6975602990710927,n1-s1024-r46,0.9190716551245396,-0.0001286299106797,1.0,0.1316503311400316,0.1502509677391902,0.5124553246129055,0.2546512045330037,46.0,full_test,0.027775484919673,1024.0,11.881085304281914,finite,10500,0.302507772571974,0.2874699293595581,fashion_mnist,1024,0.00952380952381482,0.01286299106797
0.9186666666666666,0.0,2.1745597000569727,0.7127852863838053,0.6975602990710927,n1-s4096-r42,0.9189727290842048,-2.9703870344954808e-05,1.0,0.1305881768964532,0.1483337483439096,0.5124553246129055,0.2514018262713626,42.0,full_test,0.0138877424598365,4096.0,11.992631435412164,finite,10500,0.302507772571974,0.2874699293595581,fashion_mnist,4096,-0.0,0.002970387034495481
0.9185714285714286,9.523809523803715e-05,2.1745597000569727,0.7127852863838053,0.6975602990710927,n1-s4096-r43,0.9188703581451874,7.266706867237183e-05,1.0,0.1306098692501168,0.1483718805348476,0.5124553246129055,0.2514664541968927,43.0,full_test,0.0138877424598365,4096.0,11.990398838712055,finite,10500,0.302507772571974,0.2874699293595581,fashion_mnist,4096,-0.009523809523803715,-0.007266706867237183
0.9182857142857144,0.0003809523809523,2.1745597000569727,0.7127852863838053,0.6975602990710927,n1-s4096-r44,0.9186242892127282,0.0003187360011315,1.0,0.130621350528399,0.1483850193022547,0.5124553246129055,0.2514887222927101,44.0,full_test,0.0138877424598365,4096.0,11.989629711633192,finite,10500,0.302507772571974,0.2874699293595581,fashion_mnist,4096,-0.038095238095229994,-0.031873600113150005
0.9186666666666666,0.0,2.1745597000569727,0.7127852863838053,0.6975602990710927,n1-s4096-r45,0.919017347709746,-7.432249588623652e-05,1.0,0.1306007300529874,0.1483734690905383,0.5124553246129055,0.2514691465430798,45.0,full_test,0.0138877424598365,4096.0,11.9903058430211,finite,10500,0.302507772571974,0.2874699293595581,fashion_mnist,4096,-0.0,0.007432249588623652
0.9182857142857144,0.0003809523809523,2.1745597000569727,0.7127852863838053,0.6975602990710927,n1-s4096-r46,0.9186352672423546,0.0003077579715051,1.0,0.1306016310208029,0.1483779916494699,0.5124553246129055,0.2514768115524758,46.0,full_test,0.0138877424598365,4096.0,11.990041093202066,finite,10500,0.302507772571974,0.2874699293595581,fashion_mnist,4096,-0.038095238095229994,-0.030775797150509997
0.918095238095238,0.0005714285714285,3.283789241887759,0.510562201533019,0.4885775670982733,n2-sexact-rnone,0.9184756935172608,0.000467331696599,2.0,0.2277265832160356,0.2580176597137612,0.2720658247960836,0.4372984003067963,,full_test,0.0,,7.184442227134501,finite,10500,0.5115027987266185,0.4897526277905633,fashion_mnist,exata,-0.05714285714285,-0.0467331696599
0.918,0.0006666666666665,3.283789241887759,0.510562201533019,0.4885775670982733,n2-s256-r42,0.918416362224748,0.0005266629891118,2.0,0.2312079000978926,0.2647692836248447,0.2720658247960836,0.4487413160322755,42.0,full_test,0.058715078241283,256.0,6.960078854545704,finite,10500,0.5115027987266185,0.4897526277905633,fashion_mnist,256,-0.06666666666665,-0.05266629891117999
0.9176190476190476,0.0010476190476189,3.283789241887759,0.510562201533019,0.4885775670982733,n2-s256-r43,0.9180087779275586,0.000934247286301,2.0,0.2312955790332137,0.2648763081931098,0.2720658247960836,0.4489227054478208,43.0,full_test,0.058715078241283,256.0,6.9565685691189,finite,10500,0.5115027987266185,0.4897526277905633,fashion_mnist,256,-0.10476190476189,-0.0934247286301
0.9182857142857144,0.0003809523809523,3.283789241887759,0.510562201533019,0.4885775670982733,n2-s256-r44,0.918790597559014,0.0001524276548457,2.0,0.230997941112489,0.2645623576529728,0.2720658247960836,0.4483906098186702,44.0,full_test,0.058715078241283,256.0,6.966869819250345,finite,10500,0.5115027987266185,0.4897526277905633,fashion_mnist,256,-0.038095238095229994,-0.01524276548457
0.9173333333333332,0.0013333333333332,3.283789241887759,0.510562201533019,0.4885775670982733,n2-s256-r45,0.9176954102156544,0.0012476149982052,2.0,0.2310396022761899,0.2646238053597729,0.2720658247960836,0.4484947537905053,45.0,full_test,0.058715078241283,256.0,6.9648526538764886,finite,10500,0.5115027987266185,0.4897526277905633,fashion_mnist,256,-0.13333333333331998,-0.12476149982051998
0.9187619047619048,-9.52380952381482e-05,3.283789241887759,0.510562201533019,0.4885775670982733,n2-s256-r46,0.9190668311917736,-0.0001238059779139,2.0,0.2312641924752452,0.2648407508968117,0.2720658247960836,0.4488624415542266,46.0,full_test,0.058715078241283,256.0,6.957734651073929,finite,10500,0.5115027987266185,0.4897526277905633,fashion_mnist,256,0.00952380952381482,0.01238059779139
0.9183809523809524,0.0002857142857142,3.283789241887759,0.510562201533019,0.4885775670982733,n2-s1024-r42,0.9187404022747904,0.0002026229390693,2.0,0.2285184143777759,0.2596277945911151,0.2720658247960836,0.4400273197417146,42.0,full_test,0.0293575391206415,1024.0,7.130407177333345,finite,10500,0.5115027987266185,0.4897526277905633,fashion_mnist,1024,-0.028571428571419998,-0.02026229390693
0.9186666666666666,0.0,3.283789241887759,0.510562201533019,0.4885775670982733,n2-s1024-r43,0.919086478928017,-0.0001434537141572,2.0,0.2285699344280102,0.2598114532374286,0.2720658247960836,0.4403385915838222,43.0,full_test,0.0293575391206415,1024.0,7.124265019973851,finite,10500,0.5115027987266185,0.4897526277905633,fashion_mnist,1024,-0.0,0.01434537141572
0.9185714285714286,9.523809523803715e-05,3.283789241887759,0.510562201533019,0.4885775670982733,n2-s1024-r44,0.918958869509694,-1.5844295834344102e-05,2.0,0.2285467173806634,0.2596589713477903,0.2720658247960836,0.4400801593257802,44.0,full_test,0.0293575391206415,1024.0,7.1293642165423465,finite,10500,0.5115027987266185,0.4897526277905633,fashion_mnist,1024,-0.009523809523803715,0.0015844295834344102
0.918095238095238,0.0005714285714285,3.283789241887759,0.510562201533019,0.4885775670982733,n2-s1024-r45,0.9185249928189402,0.0004180323949195,2.0,0.2284880785724564,0.2596151288355741,0.2720658247960836,0.4400058533248699,45.0,full_test,0.0293575391206415,1024.0,7.130830922558826,finite,10500,0.5115027987266185,0.4897526277905633,fashion_mnist,1024,-0.05714285714285,-0.04180323949195
0.918095238095238,0.0005714285714285,3.283789241887759,0.510562201533019,0.4885775670982733,n2-s1024-r46,0.9184831278792888,0.0004598973345708,2.0,0.2285345336136605,0.2597378894664055,0.2720658247960836,0.4402139128334429,46.0,full_test,0.0293575391206415,1024.0,7.126724716284546,finite,10500,0.5115027987266185,0.4897526277905633,fashion_mnist,1024,-0.05714285714285,-0.045989733457080004
0.917904761904762,0.0007619047619047,3.283789241887759,0.510562201533019,0.4885775670982733,n2-s4096-r42,0.9183079988680768,0.000635026345783,2.0,0.2278750156291062,0.2584088197442715,0.2720658247960836,0.4379613535937762,42.0,full_test,0.0146787695603207,4096.0,7.171284212816024,finite,10500,0.5115027987266185,0.4897526277905633,fashion_mnist,4096,-0.07619047619047001,-0.06350263457830001
0.9186666666666666,0.0,3.283789241887759,0.510562201533019,0.4885775670982733,n2-s4096-r43,0.9190596499266634,-0.0001166247128037,2.0,0.2279557414995095,0.258439853839356,0.2720658247960836,0.4380139513894096,43.0,full_test,0.0146787695603207,4096.0,7.170241127135349,finite,10500,0.5115027987266185,0.4897526277905633,fashion_mnist,4096,-0.0,0.01166247128037
0.9181904761904762,0.0004761904761904,3.283789241887759,0.510562201533019,0.4885775670982733,n2-s4096-r44,0.9185643058938346,0.000378719320025,2.0,0.2279172726545955,0.2584421076230347,0.2720658247960836,0.4380177711899551,44.0,full_test,0.0146787695603207,4096.0,7.1701653801843594,finite,10500,0.5115027987266185,0.4897526277905633,fashion_mnist,4096,-0.047619047619040004,-0.0378719320025
0.9182857142857144,0.0003809523809523,3.283789241887759,0.510562201533019,0.4885775670982733,n2-s4096-r45,0.9186660868059472,0.0002769384079124,2.0,0.2279564034506988,0.2584755958507321,0.2720658247960836,0.4380745283453275,45.0,full_test,0.0146787695603207,4096.0,7.169039959064495,finite,10500,0.5115027987266185,0.4897526277905633,fashion_mnist,4096,-0.038095238095229994,-0.027693840791239998
0.9188571428571428,-0.0001904761904761,3.283789241887759,0.510562201533019,0.4885775670982733,n2-s4096-r46,0.9192280685391,-0.0002850433252401,2.0,0.2279206718411361,0.258421493320733,0.2720658247960836,0.4379828332658225,46.0,full_test,0.0146787695603207,4096.0,7.170858226631762,finite,10500,0.5115027987266185,0.4897526277905633,fashion_mnist,4096,0.01904761904761,0.02850433252401
0.9864761904761904,0.0,1.642894195818178e-14,1.0,1.0,n0-sexact-rnone,0.9864807584140548,0.0,0.0,0.0,0.0,1.0000000000000009,0.0,,full_test,0.0,,,zero_error_infinite,10500,0.0,0.0,kmnist,exata,-0.0,-0.0
0.9863809523809524,9.52380952381482e-05,1.642894195818178e-14,1.0,1.0,n0-s256-r42,0.9863874130468988,9.334536715599472e-05,0.0,0.0341568392468574,0.0455912215368102,1.0000000000000009,0.0665765310725727,42.0,full_test,0.0427038539325425,256.0,23.53357674450251,finite,10500,0.0,0.0,kmnist,256,-0.00952380952381482,-0.009334536715599471
0.9861904761904762,0.0002857142857143,1.642894195818178e-14,1.0,1.0,n0-s256-r43,0.9861960191042264,0.0002847393098283,0.0,0.0340010468897584,0.0454267647290242,1.0000000000000009,0.0663363759855935,43.0,full_test,0.0427038539325425,256.0,23.564965161139213,finite,10500,0.0,0.0,kmnist,256,-0.02857142857143,-0.02847393098283
0.9865714285714284,-9.523809523803715e-05,1.642894195818178e-14,1.0,1.0,n0-s256-r44,0.9865763183336872,-9.555991963228204e-05,0.0,0.0341188722303985,0.0455692619262075,1.0000000000000009,0.066544463612032,44.0,full_test,0.0427038539325425,256.0,23.537761425202607,finite,10500,0.0,0.0,kmnist,256,0.009523809523803715,0.009555991963228204
0.9866666666666668,-0.0001904761904761,1.642894195818178e-14,1.0,1.0,n0-s256-r45,0.9866707283397692,-0.0001899699257145,0.0,0.0341001146407927,0.0455285647738582,1.0000000000000009,0.0664850338547978,45.0,full_test,0.0427038539325425,256.0,23.545522115225847,finite,10500,0.0,0.0,kmnist,256,0.01904761904761,0.01899699257145
0.9862857142857144,0.0001904761904761,1.642894195818178e-14,1.0,1.0,n0-s256-r46,0.9862908666872844,0.0001898917267704,0.0,0.0340472234388445,0.0454920326183715,1.0000000000000009,0.0664316862123586,46.0,full_test,0.0427038539325425,256.0,23.552494477458765,finite,10500,0.0,0.0,kmnist,256,-0.01904761904761,-0.01898917267704
0.9863809523809524,9.52380952381482e-05,1.642894195818178e-14,1.0,1.0,n0-s1024-r42,0.9863856345099886,9.512390406618554e-05,0.0,0.0170498881927502,0.022772685066631,1.0000000000000009,0.0332547872997954,42.0,full_test,0.0213519269662712,1024.0,29.562916512044257,finite,10500,0.0,0.0,kmnist,1024,-0.00952380952381482,-0.009512390406618554
0.9863809523809524,9.52380952381482e-05,1.642894195818178e-14,1.0,1.0,n0-s1024-r43,0.9863859227102147,9.48357038399461e-05,0.0,0.0170565638044558,0.0228233457799611,1.0000000000000009,0.0333287667730687,43.0,full_test,0.0213519269662712,1024.0,29.54361511506413,finite,10500,0.0,0.0,kmnist,1024,-0.00952380952381482,-0.00948357038399461
0.9865714285714284,-9.523809523803715e-05,1.642894195818178e-14,1.0,1.0,n0-s1024-r44,0.98657572857268,-9.49701586252516e-05,0.0,0.0170350990786794,0.0227639163491513,1.0000000000000009,0.0332419824050793,44.0,full_test,0.0213519269662712,1024.0,29.566261694199696,finite,10500,0.0,0.0,kmnist,1024,0.009523809523803715,0.00949701586252516
0.9863809523809524,9.52380952381482e-05,1.642894195818178e-14,1.0,1.0,n0-s1024-r45,0.9863852931949428,9.54652191120786e-05,0.0,0.017067768780313,0.0228453228237481,1.0000000000000009,0.0333608596911623,45.0,full_test,0.0213519269662712,1024.0,29.53525532716244,finite,10500,0.0,0.0,kmnist,1024,-0.00952380952381482,-0.00954652191120786
0.9865714285714284,-9.523809523803715e-05,1.642894195818178e-14,1.0,1.0,n0-s1024-r46,0.9865760910828124,-9.53326687577194e-05,0.0,0.0170300377721444,0.0227982897079134,1.0000000000000009,0.0332921775722749,46.0,full_test,0.0213519269662712,1024.0,29.55315595226233,finite,10500,0.0,0.0,kmnist,1024,0.009523809523803715,0.00953326687577194
0.9864761904761904,0.0,1.642894195818178e-14,1.0,1.0,n0-s4096-r42,0.9864812072428863,-4.488288315451783e-07,0.0,0.0085269027135753,0.0113949903523158,1.0000000000000009,0.0166400219974386,42.0,full_test,0.0106759634831356,4096.0,35.57692207850216,finite,10500,0.0,0.0,kmnist,4096,-0.0,4.488288315451783e-05
0.9863809523809524,9.52380952381482e-05,1.642894195818178e-14,1.0,1.0,n0-s4096-r43,0.9863857016383696,9.505677568510952e-05,0.0,0.0085013972177677,0.0113609414615954,1.0000000000000009,0.0165903006485776,43.0,full_test,0.0106759634831356,4096.0,35.6029148728399,finite,10500,0.0,0.0,kmnist,4096,-0.00952380952381482,-0.009505677568510952
0.9864761904761904,0.0,1.642894195818178e-14,1.0,1.0,n0-s4096-r44,0.9864807584140548,0.0,0.0,0.0085263705311629,0.0114172297942924,1.0000000000000009,0.0166724980937108,44.0,full_test,0.0106759634831356,4096.0,35.5599864713077,finite,10500,0.0,0.0,kmnist,4096,-0.0,-0.0
0.9863809523809524,9.52380952381482e-05,1.642894195818178e-14,1.0,1.0,n0-s4096-r45,0.9863853851720116,9.53732420432285e-05,0.0,0.0085423899948122,0.0114221459360886,1.0000000000000009,0.0166796771000198,45.0,full_test,0.0106759634831356,4096.0,35.55624722149192,finite,10500,0.0,0.0,kmnist,4096,-0.00952380952381482,-0.00953732420432285
0.9863809523809524,9.52380952381482e-05,1.642894195818178e-14,1.0,1.0,n0-s4096-r46,0.9863851160481,9.564236595471788e-05,0.0,0.0085244666223629,0.0113994396088244,1.0000000000000009,0.016646519214539,46.0,full_test,0.0106759634831356,4096.0,35.57353127192688,finite,10500,0.0,0.0,kmnist,4096,-0.00952380952381482,-0.009564236595471788
0.9863809523809524,9.52380952381482e-05,1.303341567880044,0.846098383321046,0.8361396810923953,n0.5-sexact-rnone,0.9863850602525248,9.569816153010002e-05,0.5,0.0855618127489796,0.0930303090179379,0.7172878866534182,0.1358514874189775,,full_test,0.0,,17.33871204380766,finite,10500,0.1638963587033532,0.1540959164003684,kmnist,exata,-0.00952380952381482,-0.009569816153010002
0.9863809523809524,9.52380952381482e-05,1.303341567880044,0.846098383321046,0.8361396810923953,n0.5-s256-r42,0.986387123802294,9.363461176081778e-05,0.5,0.092233397000539,0.1057519118946566,0.7172878866534182,0.1544287520911021,42.0,full_test,0.0493316062175198,256.0,16.225436759796914,finite,10500,0.1638963587033532,0.1540959164003684,kmnist,256,-0.00952380952381482,-0.009363461176081778
0.986095238095238,0.0003809523809523,1.303341567880044,0.846098383321046,0.8361396810923953,n0.5-s256-r43,0.9861007819484028,0.0003799764656521,0.5,0.0921681491510867,0.1057006879967144,0.7172878866534182,0.154353950203413,43.0,full_test,0.0493316062175198,256.0,16.229645032793215,finite,10500,0.1638963587033532,0.1540959164003684,kmnist,256,-0.038095238095229994,-0.03799764656521
0.9863809523809524,9.52380952381482e-05,1.303341567880044,0.846098383321046,0.8361396810923953,n0.5-s256-r44,0.9863862865772112,9.447183684374584e-05,0.5,0.0925419922722557,0.1060247695610353,0.7172878866534182,0.1548272041678771,44.0,full_test,0.0493316062175198,256.0,16.2030545704812,finite,10500,0.1638963587033532,0.1540959164003684,kmnist,256,-0.00952380952381482,-0.009447183684374584
0.9865714285714284,-9.523809523803715e-05,1.303341567880044,0.846098383321046,0.8361396810923953,n0.5-s256-r45,0.986575153899328,-9.43954852733464e-05,0.5,0.0922198137651538,0.1057460731533254,0.7172878866534182,0.1544202258193648,45.0,full_test,0.0493316062175198,256.0,16.22591633564563,finite,10500,0.1638963587033532,0.1540959164003684,kmnist,256,0.009523809523803715,0.00943954852733464
0.9868571428571428,-0.0003809523809523,1.303341567880044,0.846098383321046,0.8361396810923953,n0.5-s256-r46,0.9868624793405528,-0.0003817209264979,0.5,0.0922576701547798,0.1057428710813438,0.7172878866534182,0.1544155498568089,46.0,full_test,0.0493316062175198,256.0,16.226179355010057,finite,10500,0.1638963587033532,0.1540959164003684,kmnist,256,0.038095238095229994,0.03817209264979
0.9865714285714284,-9.523809523803715e-05,1.303341567880044,0.846098383321046,0.8361396810923953,n0.5-s1024-r42,0.9865760056955292,-9.524728147436434e-05,0.5,0.0870732684125572,0.0963352282648517,0.7172878866534182,0.1406776370924809,42.0,full_test,0.0246658031087599,1024.0,17.03549869938439,finite,10500,0.1638963587033532,0.1540959164003684,kmnist,1024,0.009523809523803715,0.009524728147436434
0.9862857142857144,0.0001904761904761,1.303341567880044,0.846098383321046,0.8361396810923953,n0.5-s1024-r43,0.986289900610778,0.0001908578032766,0.5,0.0870682221666294,0.0963261333563619,0.7172878866534182,0.140664355863392,43.0,full_test,0.0246658031087599,1024.0,17.036318763883106,finite,10500,0.1638963587033532,0.1540959164003684,kmnist,1024,-0.01904761904761,-0.01908578032766
0.9863809523809524,9.52380952381482e-05,1.303341567880044,0.846098383321046,0.8361396810923953,n0.5-s1024-r44,0.9863860470450682,9.471136898664412e-05,0.5,0.0870991328172198,0.0963815572982522,0.7172878866534182,0.1407452910448817,44.0,full_test,0.0246658031087599,1024.0,17.031322530943946,finite,10500,0.1638963587033532,0.1540959164003684,kmnist,1024,-0.00952380952381482,-0.009471136898664412
0.9863809523809524,9.52380952381482e-05,1.303341567880044,0.846098383321046,0.8361396810923953,n0.5-s1024-r45,0.986385655852084,9.510256197076128e-05,0.5,0.0871543339891063,0.0964524346557814,0.7172878866534182,0.1408487927374626,45.0,full_test,0.0246658031087599,1024.0,17.02493742293656,finite,10500,0.1638963587033532,0.1540959164003684,kmnist,1024,-0.00952380952381482,-0.009510256197076128
0.9863809523809524,9.52380952381482e-05,1.303341567880044,0.846098383321046,0.8361396810923953,n0.5-s1024-r46,0.986386554915739,9.420349831579244e-05,0.5,0.0871172663988481,0.0963703086919439,0.7172878866534182,0.1407288647864451,46.0,full_test,0.0246658031087599,1024.0,17.03233631260136,finite,10500,0.1638963587033532,0.1540959164003684,kmnist,1024,-0.00952380952381482,-0.009420349831579244
0.9864761904761904,0.0,1.303341567880044,0.846098383321046,0.8361396810923953,n0.5-s4096-r42,0.9864801185193798,6.398946750252321e-07,0.5,0.0859336893965026,0.0938815020660379,0.7172878866534182,0.1370944784708806,42.0,full_test,0.0123329015543799,4096.0,17.259600724474822,finite,10500,0.1638963587033532,0.1540959164003684,kmnist,4096,-0.0,-6.398946750252321e-05
0.9863809523809524,9.52380952381482e-05,1.303341567880044,0.846098383321046,0.8361396810923953,n0.5-s4096-r43,0.9863852005491964,9.555786485826444e-05,0.5,0.0859436390702435,0.0938810752185493,0.7172878866534182,0.1370938551485801,43.0,full_test,0.0123329015543799,4096.0,17.259640216371793,finite,10500,0.1638963587033532,0.1540959164003684,kmnist,4096,-0.00952380952381482,-0.009555786485826443
0.9863809523809524,9.52380952381482e-05,1.303341567880044,0.846098383321046,0.8361396810923953,n0.5-s4096-r44,0.9863858719391716,9.488647488320456e-05,0.5,0.085924130358364,0.0938692962984681,0.7172878866534182,0.1370766544767764,44.0,full_test,0.0123329015543799,4096.0,17.260730072004975,finite,10500,0.1638963587033532,0.1540959164003684,kmnist,4096,-0.00952380952381482,-0.009488647488320456
0.9861904761904762,0.0002857142857143,1.303341567880044,0.846098383321046,0.8361396810923953,n0.5-s4096-r45,0.98619535123686,0.0002854071771949,0.5,0.0859107633268628,0.093866310512836,0.7172878866534182,0.1370722943556124,45.0,full_test,0.0123329015543799,4096.0,17.261006356348968,finite,10500,0.1638963587033532,0.1540959164003684,kmnist,4096,-0.02857142857143,-0.02854071771949
0.9864761904761904,0.0,1.303341567880044,0.846098383321046,0.8361396810923953,n0.5-s4096-r46,0.9864803928603528,3.655537019753297e-07,0.5,0.0859718290752853,0.0939062763751327,0.7172878866534182,0.1371306562152719,46.0,full_test,0.0123329015543799,4096.0,17.25730891488326,finite,10500,0.1638963587033532,0.1540959164003684,kmnist,4096,-0.0,-3.655537019753297e-05
0.9863809523809524,9.52380952381482e-05,2.1402383578654947,0.7166271599911381,0.6997245647025235,n1-sexact-rnone,0.9863851951431372,9.556327091753136e-05,1.0,0.159521931656332,0.1733247986627372,0.5180183858826712,0.2531049499189288,,full_test,0.0,,11.933987227103133,finite,10500,0.3003305647586507,0.2836793998793037,kmnist,exata,-0.00952380952381482,-0.009556327091753136
0.9864761904761904,0.0,2.1402383578654947,0.7166271599911381,0.6997245647025235,n1-s256-r42,0.9864804079393644,3.504746902693867e-07,1.0,0.1629618692042681,0.1814828327397489,0.5180183858826712,0.2650180680787648,42.0,full_test,0.0531287493832366,256.0,11.534490325081729,finite,10500,0.3003305647586507,0.2836793998793037,kmnist,256,-0.0,-3.504746902693867e-05
0.9865714285714284,-9.523809523803715e-05,2.1402383578654947,0.7166271599911381,0.6997245647025235,n1-s256-r43,0.986575640912273,-9.488249821820728e-05,1.0,0.1628787855234868,0.1813841134291131,0.5180183858826712,0.2648739089834289,43.0,full_test,0.0531287493832366,256.0,11.53921638275954,finite,10500,0.3003305647586507,0.2836793998793037,kmnist,256,0.009523809523803715,0.009488249821820728
0.9868571428571428,-0.0003809523809523,2.1402383578654947,0.7166271599911381,0.6997245647025235,n1-s256-r44,0.986861526129442,-0.0003807677153873,1.0,0.1630228228022733,0.1815908013459974,0.5180183858826712,0.2651757338535885,44.0,full_test,0.0531287493832366,256.0,11.529324411956392,finite,10500,0.3003305647586507,0.2836793998793037,kmnist,256,0.038095238095229994,0.03807677153873
0.9861904761904762,0.0002857142857143,2.1402383578654947,0.7166271599911381,0.6997245647025235,n1-s256-r45,0.9861966430750052,0.0002841153390497,1.0,0.1627790108557637,0.1812845050564596,0.5180183858826712,0.2647284515972585,45.0,full_test,0.0531287493832366,256.0,11.543987610870008,finite,10500,0.3003305647586507,0.2836793998793037,kmnist,256,-0.02857142857143,-0.028411533904969997
0.9861904761904762,0.0002857142857143,2.1402383578654947,0.7166271599911381,0.6997245647025235,n1-s256-r46,0.9861953963109892,0.0002853621030657,1.0,0.1628998039209188,0.1815246375916991,0.5180183858826712,0.2650791154017148,46.0,full_test,0.0531287493832366,256.0,11.532489747343488,finite,10500,0.3003305647586507,0.2836793998793037,kmnist,256,-0.02857142857143,-0.02853621030657
0.9864761904761904,0.0,2.1402383578654947,0.7166271599911381,0.6997245647025235,n1-s1024-r42,0.9864817483937164,-9.899796616918977e-07,1.0,0.160305334975605,0.1752935750774141,0.5180183858826712,0.255979939878144,42.0,full_test,0.0265643746916183,1024.0,11.835881345449078,finite,10500,0.3003305647586507,0.2836793998793037,kmnist,1024,-0.0,9.899796616918977e-05
0.9864761904761904,0.0,2.1402383578654947,0.7166271599911381,0.6997245647025235,n1-s1024-r43,0.9864807174723424,4.0941712353692594e-08,1.0,0.1603179037674447,0.1753878170226156,0.5180183858826712,0.2561175607091187,43.0,full_test,0.0265643746916183,1024.0,11.83121286189995,finite,10500,0.3003305647586507,0.2836793998793037,kmnist,1024,-0.0,-4.094171235369259e-06
0.9864761904761904,0.0,2.1402383578654947,0.7166271599911381,0.6997245647025235,n1-s1024-r44,0.9864812360891068,-4.776750518464823e-07,1.0,0.1603873010803325,0.1754278149009077,0.5180183858826712,0.2561759693215048,44.0,full_test,0.0265643746916183,1024.0,11.829232236599973,finite,10500,0.3003305647586507,0.2836793998793037,kmnist,1024,-0.0,4.776750518464823e-05
0.9862857142857144,0.0001904761904761,2.1402383578654947,0.7166271599911381,0.6997245647025235,n1-s1024-r45,0.9862905886710978,0.000190169742957,1.0,0.1602916435694478,0.1753615762200706,0.5180183858826712,0.2560792414549484,45.0,full_test,0.0265643746916183,1024.0,11.832512506145871,finite,10500,0.3003305647586507,0.2836793998793037,kmnist,1024,-0.01904761904761,-0.0190169742957
0.9862857142857144,0.0001904761904761,2.1402383578654947,0.7166271599911381,0.6997245647025235,n1-s1024-r46,0.9862891094966624,0.0001916489173925,1.0,0.1604367299083442,0.1754831611814415,0.5180183858826712,0.2562567910946774,46.0,full_test,0.0265643746916183,1024.0,11.82649232977832,finite,10500,0.3003305647586507,0.2836793998793037,kmnist,1024,-0.01904761904761,-0.01916489173925
0.9862857142857144,0.0001904761904761,2.1402383578654947,0.7166271599911381,0.6997245647025235,n1-s4096-r42,0.9862903188646952,0.0001904395493596,1.0,0.1596399695909444,0.1737740236608785,0.5180183858826712,0.2537609499347033,42.0,full_test,0.0132821873458091,4096.0,11.911504172225555,finite,10500,0.3003305647586507,0.2836793998793037,kmnist,4096,-0.01904761904761,-0.01904395493596
0.9862857142857144,0.0001904761904761,2.1402383578654947,0.7166271599911381,0.6997245647025235,n1-s4096-r43,0.986289928878446,0.0001908295356087,1.0,0.1596994951658193,0.173823662509973,0.5180183858826712,0.253833437187024,43.0,full_test,0.0132821873458091,4096.0,11.909023387196886,finite,10500,0.3003305647586507,0.2836793998793037,kmnist,4096,-0.01904761904761,-0.01908295356087
0.9864761904761904,0.0,2.1402383578654947,0.7166271599911381,0.6997245647025235,n1-s4096-r44,0.9864807647416188,-6.3275639172744044e-09,1.0,0.1596532882877778,0.1737644216598783,0.5180183858826712,0.2537469282020891,44.0,full_test,0.0132821873458091,4096.0,11.911984130182066,finite,10500,0.3003305647586507,0.2836793998793037,kmnist,4096,-0.0,6.327563917274405e-07
0.9862857142857144,0.0001904761904761,2.1402383578654947,0.7166271599911381,0.6997245647025235,n1-s4096-r45,0.9862904178518972,0.0001903405621576,1.0,0.1597591251730154,0.1738851565319397,0.5180183858826712,0.2539232364625478,45.0,full_test,0.0132821873458091,4096.0,11.905951102201389,finite,10500,0.3003305647586507,0.2836793998793037,kmnist,4096,-0.01904761904761,-0.01903405621576
0.9862857142857144,0.0001904761904761,2.1402383578654947,0.7166271599911381,0.6997245647025235,n1-s4096-r46,0.9862903597059924,0.0001903987080623,1.0,0.1596977783837394,0.1737957393856367,0.5180183858826712,0.2537926612505092,46.0,full_test,0.0132821873458091,4096.0,11.910418805148437,finite,10500,0.3003305647586507,0.2836793998793037,kmnist,4096,-0.01904761904761,-0.01903987080623
0.9864761904761904,0.0,3.241567033032199,0.5161458361984831,0.4917786468297711,n2-sexact-rnone,0.9864807501030124,8.311042298814186e-09,2.0,0.2786835313902712,0.302473099627452,0.277974165098754,0.4416992797551038,,full_test,0.0,,7.097466178229914,finite,10500,0.5082854029279628,0.4842340290807703,kmnist,exata,-0.0,-8.311042298814186e-07
0.9856190476190476,0.0008571428571428,3.241567033032199,0.5161458361984831,0.4917786468297711,n2-s256-r42,0.9856254278245352,0.0008553305895195,2.0,0.2804058098531528,0.3077448945603219,0.277974165098754,0.4493976437674185,42.0,full_test,0.0574742575605422,256.0,6.947384179125107,finite,10500,0.5082854029279628,0.4842340290807703,kmnist,256,-0.08571428571428,-0.08553305895195
0.986,0.0004761904761905,3.241567033032199,0.5161458361984831,0.4917786468297711,n2-s256-r43,0.9860054589476632,0.0004752994663916,2.0,0.2805492905657559,0.3080355215555903,0.277974165098754,0.4498220442666548,43.0,full_test,0.0574742575605422,256.0,6.939185301317005,finite,10500,0.5082854029279628,0.4842340290807703,kmnist,256,-0.047619047619049996,-0.047529946639160006
0.9861904761904762,0.0002857142857143,3.241567033032199,0.5161458361984831,0.4917786468297711,n2-s256-r44,0.986195122914061,0.0002856354999938,2.0,0.2807619500313226,0.3081367757775952,0.277974165098754,0.4499699050747291,44.0,full_test,0.0574742575605422,256.0,6.936330635472906,finite,10500,0.5082854029279628,0.4842340290807703,kmnist,256,-0.02857142857143,-0.02856354999938
0.9857142857142858,0.0007619047619047,3.241567033032199,0.5161458361984831,0.4917786468297711,n2-s256-r45,0.9857202939036928,0.0007604645103619,2.0,0.2809262996990804,0.3083012018377037,0.277974165098754,0.4502100152610974,45.0,full_test,0.0574742575605422,256.0,6.931696960399477,finite,10500,0.5082854029279628,0.4842340290807703,kmnist,256,-0.07619047619047001,-0.07604645103619
0.9864761904761904,0.0,3.241567033032199,0.5161458361984831,0.4917786468297711,n2-s256-r46,0.9864805612648836,1.971491713215201e-07,2.0,0.2808088842142374,0.3081636822651911,0.277974165098754,0.4500091964239649,46.0,full_test,0.0574742575605422,256.0,6.935572217143324,finite,10500,0.5082854029279628,0.4842340290807703,kmnist,256,-0.0,-1.971491713215201e-05
0.9866666666666668,-0.0001904761904761,3.241567033032199,0.5161458361984831,0.4917786468297711,n2-s1024-r42,0.9866717453510728,-0.0001909869370179,2.0,0.2791241241588855,0.3038662207962394,0.277974165098754,0.4437336445221619,42.0,full_test,0.0287371287802711,1024.0,7.05755282407459,finite,10500,0.5082854029279628,0.4842340290807703,kmnist,1024,0.01904761904761,0.019098693701789998
0.9867619047619048,-0.0002857142857142,3.241567033032199,0.5161458361984831,0.4917786468297711,n2-s1024-r43,0.9867673820369336,-0.0002866236228789,2.0,0.2790427714566322,0.303734627387642,0.277974165098754,0.443541479619334,43.0,full_test,0.0287371287802711,1024.0,7.061315181699539,finite,10500,0.5082854029279628,0.4842340290807703,kmnist,1024,0.028571428571419998,0.02866236228789
0.9866666666666668,-0.0001904761904761,3.241567033032199,0.5161458361984831,0.4917786468297711,n2-s1024-r44,0.9866707384336142,-0.0001899800195593,2.0,0.2791608813114153,0.3038717462607733,0.277974165098754,0.4437417133180579,44.0,full_test,0.0287371287802711,1024.0,7.057394882403198,finite,10500,0.5082854029279628,0.4842340290807703,kmnist,1024,0.01904761904761,0.01899800195593
0.9865714285714284,-9.523809523803715e-05,3.241567033032199,0.5161458361984831,0.4917786468297711,n2-s1024-r45,0.9865760489289024,-9.529051484757912e-05,2.0,0.2791747213803423,0.3039209190154782,0.277974165098754,0.4438135199361126,45.0,full_test,0.0287371287802711,1024.0,7.055989438915971,finite,10500,0.5082854029279628,0.4842340290807703,kmnist,1024,0.009523809523803715,0.009529051484757913
0.9866666666666668,-0.0001904761904761,3.241567033032199,0.5161458361984831,0.4917786468297711,n2-s1024-r46,0.9866713054686842,-0.0001905470546293,2.0,0.2791794133851443,0.3038706846025899,0.277974165098754,0.4437401629862912,46.0,full_test,0.0287371287802711,1024.0,7.057425228962354,finite,10500,0.5082854029279628,0.4842340290807703,kmnist,1024,0.01904761904761,0.01905470546293
0.9861904761904762,0.0002857142857143,3.241567033032199,0.5161458361984831,0.4917786468297711,n2-s4096-r42,0.9861941259549544,0.0002866324591003,2.0,0.2788202390160355,0.302847849266923,0.277974165098754,0.4422465239432537,42.0,full_test,0.0143685643901355,4096.0,7.086711439170732,finite,10500,0.5082854029279628,0.4842340290807703,kmnist,4096,-0.02857142857143,-0.028663245910029996
0.9861904761904762,0.0002857142857143,3.241567033032199,0.5161458361984831,0.4917786468297711,n2-s4096-r43,0.9861955850140528,0.0002851734000018,2.0,0.2787676799310675,0.3027981498024407,0.277974165098754,0.4421739481747208,43.0,full_test,0.0143685643901355,4096.0,7.088136971792746,finite,10500,0.5082854029279628,0.4842340290807703,kmnist,4096,-0.02857142857143,-0.028517340000180004
0.9863809523809524,9.52380952381482e-05,3.241567033032199,0.5161458361984831,0.4917786468297711,n2-s4096-r44,0.9863853910676834,9.536734637138888e-05,2.0,0.2788584368962982,0.3028696928332189,0.277974165098754,0.4422784219451325,44.0,full_test,0.0143685643901355,4096.0,7.0860849728954705,finite,10500,0.5082854029279628,0.4842340290807703,kmnist,4096,-0.00952380952381482,-0.009536734637138888
0.9865714285714284,-9.523809523803715e-05,3.241567033032199,0.5161458361984831,0.4917786468297711,n2-s4096-r45,0.98657504274972,-9.42843356652734e-05,2.0,0.2788131665271582,0.3028359984253055,0.277974165098754,0.4422292182449507,45.0,full_test,0.0143685643901355,4096.0,7.087051336306219,finite,10500,0.5082854029279628,0.4842340290807703,kmnist,4096,0.009523809523803715,0.00942843356652734
0.9863809523809524,9.52380952381482e-05,3.241567033032199,0.5161458361984831,0.4917786468297711,n2-s4096-r46,0.9863846175718118,9.614084224296436e-05,2.0,0.27883844149102,0.3028595848514159,0.277974165098754,0.4422636613324112,46.0,full_test,0.0143685643901355,4096.0,7.086374860862412,finite,10500,0.5082854029279628,0.4842340290807703,kmnist,4096,-0.00952380952381482,-0.009614084224296436
0.8852077001013171,0.0,1.7185793368703247e-14,1.0,1.0,n0-sexact-rnone,0.8847409114940987,0.0,0.0,0.0,0.0,0.9999999999999998,0.0,,full_test,0.0,,,zero_error_infinite,19740,0.0,0.0,emnist_balanced,exata,-0.0,-0.0
0.8852077001013171,0.0,1.7185793368703247e-14,1.0,1.0,n0-s256-r42,0.884792754097637,-5.184260353829906e-05,0.0,0.0309182168378681,0.0421319626418202,0.9999999999999998,0.0570099635480526,42.0,full_test,0.0387238372408596,256.0,24.880984733639387,finite,19740,0.0,0.0,emnist_balanced,256,-0.0,0.005184260353829906
0.8844984802431611,0.0007092198581559,1.7185793368703247e-14,1.0,1.0,n0-s256-r43,0.8841244305954841,0.0006164808986146,0.0,0.0308060912374129,0.0419904338294559,0.9999999999999998,0.0568184568645762,43.0,full_test,0.0387238372408596,256.0,24.91021130958653,finite,19740,0.0,0.0,emnist_balanced,256,-0.07092198581559,-0.061648089861460004
0.8852583586626139,-5.065856129682356e-05,1.7185793368703247e-14,1.0,1.0,n0-s256-r44,0.8847747159080114,-3.380441391265254e-05,0.0,0.0308645947952737,0.0420437730388508,0.9999999999999998,0.0568906316742127,44.0,full_test,0.0387238372408596,256.0,24.89918488200018,finite,19740,0.0,0.0,emnist_balanced,256,0.0050658561296823565,0.0033804413912652542
0.8844984802431611,0.0007092198581559,1.7185793368703247e-14,1.0,1.0,n0-s256-r45,0.8841725696513011,0.0005683418427976,0.0,0.0307930312509612,0.041933878100916,0.9999999999999998,0.056741929690898,45.0,full_test,0.0387238372408596,256.0,24.921917974307632,finite,19740,0.0,0.0,emnist_balanced,256,-0.07092198581559,-0.05683418427976
0.8855116514690983,-0.0003039513677811,1.7185793368703247e-14,1.0,1.0,n0-s256-r46,0.8850888744134232,-0.0003479629193244,0.0,0.0309726454278946,0.0421904014826248,0.9999999999999998,0.0570890388147897,46.0,full_test,0.0387238372408596,256.0,24.868945379469416,finite,19740,0.0,0.0,emnist_balanced,256,0.03039513677811,0.03479629193244
0.8846504559270517,0.0005572441742653,1.7185793368703247e-14,1.0,1.0,n0-s1024-r42,0.8842400325256621,0.0005008789684366,0.0,0.0154572946736843,0.0210804483685732,0.9999999999999998,0.0285245575499504,42.0,full_test,0.0193619186204298,1024.0,30.89562166570085,finite,19740,0.0,0.0,emnist_balanced,1024,-0.055724417426530004,-0.050087896843659996
0.8851063829787233,0.0001013171225937,1.7185793368703247e-14,1.0,1.0,n0-s1024-r43,0.8846401318938047,0.0001007796002939,0.0,0.015428071476792,0.0210088226262259,0.9999999999999998,0.0284276387096145,43.0,full_test,0.0193619186204298,1024.0,30.925184253939197,finite,19740,0.0,0.0,emnist_balanced,1024,-0.010131712259369999,-0.01007796002939
0.8851570415400203,5.065856129682356e-05,1.7185793368703247e-14,1.0,1.0,n0-s1024-r44,0.8847475721569684,-6.660662869695244e-06,0.0,0.0154602635829285,0.0210581515961861,0.9999999999999998,0.0284943871495863,44.0,full_test,0.0193619186204298,1024.0,30.9048135858157,finite,19740,0.0,0.0,emnist_balanced,1024,-0.0050658561296823565,0.0006660662869695244
0.8854103343465045,-0.0002026342451874,1.7185793368703247e-14,1.0,1.0,n0-s1024-r45,0.8849357709855973,-0.0001948594914985,0.0,0.0154832885819302,0.0211102561205921,0.9999999999999998,0.0285648912716547,45.0,full_test,0.0193619186204298,1024.0,30.883348493654665,finite,19740,0.0,0.0,emnist_balanced,1024,0.020263424518739998,0.01948594914985
0.8850050658561297,0.0002026342451874,1.7185793368703247e-14,1.0,1.0,n0-s1024-r46,0.8845086718412548,0.0002322396528439,0.0,0.0155298586177567,0.0211728836478102,0.9999999999999998,0.0286496343697668,46.0,full_test,0.0193619186204298,1024.0,30.857618323639297,finite,19740,0.0,0.0,emnist_balanced,1024,-0.020263424518739998,-0.02322396528439
0.8850050658561297,0.0002026342451874,1.7185793368703247e-14,1.0,1.0,n0-s4096-r42,0.8845229948915729,0.0002179166025257,0.0,0.0077159880369349,0.0105015818177397,0.9999999999999998,0.0142099906836993,42.0,full_test,0.0096809593102149,4096.0,36.948124136059015,finite,19740,0.0,0.0,emnist_balanced,4096,-0.020263424518739998,-0.02179166025257
0.8851570415400203,5.065856129682356e-05,1.7185793368703247e-14,1.0,1.0,n0-s4096-r43,0.8846994628557571,4.14486383416568e-05,0.0,0.0077198735253907,0.0105031588095693,0.9999999999999998,0.0142121245564431,43.0,full_test,0.0096809593102149,4096.0,36.94681989933827,finite,19740,0.0,0.0,emnist_balanced,4096,-0.0050658561296823565,-0.0041448638341656805
0.884549138804458,0.0006585612968591,1.7185793368703247e-14,1.0,1.0,n0-s4096-r44,0.8841184657394096,0.0006224457546891,0.0,0.0077216315843114,0.0105164900915958,0.9999999999999998,0.0142301634954035,44.0,full_test,0.0096809593102149,4096.0,36.9358022024694,finite,19740,0.0,0.0,emnist_balanced,4096,-0.06585612968591001,-0.06224457546891
0.8848530901722391,0.0003546099290779,1.7185793368703247e-14,1.0,1.0,n0-s4096-r45,0.8844070915961938,0.0003338198979049,0.0,0.0077160879258677,0.0105119270578094,0.9999999999999998,0.0142239891238926,45.0,full_test,0.0096809593102149,4096.0,36.939571768977785,finite,19740,0.0,0.0,emnist_balanced,4096,-0.03546099290779,-0.03338198979049
0.8851063829787233,0.0001013171225937,1.7185793368703247e-14,1.0,1.0,n0-s4096-r46,0.8846539536187069,8.695787539181321e-05,0.0,0.0077300533385394,0.010530602948893,0.9999999999999998,0.0142492600062143,46.0,full_test,0.0096809593102149,4096.0,36.92415377775844,finite,19740,0.0,0.0,emnist_balanced,4096,-0.010131712259369999,-0.008695787539181321
0.8847517730496454,0.0004559270516717,1.3232151297406891,0.8434641722200314,0.8335521815789816,n0.5-sexact-rnone,0.8843441744031776,0.0003967370909211,0.5,0.0911196640620467,0.0990338398076661,0.7128353495757995,0.1340055208312225,,full_test,0.0,,17.457546179398683,finite,19740,0.1664596234178754,0.1566421620084216,emnist_balanced,exata,-0.04559270516717,-0.03967370909211
0.8856636271529889,-0.0004559270516717,1.3232151297406891,0.8434641722200314,0.8335521815789816,n0.5-s256-r42,0.8852598020221917,-0.0005188905280929,0.5,0.0971931497429173,0.1100113729275349,0.7128353495757995,0.1488595348331731,42.0,full_test,0.0467888776135732,256.0,16.544466849124206,finite,19740,0.1664596234178754,0.1566421620084216,emnist_balanced,256,0.04559270516717,0.051889052809289994
0.8840932117527862,0.0011144883485308,1.3232151297406891,0.8434641722200314,0.8335521815789816,n0.5-s256-r43,0.8837062081606379,0.0010347033334607,0.5,0.0970792170245999,0.109977358465924,0.7128353495757995,0.1488135088924159,43.0,full_test,0.0467888776135732,256.0,16.547152858176876,finite,19740,0.1664596234178754,0.1566421620084216,emnist_balanced,256,-0.11144883485307999,-0.10347033334606999
0.8844984802431611,0.0007092198581559,1.3232151297406891,0.8434641722200314,0.8335521815789816,n0.5-s256-r44,0.8840350842645647,0.000705827229534,0.5,0.0972379862278041,0.1100771764526207,0.7128353495757995,0.1489485754648278,44.0,full_test,0.0467888776135732,256.0,16.539272919904967,finite,19740,0.1664596234178754,0.1566421620084216,emnist_balanced,256,-0.07092198581559,-0.0705827229534
0.8843971631205674,0.0008105369807497,1.3232151297406891,0.8434641722200314,0.8335521815789816,n0.5-s256-r45,0.8840572578992195,0.0006836535948792,0.5,0.0972306991070763,0.1101122602164848,0.7128353495757995,0.1489960483090441,45.0,full_test,0.0467888776135732,256.0,16.53650499690012,finite,19740,0.1664596234178754,0.1566421620084216,emnist_balanced,256,-0.08105369807497001,-0.06836535948792001
0.8839918946301925,0.0012158054711246,1.3232151297406891,0.8434641722200314,0.8335521815789816,n0.5-s256-r46,0.8835724035457538,0.0011685079483448,0.5,0.0972073407047532,0.1100458471631467,0.7128353495757995,0.1489061829072798,46.0,full_test,0.0467888776135732,256.0,16.541745380515206,finite,19740,0.1664596234178754,0.1566421620084216,emnist_balanced,256,-0.12158054711246,-0.11685079483448
0.8850557244174265,0.0001519756838905,1.3232151297406891,0.8434641722200314,0.8335521815789816,n0.5-s1024-r42,0.8846412437419335,9.966775216518896e-05,0.5,0.0926124783675301,0.1018290875873514,0.7128353495757995,0.1377878505409108,42.0,full_test,0.0233944388067866,1024.0,17.21578149409169,finite,19740,0.1664596234178754,0.1566421620084216,emnist_balanced,1024,-0.01519756838905,-0.009966775216518895
0.8850050658561297,0.0002026342451874,1.3232151297406891,0.8434641722200314,0.8335521815789816,n0.5-s1024-r43,0.8846251036748428,0.0001158078192559,0.5,0.092613360102392,0.1018101659545809,0.7128353495757995,0.1377622471384848,43.0,full_test,0.0233944388067866,1024.0,17.217395634898345,finite,19740,0.1664596234178754,0.1566421620084216,emnist_balanced,1024,-0.020263424518739998,-0.01158078192559
0.884549138804458,0.0006585612968591,1.3232151297406891,0.8434641722200314,0.8335521815789816,n0.5-s1024-r44,0.8841561651417507,0.000584746352348,0.5,0.0926772534168167,0.1018576255787902,0.7128353495757995,0.1378264661132612,44.0,full_test,0.0233944388067866,1024.0,17.213347581325383,finite,19740,0.1664596234178754,0.1566421620084216,emnist_balanced,1024,-0.06585612968591001,-0.058474635234799996
0.8848530901722391,0.0003546099290779,1.3232151297406891,0.8434641722200314,0.8335521815789816,n0.5-s1024-r45,0.8844885797411831,0.0002523317529156,0.5,0.0926977530582319,0.1018892272748,0.7128353495757995,0.137869227271883,45.0,full_test,0.0233944388067866,1024.0,17.21065317066555,finite,19740,0.1664596234178754,0.1566421620084216,emnist_balanced,1024,-0.03546099290779,-0.02523317529156
0.8856636271529889,-0.0004559270516717,1.3232151297406891,0.8434641722200314,0.8335521815789816,n0.5-s1024-r46,0.8852249185392161,-0.0004840070451174,0.5,0.092692565779708,0.1018727343793002,0.7128353495757995,0.1378469102633155,46.0,full_test,0.0233944388067866,1024.0,17.212059276783425,finite,19740,0.1664596234178754,0.1566421620084216,emnist_balanced,1024,0.04559270516717,0.04840070451174
0.8849037487335359,0.0003039513677811,1.3232151297406891,0.8434641722200314,0.8335521815789816,n0.5-s4096-r42,0.8845320697010715,0.0002088417930272,0.5,0.0915432762944718,0.0997774996144585,0.7128353495757995,0.1350117881831095,42.0,full_test,0.0116972194033933,4096.0,17.392566212415403,finite,19740,0.1664596234178754,0.1566421620084216,emnist_balanced,4096,-0.03039513677811,-0.02088417930272
0.8844984802431611,0.0007092198581559,1.3232151297406891,0.8434641722200314,0.8335521815789816,n0.5-s4096-r43,0.8840824776363736,0.0006584338577251,0.5,0.0915230338597212,0.0997496744035735,0.7128353495757995,0.1349741370945106,43.0,full_test,0.0116972194033933,4096.0,17.394988806868103,finite,19740,0.1664596234178754,0.1566421620084216,emnist_balanced,4096,-0.07092198581559,-0.06584338577250999
0.8851063829787233,0.0001013171225937,1.3232151297406891,0.8434641722200314,0.8335521815789816,n0.5-s4096-r44,0.8847230543811639,1.785711293478265e-05,0.5,0.0915309983492925,0.0997617856319339,0.7128353495757995,0.1349905251439641,44.0,full_test,0.0116972194033933,4096.0,17.3939342630035,finite,19740,0.1664596234178754,0.1566421620084216,emnist_balanced,4096,-0.010131712259369999,-0.0017857112934782648
0.8851063829787233,0.0001013171225937,1.3232151297406891,0.8434641722200314,0.8335521815789816,n0.5-s4096-r45,0.8846921983760923,4.871311800647149e-05,0.5,0.0915183544627292,0.0997514467963028,0.7128353495757995,0.1349765353697999,45.0,full_test,0.0116972194033933,4096.0,17.394834473824258,finite,19740,0.1664596234178754,0.1566421620084216,emnist_balanced,4096,-0.010131712259369999,-0.004871311800647149
0.8847011144883485,0.0005065856129685,1.3232151297406891,0.8434641722200314,0.8335521815789816,n0.5-s4096-r46,0.8842871282109319,0.0004537832831668,0.5,0.0915226447769626,0.0997619551057457,0.7128353495757995,0.1349907544638255,46.0,full_test,0.0116972194033933,4096.0,17.39391950755816,finite,19740,0.1664596234178754,0.1566421620084216,emnist_balanced,4096,-0.05065856129685,-0.04537832831668
0.8853090172239109,-0.0001013171225937,2.169965284315788,0.7121626670024992,0.6953803960675616,n1-sexact-rnone,0.8849645758469108,-0.000223664352812,1.0,0.1700641060431482,0.1845509219766865,0.5116261779914515,0.2497211303469402,,full_test,0.0,,12.05089415859458,finite,19740,0.3046378560820085,0.288005161894538,emnist_balanced,exata,0.010131712259369999,0.0223664352812
0.8849544072948329,0.0002532928064842,2.169965284315788,0.7121626670024992,0.6953803960675616,n1-s256-r42,0.8845756384869738,0.0001652730071248,1.0,0.1733320758058216,0.1915883804444238,0.5116261779914515,0.2592437166581319,42.0,full_test,0.0513099531841315,256.0,11.725835217873549,finite,19740,0.3046378560820085,0.288005161894538,emnist_balanced,256,-0.02532928064842,-0.01652730071248
0.8854103343465045,-0.0002026342451874,2.169965284315788,0.7121626670024992,0.6953803960675616,n1-s256-r43,0.8850713749246318,-0.0003304634305331,1.0,0.173448817925887,0.1917472313191735,0.5116261779914515,0.2594586623196015,43.0,full_test,0.0513099531841315,256.0,11.718636506333985,finite,19740,0.3046378560820085,0.288005161894538,emnist_balanced,256,0.020263424518739998,0.03304634305331
0.8843465045592706,0.0008611955420465,2.169965284315788,0.7121626670024992,0.6953803960675616,n1-s256-r44,0.883960025054221,0.0007808864398777,1.0,0.1736418536150276,0.1919014541524795,0.5116261779914515,0.25966734564584,44.0,full_test,0.0513099531841315,256.0,11.711653229014658,finite,19740,0.3046378560820085,0.288005161894538,emnist_balanced,256,-0.08611955420464999,-0.07808864398776999
0.8852077001013171,0.0,2.169965284315788,0.7121626670024992,0.6953803960675616,n1-s256-r45,0.8848101068543495,-6.919536025074002e-05,1.0,0.1732637419621174,0.1915186712783814,0.5116261779914515,0.2591493911920047,45.0,full_test,0.0513099531841315,256.0,11.728996141834436,finite,19740,0.3046378560820085,0.288005161894538,emnist_balanced,256,-0.0,0.006919536025074002
0.8843971631205674,0.0008105369807497,2.169965284315788,0.7121626670024992,0.6953803960675616,n1-s256-r46,0.8839827290738937,0.0007581824202049,1.0,0.1734213269178084,0.1917324710393764,0.5116261779914515,0.2594386897628909,46.0,full_test,0.0513099531841315,256.0,11.719305152734924,finite,19740,0.3046378560820085,0.288005161894538,emnist_balanced,256,-0.08105369807497001,-0.07581824202049
0.8847517730496454,0.0004559270516717,2.169965284315788,0.7121626670024992,0.6953803960675616,n1-s1024-r42,0.8843818017627119,0.0003591097313868,1.0,0.1709323374897207,0.1863470766910119,0.5116261779914515,0.2521515586576477,42.0,full_test,0.0256549765920657,1024.0,11.966766858697122,finite,19740,0.3046378560820085,0.288005161894538,emnist_balanced,1024,-0.04559270516717,-0.035910973138680004
0.8851570415400203,5.065856129682356e-05,2.169965284315788,0.7121626670024992,0.6953803960675616,n1-s1024-r43,0.88485062484759,-0.0001097133534913,1.0,0.1708669349853891,0.1862756647822334,0.5116261779914515,0.252054929161629,43.0,full_test,0.0256549765920657,1024.0,11.970096102444485,finite,19740,0.3046378560820085,0.288005161894538,emnist_balanced,1024,-0.0050658561296823565,0.01097133534913
0.8857142857142857,-0.0005065856129685,2.169965284315788,0.7121626670024992,0.6953803960675616,n1-s1024-r44,0.8853180205115231,-0.0005771090174243,1.0,0.1709474677191148,0.1864128361972002,0.5116261779914515,0.2522405397260733,44.0,full_test,0.0256549765920657,1024.0,11.963702259744377,finite,19740,0.3046378560820085,0.288005161894538,emnist_balanced,1024,0.05065856129685,0.05771090174243
0.8858662613981763,-0.0006585612968591,2.169965284315788,0.7121626670024992,0.6953803960675616,n1-s1024-r45,0.8854720984142975,-0.0007311869201988,1.0,0.1709190348348768,0.1863713782036384,0.5116261779914515,0.2521844417293617,45.0,full_test,0.0256549765920657,1024.0,11.96563420613195,finite,19740,0.3046378560820085,0.288005161894538,emnist_balanced,1024,0.06585612968591001,0.07311869201988
0.8850557244174265,0.0001519756838905,2.169965284315788,0.7121626670024992,0.6953803960675616,n1-s1024-r46,0.8847028438128937,3.806768120506731e-05,1.0,0.1709160226443696,0.186329168958482,0.5116261779914515,0.252127327192633,46.0,full_test,0.0256549765920657,1024.0,11.96760160247464,finite,19740,0.3046378560820085,0.288005161894538,emnist_balanced,1024,-0.01519756838905,-0.0038067681205067308
0.8848024316109423,0.0004052684903748,2.169965284315788,0.7121626670024992,0.6953803960675616,n1-s4096-r42,0.8844368452583684,0.0003040662357303,1.0,0.1703410140695429,0.1850614160265719,0.5116261779914515,0.2504118944450403,42.0,full_test,0.0128274882960328,4096.0,12.02690092383596,finite,19740,0.3046378560820085,0.288005161894538,emnist_balanced,4096,-0.040526849037479995,-0.03040662357303
0.8856636271529889,-0.0004559270516717,2.169965284315788,0.7121626670024992,0.6953803960675616,n1-s4096-r43,0.8853155789393173,-0.0005746674452186,1.0,0.1703153585935587,0.1850335297424417,0.5116261779914515,0.2503741607164867,43.0,full_test,0.0128274882960328,4096.0,12.028209870038,finite,19740,0.3046378560820085,0.288005161894538,emnist_balanced,4096,0.04559270516717,0.05746674452186
0.8846504559270517,0.0005572441742653,2.169965284315788,0.7121626670024992,0.6953803960675616,n1-s4096-r44,0.884303924450345,0.0004369870437537,1.0,0.1703111647382465,0.1850194899289185,0.5116261779914515,0.2503551630432954,44.0,full_test,0.0128274882960328,4096.0,12.028868955435916,finite,19740,0.3046378560820085,0.288005161894538,emnist_balanced,4096,-0.055724417426530004,-0.04369870437537
0.885612968591692,-0.0004052684903749,2.169965284315788,0.7121626670024992,0.6953803960675616,n1-s4096-r45,0.885222036264521,-0.0004811247704222,1.0,0.1703295588524228,0.1850275938617639,0.5116261779914515,0.2503661287065862,45.0,full_test,0.0128274882960328,4096.0,12.02848851808389,finite,19740,0.3046378560820085,0.288005161894538,emnist_balanced,4096,0.04052684903749,0.04811247704222
0.8847517730496454,0.0004559270516717,2.169965284315788,0.7121626670024992,0.6953803960675616,n1-s4096-r46,0.8844115550536065,0.0003293564404922,1.0,0.1703417295893468,0.1850660214061125,0.5116261779914515,0.250418126115802,46.0,full_test,0.0128274882960328,4096.0,12.026684772238497,finite,19740,0.3046378560820085,0.288005161894538,emnist_balanced,4096,-0.04559270516717,-0.03293564404922
0.8850050658561297,0.0002026342451874,3.2787615426980796,0.5097286275586476,0.485673526707981,n2-sexact-rnone,0.8847345893538551,6.322140243653074e-06,2.0,0.2977274275616439,0.3222792010040354,0.2713265056027588,0.4360852034768114,,full_test,0.0,,7.2085729767993,finite,19740,0.5143485006428391,0.4904796830019666,emnist_balanced,exata,-0.020263424518739998,-0.0006322140243653074
0.8844478216818642,0.0007598784194529,3.2787615426980796,0.5097286275586476,0.485673526707981,n2-s256-r42,0.8842333188281578,0.0005075926659409,2.0,0.2995567190249742,0.3270511360001488,0.2713265056027588,0.4425422451887031,42.0,full_test,0.0564442696068363,256.0,7.080905302639934,finite,19740,0.5143485006428391,0.4904796830019666,emnist_balanced,256,-0.07598784194529,-0.050759266594090004
0.8831306990881459,0.0020770010131712,3.2787615426980796,0.5097286275586476,0.485673526707981,n2-s256-r43,0.8828975189882391,0.0018433925058596,2.0,0.2996159179962385,0.3271064629557697,0.2713265056027588,0.4426171096746039,43.0,full_test,0.0564442696068363,256.0,7.079436042533667,finite,19740,0.5143485006428391,0.4904796830019666,emnist_balanced,256,-0.20770010131712,-0.18433925058596
0.88419452887538,0.0010131712259371,3.2787615426980796,0.5097286275586476,0.485673526707981,n2-s256-r44,0.8839975847617899,0.0007433267323088,2.0,0.2998001242929107,0.3273221291844992,0.2713265056027588,0.4429089338163592,44.0,full_test,0.0564442696068363,256.0,7.073711191414037,finite,19740,0.5143485006428391,0.4904796830019666,emnist_balanced,256,-0.10131712259371,-0.07433267323088
0.8847517730496454,0.0004559270516717,3.2787615426980796,0.5097286275586476,0.485673526707981,n2-s256-r45,0.8844446736893365,0.0002962378047621,2.0,0.2995578841527501,0.3270834460678757,0.2713265056027588,0.4425859648653534,45.0,full_test,0.0564442696068363,256.0,7.0800472477674505,finite,19740,0.5143485006428391,0.4904796830019666,emnist_balanced,256,-0.04559270516717,-0.029623780476209997
0.8835866261398176,0.0016210739614994,3.2787615426980796,0.5097286275586476,0.485673526707981,n2-s256-r46,0.883417853086962,0.0013230584071367,2.0,0.2997592829296025,0.3272087763076663,0.2713265056027588,0.4427555527970307,46.0,full_test,0.0564442696068363,256.0,7.076719668416144,finite,19740,0.5143485006428391,0.4904796830019666,emnist_balanced,256,-0.16210739614994002,-0.13230584071367
0.8849037487335359,0.0003039513677811,3.2787615426980796,0.5097286275586476,0.485673526707981,n2-s1024-r42,0.8846195026860975,0.0001214088080012,2.0,0.2982026030972884,0.3234880804416253,0.2713265056027588,0.4377209728155645,42.0,full_test,0.0282221348034181,1024.0,7.176052884970606,finite,19740,0.5143485006428391,0.4904796830019666,emnist_balanced,1024,-0.03039513677811,-0.012140880800120001
0.8834853090172239,0.0017223910840932,3.2787615426980796,0.5097286275586476,0.485673526707981,n2-s1024-r43,0.8831876006819963,0.0015533108121024,2.0,0.2982856711102076,0.3235874806172559,0.2713265056027588,0.4378554740358744,43.0,full_test,0.0282221348034181,1024.0,7.173384328114864,finite,19740,0.5143485006428391,0.4904796830019666,emnist_balanced,1024,-0.17223910840932,-0.15533108121024
0.8842451874366768,0.0009625126646403,3.2787615426980796,0.5097286275586476,0.485673526707981,n2-s1024-r44,0.8838833682854524,0.0008575432086462,2.0,0.2982084289946756,0.3235079486649645,0.2713265056027588,0.4377478570767599,44.0,full_test,0.0282221348034181,1024.0,7.175519425142354,finite,19740,0.5143485006428391,0.4904796830019666,emnist_balanced,1024,-0.09625126646403001,-0.08575432086462001
0.8839918946301925,0.0012158054711246,3.2787615426980796,0.5097286275586476,0.485673526707981,n2-s1024-r45,0.8837251412957012,0.0010157701983974,2.0,0.2982197218684505,0.3235241591927587,0.2713265056027588,0.4377697920055097,45.0,full_test,0.0282221348034181,1024.0,7.175084198346916,finite,19740,0.5143485006428391,0.4904796830019666,emnist_balanced,1024,-0.12158054711246,-0.10157701983973999
0.8846504559270517,0.0005572441742653,3.2787615426980796,0.5097286275586476,0.485673526707981,n2-s1024-r46,0.8843915714410354,0.0003493400530633,2.0,0.2982621991409806,0.3235552510005212,0.2713265056027588,0.4378118632197622,46.0,full_test,0.0282221348034181,1024.0,7.174249493960323,finite,19740,0.5143485006428391,0.4904796830019666,emnist_balanced,1024,-0.055724417426530004,-0.03493400530633
0.8847011144883485,0.0005065856129685,3.2787615426980796,0.5097286275586476,0.485673526707981,n2-s4096-r42,0.8844246078104513,0.0003163036836474,2.0,0.297904132294212,0.3226575409675515,0.2713265056027588,0.4365971461012787,42.0,full_test,0.014111067401709,4096.0,7.198382149290566,finite,19740,0.5143485006428391,0.4904796830019666,emnist_balanced,4096,-0.05065856129685,-0.03163036836474
0.8848530901722391,0.0003546099290779,3.2787615426980796,0.5097286275586476,0.485673526707981,n2-s4096-r43,0.8846163270286178,0.0001245844654809,2.0,0.2978679455939279,0.322590663843222,0.2713265056027588,0.4365066527517846,43.0,full_test,0.014111067401709,4096.0,7.200182657432971,finite,19740,0.5143485006428391,0.4904796830019666,emnist_balanced,4096,-0.03546099290779,-0.012458446548090002
0.8846504559270517,0.0005572441742653,3.2787615426980796,0.5097286275586476,0.485673526707981,n2-s4096-r44,0.8843798090894309,0.0003611024046678,2.0,0.2979236990506667,0.3226568519994838,0.2713265056027588,0.4365962138388831,44.0,full_test,0.014111067401709,4096.0,7.198400696221072,finite,19740,0.5143485006428391,0.4904796830019666,emnist_balanced,4096,-0.055724417426530004,-0.03611024046678
0.8849544072948329,0.0002532928064842,3.2787615426980796,0.5097286275586476,0.485673526707981,n2-s4096-r45,0.8846579635863755,8.29479077232298e-05,2.0,0.2978919274436778,0.3226377090389125,0.2713265056027588,0.4365703109514803,45.0,full_test,0.014111067401709,4096.0,7.198916038060153,finite,19740,0.5143485006428391,0.4904796830019666,emnist_balanced,4096,-0.02532928064842,-0.00829479077232298
0.8844984802431611,0.0007092198581559,3.2787615426980796,0.5097286275586476,0.485673526707981,n2-s4096-r46,0.88421613594905,0.0005247755450487,2.0,0.297827784326298,0.3225692672510469,0.2713265056027588,0.4364777004110089,46.0,full_test,0.014111067401709,4096.0,7.2007587888055955,finite,19740,0.5143485006428391,0.4904796830019666,emnist_balanced,4096,-0.07092198581559,-0.052477554504869996
0.7325555555555555,0.0,1.635689178275698e-14,1.0,1.0,n0-sexact-rnone,0.7331986430202305,0.0,0.0,0.0,0.0,1.000000000000001,0.0,,full_test,0.0,,,zero_error_infinite,9000,0.0,0.0,cifar10,exata,-0.0,-0.0
0.7308888888888889,0.0016666666666665,1.635689178275698e-14,1.0,1.0,n0-s256-r42,0.7314937043459158,0.0017049386743147,0.0,0.0404612442828648,0.0520834207604372,1.000000000000001,0.0939008297590465,42.0,full_test,0.0505768548784149,256.0,20.546611401071175,finite,9000,0.0,0.0,cifar10,256,-0.16666666666665,-0.17049386743147
0.7322222222222222,0.0003333333333332,1.635689178275698e-14,1.0,1.0,n0-s256-r43,0.7328895592358216,0.0003090837844089,0.0,0.0403484223843098,0.0519703884579833,1.000000000000001,0.0936970446229122,43.0,full_test,0.0505768548784149,256.0,20.565482146855526,finite,9000,0.0,0.0,cifar10,256,-0.03333333333332,-0.030908378440890002
0.7323333333333333,0.0002222222222222,1.635689178275698e-14,1.0,1.0,n0-s256-r44,0.7328490385861692,0.0003496044340612,0.0,0.0403412451629371,0.0519434505053279,1.000000000000001,0.0936484783791936,44.0,full_test,0.0505768548784149,256.0,20.56998549484874,finite,9000,0.0,0.0,cifar10,256,-0.02222222222222,-0.03496044340612
0.7316666666666667,0.0008888888888888,1.635689178275698e-14,1.0,1.0,n0-s256-r45,0.7322786298210149,0.0009200131992156,0.0,0.0404065041414332,0.0520030269777989,1.000000000000001,0.0937558883787188,45.0,full_test,0.0505768548784149,256.0,20.560028933855023,finite,9000,0.0,0.0,cifar10,256,-0.08888888888888,-0.09200131992155999
0.7322222222222222,0.0003333333333332,1.635689178275698e-14,1.0,1.0,n0-s256-r46,0.7328860741934139,0.0003125688268166,0.0,0.0404962807404591,0.0522260506143149,1.000000000000001,0.0941579761106489,46.0,full_test,0.0505768548784149,256.0,20.522857701130917,finite,9000,0.0,0.0,cifar10,256,-0.03333333333332,-0.03125688268166
0.7312222222222222,0.0013333333333332,1.635689178275698e-14,1.0,1.0,n0-s1024-r42,0.7318286835962453,0.0013699594239852,0.0,0.0201649637712671,0.0260100523833014,1.000000000000001,0.0468933389014935,42.0,full_test,0.0252884274392074,1024.0,26.577776870124183,finite,9000,0.0,0.0,cifar10,1024,-0.13333333333331998,-0.13699594239852
0.732,0.0005555555555555,1.635689178275698e-14,1.0,1.0,n0-s1024-r43,0.7326575893794229,0.0005410536408075,0.0,0.0202106196983087,0.0260538317471814,1.000000000000001,0.0469722684060198,43.0,full_test,0.0252884274392074,1024.0,26.563169323297355,finite,9000,0.0,0.0,cifar10,1024,-0.05555555555555,-0.05410536408075001
0.7325555555555555,0.0,1.635689178275698e-14,1.0,1.0,n0-s1024-r44,0.7331912026757171,7.440344513387487e-06,0.0,0.0201458463524088,0.0259879934963604,1.000000000000001,0.0468535690907346,44.0,full_test,0.0252884274392074,1024.0,26.585146418950902,finite,9000,0.0,0.0,cifar10,1024,-0.0,-0.0007440344513387487
0.7324444444444445,0.000111111111111,1.635689178275698e-14,1.0,1.0,n0-s1024-r45,0.733033924682835,0.0001647183373955,0.0,0.020097468412375,0.0259242635412874,1.000000000000001,0.0467386708068952,45.0,full_test,0.0252884274392074,1024.0,26.606472851900666,finite,9000,0.0,0.0,cifar10,1024,-0.0111111111111,-0.01647183373955
0.732,0.0005555555555555,1.635689178275698e-14,1.0,1.0,n0-s1024-r46,0.7326260347964053,0.0005726082238252,0.0,0.0202295401139563,0.026069862332744,1.000000000000001,0.0470011698349943,46.0,full_test,0.0252884274392074,1024.0,26.557826651260065,finite,9000,0.0,0.0,cifar10,1024,-0.05555555555555,-0.05726082238252
0.7324444444444445,0.000111111111111,1.635689178275698e-14,1.0,1.0,n0-s4096-r42,0.7330191977410305,0.0001794452791999,0.0,0.0100655744177084,0.0129765601604287,1.000000000000001,0.0233953482450222,42.0,full_test,0.0126442137196037,4096.0,32.61740971705229,finite,9000,0.0,0.0,cifar10,4096,-0.0111111111111,-0.01794452791999
0.7318888888888889,0.0006666666666665,1.635689178275698e-14,1.0,1.0,n0-s4096-r43,0.7324725218193111,0.0007261212009194,0.0,0.0101163614657909,0.013024826049577,1.000000000000001,0.0234823664741229,43.0,full_test,0.0126442137196037,4096.0,32.585162769557456,finite,9000,0.0,0.0,cifar10,4096,-0.06666666666665,-0.07261212009194
0.7318888888888889,0.0006666666666665,1.635689178275698e-14,1.0,1.0,n0-s4096-r44,0.7324807152464158,0.0007179277738147,0.0,0.0100677291727369,0.0129806103110246,1.000000000000001,0.0234026502327957,44.0,full_test,0.0126442137196037,4096.0,32.614699162647526,finite,9000,0.0,0.0,cifar10,4096,-0.06666666666665,-0.07179277738147
0.7331111111111112,-0.0005555555555556,1.635689178275698e-14,1.0,1.0,n0-s4096-r45,0.7337854002060267,-0.0005867571857961,0.0,0.0101470379904616,0.0130889351813635,1.000000000000001,0.0235979483729688,45.0,full_test,0.0126442137196037,4096.0,32.54251506689454,finite,9000,0.0,0.0,cifar10,4096,0.05555555555556,0.05867571857961
0.7321111111111112,0.0004444444444443,1.635689178275698e-14,1.0,1.0,n0-s4096-r46,0.7327347085553229,0.0004639344649076,0.0,0.0101198264994368,0.0130152867921976,1.000000000000001,0.0234651682146743,46.0,full_test,0.0126442137196037,4096.0,32.59152656229801,finite,9000,0.0,0.0,cifar10,4096,-0.04444444444443,-0.04639344649076
0.7322222222222222,0.0003333333333332,1.3267850779449564,0.8434711686633293,0.8350815099006219,n0.5-sexact-rnone,0.7327561820488862,0.0004424609713443,0.5,0.0630112360563134,0.0727483609722942,0.7128350887039486,0.1311575038500162,,full_test,0.0,,17.64413714570756,finite,9000,0.1649682894983903,0.1566694523820832,cifar10,exata,-0.03333333333332,-0.04424609713443
0.7321111111111112,0.0004444444444443,1.3267850779449564,0.8434711686633293,0.8350815099006219,n0.5-s256-r42,0.732585693396431,0.0006129496237995,0.5,0.0761839961278973,0.0909837507419625,0.7128350887039486,0.1640339586863345,42.0,full_test,0.0540868851390998,256.0,15.701324680095706,finite,9000,0.1649682894983903,0.1566694523820832,cifar10,256,-0.04444444444443,-0.06129496237995
0.7317777777777777,0.0007777777777777,1.3267850779449564,0.8434711686633293,0.8350815099006219,n0.5-s256-r43,0.7323487490440842,0.0008498939761463,0.5,0.076290866845789,0.091103010876688,0.7128350887039486,0.1642489719370848,43.0,full_test,0.0540868851390998,256.0,15.68994680168916,finite,9000,0.1649682894983903,0.1566694523820832,cifar10,256,-0.07777777777777,-0.08498939761463
0.7324444444444445,0.000111111111111,1.3267850779449564,0.8434711686633293,0.8350815099006219,n0.5-s256-r44,0.7330696953233561,0.0001289476968744,0.5,0.0761376330952333,0.0909402169714897,0.7128350887039486,0.1639554719604196,44.0,full_test,0.0540868851390998,256.0,15.705481686320068,finite,9000,0.1649682894983903,0.1566694523820832,cifar10,256,-0.0111111111111,-0.012894769687440001
0.7326666666666667,-0.0001111111111111,1.3267850779449564,0.8434711686633293,0.8350815099006219,n0.5-s256-r45,0.7331762045085572,2.243851167327282e-05,0.5,0.0762063272512077,0.0909159523620577,0.7128350887039486,0.1639117254682311,45.0,full_test,0.0540868851390998,256.0,15.70779955897361,finite,9000,0.1649682894983903,0.1566694523820832,cifar10,256,0.01111111111111,-0.002243851167327282
0.7313333333333333,0.0012222222222222,1.3267850779449564,0.8434711686633293,0.8350815099006219,n0.5-s256-r46,0.7318259937191871,0.0013726493010434,0.5,0.0761989497601011,0.0909817853133426,0.7128350887039486,0.1640304152290203,46.0,full_test,0.0540868851390998,256.0,15.701512314484669,finite,9000,0.1649682894983903,0.1566694523820832,cifar10,256,-0.12222222222222001,-0.13726493010434
0.7307777777777777,0.0017777777777777,1.3267850779449564,0.8434711686633293,0.8350815099006219,n0.5-s1024-r42,0.7313124236169669,0.0018862194032636,0.5,0.066605258570985,0.0776906172725449,0.7128350887039486,0.1400678626686123,42.0,full_test,0.0270434425695499,1024.0,17.073229966193843,finite,9000,0.1649682894983903,0.1566694523820832,cifar10,1024,-0.17777777777777,-0.18862194032636
0.7308888888888889,0.0016666666666665,1.3267850779449564,0.8434711686633293,0.8350815099006219,n0.5-s1024-r43,0.7314040901296499,0.0017945528905806,0.5,0.0666501077027254,0.0777662233696391,0.7128350887039486,0.140204172364641,43.0,full_test,0.0270434425695499,1024.0,17.064781238374728,finite,9000,0.1649682894983903,0.1566694523820832,cifar10,1024,-0.16666666666665,-0.17945528905806
0.7325555555555555,0.0,1.3267850779449564,0.8434711686633293,0.8350815099006219,n0.5-s1024-r44,0.7331246042451205,7.403877511003021e-05,0.5,0.066632935304182,0.0777408782073242,0.7128350887039486,0.1401584777513265,44.0,full_test,0.0270434425695499,1024.0,17.067612559677002,finite,9000,0.1649682894983903,0.1566694523820832,cifar10,1024,-0.0,-0.007403877511003021
0.7315555555555555,0.001,1.3267850779449564,0.8434711686633293,0.8350815099006219,n0.5-s1024-r45,0.7321546701183066,0.0010439729019239,0.5,0.0666567241274927,0.0777559789623666,0.7128350887039486,0.140185702795453,45.0,full_test,0.0270434425695499,1024.0,17.06592553532746,finite,9000,0.1649682894983903,0.1566694523820832,cifar10,1024,-0.1,-0.10439729019239
0.7312222222222222,0.0013333333333332,1.3267850779449564,0.8434711686633293,0.8350815099006219,n0.5-s1024-r46,0.7317474653759395,0.001451177644291,0.5,0.0666388772589305,0.0777214917831033,0.7128350887039486,0.1401235261046444,46.0,full_test,0.0270434425695499,1024.0,17.069778850363853,finite,9000,0.1649682894983903,0.1566694523820832,cifar10,1024,-0.13333333333331998,-0.1451177644291
0.7316666666666667,0.0008888888888888,1.3267850779449564,0.8434711686633293,0.8350815099006219,n0.5-s4096-r42,0.7323056969907082,0.0008929460295222,0.5,0.063980091524126,0.0740371220004538,0.7128350887039486,0.1334810019639732,42.0,full_test,0.0135217212847749,4096.0,17.491610840196348,finite,9000,0.1649682894983903,0.1566694523820832,cifar10,4096,-0.08888888888888,-0.08929460295222
0.732,0.0005555555555555,1.3267850779449564,0.8434711686633293,0.8350815099006219,n0.5-s4096-r43,0.7325270182912337,0.0006716247289968,0.5,0.063994018352984,0.0740617384114855,0.7128350887039486,0.1335253827167697,43.0,full_test,0.0135217212847749,4096.0,17.488723371232965,finite,9000,0.1649682894983903,0.1566694523820832,cifar10,4096,-0.05555555555555,-0.06716247289968
0.7324444444444445,0.000111111111111,1.3267850779449564,0.8434711686633293,0.8350815099006219,n0.5-s4096-r44,0.7329669464322064,0.0002316965880241,0.5,0.0639785290304424,0.0740415692125772,0.7128350887039486,0.1334890198111578,44.0,full_test,0.0135217212847749,4096.0,17.491089117679802,finite,9000,0.1649682894983903,0.1566694523820832,cifar10,4096,-0.0111111111111,-0.02316965880241
0.732,0.0005555555555555,1.3267850779449564,0.8434711686633293,0.8350815099006219,n0.5-s4096-r45,0.7325106226763196,0.0006880203439109,0.5,0.0639728308427186,0.0740659201833124,0.7128350887039486,0.1335329220035269,45.0,full_test,0.0135217212847749,4096.0,17.488232950889675,finite,9000,0.1649682894983903,0.1566694523820832,cifar10,4096,-0.05555555555555,-0.06880203439109
0.7322222222222222,0.0003333333333332,1.3267850779449564,0.8434711686633293,0.8350815099006219,n0.5-s4096-r46,0.7327136399428518,0.0004850030773787,0.5,0.0639696479394059,0.0740406540213238,0.7128350887039486,0.1334873698193402,46.0,full_test,0.0135217212847749,4096.0,17.491196480333485,finite,9000,0.1649682894983903,0.1566694523820832,cifar10,4096,-0.03333333333332,-0.04850030773787
0.7322222222222222,0.0003333333333332,2.1755081125231572,0.7121634084984325,0.6979347567696719,n1-sexact-rnone,0.7326983028171927,0.0005003402030377,1.0,0.1177252885800861,0.1358244690171139,0.5115903457058978,0.2448769715213657,,full_test,0.0,,12.221041088966844,finite,9000,0.3021434165097695,0.288058283633481,cifar10,exata,-0.03333333333332,-0.05003402030377
0.7316666666666667,0.0008888888888888,2.1755081125231572,0.7121634084984325,0.6979347567696719,n1-s256-r42,0.7320760881874463,0.0011225548327842,1.0,0.1253729886707697,0.1470312560105629,0.5115903457058978,0.2650816082801152,42.0,full_test,0.0563544964444613,256.0,11.532408063183578,finite,9000,0.3021434165097695,0.288058283633481,cifar10,256,-0.08888888888888,-0.11225548327842001
0.7316666666666667,0.0008888888888888,2.1755081125231572,0.7121634084984325,0.6979347567696719,n1-s256-r43,0.7321557523024361,0.0010428907177943,1.0,0.1256823251256822,0.1473254787469076,0.5115903457058978,0.2656120603639717,43.0,full_test,0.0563544964444613,256.0,11.515044186185191,finite,9000,0.3021434165097695,0.288058283633481,cifar10,256,-0.08888888888888,-0.10428907177943
0.7318888888888889,0.0006666666666665,2.1755081125231572,0.7121634084984325,0.6979347567696719,n1-s256-r44,0.7322041257754337,0.0009945172447968,1.0,0.1257131644861493,0.1473370793328507,0.5115903457058978,0.2656329749780628,44.0,full_test,0.0563544964444613,256.0,11.514360275681277,finite,9000,0.3021434165097695,0.288058283633481,cifar10,256,-0.06666666666665,-0.09945172447968
0.7325555555555555,0.0,2.1755081125231572,0.7121634084984325,0.6979347567696719,n1-s256-r45,0.7329671966002407,0.0002314464199898,1.0,0.1256297677707663,0.1473328370179421,0.5115903457058978,0.265625326538613,45.0,full_test,0.0563544964444613,256.0,11.51461037436502,finite,9000,0.3021434165097695,0.288058283633481,cifar10,256,-0.0,-0.02314464199898
0.7312222222222222,0.0013333333333332,2.1755081125231572,0.7121634084984325,0.6979347567696719,n1-s256-r46,0.7316934752064105,0.00150516781382,1.0,0.1254160684334647,0.1471215447581801,0.5115903457058978,0.2652443892225989,46.0,full_test,0.0563544964444613,256.0,11.527075881270353,finite,9000,0.3021434165097695,0.288058283633481,cifar10,256,-0.13333333333331998,-0.150516781382
0.7322222222222222,0.0003333333333332,2.1755081125231572,0.7121634084984325,0.6979347567696719,n1-s1024-r42,0.7328104060345517,0.0003882369856788,1.0,0.1197820385345239,0.138757665538965,0.5115903457058978,0.2501652107196901,42.0,full_test,0.0281772482222306,1024.0,12.035461714032875,finite,9000,0.3021434165097695,0.288058283633481,cifar10,1024,-0.03333333333332,-0.03882369856788
0.7311111111111112,0.0014444444444443,2.1755081125231572,0.7121634084984325,0.6979347567696719,n1-s1024-r43,0.7315623607483748,0.0016362822718557,1.0,0.1197259991511069,0.1387099815351105,0.5115903457058978,0.2500792415674571,43.0,full_test,0.0281772482222306,1024.0,12.038447128753663,finite,9000,0.3021434165097695,0.288058283633481,cifar10,1024,-0.14444444444443,-0.16362822718557
0.731,0.0015555555555555,2.1755081125231572,0.7121634084984325,0.6979347567696719,n1-s1024-r44,0.73150547934316,0.0016931636770705,1.0,0.119733900116207,0.1387137625654182,0.5115903457058978,0.2500860583601725,44.0,full_test,0.0281772482222306,1024.0,12.038210367390077,finite,9000,0.3021434165097695,0.288058283633481,cifar10,1024,-0.15555555555555,-0.16931636770705
0.7308888888888889,0.0016666666666665,2.1755081125231572,0.7121634084984325,0.6979347567696719,n1-s1024-r45,0.7314159937112148,0.0017826493090157,1.0,0.1197828120266533,0.138771279112132,0.5115903457058978,0.2501897545341651,45.0,full_test,0.0281772482222306,1024.0,12.034609579533164,finite,9000,0.3021434165097695,0.288058283633481,cifar10,1024,-0.16666666666665,-0.17826493090157
0.7317777777777777,0.0007777777777777,2.1755081125231572,0.7121634084984325,0.6979347567696719,n1-s1024-r46,0.7323128504024442,0.0008857926177863,1.0,0.1197897547170045,0.1388204763939215,0.5115903457058978,0.2502784519644505,46.0,full_test,0.0281772482222306,1024.0,12.031530798149248,finite,9000,0.3021434165097695,0.288058283633481,cifar10,1024,-0.07777777777777,-0.08857926177863
0.7318888888888889,0.0006666666666665,2.1755081125231572,0.7121634084984325,0.6979347567696719,n1-s4096-r42,0.7323434289639941,0.0008552140562364,1.0,0.1182405237530052,0.1365617348589258,0.5115903457058978,0.2462061828766944,42.0,full_test,0.0140886241111153,4096.0,12.174020900107507,finite,9000,0.3021434165097695,0.288058283633481,cifar10,4096,-0.06666666666665,-0.08552140562364
0.7323333333333333,0.0002222222222222,2.1755081125231572,0.7121634084984325,0.6979347567696719,n1-s4096-r43,0.7327699302496736,0.0004287127705568,1.0,0.1182828278157208,0.1366292431893102,0.5115903457058978,0.2463278931665753,43.0,full_test,0.0140886241111153,4096.0,12.169728152788446,finite,9000,0.3021434165097695,0.288058283633481,cifar10,4096,-0.02222222222222,-0.04287127705568
0.7322222222222222,0.0003333333333332,2.1755081125231572,0.7121634084984325,0.6979347567696719,n1-s4096-r44,0.7327589498774423,0.0004396931427882,1.0,0.1182868806863898,0.136621998782996,0.5115903457058978,0.2463148322778303,44.0,full_test,0.0140886241111153,4096.0,12.170188711454518,finite,9000,0.3021434165097695,0.288058283633481,cifar10,4096,-0.03333333333332,-0.04396931427882
0.7322222222222222,0.0003333333333332,2.1755081125231572,0.7121634084984325,0.6979347567696719,n1-s4096-r45,0.7326836981452868,0.0005149448749437,1.0,0.1182253537616116,0.1365386850987996,0.5115903457058978,0.2461646266277001,45.0,full_test,0.0140886241111153,4096.0,12.175487083668454,finite,9000,0.3021434165097695,0.288058283633481,cifar10,4096,-0.03333333333332,-0.05149448749437
0.7313333333333333,0.0012222222222222,2.1755081125231572,0.7121634084984325,0.6979347567696719,n1-s4096-r46,0.7318860949915661,0.0013125480286644,1.0,0.1182743129684525,0.1366039804310198,0.5115903457058978,0.246282347118892,46.0,full_test,0.0140886241111153,4096.0,12.17133432299118,finite,9000,0.3021434165097695,0.288058283633481,cifar10,4096,-0.12222222222222001,-0.13125480286644
0.7304444444444445,0.002111111111111,3.2857589711431885,0.5096965984530994,0.4892374534872369,n2-sexact-rnone,0.7307227289954338,0.0024759140247967,2.0,0.2064853059765608,0.2379917816588123,0.2712080590009877,0.4290736946097755,,full_test,0.0,,7.349362202285655,finite,9000,0.5108585209582397,0.490577736161865,cifar10,exata,-0.21111111111109998,-0.24759140247967
0.7303333333333333,0.0022222222222222,3.2857589711431885,0.5096965984530994,0.4892374534872369,n2-s256-r42,0.7304916222003394,0.0027070208198911,2.0,0.2111201172970906,0.2453190273694636,0.2712080590009877,0.4422839339149712,42.0,full_test,0.0590844946477751,256.0,7.085976724197365,finite,9000,0.5108585209582397,0.490577736161865,cifar10,256,-0.22222222222222002,-0.27070208198911
0.7287777777777777,0.0037777777777777,3.2857589711431885,0.5096965984530994,0.4892374534872369,n2-s256-r43,0.7288476760987155,0.004350966921515,2.0,0.2108260157798235,0.2449929167069632,0.2712080590009877,0.4416959913152922,43.0,full_test,0.0590844946477751,256.0,7.097530844696266,finite,9000,0.5108585209582397,0.490577736161865,cifar10,256,-0.37777777777777,-0.4350966921515
0.7291111111111112,0.0034444444444443,3.2857589711431885,0.5096965984530994,0.4892374534872369,n2-s256-r44,0.7293959806512182,0.0038026623690122,2.0,0.2112418782042646,0.2452443931577678,0.2712080590009877,0.4421493764242318,44.0,full_test,0.0590844946477751,256.0,7.088619662924099,finite,9000,0.5108585209582397,0.490577736161865,cifar10,256,-0.34444444444443,-0.38026623690122
0.7286666666666667,0.0038888888888888,3.2857589711431885,0.5096965984530994,0.4892374534872369,n2-s256-r45,0.7286553846877974,0.004543258332433,2.0,0.2114317983077734,0.2455241783983177,0.2712080590009877,0.4426537992493532,45.0,full_test,0.0590844946477751,256.0,7.0787160785224,finite,9000,0.5108585209582397,0.490577736161865,cifar10,256,-0.38888888888888,-0.4543258332433
0.7296666666666667,0.0028888888888888,3.2857589711431885,0.5096965984530994,0.4892374534872369,n2-s256-r46,0.7296841230702653,0.0035145199499652,2.0,0.2110109021384001,0.2452823853452558,0.2712080590009877,0.4422178722695009,46.0,full_test,0.0590844946477751,256.0,7.0872741871509035,finite,9000,0.5108585209582397,0.490577736161865,cifar10,256,-0.28888888888888,-0.35145199499652
0.7302222222222222,0.0023333333333332,3.2857589711431885,0.5096965984530994,0.4892374534872369,n2-s1024-r42,0.7305418296970332,0.0026568133231973,2.0,0.2076124835411762,0.2397501360625093,0.2712080590009877,0.4322438192887414,42.0,full_test,0.0295422473238875,1024.0,7.285424160871889,finite,9000,0.5108585209582397,0.490577736161865,cifar10,1024,-0.23333333333332,-0.26568133231973
0.7295555555555555,0.003,3.2857589711431885,0.5096965984530994,0.4892374534872369,n2-s1024-r43,0.7298601557564873,0.0033384872637431,2.0,0.2076924802775263,0.239830991538918,0.2712080590009877,0.4323895930534919,43.0,full_test,0.0295422473238875,1024.0,7.282495347743293,finite,9000,0.5108585209582397,0.490577736161865,cifar10,1024,-0.3,-0.33384872637431
0.7303333333333333,0.0022222222222222,3.2857589711431885,0.5096965984530994,0.4892374534872369,n2-s1024-r44,0.730664866021837,0.0025337769983935,2.0,0.2077290306172206,0.2399080434032837,0.2712080590009877,0.4325285093130768,44.0,full_test,0.0295422473238875,1024.0,7.279705230836822,finite,9000,0.5108585209582397,0.490577736161865,cifar10,1024,-0.22222222222222002,-0.25337769983935
0.729,0.0035555555555555,3.2857589711431885,0.5096965984530994,0.4892374534872369,n2-s1024-r45,0.7292521858638539,0.0039464571563766,2.0,0.207696489110171,0.2398743191671699,0.2712080590009877,0.4324677081270594,45.0,full_test,0.0295422473238875,1024.0,7.280926305292024,finite,9000,0.5108585209582397,0.490577736161865,cifar10,1024,-0.35555555555555,-0.39464571563765993
0.7318888888888889,0.0006666666666665,3.2857589711431885,0.5096965984530994,0.4892374534872369,n2-s1024-r46,0.7321336071415819,0.0010650358786485,2.0,0.2076094275315048,0.239832298688551,0.2712080590009877,0.4323919497042911,46.0,full_test,0.0295422473238875,1024.0,7.2824480072122,finite,9000,0.5108585209582397,0.490577736161865,cifar10,1024,-0.06666666666665,-0.10650358786485001
0.7298888888888889,0.0026666666666665,3.2857589711431885,0.5096965984530994,0.4892374534872369,n2-s4096-r42,0.730164328183904,0.0030343148363265,2.0,0.206784477380459,0.238473076972938,0.2712080590009877,0.4299414185168402,42.0,full_test,0.0147711236619437,4096.0,7.331814299946288,finite,9000,0.5108585209582397,0.490577736161865,cifar10,4096,-0.26666666666665,-0.30343148363265
0.7306666666666667,0.0018888888888888,3.2857589711431885,0.5096965984530994,0.4892374534872369,n2-s4096-r43,0.7308882569798693,0.0023103860403612,2.0,0.2067217809664654,0.2383946407427971,0.2712080590009877,0.4298000063940212,43.0,full_test,0.0147711236619437,4096.0,7.33467164767382,finite,9000,0.5108585209582397,0.490577736161865,cifar10,4096,-0.18888888888888,-0.23103860403611998
0.7316666666666667,0.0008888888888888,3.2857589711431885,0.5096965984530994,0.4892374534872369,n2-s4096-r44,0.7319692978712868,0.0012293451489436,2.0,0.2067644437361739,0.2384203825638998,0.2712080590009877,0.42984641614065,44.0,full_test,0.0147711236619437,4096.0,7.333733797117654,finite,9000,0.5108585209582397,0.490577736161865,cifar10,4096,-0.08888888888888,-0.12293451489436
0.7311111111111112,0.0014444444444443,3.2857589711431885,0.5096965984530994,0.4892374534872369,n2-s4096-r45,0.7314232297733775,0.001775413246853,2.0,0.2067558812242501,0.2384297422003042,0.2712080590009877,0.4298632905627174,45.0,full_test,0.0147711236619437,4096.0,7.333392823026845,finite,9000,0.5108585209582397,0.490577736161865,cifar10,4096,-0.14444444444443,-0.1775413246853
0.7306666666666667,0.0018888888888888,3.2857589711431885,0.5096965984530994,0.4892374534872369,n2-s4096-r46,0.7308505568267918,0.0023480861934387,2.0,0.2067418314187413,0.2383890030704709,0.2712080590009877,0.4297898422745835,46.0,full_test,0.0147711236619437,4096.0,7.334877058242234,finite,9000,0.5108585209582397,0.490577736161865,cifar10,4096,-0.18888888888888,-0.23480861934387
0.4705555555555555,0.0,1.6141864872502234e-14,1.0,1.0,n0-sexact-rnone,0.4711665800674179,0.0,0.0,0.0,0.0,1.0000000000000004,0.0,,full_test,0.0,,,zero_error_infinite,9000,0.0,0.0,cifar100_coarse,exata,-0.0,-0.0
0.4702222222222222,0.0003333333333333,1.6141864872502234e-14,1.0,1.0,n0-s256-r42,0.4708475825290249,0.000318997538393,0.0,0.0428903909185532,0.055048488529553,1.0000000000000004,0.1151345328159774,42.0,full_test,0.053655071620795,256.0,18.775887938858848,finite,9000,0.0,0.0,cifar100_coarse,256,-0.033333333333329995,-0.0318997538393
0.4707777777777778,-0.0002222222222222,1.6141864872502234e-14,1.0,1.0,n0-s256-r43,0.471218608666103,-5.202859868508325e-05,0.0,0.0429149199496367,0.0550098453956508,1.0000000000000004,0.1150537102668533,43.0,full_test,0.053655071620795,256.0,18.781987431703534,finite,9000,0.0,0.0,cifar100_coarse,256,0.02222222222222,0.005202859868508325
0.4706666666666667,-0.0001111111111111,1.6141864872502234e-14,1.0,1.0,n0-s256-r44,0.4708540726147618,0.000312507452656,0.0,0.0429119113465656,0.054949184857303,1.0000000000000004,0.1149268380687314,44.0,full_test,0.053655071620795,256.0,18.79157083369812,finite,9000,0.0,0.0,cifar100_coarse,256,0.01111111111111,-0.0312507452656
0.4691111111111111,0.0014444444444444,1.6141864872502234e-14,1.0,1.0,n0-s256-r45,0.4697999432496059,0.001366636817812,0.0,0.0428708876305642,0.0549067598956755,1.0000000000000004,0.1148381057843909,45.0,full_test,0.053655071620795,256.0,18.79827959313292,finite,9000,0.0,0.0,cifar100_coarse,256,-0.14444444444444,-0.1366636817812
0.4707777777777778,-0.0002222222222222,1.6141864872502234e-14,1.0,1.0,n0-s256-r46,0.4713620515172422,-0.0001954714498242,0.0,0.0426691451793515,0.0546813999342538,1.0000000000000004,0.1143667628907567,46.0,full_test,0.053655071620795,256.0,18.834003425270872,finite,9000,0.0,0.0,cifar100_coarse,256,0.02222222222222,0.019547144982420002
0.4705555555555555,0.0,1.6141864872502234e-14,1.0,1.0,n0-s1024-r42,0.4711774238464464,-1.0843779028490983e-05,0.0,0.0213602998572171,0.0273735231811666,1.0000000000000004,0.0572520315666609,42.0,full_test,0.0268275358103975,1024.0,24.844181958788113,finite,9000,0.0,0.0,cifar100_coarse,1024,-0.0,0.0010843779028490983
0.4704444444444444,0.0001111111111111,1.6141864872502234e-14,1.0,1.0,n0-s1024-r43,0.471078565491487,8.80145759309392e-05,0.0,0.0213733232153517,0.0274220037056729,1.0000000000000004,0.0573534291288613,43.0,full_test,0.0268275358103975,1024.0,24.82881221533427,finite,9000,0.0,0.0,cifar100_coarse,1024,-0.01111111111111,-0.00880145759309392
0.4706666666666667,-0.0001111111111111,1.6141864872502234e-14,1.0,1.0,n0-s1024-r44,0.4710203860914402,0.0001461939759777,0.0,0.0214355000766561,0.0274894751345261,1.0000000000000004,0.0574945463810682,44.0,full_test,0.0268275358103975,1024.0,24.807466963228357,finite,9000,0.0,0.0,cifar100_coarse,1024,0.01111111111111,-0.01461939759777
0.4703333333333333,0.0002222222222222,1.6141864872502234e-14,1.0,1.0,n0-s1024-r45,0.4708113093982814,0.0003552706691365,0.0,0.0214530399983433,0.0275087141559043,1.0000000000000004,0.0575347850106361,45.0,full_test,0.0268275358103975,1024.0,24.80139010777521,finite,9000,0.0,0.0,cifar100_coarse,1024,-0.02222222222222,-0.03552706691365
0.4716666666666667,-0.0011111111111111,1.6141864872502234e-14,1.0,1.0,n0-s1024-r46,0.472229530218117,-0.001062950150699,0.0,0.0214766140751964,0.0275240952346121,1.0000000000000004,0.0575669547097238,46.0,full_test,0.0268275358103975,1024.0,24.796534882060634,finite,9000,0.0,0.0,cifar100_coarse,1024,0.11111111111111001,0.1062950150699
0.4701111111111111,0.0004444444444444,1.6141864872502234e-14,1.0,1.0,n0-s4096-r42,0.4706428982818154,0.0005236817856025,0.0,0.0107305513280563,0.0137532330379018,1.0000000000000004,0.0287650415629123,42.0,full_test,0.0134137679051987,4096.0,30.822699882426903,finite,9000,0.0,0.0,cifar100_coarse,4096,-0.04444444444444,-0.052368178560249994
0.4713333333333333,-0.0007777777777777,1.6141864872502234e-14,1.0,1.0,n0-s4096-r43,0.4717893888794294,-0.0006228088120114,0.0,0.0107097604948046,0.0137215550892134,1.0000000000000004,0.0286987867769911,43.0,full_test,0.0134137679051987,4096.0,30.84272924803445,finite,9000,0.0,0.0,cifar100_coarse,4096,0.07777777777777,0.062280881201140004
0.4704444444444444,0.0001111111111111,1.6141864872502234e-14,1.0,1.0,n0-s4096-r44,0.470670119349389,0.0004964607180289,0.0,0.0106778094310315,0.0136906316855429,1.0000000000000004,0.0286341101304603,44.0,full_test,0.0134137679051987,4096.0,30.86232618042515,finite,9000,0.0,0.0,cifar100_coarse,4096,-0.01111111111111,-0.049646071802890004
0.4695555555555555,0.001,1.6141864872502234e-14,1.0,1.0,n0-s4096-r45,0.4700950751213552,0.0010715049460627,0.0,0.0106459003865086,0.0136596528515787,1.0000000000000004,0.0285693175508467,45.0,full_test,0.0134137679051987,4096.0,30.882002673928145,finite,9000,0.0,0.0,cifar100_coarse,4096,-0.1,-0.10715049460627
0.4702222222222222,0.0003333333333333,1.6141864872502234e-14,1.0,1.0,n0-s4096-r46,0.470693192791188,0.0004733872762299,0.0,0.0107176883868963,0.013751241494574,1.0000000000000004,0.028760876227646,46.0,full_test,0.0134137679051987,4096.0,30.82395773780346,finite,9000,0.0,0.0,cifar100_coarse,4096,-0.033333333333329995,-0.04733872762299
0.471,-0.0004444444444444,1.3198688143829127,0.8439224302739317,0.8344281986144678,n0.5-sexact-rnone,0.4716243327463792,-0.0004577526789613,0.5,0.0515988515476057,0.0625430907467366,0.713626189219493,0.1308095776349423,,full_test,0.0,,17.667209132203613,finite,9000,0.1656338837886771,0.1562283183698245,cifar100_coarse,exata,0.04444444444444,0.04577526789613
0.4704444444444444,0.0001111111111111,1.3198688143829127,0.8439224302739317,0.8344281986144678,n0.5-s256-r42,0.4711348780697064,3.17019977115196e-05,0.5,0.0693742979708478,0.0844623322260949,0.713626189219493,0.1766539176852901,42.0,full_test,0.0562832248058308,256.0,15.05753453393038,finite,9000,0.1656338837886771,0.1562283183698245,cifar100_coarse,256,-0.01111111111111,-0.0031701997711519603
0.4706666666666667,-0.0001111111111111,1.3198688143829127,0.8439224302739317,0.8344281986144678,n0.5-s256-r43,0.4712417713566202,-7.519128920224771e-05,0.5,0.0694874952326334,0.0846889447086475,0.713626189219493,0.1771278802409552,43.0,full_test,0.0562832248058308,256.0,15.034261494231,finite,9000,0.1656338837886771,0.1562283183698245,cifar100_coarse,256,0.01111111111111,0.007519128920224771
0.4684444444444444,0.0021111111111111,1.3198688143829127,0.8439224302739317,0.8344281986144678,n0.5-s256-r44,0.4693581557290761,0.0018084243383418,0.5,0.0694956538582502,0.0846121488188549,0.713626189219493,0.1769672607738338,44.0,full_test,0.0562832248058308,256.0,15.042141427611783,finite,9000,0.1656338837886771,0.1562283183698245,cifar100_coarse,256,-0.21111111111111,-0.18084243383418
0.4685555555555555,0.002,1.3198688143829127,0.8439224302739317,0.8344281986144678,n0.5-s256-r45,0.4695028507401647,0.0016637293272532,0.5,0.0692769682845092,0.0842875472561314,0.713626189219493,0.1762883529550397,45.0,full_test,0.0562832248058308,256.0,15.075527595697912,finite,9000,0.1656338837886771,0.1562283183698245,cifar100_coarse,256,-0.2,-0.16637293272532
0.4691111111111111,0.0014444444444444,1.3198688143829127,0.8439224302739317,0.8344281986144678,n0.5-s256-r46,0.4698642036563998,0.0013023764110181,0.5,0.0690490067036395,0.0841742377971285,0.713626189219493,0.1760513649472958,46.0,full_test,0.0562832248058308,256.0,15.087212068873306,finite,9000,0.1656338837886771,0.1562283183698245,cifar100_coarse,256,-0.14444444444444,-0.13023764110181
0.4721111111111111,-0.0015555555555555,1.3198688143829127,0.8439224302739317,0.8344281986144678,n0.5-s1024-r42,0.472592738326008,-0.00142615825859,0.5,0.0568540438170968,0.0687098622412471,0.713626189219493,0.1437074495651076,42.0,full_test,0.0281416124029154,1024.0,16.8504143629716,finite,9000,0.1656338837886771,0.1562283183698245,cifar100_coarse,1024,0.15555555555555,0.14261582585899998
0.4684444444444444,0.0021111111111111,1.3198688143829127,0.8439224302739317,0.8344281986144678,n0.5-s1024-r43,0.4691885524562858,0.0019780276111321,0.5,0.05686550505783,0.0687330088382896,0.713626189219493,0.1437558609331208,43.0,full_test,0.0281416124029154,1024.0,16.847488801424028,finite,9000,0.1656338837886771,0.1562283183698245,cifar100_coarse,1024,-0.21111111111111,-0.19780276111321
0.469,0.0015555555555555,1.3198688143829127,0.8439224302739317,0.8344281986144678,n0.5-s1024-r44,0.4697253503799158,0.001441229687502,0.5,0.0568567093815934,0.0686813566100876,0.713626189219493,0.1436478297169731,44.0,full_test,0.0281416124029154,1024.0,16.854018621991017,finite,9000,0.1656338837886771,0.1562283183698245,cifar100_coarse,1024,-0.15555555555555,-0.1441229687502
0.4704444444444444,0.0001111111111111,1.3198688143829127,0.8439224302739317,0.8344281986144678,n0.5-s1024-r45,0.471023936990036,0.0001426430773819,0.5,0.0568086429486323,0.0686674849135474,0.713626189219493,0.1436188169076628,45.0,full_test,0.0281416124029154,1024.0,16.855773103853615,finite,9000,0.1656338837886771,0.1562283183698245,cifar100_coarse,1024,-0.01111111111111,-0.01426430773819
0.47,0.0005555555555555,1.3198688143829127,0.8439224302739317,0.8344281986144678,n0.5-s1024-r46,0.4705995468285436,0.0005670332388743,0.5,0.0567307407086482,0.068599458398858,0.713626189219493,0.1434765386871872,46.0,full_test,0.0281416124029154,1024.0,16.864382180928807,finite,9000,0.1656338837886771,0.1562283183698245,cifar100_coarse,1024,-0.05555555555555,-0.05670332388743
0.4707777777777778,-0.0002222222222222,1.3198688143829127,0.8439224302739317,0.8344281986144678,n0.5-s4096-r42,0.4713967015350429,-0.0002301214676249,0.5,0.0530373103878113,0.0641852858803074,0.713626189219493,0.1342442472243687,42.0,full_test,0.0140708062014577,4096.0,17.44208632146847,finite,9000,0.1656338837886771,0.1562283183698245,cifar100_coarse,4096,0.02222222222222,0.02301214676249
0.4717777777777778,-0.0012222222222222,1.3198688143829127,0.8439224302739317,0.8344281986144678,n0.5-s4096-r43,0.472423001211563,-0.001256421144145,0.5,0.0530031655527492,0.0641738074192834,0.713626189219493,0.1342202398940542,43.0,full_test,0.0140708062014577,4096.0,17.44363978594648,finite,9000,0.1656338837886771,0.1562283183698245,cifar100_coarse,4096,0.12222222222222001,0.1256421144145
0.4705555555555555,0.0,1.3198688143829127,0.8439224302739317,0.8344281986144678,n0.5-s4096-r44,0.4712126623704867,-4.608230306879513e-05,0.5,0.0529972991633378,0.0641462642546789,0.713626189219493,0.1341626330555428,44.0,full_test,0.0140708062014577,4096.0,17.447368538410398,finite,9000,0.1656338837886771,0.1562283183698245,cifar100_coarse,4096,-0.0,0.004608230306879513
0.4708888888888889,-0.0003333333333333,1.3198688143829127,0.8439224302739317,0.8344281986144678,n0.5-s4096-r45,0.4716104841860355,-0.0004439041186175,0.5,0.0530073039609868,0.064141802391109,0.713626189219493,0.1341533010177099,45.0,full_test,0.0140708062014577,4096.0,17.447972729518376,finite,9000,0.1656338837886771,0.1562283183698245,cifar100_coarse,4096,0.033333333333329995,0.04439041186175
0.4707777777777778,-0.0002222222222222,1.3198688143829127,0.8439224302739317,0.8344281986144678,n0.5-s4096-r46,0.4714972912905833,-0.0003307112231653,0.5,0.0529866327791664,0.0641237352314561,0.713626189219493,0.1341155133501187,46.0,full_test,0.0140708062014577,4096.0,17.450419674485282,finite,9000,0.1656338837886771,0.1562283183698245,cifar100_coarse,4096,0.02222222222222,0.03307112231653
0.4708888888888889,-0.0003333333333333,2.1644196743013735,0.7129570986683726,0.6969168685917941,n1-sexact-rnone,0.4717228112077301,-0.0005562311403121,1.0,0.0964229580820719,0.1167985799126728,0.5128123904992978,0.2442855433641161,,full_test,0.0,,12.242044669779252,finite,9000,0.3031817557193859,0.2872816761250767,cifar100_coarse,exata,0.033333333333329995,0.055623114031209994
0.4676666666666667,0.0028888888888888,2.1644196743013735,0.7129570986683726,0.6969168685917941,n1-s256-r42,0.4688450897492862,0.0023214903181317,1.0,0.1076964165770199,0.130640852421737,0.5128123904992978,0.2732368119822718,42.0,full_test,0.0579522421207946,256.0,11.269215809636218,finite,9000,0.3031817557193859,0.2872816761250767,cifar100_coarse,256,-0.28888888888888,-0.23214903181317
0.4684444444444444,0.0021111111111111,2.1644196743013735,0.7129570986683726,0.6969168685917941,n1-s256-r43,0.4690788827177115,0.0020876973497064,1.0,0.1075828689307317,0.130525918354577,0.5128123904992978,0.2729964260882975,43.0,full_test,0.0579522421207946,256.0,11.276860769096304,finite,9000,0.3031817557193859,0.2872816761250767,cifar100_coarse,256,-0.21111111111111,-0.20876973497064
0.4686666666666667,0.0018888888888888,2.1644196743013735,0.7129570986683726,0.6969168685917941,n1-s256-r44,0.469418514606108,0.0017480654613099,1.0,0.1076046368167225,0.130602644318668,0.5128123904992978,0.2731568993050278,44.0,full_test,0.0579522421207946,256.0,11.271756514940227,finite,9000,0.3031817557193859,0.2872816761250767,cifar100_coarse,256,-0.18888888888888,-0.17480654613099
0.4697777777777778,0.0007777777777777,2.1644196743013735,0.7129570986683726,0.6969168685917941,n1-s256-r45,0.4703815052071964,0.0007850748602215,1.0,0.1072621430060245,0.1302230001062918,0.5128123904992978,0.2723628691654944,45.0,full_test,0.0579522421207946,256.0,11.297041989199885,finite,9000,0.3031817557193859,0.2872816761250767,cifar100_coarse,256,-0.07777777777777,-0.07850748602215
0.4682222222222222,0.0023333333333333,2.1644196743013735,0.7129570986683726,0.6969168685917941,n1-s256-r46,0.4689605157230958,0.0022060643443221,1.0,0.1078272699778004,0.1306798160173517,0.5128123904992978,0.2733183047806711,46.0,full_test,0.0579522421207946,256.0,11.266625631860071,finite,9000,0.3031817557193859,0.2872816761250767,cifar100_coarse,256,-0.23333333333333,-0.22060643443221
0.4708888888888889,-0.0003333333333333,2.1644196743013735,0.7129570986683726,0.6969168685917941,n1-s1024-r42,0.4717013486600944,-0.0005347685926764,1.0,0.0995228732914769,0.12046458828777,0.5128123904992978,0.2519530411073045,42.0,full_test,0.0289761210603973,1024.0,11.973607905668084,finite,9000,0.3031817557193859,0.2872816761250767,cifar100_coarse,1024,0.033333333333329995,0.053476859267639995
0.4698888888888889,0.0006666666666666,2.1644196743013735,0.7129570986683726,0.6969168685917941,n1-s1024-r43,0.4708188518223405,0.0003477282450774,1.0,0.0993938846924029,0.1203665502156528,0.5128123904992978,0.2517479933769688,43.0,full_test,0.0289761210603973,1024.0,11.980679648359406,finite,9000,0.3031817557193859,0.2872816761250767,cifar100_coarse,1024,-0.06666666666665999,-0.03477282450774
0.4704444444444444,0.0001111111111111,2.1644196743013735,0.7129570986683726,0.6969168685917941,n1-s1024-r44,0.4714364143463571,-0.0002698342789391,1.0,0.0996036907817024,0.1205318702818929,0.5128123904992978,0.2520937621546427,44.0,full_test,0.0289761210603973,1024.0,11.968758008750658,finite,9000,0.3031817557193859,0.2872816761250767,cifar100_coarse,1024,-0.01111111111111,0.02698342789391
0.4711111111111111,-0.0005555555555555,2.1644196743013735,0.7129570986683726,0.6969168685917941,n1-s1024-r45,0.4720612407845799,-0.0008946607171619,1.0,0.0995081720130695,0.1204300644636362,0.5128123904992978,0.2518808341408855,45.0,full_test,0.0289761210603973,1024.0,11.976097542735062,finite,9000,0.3031817557193859,0.2872816761250767,cifar100_coarse,1024,0.05555555555555,0.08946607171619
0.4718888888888889,-0.0013333333333333,2.1644196743013735,0.7129570986683726,0.6969168685917941,n1-s1024-r46,0.4728585369949351,-0.0016919569275171,1.0,0.099356475564756,0.1203268541706397,0.5128123904992978,0.2516649686524158,46.0,full_test,0.0289761210603973,1024.0,11.98354466636899,finite,9000,0.3031817557193859,0.2872816761250767,cifar100_coarse,1024,0.13333333333333,0.16919569275170998
0.4712222222222222,-0.0006666666666666,2.1644196743013735,0.7129570986683726,0.6969168685917941,n1-s4096-r42,0.4722021061850717,-0.0010355261176537,1.0,0.0971593566066743,0.1176456565020902,0.5128123904992978,0.2460572135768153,42.0,full_test,0.0144880605301986,4096.0,12.179277967551608,finite,9000,0.3031817557193859,0.2872816761250767,cifar100_coarse,4096,0.06666666666665999,0.10355261176537
0.4706666666666667,-0.0001111111111111,2.1644196743013735,0.7129570986683726,0.6969168685917941,n1-s4096-r43,0.4714226185277962,-0.0002560384603783,1.0,0.0971483983892156,0.1176614857428219,0.5128123904992978,0.2460903206118158,43.0,full_test,0.0144880605301986,4096.0,12.17810935841424,finite,9000,0.3031817557193859,0.2872816761250767,cifar100_coarse,4096,0.01111111111111,0.02560384603783
0.4716666666666667,-0.0011111111111111,2.1644196743013735,0.7129570986683726,0.6969168685917941,n1-s4096-r44,0.4724816636617272,-0.0013150835943092,1.0,0.0971974010189205,0.1176896318389471,0.5128123904992978,0.2461491884883832,44.0,full_test,0.0144880605301986,4096.0,12.176031833664291,finite,9000,0.3031817557193859,0.2872816761250767,cifar100_coarse,4096,0.11111111111111001,0.13150835943092
0.4702222222222222,0.0003333333333333,2.1644196743013735,0.7129570986683726,0.6969168685917941,n1-s4096-r45,0.4709262403833171,0.0002403396841008,1.0,0.0971525586710025,0.117686718942826,0.5128123904992978,0.2461430961333885,45.0,full_test,0.0144880605301986,4096.0,12.17624681783031,finite,9000,0.3031817557193859,0.2872816761250767,cifar100_coarse,4096,-0.033333333333329995,-0.02403396841008
0.4731111111111111,-0.0025555555555555,2.1644196743013735,0.7129570986683726,0.6969168685917941,n1-s4096-r46,0.473900223477842,-0.002733643410424,1.0,0.0971719902252564,0.1176992398441135,0.5128123904992978,0.2461692837392369,46.0,full_test,0.0144880605301986,4096.0,12.175322759594936,finite,9000,0.3031817557193859,0.2872816761250767,cifar100_coarse,4096,0.25555555555555004,0.2733643410424
0.4707777777777778,-0.0002222222222222,3.270825291135737,0.5109250667895084,0.4880384350566378,n2-sexact-rnone,0.4723386022777717,-0.0011720222103537,2.0,0.1691873916169018,0.2047479045488394,0.2726744766965722,0.4282325448885917,,full_test,0.0,,7.366406604052795,finite,9000,0.5120855839705418,0.4893731669926927,cifar100_coarse,exata,0.02222222222222,0.11720222103537
0.4657777777777778,0.0047777777777777,3.270825291135737,0.5109250667895084,0.4880384350566378,n2-s256-r42,0.4670884393436563,0.0040781407237616,2.0,0.1758443511817759,0.213288579399692,0.2726744766965722,0.4460954623846492,42.0,full_test,0.0599664177649902,256.0,7.0114438862696815,finite,9000,0.5120855839705418,0.4893731669926927,cifar100_coarse,256,-0.47777777777777003,-0.40781407237616
0.4654444444444444,0.0051111111111111,3.270825291135737,0.5109250667895084,0.4880384350566378,n2-s256-r43,0.466889663440737,0.0042769166266809,2.0,0.1760752322885422,0.2135696100472801,0.2726744766965722,0.4466832411444539,43.0,full_test,0.0599664177649902,256.0,7.000006825424197,finite,9000,0.5120855839705418,0.4893731669926927,cifar100_coarse,256,-0.51111111111111,-0.42769166266809
0.4688888888888889,0.0016666666666666,3.270825291135737,0.5109250667895084,0.4880384350566378,n2-s256-r44,0.4703329084672968,0.0008336716001211,2.0,0.1761906680060834,0.213726470166542,0.2726744766965722,0.4470113158478854,44.0,full_test,0.0599664177649902,256.0,6.9936296560149005,finite,9000,0.5120855839705418,0.4893731669926927,cifar100_coarse,256,-0.16666666666666,-0.08336716001211
0.4651111111111111,0.0054444444444444,3.270825291135737,0.5109250667895084,0.4880384350566378,n2-s256-r45,0.4661862095951751,0.0049803704722428,2.0,0.1760710864311105,0.213556642908583,0.2726744766965722,0.4466561202280449,45.0,full_test,0.0599664177649902,256.0,7.00053421579133,finite,9000,0.5120855839705418,0.4893731669926927,cifar100_coarse,256,-0.5444444444444401,-0.49803704722428
0.4662222222222222,0.0043333333333333,3.270825291135737,0.5109250667895084,0.4880384350566378,n2-s256-r46,0.4676750428228851,0.0034915372445328,2.0,0.1761815528436567,0.2135825685055124,0.2726744766965722,0.4467103439055733,46.0,full_test,0.0599664177649902,256.0,6.999479820090868,finite,9000,0.5120855839705418,0.4893731669926927,cifar100_coarse,256,-0.43333333333333,-0.34915372445328
0.4706666666666667,-0.0001111111111111,3.270825291135737,0.5109250667895084,0.4880384350566378,n2-s1024-r42,0.4720906001023925,-0.0009240200349745,2.0,0.1709962880678046,0.2070196264256914,0.2726744766965722,0.4329838767410325,42.0,full_test,0.0299832088824951,1024.0,7.270565508164628,finite,9000,0.5120855839705418,0.4893731669926927,cifar100_coarse,1024,0.01111111111111,0.09240200349745
0.4691111111111111,0.0014444444444444,3.270825291135737,0.5109250667895084,0.4880384350566378,n2-s1024-r43,0.4704434511747246,0.0007231288926933,2.0,0.1709575353367024,0.2069273098300018,0.2726744766965722,0.432790795542987,43.0,full_test,0.0299832088824951,1024.0,7.274439684804118,finite,9000,0.5120855839705418,0.4893731669926927,cifar100_coarse,1024,-0.14444444444444,-0.07231288926933
0.472,-0.0014444444444444,3.270825291135737,0.5109250667895084,0.4880384350566378,n2-s1024-r44,0.4736523342810828,-0.0024857542136648,2.0,0.1709260313138264,0.2069355522953968,0.2726744766965722,0.4328080347520524,44.0,full_test,0.0299832088824951,1024.0,7.274093709596736,finite,9000,0.5120855839705418,0.4893731669926927,cifar100_coarse,1024,0.14444444444444,0.24857542136648
0.469,0.0015555555555555,3.270825291135737,0.5109250667895084,0.4880384350566378,n2-s1024-r45,0.4705812268435771,0.0005853532238408,2.0,0.1708439295702368,0.2068707706745063,0.2726744766965722,0.4326725432634481,45.0,full_test,0.0299832088824951,1024.0,7.276813271783165,finite,9000,0.5120855839705418,0.4893731669926927,cifar100_coarse,1024,-0.15555555555555,-0.05853532238408
0.4696666666666667,0.0008888888888888,3.270825291135737,0.5109250667895084,0.4880384350566378,n2-s1024-r46,0.4713907524914004,-0.0002241724239824,2.0,0.1709496497936538,0.2069232548180875,0.2726744766965722,0.432782314439967,46.0,full_test,0.0299832088824951,1024.0,7.274609897866409,finite,9000,0.5120855839705418,0.4893731669926927,cifar100_coarse,1024,-0.08888888888888,0.02241724239824
0.471,-0.0004444444444444,3.270825291135737,0.5109250667895084,0.4880384350566378,n2-s4096-r42,0.4726307837808391,-0.0014642037134211,2.0,0.1695580537289365,0.20523056725587,0.2726744766965722,0.4292420393682052,42.0,full_test,0.0149916044412475,4096.0,7.345955008513637,finite,9000,0.5120855839705418,0.4893731669926927,cifar100_coarse,4096,0.04444444444444,0.14642037134211
0.4708888888888889,-0.0003333333333333,3.270825291135737,0.5109250667895084,0.4880384350566378,n2-s4096-r43,0.4722823049706617,-0.0011157249032437,2.0,0.1697001509767965,0.2053835165898898,0.2726744766965722,0.4295619346203236,43.0,full_test,0.0149916044412475,4096.0,7.339484207100729,finite,9000,0.5120855839705418,0.4893731669926927,cifar100_coarse,4096,0.033333333333329995,0.11157249032436999
0.471,-0.0004444444444444,3.270825291135737,0.5109250667895084,0.4880384350566378,n2-s4096-r44,0.4726287622780329,-0.001462182210615,2.0,0.1695856165352663,0.2052535400026545,0.2726744766965722,0.4292900871264487,44.0,full_test,0.0149916044412475,4096.0,7.344982796727927,finite,9000,0.5120855839705418,0.4893731669926927,cifar100_coarse,4096,0.04444444444444,0.1462182210615
0.4725555555555555,-0.002,3.270825291135737,0.5109250667895084,0.4880384350566378,n2-s4096-r45,0.4738851312198275,-0.0027185511524095,2.0,0.1696814472318447,0.2053671767076309,0.2726744766965722,0.4295277595728263,45.0,full_test,0.0149916044412475,4096.0,7.3401752657715535,finite,9000,0.5120855839705418,0.4893731669926927,cifar100_coarse,4096,0.2,0.27185511524095
0.4722222222222222,-0.0016666666666666,3.270825291135737,0.5109250667895084,0.4880384350566378,n2-s4096-r46,0.4737225154599446,-0.0025559353925266,2.0,0.1696150537900276,0.2053307087862309,0.2726744766965722,0.4294514865051125,46.0,full_test,0.0149916044412475,4096.0,7.34171779302884,finite,9000,0.5120855839705418,0.4893731669926927,cifar100_coarse,4096,0.16666666666666,0.25559353925266
0.9301685355536158,0.0,1.6712930150958725e-14,1.0,1.0,n0-sexact-rnone,0.9263439517342696,0.0,0.0,0.0,0.0,1.0000000000000002,0.0,,full_test,0.0,,,zero_error_infinite,14893,0.0,0.0,svhn,exata,-0.0,-0.0
0.9296313704424898,0.000537165111126,1.6712930150958725e-14,1.0,1.0,n0-s256-r42,0.9257902516083746,0.000553700125895,0.0,0.036450851272844,0.0478336041108471,1.0000000000000002,0.0744940535510329,42.0,full_test,0.0457107548398062,256.0,22.557567863972224,finite,14893,0.0,0.0,svhn,256,-0.05371651111260001,-0.0553700125895
0.9303028268313972,-0.0001342912777815,1.6712930150958725e-14,1.0,1.0,n0-s256-r43,0.9266246234876888,-0.000280671753419,0.0,0.0364931003691353,0.0479260490862037,1.0000000000000002,0.074638023487498,43.0,full_test,0.0457107548398062,256.0,22.54079739590598,finite,14893,0.0,0.0,svhn,256,0.013429127778150002,0.0280671753419
0.929832807359162,0.0003357281944537,1.6712930150958725e-14,1.0,1.0,n0-s256-r44,0.9258995962001084,0.0004443555341611,0.0,0.0363934344398392,0.0477882985469443,1.0000000000000002,0.0744234965615215,44.0,full_test,0.0457107548398062,256.0,22.56579859660897,finite,14893,0.0,0.0,svhn,256,-0.033572819445369995,-0.04443555341611
0.9296985160813804,0.0004700194722352,1.6712930150958725e-14,1.0,1.0,n0-s256-r45,0.9258610302136064,0.0004829215206633,0.0,0.0365690561057921,0.048041001634542,1.0000000000000002,0.0748170457763453,45.0,full_test,0.0457107548398062,256.0,22.519988886766296,finite,14893,0.0,0.0,svhn,256,-0.04700194722352,-0.04829215206633
0.929832807359162,0.0003357281944537,1.6712930150958725e-14,1.0,1.0,n0-s256-r46,0.9260177664672852,0.0003261852669843,0.0,0.036462525365362,0.0478872949774201,1.0000000000000002,0.0745776694600583,46.0,full_test,0.0457107548398062,256.0,22.547823847880125,finite,14893,0.0,0.0,svhn,256,-0.033572819445369995,-0.03261852669843
0.9298999529980528,0.000268582555563,1.6712930150958725e-14,1.0,1.0,n0-s1024-r42,0.9261124553508716,0.0002314963833979,0.0,0.0182259060112208,0.0239271945385553,1.0000000000000002,0.0372632115938954,42.0,full_test,0.0228553774199031,1024.0,28.57439434821606,finite,14893,0.0,0.0,svhn,1024,-0.026858255556300004,-0.02314963833979
0.930369972470288,-0.0002014369166722,1.6712930150958725e-14,1.0,1.0,n0-s1024-r43,0.9263612935646468,-1.7341830377270995e-05,0.0,0.0182433152606861,0.0239802434936111,1.0000000000000002,0.0373458278167834,43.0,full_test,0.0228553774199031,1024.0,28.555158188810097,finite,14893,0.0,0.0,svhn,1024,0.02014369166722,0.0017341830377270995
0.9298999529980528,0.000268582555563,1.6712930150958725e-14,1.0,1.0,n0-s1024-r44,0.9261272357959104,0.0002167159383593,0.0,0.0182236937926486,0.0239595773064379,1.0000000000000002,0.0373136431616106,44.0,full_test,0.0228553774199031,1024.0,28.562646920688945,finite,14893,0.0,0.0,svhn,1024,-0.026858255556300004,-0.02167159383593
0.9304371181091788,-0.000268582555563,1.6712930150958725e-14,1.0,1.0,n0-s1024-r45,0.926606994002866,-0.0002630422685963,0.0,0.0182887745898949,0.0240343227368256,1.0000000000000002,0.0374300485673394,45.0,full_test,0.0228553774199031,1024.0,28.53559218733281,finite,14893,0.0,0.0,svhn,1024,0.026858255556300004,0.02630422685963
0.9305042637480696,-0.0003357281944538,1.6712930150958725e-14,1.0,1.0,n0-s1024-r46,0.9266628167778934,-0.0003188650436237,0.0,0.0182106245310576,0.0239163142475494,1.0000000000000002,0.0372462670839445,46.0,full_test,0.0228553774199031,1024.0,28.578344936746632,finite,14893,0.0,0.0,svhn,1024,0.03357281944538,0.031886504362370005
0.9298999529980528,0.000268582555563,1.6712930150958725e-14,1.0,1.0,n0-s4096-r42,0.9259639018672668,0.0003800498670027,0.0,0.0091181824478072,0.0119759472736399,1.0000000000000002,0.0186508391769829,42.0,full_test,0.0114276887099515,4096.0,34.58603245487118,finite,14893,0.0,0.0,svhn,4096,-0.026858255556300004,-0.03800498670027
0.9297656617202712,0.0004028738333444,1.6712930150958725e-14,1.0,1.0,n0-s4096-r43,0.926063596357921,0.0002803553763486,0.0,0.009116088593423,0.0119773870717132,1.0000000000000002,0.018653081458257,43.0,full_test,0.0114276887099515,4096.0,34.58498826394556,finite,14893,0.0,0.0,svhn,4096,-0.04028738333444,-0.02803553763486
0.9307057006647418,-0.000537165111126,1.6712930150958725e-14,1.0,1.0,n0-s4096-r44,0.9269150806170184,-0.0005711288827486,0.0,0.009104234495381,0.0119580898283997,1.0000000000000002,0.0186230287389711,44.0,full_test,0.0114276887099515,4096.0,34.59899373062204,finite,14893,0.0,0.0,svhn,4096,0.05371651111260001,0.057112888274859996
0.930101389914725,6.71456388907643e-05,1.6712930150958725e-14,1.0,1.0,n0-s4096-r45,0.9263066657693322,3.728596493746128e-05,0.0,0.0090975804530319,0.0119565010363984,1.0000000000000002,0.0186205544207878,45.0,full_test,0.0114276887099515,4096.0,34.60014784378077,finite,14893,0.0,0.0,svhn,4096,-0.00671456388907643,-0.003728596493746128
0.9303028268313972,-0.0001342912777815,1.6712930150958725e-14,1.0,1.0,n0-s4096-r46,0.9265032742242356,-0.0001593224899659,0.0,0.0090970916021982,0.011941250526599,1.0000000000000002,0.01859680391495,46.0,full_test,0.0114276887099515,4096.0,34.61123376227603,finite,14893,0.0,0.0,svhn,4096,0.013429127778150002,0.01593224899659
0.930101389914725,6.71456388907643e-05,1.3099840440757615,0.8455345981549139,0.8349515600664147,n0.5-sexact-rnone,0.9263274835643956,1.6468169874106486e-05,0.5,0.0764661514478546,0.0863730616156104,0.7163235239910085,0.1345137920707266,,full_test,0.0,,17.424663679309724,finite,14893,0.1650963581459513,0.1546573971317465,svhn,exata,-0.00671456388907643,-0.0016468169874106486
0.9302356811925064,-6.71456388907643e-05,1.3099840440757615,0.8455345981549139,0.8349515600664147,n0.5-s256-r42,0.9265277663875906,-0.0001838146533209,0.5,0.0862555861004592,0.1005520517161418,0.7163235239910085,0.1565955579648636,42.0,full_test,0.0510216071745713,256.0,16.104411228538435,finite,14893,0.1650963581459513,0.1546573971317465,svhn,256,0.00671456388907643,0.01838146533209
0.9294970791647084,0.0006714563889075,1.3099840440757615,0.8455345981549139,0.8349515600664147,n0.5-s256-r43,0.9257419527512166,0.000601998983053,0.5,0.0864686174879591,0.1007654058320516,0.7163235239910085,0.1569278267376512,43.0,full_test,0.0510216071745713,256.0,16.086000793388024,finite,14893,0.1650963581459513,0.1546573971317465,svhn,256,-0.06714563889075001,-0.060199898305299995
0.9305042637480696,-0.0003357281944538,1.3099840440757615,0.8455345981549139,0.8349515600664147,n0.5-s256-r44,0.9268215332865032,-0.0004775815522336,0.5,0.0866101582693335,0.1009686990103128,0.7163235239910085,0.1572444270271224,44.0,full_test,0.0510216071745713,256.0,16.068494752853578,finite,14893,0.1650963581459513,0.1546573971317465,svhn,256,0.03357281944538,0.04775815522336
0.9301685355536158,0.0,1.3099840440757615,0.8455345981549139,0.8349515600664147,n0.5-s256-r45,0.9261330634600896,0.0002108882741799,0.5,0.0863826109465926,0.1006799293601427,0.7163235239910085,0.1567947092568739,45.0,full_test,0.0510216071745713,256.0,16.09337191712738,finite,14893,0.1650963581459513,0.1546573971317465,svhn,256,-0.0,-0.02108882741799
0.9307728463036326,-0.0006043107500167,1.3099840440757615,0.8455345981549139,0.8349515600664147,n0.5-s256-r46,0.9269828671527912,-0.0006389154185216,0.5,0.086537667270415,0.1008924572043471,0.7163235239910085,0.1571256912286809,46.0,full_test,0.0510216071745713,256.0,16.07505597499589,finite,14893,0.1650963581459513,0.1546573971317465,svhn,256,0.060431075001670005,0.06389154185215999
0.9300342442758344,0.0001342912777815,1.3099840440757615,0.8455345981549139,0.8349515600664147,n0.5-s1024-r42,0.9261777775119618,0.0001661742223078,0.5,0.0792674352736702,0.0901511892369161,0.7163235239910085,0.1403976899407673,42.0,full_test,0.0255108035872856,1024.0,17.052800757832404,finite,14893,0.1650963581459513,0.1546573971317465,svhn,1024,-0.013429127778150002,-0.01661742223078
0.929832807359162,0.0003357281944537,1.3099840440757615,0.8455345981549139,0.8349515600664147,n0.5-s1024-r43,0.925754857721894,0.0005890940123755,0.5,0.0791606694782909,0.0900527900896902,0.7163235239910085,0.1402444472261722,43.0,full_test,0.0255108035872856,1024.0,17.06228649972803,finite,14893,0.1650963581459513,0.1546573971317465,svhn,1024,-0.033572819445369995,-0.05890940123755
0.929564224803599,0.0006043107500167,1.3099840440757615,0.8455345981549139,0.8349515600664147,n0.5-s1024-r44,0.925703990433702,0.0006399613005677,0.5,0.0793736217036049,0.0902920562567152,0.7163235239910085,0.140617070343134,44.0,full_test,0.0255108035872856,1024.0,17.0392390904745,finite,14893,0.1650963581459513,0.1546573971317465,svhn,1024,-0.060431075001670005,-0.06399613005677
0.930101389914725,6.71456388907643e-05,1.3099840440757615,0.8455345981549139,0.8349515600664147,n0.5-s1024-r45,0.92628776598362,5.618575064969544e-05,0.5,0.0792715092013005,0.0901614001271742,0.7163235239910085,0.1404135919540033,45.0,full_test,0.0255108035872856,1024.0,17.051817014364506,finite,14893,0.1650963581459513,0.1546573971317465,svhn,1024,-0.00671456388907643,-0.005618575064969544
0.9296985160813804,0.0004700194722352,1.3099840440757615,0.8455345981549139,0.8349515600664147,n0.5-s1024-r46,0.9258329206315734,0.0005110311026962,0.5,0.0793319069630795,0.0902204777581161,0.7163235239910085,0.1405055969844595,46.0,full_test,0.0255108035872856,1024.0,17.046127509334376,finite,14893,0.1650963581459513,0.1546573971317465,svhn,1024,-0.04700194722352,-0.05110311026962
0.9305042637480696,-0.0003357281944538,1.3099840440757615,0.8455345981549139,0.8349515600664147,n0.5-s4096-r42,0.926660332174446,-0.0003163804401763,0.5,0.0772412835936075,0.0873111735432045,0.7163235239910085,0.1359747683335463,42.0,full_test,0.0127554017936428,4096.0,17.330833448792053,finite,14893,0.1650963581459513,0.1546573971317465,svhn,4096,0.03357281944538,0.03163804401763
0.9303028268313972,-0.0001342912777815,1.3099840440757615,0.8455345981549139,0.8349515600664147,n0.5-s4096-r43,0.926450249263382,-0.0001062975291123,0.5,0.0772135562624893,0.087275671370036,0.7163235239910085,0.1359194787345634,43.0,full_test,0.0127554017936428,4096.0,17.334365994012828,finite,14893,0.1650963581459513,0.1546573971317465,svhn,4096,0.013429127778150002,0.01062975291123
0.929832807359162,0.0003357281944537,1.3099840440757615,0.8455345981549139,0.8349515600664147,n0.5-s4096-r44,0.925984598659444,0.0003593530748255,0.5,0.0772768610211555,0.0873486685859608,0.7163235239910085,0.1360331615442379,44.0,full_test,0.0127554017936428,4096.0,17.3271041678722,finite,14893,0.1650963581459513,0.1546573971317465,svhn,4096,-0.033572819445369995,-0.03593530748255
0.929832807359162,0.0003357281944537,1.3099840440757615,0.8455345981549139,0.8349515600664147,n0.5-s4096-r45,0.9259808281255676,0.000363123608702,0.5,0.0772330907055114,0.0873241025166934,0.7163235239910085,0.1359949033758737,45.0,full_test,0.0127554017936428,4096.0,17.329547343950043,finite,14893,0.1650963581459513,0.1546573971317465,svhn,4096,-0.033572819445369995,-0.036312360870200004
0.930369972470288,-0.0002014369166722,1.3099840440757615,0.8455345981549139,0.8349515600664147,n0.5-s4096-r46,0.926640479744394,-0.0002965280101244,0.5,0.0772930910893989,0.0873862024444028,0.7163235239910085,0.1360916152048543,46.0,full_test,0.0127554017936428,4096.0,17.323372629282225,finite,14893,0.1650963581459513,0.1546573971317465,svhn,4096,0.02014369166722,0.029652801012440003
0.930101389914725,6.71456388907643e-05,2.150382931881083,0.7156605614087929,0.6977594532758582,n1-sexact-rnone,0.9263299555640544,1.3996170215135884e-05,1.0,0.1426860418884417,0.1610085766798309,0.516599342407583,0.2507480202739525,,full_test,0.0,,12.015249743418458,finite,14893,0.3023159127857333,0.2846434541802644,svhn,exata,-0.00671456388907643,-0.0013996170215135884
0.930369972470288,-0.0002014369166722,2.150382931881083,0.7156605614087929,0.6977594532758582,n1-s256-r42,0.9262829996748508,6.095205941891724e-05,1.0,0.1486156125756223,0.1699391783920844,0.516599342407583,0.264656165699371,42.0,full_test,0.0542664278899113,256.0,11.546359675772642,finite,14893,0.3023159127857333,0.2846434541802644,svhn,256,0.02014369166722,-0.006095205941891724
0.9303028268313972,-0.0001342912777815,2.150382931881083,0.7156605614087929,0.6977594532758582,n1-s256-r43,0.926445795715372,-0.0001018439811023,1.0,0.1486324690365219,0.1700731570407738,0.516599342407583,0.2648648184408002,43.0,full_test,0.0542664278899113,256.0,11.539514489905365,finite,14893,0.3023159127857333,0.2846434541802644,svhn,256,0.013429127778150002,0.01018439811023
0.930101389914725,6.71456388907643e-05,2.150382931881083,0.7156605614087929,0.6977594532758582,n1-s256-r44,0.9264062454696448,-6.229373537502969e-05,1.0,0.148832689901786,0.1702022512051907,0.516599342407583,0.2650658642908036,44.0,full_test,0.0542664278899113,256.0,11.532923959460511,finite,14893,0.3023159127857333,0.2846434541802644,svhn,256,-0.00671456388907643,0.006229373537502969
0.929564224803599,0.0006043107500167,2.150382931881083,0.7156605614087929,0.6977594532758582,n1-s256-r45,0.925726571796309,0.0006173799379606,1.0,0.1484452595170828,0.1698181447950395,0.516599342407583,0.264467673039716,45.0,full_test,0.0542664278899113,256.0,11.552548119341946,finite,14893,0.3023159127857333,0.2846434541802644,svhn,256,-0.060431075001670005,-0.061737993796059994
0.9294299335258176,0.0007386020277982,2.150382931881083,0.7156605614087929,0.6977594532758582,n1-s256-r46,0.9253704634047984,0.0009734883294711,1.0,0.1483616215896842,0.169678472919911,0.516599342407583,0.2642501539056511,46.0,full_test,0.0542664278899113,256.0,11.559695021538024,finite,14893,0.3023159127857333,0.2846434541802644,svhn,256,-0.07386020277982,-0.09734883294711
0.9303028268313972,-0.0001342912777815,2.150382931881083,0.7156605614087929,0.6977594532758582,n1-s1024-r42,0.926334874097864,9.077636405785404e-06,1.0,0.1443955726201042,0.1633091595421553,0.516599342407583,0.254330851760943,42.0,full_test,0.0271332139449556,1024.0,11.892019085370611,finite,14893,0.3023159127857333,0.2846434541802644,svhn,1024,0.013429127778150002,-0.0009077636405785403
0.9308399919425232,-0.0006714563889075,2.150382931881083,0.7156605614087929,0.6977594532758582,n1-s1024-r43,0.9270040740941652,-0.0006601223598956,1.0,0.1443140760143965,0.1632347471094508,0.516599342407583,0.2542149649518723,43.0,full_test,0.0271332139449556,1024.0,11.89597774560707,finite,14893,0.3023159127857333,0.2846434541802644,svhn,1024,0.06714563889075001,0.06601223598956
0.930638555025851,-0.0004700194722352,2.150382931881083,0.7156605614087929,0.6977594532758582,n1-s1024-r44,0.9268855564328918,-0.0005416046986221,1.0,0.14442239544729,0.163382102408103,0.516599342407583,0.2544444499282373,44.0,full_test,0.0271332139449556,1024.0,11.888140354790233,finite,14893,0.3023159127857333,0.2846434541802644,svhn,1024,0.04700194722352,0.054160469862209994
0.929832807359162,0.0003357281944537,2.150382931881083,0.7156605614087929,0.6977594532758582,n1-s1024-r45,0.9260398087538853,0.0003041429803845,1.0,0.1444259519765075,0.1633426703753243,0.516599342407583,0.2543830401303338,45.0,full_test,0.0271332139449556,1024.0,11.890236934634276,finite,14893,0.3023159127857333,0.2846434541802644,svhn,1024,-0.033572819445369995,-0.03041429803845
0.9299670986369436,0.0002014369166722,2.150382931881083,0.7156605614087929,0.6977594532758582,n1-s1024-r46,0.9263031850513318,4.07666829378428e-05,1.0,0.1443981291259272,0.1632902123536137,0.516599342407583,0.2543013442023114,46.0,full_test,0.0271332139449556,1024.0,11.89302688393344,finite,14893,0.3023159127857333,0.2846434541802644,svhn,1024,-0.02014369166722,-0.00407666829378428
0.930101389914725,6.71456388907643e-05,2.150382931881083,0.7156605614087929,0.6977594532758582,n1-s4096-r42,0.9262503622480042,9.358948626547736e-05,1.0,0.1431492584377228,0.1615654635681101,0.516599342407583,0.2516152926120603,42.0,full_test,0.0135666069724778,4096.0,11.985259339638716,finite,14893,0.3023159127857333,0.2846434541802644,svhn,4096,-0.00671456388907643,-0.009358948626547736
0.930101389914725,6.71456388907643e-05,2.150382931881083,0.7156605614087929,0.6977594532758582,n1-s4096-r43,0.9263635087238417,-1.9556989572011577e-05,1.0,0.1431924938951056,0.1615995478405464,0.516599342407583,0.2516683740317717,43.0,full_test,0.0135666069724778,4096.0,11.983427134917155,finite,14893,0.3023159127857333,0.2846434541802644,svhn,4096,-0.00671456388907643,0.001955698957201158
0.9303028268313972,-0.0001342912777815,2.150382931881083,0.7156605614087929,0.6977594532758582,n1-s4096-r44,0.9266083505353006,-0.0002643988010309,1.0,0.1431466877522498,0.1615872518982672,0.516599342407583,0.2516492248457626,44.0,full_test,0.0135666069724778,4096.0,11.984088060411455,finite,14893,0.3023159127857333,0.2846434541802644,svhn,4096,0.013429127778150002,0.026439880103089997
0.9302356811925064,-6.71456388907643e-05,2.150382931881083,0.7156605614087929,0.6977594532758582,n1-s4096-r45,0.926543947174588,-0.0001999954403183,1.0,0.1432092506967463,0.161616142485662,0.516599342407583,0.2516942178377085,45.0,full_test,0.0135666069724778,4096.0,11.982535227373694,finite,14893,0.3023159127857333,0.2846434541802644,svhn,4096,0.00671456388907643,0.01999954403183
0.9304371181091788,-0.000268582555563,2.150382931881083,0.7156605614087929,0.6977594532758582,n1-s4096-r46,0.9266040403347962,-0.0002600886005265,1.0,0.1431920767073431,0.1616155195809276,0.516599342407583,0.2516932477519392,46.0,full_test,0.0135666069724778,4096.0,11.982568704798172,finite,14893,0.3023159127857333,0.2846434541802644,svhn,4096,0.026858255556300004,0.02600886005265
0.9296985160813804,0.0004700194722352,3.2545486362302567,0.5147230749915647,0.4891181650005104,n2-sexact-rnone,0.9259886614141516,0.0003552903201181,2.0,0.2496809250287759,0.2812852077460679,0.2764163132892545,0.4380618127873263,,full_test,0.0,,7.169292079489837,finite,14893,0.5109749623955441,0.4856563461656148,svhn,exata,-0.04700194722352,-0.03552903201181
0.9289599140535822,0.0012086215000335,3.2545486362302567,0.5147230749915647,0.4891181650005104,n2-s256-r42,0.9249735312422588,0.0013704204920109,2.0,0.2534501362211954,0.2872129520133519,0.2764163132892545,0.4472934336758671,42.0,full_test,0.0580392934195574,256.0,6.988149545568502,finite,14893,0.5109749623955441,0.4856563461656148,svhn,256,-0.12086215000335,-0.13704204920109
0.9298999529980528,0.000268582555563,3.2545486362302567,0.5147230749915647,0.4891181650005104,n2-s256-r43,0.9263393537362878,4.597997981803381e-06,2.0,0.2534567294167749,0.2871847114667481,0.2764163132892545,0.4472494530302493,43.0,full_test,0.0580392934195574,256.0,6.989003637731173,finite,14893,0.5109749623955441,0.4856563461656148,svhn,256,-0.026858255556300004,-0.0004597997981803381
0.9288927684146916,0.0012757671389242,3.2545486362302567,0.5147230749915647,0.4891181650005104,n2-s256-r44,0.9253066688399804,0.0010372828942892,2.0,0.2532915290692218,0.2871058604937317,0.2764163132892545,0.447126653824218,44.0,full_test,0.0580392934195574,256.0,6.991388809583951,finite,14893,0.5109749623955441,0.4856563461656148,svhn,256,-0.12757671389242,-0.10372828942892
0.9297656617202712,0.0004028738333444,3.2545486362302567,0.5147230749915647,0.4891181650005104,n2-s256-r45,0.9259699459444286,0.000374005789841,2.0,0.2534288146274509,0.2871688318778241,0.2764163132892545,0.4472247228229053,45.0,full_test,0.0580392934195574,256.0,6.989483928515568,finite,14893,0.5109749623955441,0.4856563461656148,svhn,256,-0.04028738333444,-0.0374005789841
0.929832807359162,0.0003357281944537,3.2545486362302567,0.5147230749915647,0.4891181650005104,n2-s256-r46,0.9257143684928693,0.0006295832414003,2.0,0.2534010832274742,0.287201676860285,0.2764163132892545,0.4472758742242644,46.0,full_test,0.0580392934195574,256.0,6.9884905352657745,finite,14893,0.5109749623955441,0.4856563461656148,svhn,256,-0.033572819445369995,-0.06295832414003
0.9297656617202712,0.0004028738333444,3.2545486362302567,0.5147230749915647,0.4891181650005104,n2-s1024-r42,0.925842595694924,0.0005013560393457,2.0,0.2506067060316235,0.2826429797939077,0.2764163132892545,0.4401763501616684,42.0,full_test,0.0290196467097787,1024.0,7.127465899451729,finite,14893,0.5109749623955441,0.4856563461656148,svhn,1024,-0.04028738333444,-0.05013560393457
0.9294970791647084,0.0006714563889075,3.2545486362302567,0.5147230749915647,0.4891181650005104,n2-s1024-r43,0.9257327858025748,0.0006111659316948,2.0,0.2506999061585173,0.2827302074281754,0.2764163132892545,0.4403121948294298,43.0,full_test,0.0290196467097787,1024.0,7.124785724205454,finite,14893,0.5109749623955441,0.4856563461656148,svhn,1024,-0.06714563889075001,-0.061116593169479996
0.930101389914725,6.71456388907643e-05,3.2545486362302567,0.5147230749915647,0.4891181650005104,n2-s1024-r44,0.9263465032782442,-2.551543974549375e-06,2.0,0.2507114180250608,0.2827982234053588,0.2764163132892545,0.4404181200663173,44.0,full_test,0.0290196467097787,1024.0,7.122696424208924,finite,14893,0.5109749623955441,0.4856563461656148,svhn,1024,-0.00671456388907643,0.0002551543974549375
0.9302356811925064,-6.71456388907643e-05,3.2545486362302567,0.5147230749915647,0.4891181650005104,n2-s1024-r45,0.9265145975282122,-0.0001706457939425,2.0,0.2507348836918619,0.2827851628121274,0.2764163132892545,0.4403977800449104,45.0,full_test,0.0290196467097787,1024.0,7.123097577687616,finite,14893,0.5109749623955441,0.4856563461656148,svhn,1024,0.00671456388907643,0.01706457939425
0.930101389914725,6.71456388907643e-05,3.2545486362302567,0.5147230749915647,0.4891181650005104,n2-s1024-r46,0.926192066746556,0.0001518849877137,2.0,0.2508153300087288,0.28281993831209,0.2764163132892545,0.4404519379534484,46.0,full_test,0.0290196467097787,1024.0,7.122029496248592,finite,14893,0.5109749623955441,0.4856563461656148,svhn,1024,-0.00671456388907643,-0.015188498771369999
0.930101389914725,6.71456388907643e-05,3.2545486362302567,0.5147230749915647,0.4891181650005104,n2-s4096-r42,0.9264190412874258,-7.508955315616017e-05,2.0,0.2499429051113008,0.2816500836431443,0.2764163132892545,0.4386300552420095,42.0,full_test,0.0145098233548893,4096.0,7.158032269469402,finite,14893,0.5109749623955441,0.4856563461656148,svhn,4096,-0.00671456388907643,0.007508955315616017
0.9302356811925064,-6.71456388907643e-05,3.2545486362302567,0.5147230749915647,0.4891181650005104,n2-s4096-r43,0.9264951840083876,-0.0001512322741179,2.0,0.2499592072302369,0.2816670448527137,0.2764163132892545,0.4386564699200885,43.0,full_test,0.0145098233548893,4096.0,7.15750921349599,finite,14893,0.5109749623955441,0.4856563461656148,svhn,4096,0.00671456388907643,0.01512322741179
0.9301685355536158,0.0,3.2545486362302567,0.5147230749915647,0.4891181650005104,n2-s4096-r44,0.9264333674385924,-8.941570432274837e-05,2.0,0.2499111348154198,0.2816080501283666,0.2764163132892545,0.4385645940048939,44.0,full_test,0.0145098233548893,4096.0,7.159328650113538,finite,14893,0.5109749623955441,0.4856563461656148,svhn,4096,-0.0,0.008941570432274837
0.929832807359162,0.0003357281944537,3.2545486362302567,0.5147230749915647,0.4891181650005104,n2-s4096-r45,0.9262323725216544,0.0001115792126152,2.0,0.2499592196074463,0.2816586008079513,0.2764163132892545,0.438643319518098,45.0,full_test,0.0145098233548893,4096.0,7.157769610094213,finite,14893,0.5109749623955441,0.4856563461656148,svhn,4096,-0.033572819445369995,-0.011157921261520001
0.9301685355536158,0.0,3.2545486362302567,0.5147230749915647,0.4891181650005104,n2-s4096-r46,0.9263799830341874,-3.603129991780474e-05,2.0,0.2500082538368948,0.2817072252196205,0.2764163132892545,0.4387190451422508,46.0,full_test,0.0145098233548893,4096.0,7.1562702423476745,finite,14893,0.5109749623955441,0.4856563461656148,svhn,4096,-0.0,0.0036031299917804738
0.99642614023145,0.0,1.7319320655313786e-14,1.0,1.0,n0-sexact-rnone,0.995904263551452,0.0,0.0,0.0,0.0,1.0000000000000002,0.0,,full_test,0.0,,,zero_error_infinite,5876,0.0,0.0,gtsrb,exata,-0.0,-0.0
0.9965963240299524,-0.0001701837985024,1.7319320655313786e-14,1.0,1.0,n0-s256-r42,0.9958931499226796,1.111362877237454e-05,0.0,0.0226006966788502,0.0330451309772788,1.0000000000000002,0.0389110108709503,42.0,full_test,0.0283195061166989,256.0,28.19854972986553,finite,5876,0.0,0.0,gtsrb,256,0.01701837985024,-0.001111362877237454
0.9965963240299524,-0.0001701837985024,1.7319320655313786e-14,1.0,1.0,n0-s256-r43,0.995977777972928,-7.351442147596199e-05,0.0,0.0225535287123986,0.0329319343051315,1.0000000000000002,0.0387777205249835,43.0,full_test,0.0283195061166989,256.0,28.228354473747245,finite,5876,0.0,0.0,gtsrb,256,0.01701837985024,0.007351442147596199
0.9962559564329476,0.0001701837985023,1.7319320655313786e-14,1.0,1.0,n0-s256-r44,0.9956071098482856,0.0002971537031665,0.0,0.0226152923009738,0.033008955544984,1.0000000000000002,0.0388684138953096,44.0,full_test,0.0283195061166989,256.0,28.208063625537385,finite,5876,0.0,0.0,gtsrb,256,-0.01701837985023,-0.02971537031665
0.9965963240299524,-0.0001701837985024,1.7319320655313786e-14,1.0,1.0,n0-s256-r45,0.995977777972928,-7.351442147596199e-05,0.0,0.02259905114052,0.032960273546657,1.0000000000000002,0.0388110902984558,45.0,full_test,0.0283195061166989,256.0,28.22088313388721,finite,5876,0.0,0.0,gtsrb,256,0.01701837985024,0.007351442147596199
0.9965963240299524,-0.0001701837985024,1.7319320655313786e-14,1.0,1.0,n0-s256-r46,0.9960975281374704,-0.0001932645860183,0.0,0.0226010012720234,0.0330231722498041,1.0000000000000002,0.0388851542240491,46.0,full_test,0.0283195061166989,256.0,28.204323484635815,finite,5876,0.0,0.0,gtsrb,256,0.01701837985024,0.01932645860183
0.99642614023145,0.0,1.7319320655313786e-14,1.0,1.0,n0-s1024-r42,0.995904263551452,0.0,0.0,0.0112762417760952,0.0164754264755541,1.0000000000000002,0.0193999987209801,42.0,full_test,0.0141597530583494,1024.0,34.24396597404629,finite,5876,0.0,0.0,gtsrb,1024,-0.0,-0.0
0.99642614023145,0.0,1.7319320655313786e-14,1.0,1.0,n0-s1024-r43,0.995904263551452,0.0,0.0,0.0113265992438452,0.0165746886341247,1.0000000000000002,0.0195168810215486,43.0,full_test,0.0141597530583494,1024.0,34.19179170814068,finite,5876,0.0,0.0,gtsrb,1024,-0.0,-0.0
0.9965963240299524,-0.0001701837985024,1.7319320655313786e-14,1.0,1.0,n0-s1024-r44,0.9960975281374704,-0.0001932645860183,0.0,0.0113305295345527,0.0165983276240441,1.0000000000000002,0.0195447161962486,44.0,full_test,0.0141597530583494,1024.0,34.17941262926813,finite,5876,0.0,0.0,gtsrb,1024,0.01701837985024,0.01932645860183
0.99642614023145,0.0,1.7319320655313786e-14,1.0,1.0,n0-s1024-r45,0.995904263551452,0.0,0.0,0.0113646211124368,0.0165962320877511,1.0000000000000002,0.0195422486788544,45.0,full_test,0.0141597530583494,1024.0,34.18050929071843,finite,5876,0.0,0.0,gtsrb,1024,-0.0,-0.0
0.9967665078284548,-0.0003403675970048,1.7319320655313786e-14,1.0,1.0,n0-s1024-r46,0.9961710425589464,-0.0002667790074942,0.0,0.0112424130800322,0.0164364065418626,1.0000000000000002,0.019354052313169,46.0,full_test,0.0141597530583494,1024.0,34.26456178810193,finite,5876,0.0,0.0,gtsrb,1024,0.03403675970048,0.02667790074942
0.99642614023145,0.0,1.7319320655313786e-14,1.0,1.0,n0-s4096-r42,0.995904263551452,0.0,0.0,0.0056412283779267,0.0082524706816846,1.0000000000000002,0.0097173764155457,42.0,full_test,0.0070798765291747,4096.0,40.24901947935782,finite,5876,0.0,0.0,gtsrb,4096,-0.0,-0.0
0.99642614023145,0.0,1.7319320655313786e-14,1.0,1.0,n0-s4096-r43,0.995904263551452,0.0,0.0,0.0056768405152435,0.0083004586990952,1.0000000000000002,0.009773882842118,43.0,full_test,0.0070798765291747,4096.0,40.198657421824194,finite,5876,0.0,0.0,gtsrb,4096,-0.0,-0.0
0.9965963240299524,-0.0001701837985024,1.7319320655313786e-14,1.0,1.0,n0-s4096-r44,0.9960975281374704,-0.0001932645860183,0.0,0.0056398593441363,0.0082253932003811,1.0000000000000002,0.0096854923788299,44.0,full_test,0.0070798765291747,4096.0,40.27756592538505,finite,5876,0.0,0.0,gtsrb,4096,0.01701837985024,0.01932645860183
0.99642614023145,0.0,1.7319320655313786e-14,1.0,1.0,n0-s4096-r45,0.995904263551452,0.0,0.0,0.0056267103230908,0.0082210452053356,1.0000000000000002,0.0096803725660927,45.0,full_test,0.0070798765291747,4096.0,40.28215855572359,finite,5876,0.0,0.0,gtsrb,4096,-0.0,-0.0
0.99642614023145,0.0,1.7319320655313786e-14,1.0,1.0,n0-s4096-r46,0.995904263551452,0.0,0.0,0.0056827273937422,0.008314516621038,1.0000000000000002,0.0097904362022458,46.0,full_test,0.0070798765291747,4096.0,40.183959164942024,finite,5876,0.0,0.0,gtsrb,4096,-0.0,-0.0
0.99642614023145,0.0,1.3099722889044594,0.8451565676106437,0.8359406874734399,n0.5-sexact-rnone,0.995904263551452,0.0,0.5,0.1091355148271657,0.1150894192073059,0.7156572163390936,0.1355190767737006,,full_test,0.0,,17.359991312854895,finite,5876,0.1641947249425979,0.1549260182369039,gtsrb,exata,-0.0,-0.0
0.9965963240299524,-0.0001701837985024,1.3099722889044594,0.8451565676106437,0.8359406874734399,n0.5-s256-r42,0.9964139337694906,-0.0005096702180384,0.5,0.1121407743742611,0.1225380427349011,0.7156572163390936,0.144289914185577,42.0,full_test,0.0411104313059263,256.0,16.815280497552642,finite,5876,0.1641947249425979,0.1549260182369039,gtsrb,256,0.01701837985024,0.050967021803839996
0.99642614023145,0.0,1.3099722889044594,0.8451565676106437,0.8359406874734399,n0.5-s256-r43,0.9961415410569812,-0.0002372775055291,0.5,0.1122833325078982,0.1227380185059524,0.7156572163390936,0.1445253878899074,43.0,full_test,0.0411104313059263,256.0,16.801117127073503,finite,5876,0.1641947249425979,0.1549260182369039,gtsrb,256,-0.0,0.02372775055291
0.9965963240299524,-0.0001701837985024,1.3099722889044594,0.8451565676106437,0.8359406874734399,n0.5-s256-r44,0.9960975281374704,-0.0001932645860183,0.5,0.1122551568742348,0.1227094718063854,0.7156572163390936,0.1444917738322737,44.0,full_test,0.0411104313059263,256.0,16.803137546860828,finite,5876,0.1641947249425979,0.1549260182369039,gtsrb,256,0.01701837985024,0.01932645860183
0.9965963240299524,-0.0001701837985024,1.3099722889044594,0.8451565676106437,0.8359406874734399,n0.5-s256-r45,0.995977777972928,-7.351442147596199e-05,0.5,0.1119805159608594,0.1223313464548175,0.7156572163390936,0.1440465270067866,45.0,full_test,0.0411104313059263,256.0,16.82994416384226,finite,5876,0.1641947249425979,0.1549260182369039,gtsrb,256,0.01701837985024,0.007351442147596199
0.9965963240299524,-0.0001701837985024,1.3099722889044594,0.8451565676106437,0.8359406874734399,n0.5-s256-r46,0.995977777972928,-7.351442147596199e-05,0.5,0.112312151281771,0.122675873122965,0.7156572163390936,0.1444522110072173,46.0,full_test,0.0411104313059263,256.0,16.805516127848062,finite,5876,0.1641947249425979,0.1549260182369039,gtsrb,256,0.01701837985024,0.007351442147596199
0.99642614023145,0.0,1.3099722889044594,0.8451565676106437,0.8359406874734399,n0.5-s1024-r42,0.995904263551452,0.0,0.5,0.1098298616405397,0.1169044078352177,0.7156572163390936,0.1376562461581974,42.0,full_test,0.0205552156529631,1024.0,17.2240815538484,finite,5876,0.1641947249425979,0.1549260182369039,gtsrb,1024,-0.0,-0.0
0.99642614023145,0.0,1.3099722889044594,0.8451565676106437,0.8359406874734399,n0.5-s1024-r43,0.995904263551452,0.0,0.5,0.1098030981593787,0.1168598817321091,0.7156572163390936,0.1376038161743885,43.0,full_test,0.0205552156529631,1024.0,17.227390432403013,finite,5876,0.1641947249425979,0.1549260182369039,gtsrb,1024,-0.0,-0.0
0.9965963240299524,-0.0001701837985024,1.3099722889044594,0.8451565676106437,0.8359406874734399,n0.5-s1024-r44,0.9960975281374704,-0.0001932645860183,0.5,0.1098884973189345,0.1169649195361581,0.7156572163390936,0.1377274993620273,44.0,full_test,0.0205552156529631,1024.0,17.219586753492862,finite,5876,0.1641947249425979,0.1549260182369039,gtsrb,1024,0.01701837985024,0.01932645860183
0.9965963240299524,-0.0001701837985024,1.3099722889044594,0.8451565676106437,0.8359406874734399,n0.5-s1024-r45,0.995977777972928,-7.351442147596199e-05,0.5,0.1099677900030195,0.1170032699148641,0.7156572163390936,0.1377726573613635,45.0,full_test,0.0205552156529631,1024.0,17.216739296658808,finite,5876,0.1641947249425979,0.1549260182369039,gtsrb,1024,0.01701837985024,0.007351442147596199
0.9965963240299524,-0.0001701837985024,1.3099722889044594,0.8451565676106437,0.8359406874734399,n0.5-s1024-r46,0.995977777972928,-7.351442147596199e-05,0.5,0.1099894807381929,0.1170787314556681,0.7156572163390936,0.1378615141686366,46.0,full_test,0.0205552156529631,1024.0,17.211139116942217,finite,5876,0.1641947249425979,0.1549260182369039,gtsrb,1024,0.01701837985024,0.007351442147596199
0.99642614023145,0.0,1.3099722889044594,0.8451565676106437,0.8359406874734399,n0.5-s4096-r42,0.995904263551452,0.0,0.5,0.1093460841153887,0.115555353563295,0.7156572163390936,0.1360677196828029,42.0,full_test,0.0102776078264815,4096.0,17.324897867194803,finite,5876,0.1641947249425979,0.1549260182369039,gtsrb,4096,-0.0,-0.0
0.99642614023145,0.0,1.3099722889044594,0.8451565676106437,0.8359406874734399,n0.5-s4096-r43,0.995904263551452,0.0,0.5,0.1094032687744687,0.1156085110407945,0.7156572163390936,0.1361303132063775,43.0,full_test,0.0102776078264815,4096.0,17.320903125266362,finite,5876,0.1641947249425979,0.1549260182369039,gtsrb,4096,-0.0,-0.0
0.99642614023145,0.0,1.3099722889044594,0.8451565676106437,0.8359406874734399,n0.5-s4096-r44,0.995904263551452,0.0,0.5,0.1094013913501881,0.115610478391211,0.7156572163390936,0.1361326297834702,44.0,full_test,0.0102776078264815,4096.0,17.32075531570591,finite,5876,0.1641947249425979,0.1549260182369039,gtsrb,4096,-0.0,-0.0
0.99642614023145,0.0,1.3099722889044594,0.8451565676106437,0.8359406874734399,n0.5-s4096-r45,0.995904263551452,0.0,0.5,0.1093918985972911,0.1155857298489018,0.7156572163390936,0.1361034880984366,45.0,full_test,0.0102776078264815,4096.0,17.322614888660482,finite,5876,0.1641947249425979,0.1549260182369039,gtsrb,4096,-0.0,-0.0
0.99642614023145,0.0,1.3099722889044594,0.8451565676106437,0.8359406874734399,n0.5-s4096-r46,0.995904263551452,0.0,0.5,0.1093910786406642,0.1155841406672823,0.7156572163390936,0.1361016168193269,46.0,full_test,0.0102776078264815,4096.0,17.322734311283615,finite,5876,0.1641947249425979,0.1549260182369039,gtsrb,4096,-0.0,-0.0
0.99642614023145,0.0,2.1514879002104825,0.71498953442469,0.6993562458185802,n1-sexact-rnone,0.995904263551452,0.0,1.0,0.2036414081707554,0.2143815960373637,0.515556482134031,0.2524367241781308,,full_test,0.0,,11.956949284300515,finite,5876,0.3008575713423731,0.2851405616974385,gtsrb,exata,-0.0,-0.0
0.9962559564329476,0.0001701837985023,2.1514879002104825,0.71498953442469,0.6993562458185802,n1-s256-r42,0.9958432216075004,6.104194395184503e-05,1.0,0.2049860833883801,0.219365267701925,0.515556482134031,0.2583050532354533,42.0,full_test,0.0475459621987016,256.0,11.757341952351965,finite,5876,0.3008575713423731,0.2851405616974385,gtsrb,256,-0.01701837985023,-0.0061041943951845035
0.9960857726344452,0.0003403675970047,2.1514879002104825,0.71498953442469,0.6993562458185802,n1-s256-r43,0.9958563051645428,4.795838690929699e-05,1.0,0.205312762662495,0.2196578190181505,0.515556482134031,0.2586495356783823,43.0,full_test,0.0475459621987016,256.0,11.7457659377906,finite,5876,0.3008575713423731,0.2851405616974385,gtsrb,256,-0.03403675970047,-0.004795838690929699
0.9965963240299524,-0.0001701837985024,2.1514879002104825,0.71498953442469,0.6993562458185802,n1-s256-r44,0.9960975281374704,-0.0001932645860183,1.0,0.2054658473172363,0.2198590090544595,0.515556482134031,0.2588864391936181,44.0,full_test,0.0475459621987016,256.0,11.73781395751545,finite,5876,0.3008575713423731,0.2851405616974385,gtsrb,256,0.01701837985024,0.01932645860183
0.9960857726344452,0.0003403675970047,2.1514879002104825,0.71498953442469,0.6993562458185802,n1-s256-r45,0.9955398995325224,0.0003643640189295,1.0,0.2052990067745058,0.2196737800293766,0.515556482134031,0.2586683299474006,45.0,full_test,0.0475459621987016,256.0,11.745134817323128,finite,5876,0.3008575713423731,0.2851405616974385,gtsrb,256,-0.03403675970047,-0.03643640189295
0.99642614023145,0.0,2.1514879002104825,0.71498953442469,0.6993562458185802,n1-s256-r46,0.9961415410569812,-0.0002372775055291,1.0,0.2055216147712813,0.2199040000786411,0.515556482134031,0.258939416627184,46.0,full_test,0.0475459621987016,256.0,11.73603669538111,finite,5876,0.3008575713423731,0.2851405616974385,gtsrb,256,-0.0,0.02372775055291
0.9960857726344452,0.0003403675970047,2.1514879002104825,0.71498953442469,0.6993562458185802,n1-s1024-r42,0.995533596053777,0.0003706674976751,1.0,0.2039470918081171,0.2155615576612848,0.515556482134031,0.2538261421715794,42.0,full_test,0.0237729810993508,1024.0,11.909273017861372,finite,5876,0.3008575713423731,0.2851405616974385,gtsrb,1024,-0.03403675970047,-0.03706674976751
0.9967665078284548,-0.0003403675970048,2.1514879002104825,0.71498953442469,0.6993562458185802,n1-s1024-r43,0.9961710425589464,-0.0002667790074942,1.0,0.2040291359839423,0.2156288803530425,0.515556482134031,0.2539054153931819,43.0,full_test,0.0237729810993508,1024.0,11.90656072452672,finite,5876,0.3008575713423731,0.2851405616974385,gtsrb,1024,0.03403675970048,0.02667790074942
0.9965963240299524,-0.0001701837985024,2.1514879002104825,0.71498953442469,0.6993562458185802,n1-s1024-r44,0.995977777972928,-7.351442147596199e-05,1.0,0.204160224291923,0.2157054300523839,0.515556482134031,0.2539955535192886,44.0,full_test,0.0237729810993508,1024.0,11.903477722635856,finite,5876,0.3008575713423731,0.2851405616974385,gtsrb,1024,0.01701837985024,0.007351442147596199
0.9965963240299524,-0.0001701837985024,2.1514879002104825,0.71498953442469,0.6993562458185802,n1-s1024-r45,0.995977777972928,-7.351442147596199e-05,1.0,0.2042963867069671,0.2158780188146671,0.515556482134031,0.2541987787148559,45.0,full_test,0.0237729810993508,1024.0,11.896530806456344,finite,5876,0.3008575713423731,0.2851405616974385,gtsrb,1024,0.01701837985024,0.007351442147596199
0.9965963240299524,-0.0001701837985024,2.1514879002104825,0.71498953442469,0.6993562458185802,n1-s1024-r46,0.9962150554784572,-0.0003107919270051,1.0,0.2042799235166587,0.2158736602660313,0.515556482134031,0.2541936464751482,46.0,full_test,0.0237729810993508,1024.0,11.896706175189198,finite,5876,0.3008575713423731,0.2851405616974385,gtsrb,1024,0.01701837985024,0.03107919270051
0.99642614023145,0.0,2.1514879002104825,0.71498953442469,0.6993562458185802,n1-s4096-r42,0.995904263551452,0.0,1.0,0.2037473531986648,0.2146734162955138,0.515556482134031,0.2527803457920094,42.0,full_test,0.0118864905496754,4096.0,11.9451339278803,finite,5876,0.3008575713423731,0.2851405616974385,gtsrb,4096,-0.0,-0.0
0.99642614023145,0.0,2.1514879002104825,0.71498953442469,0.6993562458185802,n1-s4096-r43,0.995904263551452,0.0,1.0,0.2037856128382774,0.2146944075885165,0.515556482134031,0.2528050632740126,43.0,full_test,0.0118864905496754,4096.0,11.944284641816534,finite,5876,0.3008575713423731,0.2851405616974385,gtsrb,4096,-0.0,-0.0
0.99642614023145,0.0,2.1514879002104825,0.71498953442469,0.6993562458185802,n1-s4096-r44,0.995904263551452,0.0,1.0,0.2037987085400323,0.2147146317154467,0.515556482134031,0.2528288774093954,44.0,full_test,0.0118864905496754,4096.0,11.943466473037615,finite,5876,0.3008575713423731,0.2851405616974385,gtsrb,4096,-0.0,-0.0
0.9965963240299524,-0.0001701837985024,2.1514879002104825,0.71498953442469,0.6993562458185802,n1-s4096-r45,0.9960975281374704,-0.0001932645860183,1.0,0.203847582119138,0.2147645089455672,0.515556482134031,0.2528876084050379,45.0,full_test,0.0118864905496754,4096.0,11.941449014785466,finite,5876,0.3008575713423731,0.2851405616974385,gtsrb,4096,0.01701837985024,0.01932645860183
0.99642614023145,0.0,2.1514879002104825,0.71498953442469,0.6993562458185802,n1-s4096-r46,0.995904263551452,0.0,1.0,0.2037814906075818,0.2147028549548318,0.515556482134031,0.2528150101422139,46.0,full_test,0.0118864905496754,4096.0,11.94394289351976,finite,5876,0.3008575713423731,0.2851405616974385,gtsrb,4096,-0.0,-0.0
0.99642614023145,0.0,3.2585368013034475,0.5136644816407104,0.4911429859916963,n2-sexact-rnone,0.995904263551452,0.0,2.0,0.3563305346852925,0.3740337160970385,0.275135071302688,0.4404288790127925,,full_test,0.0,,7.122484239750543,finite,5876,0.5090873558499682,0.4864963781294926,gtsrb,exata,-0.0,-0.0
0.9962559564329476,0.0001701837985023,3.2585368013034475,0.5136644816407104,0.4911429859916963,n2-s256-r42,0.9962254651975254,-0.0003212016460732,2.0,0.3574386451784013,0.378030287666417,0.275135071302688,0.4451348866812003,42.0,full_test,0.0545750321525761,256.0,7.030167346009795,finite,5876,0.5090873558499682,0.4864963781294926,gtsrb,256,-0.01701837985023,0.03212016460732
0.99642614023145,0.0,3.2585368013034475,0.5136644816407104,0.4911429859916963,n2-s256-r43,0.995745296481452,0.00015896707,2.0,0.3575605364562459,0.3780979015405347,0.275135071302688,0.4452145027732845,43.0,full_test,0.0545750321525761,256.0,7.028613941022289,finite,5876,0.5090873558499682,0.4864963781294926,gtsrb,256,-0.0,-0.015896707
0.9967665078284548,-0.0003403675970048,3.2585368013034475,0.5136644816407104,0.4911429859916963,n2-s256-r44,0.9960718471235138,-0.0001675835720617,2.0,0.357320054794712,0.377912679953823,0.275135071302688,0.4449964022858321,44.0,full_test,0.0545750321525761,256.0,7.032870003919647,finite,5876,0.5090873558499682,0.4864963781294926,gtsrb,256,0.03403675970048,0.01675835720617
0.9962559564329476,0.0001701837985023,3.2585368013034475,0.5136644816407104,0.4911429859916963,n2-s256-r45,0.9959286532127368,-2.438966128470721e-05,2.0,0.3577175766222927,0.3782558533716647,0.275135071302688,0.4454004928189107,45.0,full_test,0.0545750321525761,256.0,7.024986135423759,finite,5876,0.5090873558499682,0.4864963781294926,gtsrb,256,-0.01701837985023,0.002438966128470721
0.9965963240299524,-0.0001701837985024,3.2585368013034475,0.5136644816407104,0.4911429859916963,n2-s256-r46,0.9960975281374704,-0.0001932645860183,2.0,0.3572753769544443,0.3779278804462393,0.275135071302688,0.445014301035456,46.0,full_test,0.0545750321525761,256.0,7.032520645056133,finite,5876,0.5090873558499682,0.4864963781294926,gtsrb,256,0.01701837985024,0.01932645860183
0.9967665078284548,-0.0003403675970048,3.2585368013034475,0.5136644816407104,0.4911429859916963,n2-s1024-r42,0.9961710425589464,-0.0002667790074942,2.0,0.3567160723550603,0.3750683414891768,0.275135071302688,0.4416471619697744,42.0,full_test,0.027287516076288,1024.0,7.098491119998387,finite,5876,0.5090873558499682,0.4864963781294926,gtsrb,1024,0.03403675970048,0.02667790074942
0.99642614023145,0.0,3.2585368013034475,0.5136644816407104,0.4911429859916963,n2-s1024-r43,0.995745296481452,0.00015896707,2.0,0.3567196598402277,0.3750947196117489,0.275135071302688,0.4416782225037713,43.0,full_test,0.027287516076288,1024.0,7.097880272907947,finite,5876,0.5090873558499682,0.4864963781294926,gtsrb,1024,-0.0,-0.015896707
0.99642614023145,0.0,3.2585368013034475,0.5136644816407104,0.4911429859916963,n2-s1024-r44,0.995745296481452,0.00015896707,2.0,0.3567268531555421,0.3750826170910127,0.275135071302688,0.441663971650408,44.0,full_test,0.027287516076288,1024.0,7.098160529733427,finite,5876,0.5090873558499682,0.4864963781294926,gtsrb,1024,-0.0,-0.015896707
0.9962559564329476,0.0001701837985023,3.2585368013034475,0.5136644816407104,0.4911429859916963,n2-s1024-r45,0.995671782059976,0.000232481491476,2.0,0.3566233273800919,0.3749904415668584,0.275135071302688,0.4415554339410291,45.0,full_test,0.027287516076288,1024.0,7.100295325604106,finite,5876,0.5090873558499682,0.4864963781294926,gtsrb,1024,-0.01701837985023,-0.0232481491476
0.99642614023145,0.0,3.2585368013034475,0.5136644816407104,0.4911429859916963,n2-s1024-r46,0.995904263551452,0.0,2.0,0.3568737038171605,0.3752176172327886,0.275135071302688,0.4418229358254278,46.0,full_test,0.027287516076288,1024.0,7.095034857391611,finite,5876,0.5090873558499682,0.4864963781294926,gtsrb,1024,-0.0,-0.0
0.9965963240299524,-0.0001701837985024,3.2585368013034475,0.5136644816407104,0.4911429859916963,n2-s4096-r42,0.995977777972928,-7.351442147596199e-05,2.0,0.3563306604441066,0.3741768141330963,0.275135071302688,0.44059737854879,42.0,full_test,0.013643758038144,4096.0,7.119161822560306,finite,5876,0.5090873558499682,0.4864963781294926,gtsrb,4096,0.01701837985024,0.007351442147596199
0.9967665078284548,-0.0003403675970048,3.2585368013034475,0.5136644816407104,0.4911429859916963,n2-s4096-r43,0.9961710425589464,-0.0002667790074942,2.0,0.3565353732397811,0.3743994417907376,0.275135071302688,0.4408595251026233,43.0,full_test,0.013643758038144,4096.0,7.113995430208526,finite,5876,0.5090873558499682,0.4864963781294926,gtsrb,4096,0.03403675970048,0.02667790074942
0.9962559564329476,0.0001701837985023,3.2585368013034475,0.5136644816407104,0.4911429859916963,n2-s4096-r44,0.995671782059976,0.000232481491476,2.0,0.3564372381452771,0.374277027028572,0.275135071302688,0.4407153803526851,44.0,full_test,0.013643758038144,4096.0,7.116835859066651,finite,5876,0.5090873558499682,0.4864963781294926,gtsrb,4096,-0.01701837985023,-0.0232481491476
0.9962559564329476,0.0001701837985023,3.2585368013034475,0.5136644816407104,0.4911429859916963,n2-s4096-r45,0.995671782059976,0.000232481491476,2.0,0.3564497929668721,0.3742853859413279,0.275135071302688,0.4407252230658321,45.0,full_test,0.013643758038144,4096.0,7.116641874991475,finite,5876,0.5090873558499682,0.4864963781294926,gtsrb,4096,-0.01701837985023,-0.0232481491476
0.9965963240299524,-0.0001701837985024,3.2585368013034475,0.5136644816407104,0.4911429859916963,n2-s4096-r46,0.9960975281374704,-0.0001932645860183,2.0,0.3564416245450772,0.3743002209458161,0.275135071302688,0.4407426914493379,46.0,full_test,0.013643758038144,4096.0,7.116297611862192,finite,5876,0.5090873558499682,0.4864963781294926,gtsrb,4096,0.01701837985024,0.01932645860183
0.5085470085470085,0.0,1.6524717886689352e-14,1.0,1.0,n0-sexact-rnone,0.4851865960965528,0.0,0.0,0.0,0.0,1.0,0.0,,full_test,0.0,,,zero_error_infinite,5382,0.0,0.0,fer2013,exata,-0.0,-0.0
0.5104050538833148,-0.0018580453363062,1.6524717886689352e-14,1.0,1.0,n0-s256-r42,0.4854059978444268,-0.0002194017478739,0.0,0.0444154021925632,0.0564026161164538,1.0,0.1305898965152218,42.0,full_test,0.0556861607998436,256.0,17.681808445510466,finite,5382,0.0,0.0,fer2013,256,0.18580453363062,0.02194017478739
0.5076179858788554,0.000929022668153,1.6524717886689352e-14,1.0,1.0,n0-s256-r43,0.4854633193378332,-0.0002767232412803,0.0,0.0443260436228517,0.056226578665478,1.0,0.1301823141353856,43.0,full_test,0.0556861607998436,256.0,17.70896025316407,finite,5382,0.0,0.0,fer2013,256,-0.0929022668153,0.027672324128029998
0.5050167224080268,0.0035302861389817,1.6524717886689352e-14,1.0,1.0,n0-s256-r44,0.4813090253720393,0.0038775707245135,0.0,0.0444076212804084,0.0563596220509921,1.0,0.1304903516546108,44.0,full_test,0.0556861607998436,256.0,17.688431970049475,finite,5382,0.0,0.0,fer2013,256,-0.35302861389817,-0.38775707245135
0.507803790412486,0.0007432181345224,1.6524717886689352e-14,1.0,1.0,n0-s256-r45,0.4857225636414296,-0.0005359675448767,0.0,0.0445298333896236,0.0564759365048581,1.0,0.1307596564056922,45.0,full_test,0.0556861607998436,256.0,17.670524585526845,finite,5382,0.0,0.0,fer2013,256,-0.07432181345224,0.05359675448767
0.5113340765514679,-0.0027870680044593,1.6524717886689352e-14,1.0,1.0,n0-s256-r46,0.4868908967281177,-0.0017043006315648,0.0,0.0445658097221133,0.0564989808447124,1.0,0.1308130113414033,46.0,full_test,0.0556861607998436,256.0,17.6669811335779,finite,5382,0.0,0.0,fer2013,256,0.27870680044593,0.17043006315648
0.5098476402824229,-0.0013006317354143,1.6524717886689352e-14,1.0,1.0,n0-s1024-r42,0.486176129856665,-0.0009895337601121,0.0,0.0220762303948605,0.028028313903703,1.0,0.0648944120716587,42.0,full_test,0.0278430803999218,1024.0,23.75585395641931,finite,5382,0.0,0.0,fer2013,1024,0.13006317354143,0.09895337601120999
0.5081753994797473,0.0003716090672611,1.6524717886689352e-14,1.0,1.0,n0-s1024-r43,0.4849551287693802,0.0002314673271726,0.0,0.0221933767668268,0.0281325574032241,1.0,0.0651357687453764,43.0,full_test,0.0278430803999218,1024.0,23.72360913716665,finite,5382,0.0,0.0,fer2013,1024,-0.03716090672611,-0.02314673271726
0.5059457450761798,0.0026012634708286,1.6524717886689352e-14,1.0,1.0,n0-s1024-r44,0.481991999101416,0.0031945969951368,0.0,0.0222052723851583,0.0281370534806779,1.0,0.0651461785867959,44.0,full_test,0.0278430803999218,1024.0,23.722221090153788,finite,5382,0.0,0.0,fer2013,1024,-0.26012634708286,-0.31945969951368
0.5081753994797473,0.0003716090672611,1.6524717886689352e-14,1.0,1.0,n0-s1024-r45,0.4851637041632788,2.289193327403849e-05,0.0,0.0223095887368762,0.0282968990207698,1.0,0.0655162715714178,45.0,full_test,0.0278430803999218,1024.0,23.673016511287504,finite,5382,0.0,0.0,fer2013,1024,-0.03716090672611,-0.002289193327403849
0.5076179858788554,0.000929022668153,1.6524717886689352e-14,1.0,1.0,n0-s1024-r46,0.4829136240370618,0.002272972059491,0.0,0.0222166728719336,0.0281593801536736,1.0,0.0651978718967305,46.0,full_test,0.0278430803999218,1024.0,23.71533159413163,finite,5382,0.0,0.0,fer2013,1024,-0.0929022668153,-0.2272972059491
0.509290226681531,-0.0007432181345224,1.6524717886689352e-14,1.0,1.0,n0-s4096-r42,0.4864181467944526,-0.0012315506978998,0.0,0.0111669960056204,0.0141564047257922,1.0,0.0327765546256198,42.0,full_test,0.0139215401999609,4096.0,29.688734002328296,finite,5382,0.0,0.0,fer2013,4096,0.07432181345224,0.12315506978997999
0.5081753994797473,0.0003716090672611,1.6524717886689352e-14,1.0,1.0,n0-s4096-r43,0.4841052072663069,0.0010813888302459,0.0,0.0111166787461142,0.0141045689465506,1.0,0.0326565384009649,43.0,full_test,0.0139215401999609,4096.0,29.720597049081036,finite,5382,0.0,0.0,fer2013,4096,-0.03716090672611,-0.10813888302459
0.5083612040133779,0.0001858045336305,1.6524717886689352e-14,1.0,1.0,n0-s4096-r44,0.4839158388296902,0.0012707572668625,0.0,0.0110943637670263,0.014063979750604,1.0,0.032562561573944,44.0,full_test,0.0139215401999609,4096.0,29.745628762591288,finite,5382,0.0,0.0,fer2013,4096,-0.01858045336305,-0.12707572668625
0.5089186176142698,-0.0003716090672613,1.6524717886689352e-14,1.0,1.0,n0-s4096-r45,0.4862052888053199,-0.001018692708767,0.0,0.0110843691906546,0.0140841144779577,1.0,0.0326091798364029,45.0,full_test,0.0139215401999609,4096.0,29.73320248263817,finite,5382,0.0,0.0,fer2013,4096,0.03716090672613,0.1018692708767
0.5066889632107023,0.0018580453363061,1.6524717886689352e-14,1.0,1.0,n0-s4096-r46,0.4825510265642055,0.0026355695323472,0.0,0.0110613775083935,0.0140460221736717,1.0,0.0325209841033456,46.0,full_test,0.0139215401999609,4096.0,29.756726417656548,finite,5382,0.0,0.0,fer2013,4096,-0.18580453363061,-0.26355695323472
0.5085470085470085,0.0,1.3534451137259509,0.8409735976815021,0.8340508445156222,n0.5-sexact-rnone,0.4835920785381254,0.0015945175584274,0.5,0.0477805839542885,0.0574747793817329,0.708590971670211,0.1330722936006893,,full_test,0.0,,17.5182471532997,finite,5382,0.1659917074971124,0.1591463893527037,fer2013,exata,-0.0,-0.15945175584274
0.5066889632107023,0.0018580453363061,1.3534451137259509,0.8409735976815021,0.8340508445156222,n0.5-s256-r42,0.4837256623760088,0.001460933720544,0.5,0.0666128068622755,0.0816796899809903,0.708590971670211,0.1891143176761489,42.0,full_test,0.0575920977072948,256.0,14.465511797255068,finite,5382,0.1659917074971124,0.1591463893527037,fer2013,256,-0.18580453363061,-0.1460933720544
0.5089186176142698,-0.0003716090672613,1.3534451137259509,0.8409735976815021,0.8340508445156222,n0.5-s256-r43,0.4822662115293776,0.0029203845671752,0.5,0.0669177229390558,0.0819872128991693,0.708590971670211,0.1898263305015494,43.0,full_test,0.0575920977072948,256.0,14.43287094898447,finite,5382,0.1659917074971124,0.1591463893527037,fer2013,256,0.03716090672613,-0.29203845671752
0.509290226681531,-0.0007432181345224,1.3534451137259509,0.8409735976815021,0.8340508445156222,n0.5-s256-r44,0.485013354754723,0.0001732413418298,0.5,0.0665731959069655,0.0815850913472323,0.708590971670211,0.1888952919173538,44.0,full_test,0.0575920977072948,256.0,14.475577328571765,finite,5382,0.1659917074971124,0.1591463893527037,fer2013,256,0.07432181345224,-0.01732413418298
0.5100334448160535,-0.0014864362690449,1.3534451137259509,0.8409735976815021,0.8340508445156222,n0.5-s256-r45,0.4864333729113263,-0.0012467768147734,0.5,0.0665500109923436,0.081485138805623,0.708590971670211,0.1886638701684363,45.0,full_test,0.0575920977072948,256.0,14.486225217562566,finite,5382,0.1659917074971124,0.1591463893527037,fer2013,256,0.14864362690448998,0.12467768147734
0.5070605722779635,0.0014864362690449,1.3534451137259509,0.8409735976815021,0.8340508445156222,n0.5-s256-r46,0.4817175584865151,0.0034690376100376,0.5,0.0666010189273462,0.0815317291839235,0.708590971670211,0.1887717416307866,46.0,full_test,0.0575920977072948,256.0,14.48126034613395,finite,5382,0.1659917074971124,0.1591463893527037,fer2013,256,-0.14864362690448998,-0.34690376100376
0.509290226681531,-0.0007432181345224,1.3534451137259509,0.8409735976815021,0.8340508445156222,n0.5-s1024-r42,0.4854495699489661,-0.0002629738524133,0.5,0.0531929307626123,0.0643348118810576,0.708590971670211,0.1489554386719783,42.0,full_test,0.0287960488536474,1024.0,16.538872703344904,finite,5382,0.1659917074971124,0.1591463893527037,fer2013,1024,0.07432181345224,0.02629738524133
0.5076179858788554,0.000929022668153,1.3534451137259509,0.8409735976815021,0.8340508445156222,n0.5-s1024-r43,0.4811337467100318,0.004052849386521,0.5,0.0531077512628206,0.0642462049521224,0.708590971670211,0.1487502856050304,43.0,full_test,0.0287960488536474,1024.0,16.55084383480243,finite,5382,0.1659917074971124,0.1591463893527037,fer2013,1024,-0.0929022668153,-0.4052849386521
0.5074321813452248,0.0011148272017836,1.3534451137259509,0.8409735976815021,0.8340508445156222,n0.5-s1024-r44,0.4844648536179037,0.000721742478649,0.5,0.0532065311685482,0.0642947125355754,0.708590971670211,0.1488625960037227,44.0,full_test,0.0287960488536474,1024.0,16.544288232979795,finite,5382,0.1659917074971124,0.1591463893527037,fer2013,1024,-0.11148272017835999,-0.07217424786490001
0.5085470085470085,0.0,1.3534451137259509,0.8409735976815021,0.8340508445156222,n0.5-s1024-r45,0.4852738791216619,-8.728302510907504e-05,0.5,0.0531876482433904,0.064333064094551,0.708590971670211,0.148951391993389,45.0,full_test,0.0287960488536474,1024.0,16.539108676474836,finite,5382,0.1659917074971124,0.1591463893527037,fer2013,1024,-0.0,0.008728302510907504
0.5087328130806391,-0.0001858045336305,1.3534451137259509,0.8409735976815021,0.8340508445156222,n0.5-s1024-r46,0.4846640080229167,0.0005225880736361,0.5,0.0533226559309137,0.0644724217432671,0.708590971670211,0.1492740490291347,46.0,full_test,0.0287960488536474,1024.0,16.520313737402265,finite,5382,0.1659917074971124,0.1591463893527037,fer2013,1024,0.01858045336305,-0.05225880736361
0.5081753994797473,0.0003716090672611,1.3534451137259509,0.8409735976815021,0.8340508445156222,n0.5-s4096-r42,0.4835123108185903,0.0016742852779625,0.5,0.0494051216840671,0.0594248915387697,0.708590971670211,0.1375874200667153,42.0,full_test,0.0143980244268237,4096.0,17.228425456511026,finite,5382,0.1659917074971124,0.1591463893527037,fer2013,4096,-0.03716090672611,-0.16742852779625
0.5096618357487923,-0.0011148272017837,1.3534451137259509,0.8409735976815021,0.8340508445156222,n0.5-s4096-r43,0.4859687794313046,-0.0007821833347517,0.5,0.0492628221345349,0.0592710001877959,0.708590971670211,0.1372311129132179,43.0,full_test,0.0143980244268237,4096.0,17.250948292311634,finite,5382,0.1659917074971124,0.1591463893527037,fer2013,4096,0.11148272017837,0.07821833347517
0.5072463768115942,0.0013006317354142,1.3534451137259509,0.8409735976815021,0.8340508445156222,n0.5-s4096-r44,0.4824797828185062,0.0027068132780466,0.5,0.0492395184043286,0.0592654860370311,0.708590971670211,0.137218345910066,44.0,full_test,0.0143980244268237,4096.0,17.251756403072292,finite,5382,0.1659917074971124,0.1591463893527037,fer2013,4096,-0.13006317354142,-0.27068132780466
0.5079895949461167,0.0005574136008917,1.3534451137259509,0.8409735976815021,0.8340508445156222,n0.5-s4096-r45,0.4834907666815141,0.0016958294150387,0.5,0.0492967460148738,0.0593221739799653,0.708590971670211,0.1373495964284133,45.0,full_test,0.0143980244268237,4096.0,17.24345224640761,finite,5382,0.1659917074971124,0.1591463893527037,fer2013,4096,-0.05574136008917,-0.16958294150387002
0.5083612040133779,0.0001858045336305,1.3534451137259509,0.8409735976815021,0.8340508445156222,n0.5-s4096-r46,0.485029272465532,0.0001573236310208,0.5,0.0492118197837001,0.0592307555999892,0.708590971670211,0.1371379339630409,46.0,full_test,0.0143980244268237,4096.0,17.25684795277376,finite,5382,0.1659917074971124,0.1591463893527037,fer2013,4096,-0.01858045336305,-0.01573236310208
0.509290226681531,-0.0007432181345224,2.215520647273792,0.7079100654537797,0.696161510045357,n1-sexact-rnone,0.483753146588083,0.0014334495084697,1.0,0.0891731962309407,0.1071857163131684,0.5054387630484402,0.248168836217568,,full_test,0.0,,12.105055118187488,finite,5382,0.3039055223239882,0.2922790742166153,fer2013,exata,0.07432181345224,-0.14334495084697
0.5053883314752879,0.0031586770717205,2.215520647273792,0.7079100654537797,0.696161510045357,n1-s256-r42,0.480567350006969,0.0046192460895838,1.0,0.1010335904156286,0.1226791943182987,0.5054387630484402,0.284041138402512,42.0,full_test,0.0588865267656741,256.0,10.932375108401462,finite,5382,0.3039055223239882,0.2922790742166153,fer2013,256,-0.31586770717205004,-0.46192460895838
0.5074321813452248,0.0011148272017836,2.215520647273792,0.7079100654537797,0.696161510045357,n1-s256-r43,0.4840587322253618,0.001127863871191,1.0,0.1005954334543994,0.1222152054936882,0.5054387630484402,0.2829668575133952,43.0,full_test,0.0588865267656741,256.0,10.965288564563034,finite,5382,0.3039055223239882,0.2922790742166153,fer2013,256,-0.11148272017835999,-0.1127863871191
0.5111482720178372,-0.0026012634708286,2.215520647273792,0.7079100654537797,0.696161510045357,n1-s256-r44,0.4867845344638697,-0.0015979383673169,1.0,0.1006195021379778,0.122168892623594,0.5054387630484402,0.2828596285703185,44.0,full_test,0.0588865267656741,256.0,10.968580664878688,finite,5382,0.3039055223239882,0.2922790742166153,fer2013,256,0.26012634708286,0.15979383673168998
0.5083612040133779,0.0001858045336305,2.215520647273792,0.7079100654537797,0.696161510045357,n1-s256-r45,0.4853558027507985,-0.0001692066542456,1.0,0.100963675663792,0.1226591270053436,0.5054387630484402,0.2839946762257093,45.0,full_test,0.0588865267656741,256.0,10.933796023528854,finite,5382,0.3039055223239882,0.2922790742166153,fer2013,256,-0.01858045336305,0.01692066542456
0.5081753994797473,0.0003716090672611,2.215520647273792,0.7079100654537797,0.696161510045357,n1-s256-r46,0.4862248577388651,-0.0010382616423122,1.0,0.101009348181159,0.1225531451324433,0.5054387630484402,0.2837492946677692,46.0,full_test,0.0588865267656741,256.0,10.941304186973875,finite,5382,0.3039055223239882,0.2922790742166153,fer2013,256,-0.03716090672611,0.10382616423121999
0.5100334448160535,-0.0014864362690449,2.215520647273792,0.7079100654537797,0.696161510045357,n1-s1024-r42,0.4848162220660046,0.0003703740305481,1.0,0.09227949811277,0.111174293405238,0.5054387630484402,0.2574036537767558,42.0,full_test,0.029443263382837,1024.0,11.787705853852463,finite,5382,0.3039055223239882,0.2922790742166153,fer2013,1024,0.14864362690448998,-0.03703740305481
0.5074321813452248,0.0011148272017836,2.215520647273792,0.7079100654537797,0.696161510045357,n1-s1024-r43,0.483835276975908,0.0013513191206448,1.0,0.0923598809791509,0.1113342719451519,0.5054387630484402,0.2577740546980335,43.0,full_test,0.029443263382837,1024.0,11.775215942020118,finite,5382,0.3039055223239882,0.2922790742166153,fer2013,1024,-0.11148272017835999,-0.13513191206448
0.5083612040133779,0.0001858045336305,2.215520647273792,0.7079100654537797,0.696161510045357,n1-s1024-r44,0.482696777205443,0.0024898188911098,1.0,0.0922799681061064,0.1112084685705235,0.5054387630484402,0.2574827800940317,44.0,full_test,0.029443263382837,1024.0,11.785036207035134,finite,5382,0.3039055223239882,0.2922790742166153,fer2013,1024,-0.01858045336305,-0.24898188911098001
0.5102192493496841,-0.0016722408026755,2.215520647273792,0.7079100654537797,0.696161510045357,n1-s1024-r45,0.4871075483796557,-0.0019209522831029,1.0,0.0922966245661533,0.1111425261793104,0.5054387630484402,0.257330102600727,45.0,full_test,0.029443263382837,1024.0,11.790188136757628,finite,5382,0.3039055223239882,0.2922790742166153,fer2013,1024,0.16722408026755,0.19209522831029
0.5094760312151616,-0.000929022668153,2.215520647273792,0.7079100654537797,0.696161510045357,n1-s1024-r46,0.48585546587586,-0.0006688697793071,1.0,0.092206629507621,0.1110516382839426,0.5054387630484402,0.2571196683750155,46.0,full_test,0.029443263382837,1024.0,11.797294014398814,finite,5382,0.3039055223239882,0.2922790742166153,fer2013,1024,0.0929022668153,0.06688697793071
0.5094760312151616,-0.000929022668153,2.215520647273792,0.7079100654537797,0.696161510045357,n1-s4096-r42,0.4842925329429971,0.0008940631535557,1.0,0.0899838902954291,0.1081939865646463,0.5054387630484402,0.2505033007666593,42.0,full_test,0.0147216316914185,4096.0,12.02373094521201,finite,5382,0.3039055223239882,0.2922790742166153,fer2013,4096,0.0929022668153,-0.08940631535557
0.5098476402824229,-0.0013006317354143,2.215520647273792,0.7079100654537797,0.696161510045357,n1-s4096-r43,0.4859583495061584,-0.0007717534096056,1.0,0.0899728264988093,0.1081933140118974,0.5054387630484402,0.2505017435943165,43.0,full_test,0.0147216316914185,4096.0,12.0237849383894,finite,5382,0.3039055223239882,0.2922790742166153,fer2013,4096,0.13006317354143,0.07717534096056
0.5102192493496841,-0.0016722408026755,2.215520647273792,0.7079100654537797,0.696161510045357,n1-s4096-r44,0.4854082437493393,-0.0002216476527864,1.0,0.0900054203487676,0.1082675004092861,0.5054387630484402,0.2506735085695054,44.0,full_test,0.0147216316914185,4096.0,12.01783120595689,finite,5382,0.3039055223239882,0.2922790742166153,fer2013,4096,0.16722408026755,0.02216476527864
0.5102192493496841,-0.0016722408026755,2.215520647273792,0.7079100654537797,0.696161510045357,n1-s4096-r45,0.4862865495009587,-0.0010999534044058,1.0,0.0899749013642809,0.1081433583748891,0.5054387630484402,0.2503860804936227,45.0,full_test,0.0147216316914185,4096.0,12.0277963632928,finite,5382,0.3039055223239882,0.2922790742166153,fer2013,4096,0.16722408026755,0.10999534044058
0.5100334448160535,-0.0014864362690449,2.215520647273792,0.7079100654537797,0.696161510045357,n1-s4096-r46,0.4860721037887686,-0.0008855076922157,1.0,0.0899428331701576,0.1082016680119828,0.5054387630484402,0.2505210857468931,46.0,full_test,0.0147216316914185,4096.0,12.02311429508579,finite,5382,0.3039055223239882,0.2922790742166153,fer2013,4096,0.14864362690448998,0.08855076922157
0.5098476402824229,-0.0013006317354143,3.33466959732158,0.503528783894266,0.4866141394311402,n2-sexact-rnone,0.4844338255483006,0.0007527705482521,2.0,0.1560921144154186,0.1874204686609517,0.2647096315611499,0.4339376662375793,,full_test,0.0,,7.251453020501348,finite,5382,0.5134686474545703,0.4967051304226708,fer2013,exata,0.13006317354143,-0.07527705482521001
0.5057599405425492,0.0027870680044592,3.33466959732158,0.503528783894266,0.4866141394311402,n2-s256-r42,0.48287380015328,0.0023127959432728,2.0,0.1634756064686248,0.1972389764758225,0.2647096315611499,0.4566706174331505,42.0,full_test,0.0604813590528619,256.0,6.807938607236149,finite,5382,0.5134686474545703,0.4967051304226708,fer2013,256,-0.27870680044592,-0.23127959432728
0.5066889632107023,0.0018580453363061,3.33466959732158,0.503528783894266,0.4866141394311402,n2-s256-r43,0.4829427251019987,0.0022438709945541,2.0,0.1629160688884585,0.1967444743274683,0.2647096315611499,0.4555256885481712,43.0,full_test,0.0604813590528619,256.0,6.829742534955089,finite,5382,0.5134686474545703,0.4967051304226708,fer2013,256,-0.18580453363061,-0.22438709945541
0.5050167224080268,0.0035302861389817,3.33466959732158,0.503528783894266,0.4866141394311402,n2-s256-r44,0.482169777509172,0.0030168185873807,2.0,0.1630322235190729,0.1968220465572293,0.2647096315611499,0.4557052927962441,44.0,full_test,0.0604813590528619,256.0,6.826318545364244,finite,5382,0.5134686474545703,0.4967051304226708,fer2013,256,-0.35302861389817,-0.30168185873807
0.5087328130806391,-0.0001858045336305,3.33466959732158,0.503528783894266,0.4866141394311402,n2-s256-r45,0.4837172806995399,0.0014693153970128,2.0,0.1628050373847807,0.1965487345398953,0.2647096315611499,0.4550724890272429,45.0,full_test,0.0604813590528619,256.0,6.83838837116422,finite,5382,0.5134686474545703,0.4967051304226708,fer2013,256,0.01858045336305,-0.14693153970127998
0.5042735042735043,0.0042735042735042,3.33466959732158,0.503528783894266,0.4866141394311402,n2-s256-r46,0.4811620566508047,0.0040245394457481,2.0,0.1630708329276839,0.1967453496371336,0.2647096315611499,0.4555277151669075,46.0,full_test,0.0604813590528619,256.0,6.8297038918050585,finite,5382,0.5134686474545703,0.4967051304226708,fer2013,256,-0.42735042735042,-0.40245394457481
0.5091044221479004,-0.0005574136008918,3.33466959732158,0.503528783894266,0.4866141394311402,n2-s1024-r42,0.4839093965237397,0.001277199572813,2.0,0.1580054476250733,0.1899488510248927,0.2647096315611499,0.4397916711400513,42.0,full_test,0.0302406795264309,1024.0,7.135059993009227,finite,5382,0.5134686474545703,0.4967051304226708,fer2013,1024,0.05574136008917999,-0.1277199572813
0.5089186176142698,-0.0003716090672613,3.33466959732158,0.503528783894266,0.4866141394311402,n2-s1024-r43,0.4854333858170575,-0.0002467897205046,2.0,0.1579929699560002,0.1899278330034641,0.2647096315611499,0.4397430077724223,43.0,full_test,0.0302406795264309,1024.0,7.1360211481545734,finite,5382,0.5134686474545703,0.4967051304226708,fer2013,1024,0.03716090672613,0.02467897205046
0.5072463768115942,0.0013006317354142,3.33466959732158,0.503528783894266,0.4866141394311402,n2-s1024-r44,0.4824839417333645,0.0027026543631883,2.0,0.157839462259439,0.189754792696494,0.2647096315611499,0.439342364728959,44.0,full_test,0.0302406795264309,1024.0,7.143938334834216,finite,5382,0.5134686474545703,0.4967051304226708,fer2013,1024,-0.13006317354142,-0.27026543631883
0.5109624674842066,-0.002415458937198,3.33466959732158,0.503528783894266,0.4866141394311402,n2-s1024-r45,0.4853445332985854,-0.0001579372020325,2.0,0.1579905774722473,0.1898870300661633,0.2647096315611499,0.4396485360665598,45.0,full_test,0.0302406795264309,1024.0,7.137887372181736,finite,5382,0.5134686474545703,0.4967051304226708,fer2013,1024,0.24154589371979998,0.01579372020325
0.5087328130806391,-0.0001858045336305,3.33466959732158,0.503528783894266,0.4866141394311402,n2-s1024-r46,0.4858490547664798,-0.0006624586699269,2.0,0.1579987264560366,0.1898912061930349,0.2647096315611499,0.4396582051211809,46.0,full_test,0.0302406795264309,1024.0,7.137696348191101,finite,5382,0.5134686474545703,0.4967051304226708,fer2013,1024,0.01858045336305,0.06624586699269
0.5096618357487923,-0.0011148272017837,3.33466959732158,0.503528783894266,0.4866141394311402,n2-s4096-r42,0.4860663267914973,-0.0008797306949445,2.0,0.156449740947427,0.1878879234229637,0.2647096315611499,0.4350199718680603,42.0,full_test,0.0151203397632154,4096.0,7.229816080540186,finite,5382,0.5134686474545703,0.4967051304226708,fer2013,4096,0.11148272017837,0.08797306949445
0.5102192493496841,-0.0016722408026755,3.33466959732158,0.503528783894266,0.4866141394311402,n2-s4096-r43,0.485984171218126,-0.0007975751215731,2.0,0.156605864859917,0.1880856672253908,0.2647096315611499,0.4354778113172476,43.0,full_test,0.0151203397632154,4096.0,7.220679369635007,finite,5382,0.5134686474545703,0.4967051304226708,fer2013,4096,0.16722408026755,0.07975751215731
0.5094760312151616,-0.000929022668153,3.33466959732158,0.503528783894266,0.4866141394311402,n2-s4096-r44,0.484425395436782,0.0007612006597708,2.0,0.1566291940606153,0.188107229890322,0.2647096315611499,0.4355277357068567,44.0,full_test,0.0151203397632154,4096.0,7.219683652121272,finite,5382,0.5134686474545703,0.4967051304226708,fer2013,4096,0.0929022668153,-0.07612006597708
0.5087328130806391,-0.0001858045336305,3.33466959732158,0.503528783894266,0.4866141394311402,n2-s4096-r45,0.4830733818584575,0.0021132142380952,2.0,0.1565862223933922,0.1880558997751459,0.2647096315611499,0.4354088902544556,45.0,full_test,0.0151203397632154,4096.0,7.222054154082441,finite,5382,0.5134686474545703,0.4967051304226708,fer2013,4096,0.01858045336305,-0.21132142380952
0.509290226681531,-0.0007432181345224,3.33466959732158,0.503528783894266,0.4866141394311402,n2-s4096-r46,0.4841270842524806,0.0010595118440722,2.0,0.1565684925784384,0.1880606707709845,0.2647096315611499,0.4354199366188928,46.0,full_test,0.0151203397632154,4096.0,7.22183379504184,finite,5382,0.5134686474545703,0.4967051304226708,fer2013,4096,0.07432181345224,-0.10595118440721998
