epoch,loss,accuracy,val_loss,val_accuracy,val_balanced_accuracy,val_macro_f1,learning_rate,epoch_seconds,train_examples,train_examples_per_second,val_class_0_f1,val_class_0_precision,val_class_0_recall,val_class_0_support,val_class_10_f1,val_class_10_precision,val_class_10_recall,val_class_10_support,val_class_11_f1,val_class_11_precision,val_class_11_recall,val_class_11_support,val_class_12_f1,val_class_12_precision,val_class_12_recall,val_class_12_support,val_class_13_f1,val_class_13_precision,val_class_13_recall,val_class_13_support,val_class_14_f1,val_class_14_precision,val_class_14_recall,val_class_14_support,val_class_15_f1,val_class_15_precision,val_class_15_recall,val_class_15_support,val_class_16_f1,val_class_16_precision,val_class_16_recall,val_class_16_support,val_class_17_f1,val_class_17_precision,val_class_17_recall,val_class_17_support,val_class_18_f1,val_class_18_precision,val_class_18_recall,val_class_18_support,val_class_19_f1,val_class_19_precision,val_class_19_recall,val_class_19_support,val_class_1_f1,val_class_1_precision,val_class_1_recall,val_class_1_support,val_class_20_f1,val_class_20_precision,val_class_20_recall,val_class_20_support,val_class_21_f1,val_class_21_precision,val_class_21_recall,val_class_21_support,val_class_22_f1,val_class_22_precision,val_class_22_recall,val_class_22_support,val_class_23_f1,val_class_23_precision,val_class_23_recall,val_class_23_support,val_class_24_f1,val_class_24_precision,val_class_24_recall,val_class_24_support,val_class_25_f1,val_class_25_precision,val_class_25_recall,val_class_25_support,val_class_26_f1,val_class_26_precision,val_class_26_recall,val_class_26_support,val_class_27_f1,val_class_27_precision,val_class_27_recall,val_class_27_support,val_class_28_f1,val_class_28_precision,val_class_28_recall,val_class_28_support,val_class_29_f1,val_class_29_precision,val_class_29_recall,val_class_29_support,val_class_2_f1,val_class_2_precision,val_class_2_recall,val_class_2_support,val_class_30_f1,val_class_30_precision,val_class_30_recall,val_class_30_support,val_class_31_f1,val_class_31_precision,val_class_31_recall,val_class_31_support,val_class_32_f1,val_class_32_precision,val_class_32_recall,val_class_32_support,val_class_33_f1,val_class_33_precision,val_class_33_recall,val_class_33_support,val_class_34_f1,val_class_34_precision,val_class_34_recall,val_class_34_support,val_class_35_f1,val_class_35_precision,val_class_35_recall,val_class_35_support,val_class_36_f1,val_class_36_precision,val_class_36_recall,val_class_36_support,val_class_37_f1,val_class_37_precision,val_class_37_recall,val_class_37_support,val_class_38_f1,val_class_38_precision,val_class_38_recall,val_class_38_support,val_class_39_f1,val_class_39_precision,val_class_39_recall,val_class_39_support,val_class_3_f1,val_class_3_precision,val_class_3_recall,val_class_3_support,val_class_40_f1,val_class_40_precision,val_class_40_recall,val_class_40_support,val_class_41_f1,val_class_41_precision,val_class_41_recall,val_class_41_support,val_class_42_f1,val_class_42_precision,val_class_42_recall,val_class_42_support,val_class_43_f1,val_class_43_precision,val_class_43_recall,val_class_43_support,val_class_44_f1,val_class_44_precision,val_class_44_recall,val_class_44_support,val_class_45_f1,val_class_45_precision,val_class_45_recall,val_class_45_support,val_class_46_f1,val_class_46_precision,val_class_46_recall,val_class_46_support,val_class_4_f1,val_class_4_precision,val_class_4_recall,val_class_4_support,val_class_5_f1,val_class_5_precision,val_class_5_recall,val_class_5_support,val_class_6_f1,val_class_6_precision,val_class_6_recall,val_class_6_support,val_class_7_f1,val_class_7_precision,val_class_7_recall,val_class_7_support,val_class_8_f1,val_class_8_precision,val_class_8_recall,val_class_8_support,val_class_9_f1,val_class_9_precision,val_class_9_recall,val_class_9_support
1,2.052649974822998,0.7460703253746033,0.942200779914856,0.8645896911621094,0.8645896656534953,0.8619877372320066,0.0003000000142492354,0.7130412920000708,92120.0,129193.079045401,0.6931106471816285,0.6171003717472119,0.7904761904761904,420.0,0.9666666666666667,0.9666666666666667,0.9666666666666667,420.0,0.9417249417249418,0.9223744292237442,0.9619047619047619,420.0,0.9371980676328502,0.9509803921568627,0.9238095238095239,420.0,0.929245283018868,0.9205607476635514,0.9380952380952381,420.0,0.957026713124274,0.9342403628117913,0.9809523809523809,420.0,0.5444287729196051,0.6678200692041523,0.4595238095238095,420.0,0.9073856975381007,0.8937644341801386,0.9214285714285714,420.0,0.9660023446658851,0.9515011547344111,0.9809523809523809,420.0,0.643371017471737,0.566003616636528,0.7452380952380953,420.0,0.8642590286425903,0.9060052219321149,0.8261904761904761,420.0,0.5861297539149888,0.5527426160337553,0.6238095238095238,420.0,0.9570552147239264,0.9873417721518988,0.9285714285714286,420.0,0.4114832535885168,0.6231884057971014,0.30714285714285716,420.0,0.979689366786141,0.9832134292565947,0.9761904761904762,420.0,0.9153318077803203,0.8810572687224669,0.9523809523809523,420.0,0.6294277929155313,0.7356687898089171,0.55,420.0,0.9404761904761905,0.9404761904761905,0.9404761904761905,420.0,0.9467455621301775,0.9411764705882353,0.9523809523809523,420.0,0.958968347010551,0.9445727482678984,0.9738095238095238,420.0,0.9170616113744077,0.9127358490566038,0.9214285714285714,420.0,0.9372781065088757,0.9317647058823529,0.9428571428571428,420.0,0.8861985472154963,0.9014778325123153,0.8714285714285714,420.0,0.8955582232893158,0.9031476997578692,0.888095238095238,420.0,0.9165687426556993,0.9048723897911833,0.9285714285714286,420.0,0.9691943127962085,0.964622641509434,0.9738095238095238,420.0,0.9563164108618655,0.9484777517564403,0.9642857142857143,420.0,0.8904933814681107,0.9002433090024331,0.8809523809523809,420.0,0.9158016147635525,0.8881431767337807,0.9452380952380952,420.0,0.893157262905162,0.9007263922518159,0.8857142857142857,420.0,0.8647281921618204,0.921832884097035,0.8142857142857143,420.0,0.9024676850763808,0.8909512761020881,0.9142857142857143,420.0,0.9617224880382775,0.9663461538461539,0.9571428571428572,420.0,0.8985176738882553,0.862144420131291,0.9380952380952381,420.0,0.6602357984994641,0.6003898635477583,0.7333333333333333,420.0,0.7075718015665797,0.7832369942196532,0.6452380952380953,420.0,0.9249692496924969,0.9567430025445293,0.8952380952380953,420.0,0.9086651053864169,0.8940092165898618,0.9238095238095239,420.0,0.6391752577319587,0.6966292134831461,0.5904761904761905,420.0,0.9311163895486937,0.9289099526066351,0.9333333333333333,420.0,0.9061413673232909,0.8826185101580135,0.930952380952381,420.0,0.9124087591240876,0.9328358208955224,0.8928571428571429,420.0,0.9200968523002421,0.9359605911330049,0.9047619047619048,420.0,0.9031531531531531,0.8568376068376068,0.9547619047619048,420.0,0.9375764993880049,0.964735516372796,0.9119047619047619,420.0,0.9309941520467836,0.9149425287356322,0.9476190476190476,420.0,0.7505285412262157,0.6749049429657795,0.8452380952380952,420.0
2,0.5904005765914917,0.9060030579566956,0.5249423980712891,0.8771023154258728,0.8771023302938196,0.8754204905535228,0.0003000000142492354,0.40332008299992594,92120.0,228404.19776472403,0.6971677559912854,0.642570281124498,0.7619047619047619,420.0,0.9644549763033176,0.9599056603773585,0.969047619047619,420.0,0.943089430894309,0.9206349206349206,0.9666666666666667,420.0,0.947242206235012,0.9541062801932367,0.9404761904761905,420.0,0.927570093457944,0.9105504587155964,0.9452380952380952,420.0,0.9647887323943661,0.9513888888888888,0.9785714285714285,420.0,0.6005221932114883,0.6647398843930635,0.5476190476190477,420.0,0.9205219454329775,0.91725768321513,0.9238095238095239,420.0,0.9729093050647821,0.9627039627039627,0.9833333333333333,420.0,0.6658823529411765,0.6581395348837209,0.6738095238095239,420.0,0.8888888888888888,0.8920863309352518,0.8857142857142857,420.0,0.6473988439306358,0.5436893203883495,0.8,420.0,0.9645909645909646,0.9899749373433584,0.9404761904761905,420.0,0.4458804523424879,0.6934673366834171,0.32857142857142857,420.0,0.9845422116527943,0.9833729216152018,0.9857142857142858,420.0,0.9174311926605505,0.8849557522123894,0.9523809523809523,420.0,0.662303664921466,0.7354651162790697,0.6023809523809524,420.0,0.9448441247002398,0.9516908212560387,0.9380952380952381,420.0,0.9549763033175355,0.9504716981132075,0.9595238095238096,420.0,0.9716981132075471,0.9626168224299065,0.9809523809523809,420.0,0.9256198347107439,0.9180327868852459,0.9333333333333333,420.0,0.9441141498216409,0.9429928741092637,0.9452380952380952,420.0,0.9036144578313253,0.9146341463414634,0.8928571428571429,420.0,0.9187935034802783,0.8959276018099548,0.9428571428571428,420.0,0.9325301204819277,0.9439024390243902,0.9214285714285714,420.0,0.9747899159663865,0.9830508474576272,0.9666666666666667,420.0,0.9585798816568047,0.9529411764705882,0.9642857142857143,420.0,0.8987951807228916,0.9097560975609756,0.888095238095238,420.0,0.913953488372093,0.8931818181818182,0.9357142857142857,420.0,0.9090909090909091,0.9134615384615384,0.9047619047619048,420.0,0.8953068592057762,0.9051094890510949,0.8857142857142857,420.0,0.9357575757575758,0.9530864197530864,0.919047619047619,420.0,0.9665871121718377,0.9688995215311005,0.9642857142857143,420.0,0.9713603818615753,0.9736842105263158,0.969047619047619,420.0,0.6541019955654103,0.6120331950207469,0.7023809523809523,420.0,0.7202072538860104,0.7897727272727273,0.6619047619047619,420.0,0.9325301204819277,0.9439024390243902,0.9214285714285714,420.0,0.9166666666666666,0.9166666666666666,0.9166666666666666,420.0,0.6434782608695652,0.6727272727272727,0.6166666666666667,420.0,0.9380952380952381,0.9380952380952381,0.9380952380952381,420.0,0.9045936395759717,0.8951048951048951,0.9142857142857143,420.0,0.9143546441495778,0.9266503667481663,0.9023809523809524,420.0,0.9221411192214112,0.9427860696517413,0.9023809523809524,420.0,0.919674039580908,0.8997722095671982,0.9404761904761905,420.0,0.9577804583835947,0.9706601466992665,0.9452380952380952,420.0,0.9382422802850356,0.9360189573459715,0.9404761904761905,420.0,0.7473002159827213,0.6837944664031621,0.8238095238095238,420.0
3,0.3617083728313446,0.914426863193512,0.43151193857192993,0.8813576698303223,0.8813576494427559,0.8803217464770415,0.0003000000142492354,0.4026763749998281,92120.0,228769.31878618238,0.6970033296337403,0.6528066528066528,0.7476190476190476,420.0,0.96113074204947,0.951048951048951,0.9714285714285714,420.0,0.9441860465116279,0.9227272727272727,0.9666666666666667,420.0,0.9507803121248499,0.9588377723970944,0.9428571428571428,420.0,0.9314750290360047,0.909297052154195,0.9547619047619048,420.0,0.9693396226415094,0.9602803738317757,0.9785714285714285,420.0,0.5927903871829105,0.6747720364741642,0.5285714285714286,420.0,0.9198113207547169,0.9112149532710281,0.9285714285714286,420.0,0.9741176470588235,0.9627906976744186,0.9857142857142858,420.0,0.6791979949874686,0.716931216931217,0.6452380952380953,420.0,0.8996458087367178,0.892271662763466,0.9071428571428571,420.0,0.6365422396856582,0.5418060200668896,0.7714285714285715,420.0,0.9746070133010882,0.9901719901719902,0.9595238095238096,420.0,0.4970930232558139,0.6380597014925373,0.40714285714285714,420.0,0.9845422116527943,0.9833729216152018,0.9857142857142858,420.0,0.9232531500572738,0.8896247240618101,0.9595238095238096,420.0,0.6701030927835052,0.7303370786516854,0.6190476190476191,420.0,0.9497607655502392,0.9543269230769231,0.9452380952380952,420.0,0.9582836710369488,0.9594272076372315,0.9571428571428572,420.0,0.976303317535545,0.9716981132075472,0.9809523809523809,420.0,0.9287410926365796,0.9265402843601895,0.930952380952381,420.0,0.9410377358490566,0.9322429906542056,0.95,420.0,0.9066666666666666,0.9234567901234568,0.8904761904761904,420.0,0.9207100591715977,0.9152941176470588,0.9261904761904762,420.0,0.9284009546539379,0.930622009569378,0.9261904761904762,420.0,0.9784688995215312,0.9831730769230769,0.9738095238095238,420.0,0.9644549763033176,0.9599056603773585,0.969047619047619,420.0,0.8950542822677924,0.9070904645476773,0.8833333333333333,420.0,0.9187935034802783,0.8959276018099548,0.9428571428571428,420.0,0.9114832535885168,0.9158653846153846,0.9071428571428571,420.0,0.8983050847457628,0.9137931034482759,0.8833333333333333,420.0,0.9469879518072288,0.9585365853658536,0.9357142857142857,420.0,0.9702734839476813,0.9691211401425178,0.9714285714285714,420.0,0.9761904761904762,0.9761904761904762,0.9761904761904762,420.0,0.6587473002159827,0.6027667984189723,0.7261904761904762,420.0,0.7329974811083123,0.7780748663101604,0.6928571428571428,420.0,0.941034897713598,0.9513381995133819,0.930952380952381,420.0,0.9245508982035928,0.9301204819277108,0.919047619047619,420.0,0.6568265682656826,0.6793893129770993,0.6357142857142857,420.0,0.9401913875598086,0.9447115384615384,0.9357142857142857,420.0,0.9116945107398567,0.9138755980861244,0.9095238095238095,420.0,0.9119420989143546,0.9242053789731052,0.9,420.0,0.926060606060606,0.9432098765432099,0.9095238095238095,420.0,0.9241540256709451,0.9061784897025171,0.9428571428571428,420.0,0.963768115942029,0.9779411764705882,0.95,420.0,0.9476190476190476,0.9476190476190476,0.9476190476190476,420.0,0.7599999999999999,0.7125,0.8142857142857143,420.0
4,0.2894194424152374,0.9184650182723999,0.39594992995262146,0.8840932250022888,0.8840932117527862,0.8829285110911798,0.0003000000142492354,0.40898087499999747,92120.0,225242.80628036842,0.6783216783216783,0.6643835616438356,0.6928571428571428,420.0,0.963572267920094,0.951276102088167,0.9761904761904762,420.0,0.9485981308411215,0.9311926605504587,0.9666666666666667,420.0,0.951923076923077,0.9611650485436893,0.9428571428571428,420.0,0.9325581395348838,0.9113636363636364,0.9547619047619048,420.0,0.9704142011834319,0.9647058823529412,0.9761904761904762,420.0,0.5994694960212201,0.6766467065868264,0.5380952380952381,420.0,0.9256198347107439,0.9180327868852459,0.9333333333333333,420.0,0.9753231492361928,0.962877030162413,0.9880952380952381,420.0,0.6758104738154613,0.7094240837696335,0.6452380952380953,420.0,0.8967136150234741,0.8842592592592593,0.9095238095238095,420.0,0.655072463768116,0.551219512195122,0.8071428571428572,420.0,0.9688249400479616,0.9758454106280193,0.9619047619047619,420.0,0.5135135135135135,0.6951219512195121,0.40714285714285714,420.0,0.983372921615202,0.981042654028436,0.9857142857142858,420.0,0.9342560553633219,0.9060402684563759,0.9642857142857143,420.0,0.6797066014669927,0.6984924623115578,0.6619047619047619,420.0,0.9521531100478469,0.9567307692307693,0.9476190476190476,420.0,0.958183990442055,0.9616306954436451,0.9547619047619048,420.0,0.9763593380614657,0.9694835680751174,0.9833333333333333,420.0,0.9290780141843971,0.9225352112676056,0.9357142857142857,420.0,0.9377203290246768,0.925754060324826,0.95,420.0,0.9057527539779683,0.9319899244332494,0.8809523809523809,420.0,0.9232585596221959,0.9156908665105387,0.930952380952381,420.0,0.9317365269461078,0.9373493975903614,0.9261904761904762,420.0,0.9820359281437125,0.9879518072289156,0.9761904761904762,420.0,0.9643705463182898,0.9620853080568721,0.9666666666666667,420.0,0.9042424242424242,0.9209876543209876,0.888095238095238,420.0,0.9204152249134949,0.8926174496644296,0.95,420.0,0.9140811455847255,0.916267942583732,0.9119047619047619,420.0,0.905982905982906,0.9298245614035088,0.8833333333333333,420.0,0.953405017921147,0.9568345323741008,0.95,420.0,0.9714964370546318,0.9691943127962085,0.9738095238095238,420.0,0.9774078478002378,0.9762470308788599,0.9785714285714285,420.0,0.6616052060737527,0.6075697211155379,0.7261904761904762,420.0,0.7357774968394438,0.784366576819407,0.6928571428571428,420.0,0.9481302774427021,0.960880195599022,0.9357142857142857,420.0,0.9307875894988067,0.9330143540669856,0.9285714285714286,420.0,0.660024906600249,0.6919060052219321,0.6309523809523809,420.0,0.9413173652694611,0.946987951807229,0.9357142857142857,420.0,0.9057971014492753,0.9191176470588235,0.8928571428571429,420.0,0.9207100591715977,0.9152941176470588,0.9261904761904762,420.0,0.927007299270073,0.9477611940298507,0.9071428571428571,420.0,0.9241540256709451,0.9061784897025171,0.9428571428571428,420.0,0.9686746987951806,0.9804878048780488,0.9571428571428572,420.0,0.9477434679334916,0.9454976303317536,0.95,420.0,0.7651598676957001,0.7125256673511293,0.8261904761904761,420.0
5,0.2547336220741272,0.9213851690292358,0.3783917725086212,0.8851063847541809,0.8851063829787232,0.8844950715865583,0.0003000000142492354,0.39732974999969883,92120.0,231847.7284926936,0.6917808219178083,0.6644736842105263,0.7214285714285714,420.0,0.9681978798586572,0.958041958041958,0.9785714285714285,420.0,0.9476135040745052,0.9271070615034168,0.969047619047619,420.0,0.9520383693045564,0.9589371980676329,0.9452380952380952,420.0,0.9358226371061844,0.9176201372997712,0.9547619047619048,420.0,0.9716312056737589,0.9647887323943662,0.9785714285714285,420.0,0.6410891089108911,0.6675257731958762,0.6166666666666667,420.0,0.9263657957244655,0.9241706161137441,0.9285714285714286,420.0,0.9753231492361928,0.962877030162413,0.9880952380952381,420.0,0.6755771567436208,0.6898263027295285,0.6619047619047619,420.0,0.9011764705882354,0.8906976744186047,0.9119047619047619,420.0,0.64,0.5735849056603773,0.7238095238095238,420.0,0.9712230215827338,0.9782608695652174,0.9642857142857143,420.0,0.5287671232876713,0.6225806451612903,0.4595238095238095,420.0,0.985748218527316,0.9834123222748815,0.9880952380952381,420.0,0.9354838709677419,0.90625,0.9666666666666667,420.0,0.6799501867995019,0.7127937336814621,0.65,420.0,0.955794504181601,0.9592326139088729,0.9523809523809523,420.0,0.9560047562425683,0.9548693586698337,0.9571428571428572,420.0,0.9775147928994082,0.971764705882353,0.9833333333333333,420.0,0.9323843416370108,0.9290780141843972,0.9357142857142857,420.0,0.9399293286219081,0.9300699300699301,0.95,420.0,0.9022919179734619,0.9144254278728606,0.8904761904761904,420.0,0.9257950530035335,0.916083916083916,0.9357142857142857,420.0,0.9384800965018094,0.9511002444987775,0.9261904761904762,420.0,0.9820359281437125,0.9879518072289156,0.9761904761904762,420.0,0.9655990510083036,0.9621749408983451,0.969047619047619,420.0,0.9064398541919805,0.9255583126550868,0.888095238095238,420.0,0.9171528588098016,0.8993135011441648,0.9357142857142857,420.0,0.9131985731272294,0.9121140142517815,0.9142857142857143,420.0,0.900836320191159,0.9040767386091128,0.8976190476190476,420.0,0.9591346153846154,0.9684466019417476,0.95,420.0,0.9714964370546318,0.9691943127962085,0.9738095238095238,420.0,0.9785202863961813,0.9808612440191388,0.9761904761904762,420.0,0.6520231213872832,0.6337078651685393,0.6714285714285714,420.0,0.7342747111681642,0.7966573816155988,0.680952380952381,420.0,0.944578313253012,0.9560975609756097,0.9333333333333333,420.0,0.9274673008323424,0.9263657957244655,0.9285714285714286,420.0,0.6595995288574793,0.6526806526806527,0.6666666666666666,420.0,0.9414575866188769,0.9448441247002398,0.9380952380952381,420.0,0.9097472924187726,0.9197080291970803,0.9,420.0,0.9218009478672986,0.9174528301886793,0.9261904761904762,420.0,0.9286577992744861,0.9434889434889435,0.9142857142857143,420.0,0.9241706161137441,0.9198113207547169,0.9285714285714286,420.0,0.9711538461538461,0.9805825242718447,0.9619047619047619,420.0,0.9485029940119761,0.9542168674698795,0.9428571428571428,420.0,0.7574370709382152,0.7290748898678414,0.7880952380952381,420.0
6,0.23437175154685974,0.9239795804023743,0.369276225566864,0.88657546043396,0.8865754812563323,0.8858347562975445,0.0003000000142492354,0.4010278330001711,92120.0,229709.7418671205,0.7003293084522502,0.6496945010183299,0.7595238095238095,420.0,0.9692671394799054,0.9624413145539906,0.9761904761904762,420.0,0.955503512880562,0.9400921658986175,0.9714285714285714,420.0,0.9531812725090036,0.9612590799031477,0.9452380952380952,420.0,0.936470588235294,0.9255813953488372,0.9476190476190476,420.0,0.9727164887307236,0.9692671394799054,0.9761904761904762,420.0,0.6363636363636364,0.6774193548387096,0.6,420.0,0.9249106078665079,0.9260143198090692,0.9238095238095239,420.0,0.9776733254994124,0.9651972157772621,0.9904761904761905,420.0,0.6780905752753977,0.6977329974811083,0.6595238095238095,420.0,0.9003516998827666,0.8868360277136259,0.9142857142857143,420.0,0.6495901639344263,0.5701438848920863,0.7547619047619047,420.0,0.9713603818615753,0.9736842105263158,0.969047619047619,420.0,0.5273492286115008,0.6416382252559727,0.44761904761904764,420.0,0.9869513641755634,0.983451536643026,0.9904761904761905,420.0,0.9373549883990719,0.9140271493212669,0.9619047619047619,420.0,0.6640726329442284,0.7293447293447294,0.6095238095238096,420.0,0.9570405727923629,0.9593301435406698,0.9547619047619048,420.0,0.9570405727923629,0.9593301435406698,0.9547619047619048,420.0,0.9787234042553192,0.971830985915493,0.9857142857142858,420.0,0.927810650887574,0.9223529411764706,0.9333333333333333,420.0,0.9399293286219081,0.9300699300699301,0.95,420.0,0.9075425790754258,0.927860696517413,0.888095238095238,420.0,0.9288214702450408,0.9107551487414187,0.9476190476190476,420.0,0.9384800965018094,0.9511002444987775,0.9261904761904762,420.0,0.9820359281437125,0.9879518072289156,0.9761904761904762,420.0,0.9630512514898689,0.964200477326969,0.9619047619047619,420.0,0.9062119366626066,0.9276807980049875,0.8857142857142857,420.0,0.9221835075493613,0.9002267573696145,0.9452380952380952,420.0,0.9159763313609467,0.9105882352941177,0.9214285714285714,420.0,0.9097560975609754,0.9325,0.888095238095238,420.0,0.9606674612634089,0.9618138424821002,0.9595238095238096,420.0,0.9727164887307236,0.9692671394799054,0.9761904761904762,420.0,0.9797377830750893,0.9809069212410502,0.9785714285714285,420.0,0.6598639455782312,0.6298701298701299,0.6928571428571428,420.0,0.7334167709637046,0.7730870712401056,0.6976190476190476,420.0,0.9481302774427021,0.960880195599022,0.9357142857142857,420.0,0.9285714285714286,0.9285714285714286,0.9285714285714286,420.0,0.6618531889290012,0.6690997566909975,0.6547619047619048,420.0,0.9425837320574162,0.9471153846153846,0.9380952380952381,420.0,0.9125748502994012,0.9180722891566265,0.9071428571428571,420.0,0.9241706161137441,0.9198113207547169,0.9285714285714286,420.0,0.9249394673123487,0.9408866995073891,0.9095238095238095,420.0,0.9252336448598131,0.908256880733945,0.9428571428571428,420.0,0.9698431845597105,0.9828850855745721,0.9571428571428572,420.0,0.9535160905840284,0.954653937947494,0.9523809523809523,420.0,0.7602739726027398,0.7302631578947368,0.7928571428571428,420.0
7,0.22090598940849304,0.9252822399139404,0.3625968396663666,0.8864741921424866,0.8864741641337386,0.8860118027684231,0.0003000000142492354,0.3969384160000118,92120.0,232076.30273809846,0.7100977198697068,0.6526946107784432,0.7785714285714286,420.0,0.9704840613931521,0.9625292740046838,0.9785714285714285,420.0,0.9544924154025671,0.9359267734553776,0.9738095238095238,420.0,0.9544364508393286,0.961352657004831,0.9476190476190476,420.0,0.9369158878504673,0.9197247706422018,0.9547619047619048,420.0,0.9727810650887575,0.9670588235294117,0.9785714285714285,420.0,0.6339622641509434,0.672,0.6,420.0,0.925089179548157,0.9239904988123515,0.9261904761904762,420.0,0.9752650176678446,0.965034965034965,0.9857142857142858,420.0,0.6743295019157088,0.7272727272727273,0.6285714285714286,420.0,0.9045936395759717,0.8951048951048951,0.9142857142857143,420.0,0.6215921483097055,0.5734406438631791,0.6785714285714286,420.0,0.9712918660287081,0.9759615384615384,0.9666666666666667,420.0,0.550185873605948,0.5736434108527132,0.5285714285714286,420.0,0.98812351543943,0.985781990521327,0.9904761904761905,420.0,0.9376443418013858,0.9103139013452914,0.9666666666666667,420.0,0.6596026490066226,0.7432835820895523,0.5928571428571429,420.0,0.955794504181601,0.9592326139088729,0.9523809523809523,420.0,0.9582836710369488,0.9594272076372315,0.9571428571428572,420.0,0.9822064056939502,0.9787234042553191,0.9857142857142858,420.0,0.9293413173652695,0.9349397590361446,0.9238095238095239,420.0,0.936768149882904,0.9216589861751152,0.9523809523809523,420.0,0.9099639855942379,0.9176755447941889,0.9023809523809524,420.0,0.9234393404004713,0.9137529137529138,0.9333333333333333,420.0,0.9371980676328502,0.9509803921568627,0.9238095238095239,420.0,0.9808612440191389,0.9855769230769231,0.9761904761904762,420.0,0.9655990510083036,0.9621749408983451,0.969047619047619,420.0,0.9088699878493316,0.9280397022332506,0.8904761904761904,420.0,0.921453692848769,0.9076212471131639,0.9357142857142857,420.0,0.9212410501193318,0.9234449760765551,0.919047619047619,420.0,0.9176755447941889,0.9334975369458128,0.9023809523809524,420.0,0.9639423076923077,0.9733009708737864,0.9547619047619048,420.0,0.9714964370546318,0.9691943127962085,0.9738095238095238,420.0,0.9786223277909738,0.976303317535545,0.9809523809523809,420.0,0.6545454545454545,0.6260869565217392,0.6857142857142857,420.0,0.728624535315985,0.7596899224806202,0.7,420.0,0.9492753623188407,0.9632352941176471,0.9357142857142857,420.0,0.9261904761904762,0.9261904761904762,0.9261904761904762,420.0,0.6633906633906633,0.6852791878172588,0.6428571428571429,420.0,0.9437125748502995,0.9493975903614458,0.9380952380952381,420.0,0.9145607701564379,0.9245742092457421,0.9047619047619048,420.0,0.9232585596221959,0.9156908665105387,0.930952380952381,420.0,0.9269461077844311,0.9325301204819277,0.9214285714285714,420.0,0.9261430246189918,0.9122401847575058,0.9404761904761905,420.0,0.9698431845597105,0.9828850855745721,0.9571428571428572,420.0,0.9491124260355029,0.9435294117647058,0.9547619047619048,420.0,0.7633069082672707,0.7278617710583153,0.8023809523809524,420.0
8,0.21133843064308167,0.9271928071975708,0.3582799434661865,0.8868794441223145,0.8868794326241133,0.8865223199083667,0.0003000000142492354,0.40462450000040917,92120.0,227667.87478243865,0.7078280044101433,0.6591375770020534,0.7642857142857142,420.0,0.9692671394799054,0.9624413145539906,0.9761904761904762,420.0,0.9566236811254396,0.9422632794457275,0.9714285714285714,420.0,0.9569377990430622,0.9615384615384616,0.9523809523809523,420.0,0.9383003492433061,0.9179954441913439,0.9595238095238096,420.0,0.9739336492890995,0.9693396226415094,0.9785714285714285,420.0,0.6432038834951457,0.655940594059406,0.6309523809523809,420.0,0.925089179548157,0.9239904988123515,0.9261904761904762,420.0,0.9776207302709069,0.9673659673659674,0.9880952380952381,420.0,0.6742712294043092,0.7208672086720868,0.6333333333333333,420.0,0.9058823529411765,0.8953488372093024,0.9166666666666666,420.0,0.618942731277533,0.5758196721311475,0.669047619047619,420.0,0.9736842105263157,0.9783653846153846,0.969047619047619,420.0,0.5517241379310344,0.5714285714285714,0.5333333333333333,420.0,0.9893238434163701,0.9858156028368794,0.9928571428571429,420.0,0.9398148148148149,0.9144144144144144,0.9666666666666667,420.0,0.6684073107049607,0.7398843930635838,0.6095238095238096,420.0,0.9545454545454546,0.9591346153846154,0.95,420.0,0.9548693586698337,0.95260663507109,0.9571428571428572,420.0,0.9809976247030878,0.9786729857819905,0.9833333333333333,420.0,0.9290780141843971,0.9225352112676056,0.9357142857142857,420.0,0.9366197183098592,0.9236111111111112,0.95,420.0,0.9141475211608222,0.9287469287469288,0.9,420.0,0.9284876905041032,0.9145496535796767,0.9428571428571428,420.0,0.9371980676328502,0.9509803921568627,0.9238095238095239,420.0,0.9808612440191389,0.9855769230769231,0.9761904761904762,420.0,0.9655172413793104,0.9643705463182898,0.9666666666666667,420.0,0.9066985645933013,0.9110576923076923,0.9023809523809524,420.0,0.923076923076923,0.9041095890410958,0.9428571428571428,420.0,0.9193742478941036,0.9294403892944039,0.9095238095238095,420.0,0.9178743961352657,0.9313725490196079,0.9047619047619048,420.0,0.9651022864019255,0.975669099756691,0.9547619047619048,420.0,0.9739336492890995,0.9693396226415094,0.9785714285714285,420.0,0.9798339264531436,0.9763593380614657,0.9833333333333333,420.0,0.64,0.6325581395348837,0.6476190476190476,420.0,0.7354037267080746,0.7688311688311689,0.7047619047619048,420.0,0.9459783913565426,0.9539951573849879,0.9380952380952381,420.0,0.929510155316607,0.9328537170263789,0.9261904761904762,420.0,0.659367396593674,0.6741293532338308,0.6452380952380953,420.0,0.9437125748502995,0.9493975903614458,0.9380952380952381,420.0,0.9156626506024096,0.926829268292683,0.9047619047619048,420.0,0.9234449760765551,0.9278846153846154,0.919047619047619,420.0,0.9271844660194175,0.9455445544554455,0.9095238095238095,420.0,0.9270588235294117,0.9162790697674419,0.9380952380952381,420.0,0.9685990338164251,0.9828431372549019,0.9547619047619048,420.0,0.9491124260355029,0.9435294117647058,0.9547619047619048,420.0,0.7624434389140272,0.7262931034482759,0.8023809523809524,420.0
9,0.20398151874542236,0.9287776947021484,0.3547622263431549,0.8874873518943787,0.8874873353596758,0.8870653916355028,0.0003000000142492354,0.39906758300003276,92120.0,230838.0934063302,0.6991869918699187,0.6825396825396826,0.7166666666666667,420.0,0.9704840613931521,0.9625292740046838,0.9785714285714285,420.0,0.9567251461988303,0.9402298850574713,0.9738095238095238,420.0,0.9569377990430622,0.9615384615384616,0.9523809523809523,420.0,0.9414519906323185,0.9262672811059908,0.9571428571428572,420.0,0.9727810650887575,0.9670588235294117,0.9785714285714285,420.0,0.6527777777777778,0.6351351351351351,0.6714285714285714,420.0,0.9276393831553973,0.9243498817966903,0.930952380952381,420.0,0.9764150943396227,0.9672897196261683,0.9857142857142858,420.0,0.6734955185659411,0.7285318559556787,0.6261904761904762,420.0,0.9061032863849765,0.8935185185185185,0.919047619047619,420.0,0.6274089935760171,0.5700389105058365,0.6976190476190476,420.0,0.9712230215827338,0.9782608695652174,0.9642857142857143,420.0,0.5461441213653603,0.5822102425876011,0.5142857142857142,420.0,0.9893238434163701,0.9858156028368794,0.9928571428571429,420.0,0.9399538106235565,0.9125560538116592,0.969047619047619,420.0,0.6904176904176904,0.7131979695431472,0.669047619047619,420.0,0.9569377990430622,0.9615384615384616,0.9523809523809523,420.0,0.9583828775267539,0.9572446555819477,0.9595238095238096,420.0,0.9809976247030878,0.9786729857819905,0.9833333333333333,420.0,0.9285714285714286,0.9285714285714286,0.9285714285714286,420.0,0.9399293286219081,0.9300699300699301,0.95,420.0,0.9128329297820823,0.9285714285714286,0.8976190476190476,420.0,0.9284876905041032,0.9145496535796767,0.9428571428571428,420.0,0.9371980676328502,0.9509803921568627,0.9238095238095239,420.0,0.9808612440191389,0.9855769230769231,0.9761904761904762,420.0,0.9643705463182898,0.9620853080568721,0.9666666666666667,420.0,0.9064748201438848,0.9130434782608695,0.9,420.0,0.9268292682926829,0.9047619047619048,0.95,420.0,0.9214285714285714,0.9214285714285714,0.9214285714285714,420.0,0.9176755447941889,0.9334975369458128,0.9023809523809524,420.0,0.9640287769784173,0.9710144927536232,0.9571428571428572,420.0,0.9739336492890995,0.9693396226415094,0.9785714285714285,420.0,0.9809523809523809,0.9809523809523809,0.9809523809523809,420.0,0.6191646191646192,0.6395939086294417,0.6,420.0,0.7336683417085427,0.776595744680851,0.6952380952380952,420.0,0.943577430972389,0.9515738498789347,0.9357142857142857,420.0,0.929510155316607,0.9328537170263789,0.9261904761904762,420.0,0.6625155666251556,0.6945169712793734,0.6333333333333333,420.0,0.9437125748502995,0.9493975903614458,0.9380952380952381,420.0,0.9193742478941036,0.9294403892944039,0.9095238095238095,420.0,0.9247311827956989,0.9280575539568345,0.9214285714285714,420.0,0.9251207729468598,0.9387254901960784,0.9119047619047619,420.0,0.9257950530035335,0.916083916083916,0.9357142857142857,420.0,0.9698431845597105,0.9828850855745721,0.9571428571428572,420.0,0.9523809523809523,0.9523809523809523,0.9523809523809523,420.0,0.76431718061674,0.7110655737704918,0.8261904761904761,420.0
10,0.19823972880840302,0.9294941425323486,0.3532068431377411,0.8880952596664429,0.8880952380952382,0.8875518395923279,0.0003000000142492354,0.4049605000000156,92120.0,227478.9763445977,0.7100330760749723,0.6611909650924025,0.7666666666666667,420.0,0.9704840613931521,0.9625292740046838,0.9785714285714285,420.0,0.960093896713615,0.9467592592592593,0.9738095238095238,420.0,0.9582836710369488,0.9594272076372315,0.9571428571428572,420.0,0.940628637951106,0.9202733485193622,0.9619047619047619,420.0,0.9739952718676123,0.9671361502347418,0.9809523809523809,420.0,0.6435406698564593,0.6466346153846154,0.6404761904761904,420.0,0.9263657957244655,0.9241706161137441,0.9285714285714286,420.0,0.9788235294117648,0.9674418604651163,0.9904761904761905,420.0,0.6709021601016518,0.7193460490463215,0.6285714285714286,420.0,0.9127358490566038,0.9042056074766355,0.9214285714285714,420.0,0.6332622601279317,0.5733590733590733,0.7071428571428572,420.0,0.973747016706444,0.9760765550239234,0.9714285714285714,420.0,0.5510204081632653,0.5934065934065934,0.5142857142857142,420.0,0.9893238434163701,0.9858156028368794,0.9928571428571429,420.0,0.9410404624277456,0.9146067415730337,0.969047619047619,420.0,0.6701434159061279,0.7406340057636888,0.611904761904762,420.0,0.9583828775267539,0.9572446555819477,0.9595238095238096,420.0,0.9548693586698337,0.95260663507109,0.9571428571428572,420.0,0.9809976247030878,0.9786729857819905,0.9833333333333333,420.0,0.930952380952381,0.930952380952381,0.930952380952381,420.0,0.9353701527614571,0.9234338747099768,0.9476190476190476,420.0,0.9150485436893204,0.9331683168316832,0.8976190476190476,420.0,0.9288214702450408,0.9107551487414187,0.9476190476190476,420.0,0.9368932038834952,0.9554455445544554,0.919047619047619,420.0,0.9808612440191389,0.9855769230769231,0.9761904761904762,420.0,0.9667458432304038,0.9644549763033176,0.969047619047619,420.0,0.9130434782608695,0.9264705882352942,0.9,420.0,0.929316338354577,0.9051918735891648,0.9547619047619048,420.0,0.9171668667466986,0.9249394673123487,0.9095238095238095,420.0,0.9182692307692307,0.9271844660194175,0.9095238095238095,420.0,0.9640287769784173,0.9710144927536232,0.9571428571428572,420.0,0.9727810650887575,0.9670588235294117,0.9785714285714285,420.0,0.9832935560859187,0.9856459330143541,0.9809523809523809,420.0,0.6267942583732057,0.6298076923076923,0.6238095238095238,420.0,0.7325,0.7710526315789473,0.6976190476190476,420.0,0.9483793517406962,0.9564164648910412,0.9404761904761905,420.0,0.9304556354916068,0.9371980676328503,0.9238095238095239,420.0,0.657601977750309,0.6838046272493573,0.6333333333333333,420.0,0.9437125748502995,0.9493975903614458,0.9380952380952381,420.0,0.9169675090252708,0.927007299270073,0.9071428571428571,420.0,0.9298454221165279,0.9287410926365796,0.930952380952381,420.0,0.9249394673123487,0.9408866995073891,0.9095238095238095,420.0,0.9276393831553973,0.9243498817966903,0.930952380952381,420.0,0.9698431845597105,0.9828850855745721,0.9571428571428572,420.0,0.9479905437352246,0.9413145539906104,0.9547619047619048,420.0,0.7670011148272018,0.7211740041928721,0.819047619047619,420.0
11,0.19362039864063263,0.930709958076477,0.35256969928741455,0.8887031674385071,0.8887031408308004,0.8883432355887606,0.0003000000142492354,0.40098100000022896,92120.0,229736.57105934544,0.7052154195011339,0.6731601731601732,0.7404761904761905,420.0,0.9727810650887575,0.9670588235294117,0.9785714285714285,420.0,0.9580419580419579,0.9383561643835616,0.9785714285714285,420.0,0.9582836710369488,0.9594272076372315,0.9571428571428572,420.0,0.9425556858147714,0.9284064665127021,0.9571428571428572,420.0,0.976303317535545,0.9716981132075472,0.9809523809523809,420.0,0.6392009987515606,0.6719160104986877,0.6095238095238096,420.0,0.930952380952381,0.930952380952381,0.930952380952381,420.0,0.9788235294117648,0.9674418604651163,0.9904761904761905,420.0,0.6716981132075471,0.712,0.6357142857142857,420.0,0.9148936170212766,0.9084507042253521,0.9214285714285714,420.0,0.6138165345413363,0.5853131749460043,0.6452380952380953,420.0,0.9712918660287081,0.9759615384615384,0.9666666666666667,420.0,0.5587529976019184,0.5628019323671497,0.5547619047619048,420.0,0.9893238434163701,0.9858156028368794,0.9928571428571429,420.0,0.941860465116279,0.9204545454545454,0.9642857142857143,420.0,0.6818181818181818,0.7258064516129032,0.6428571428571429,420.0,0.9569377990430622,0.9615384615384616,0.9523809523809523,420.0,0.9595238095238096,0.9595238095238096,0.9595238095238096,420.0,0.9822064056939502,0.9787234042553191,0.9857142857142858,420.0,0.9338146811070999,0.9440389294403893,0.9238095238095239,420.0,0.935672514619883,0.9195402298850575,0.9523809523809523,420.0,0.9110576923076924,0.9199029126213593,0.9023809523809524,420.0,0.9259694477085781,0.91415313225058,0.9380952380952381,420.0,0.9362214199759324,0.9464720194647201,0.9261904761904762,420.0,0.9808612440191389,0.9855769230769231,0.9761904761904762,420.0,0.9642857142857143,0.9642857142857143,0.9642857142857143,420.0,0.9106280193236714,0.9240196078431373,0.8976190476190476,420.0,0.9266589057043073,0.9066059225512528,0.9476190476190476,420.0,0.9150943396226416,0.9065420560747663,0.9238095238095239,420.0,0.9202898550724637,0.9338235294117647,0.9071428571428571,420.0,0.9627851140456183,0.9709443099273608,0.9547619047619048,420.0,0.9714964370546318,0.9691943127962085,0.9738095238095238,420.0,0.9821640903686087,0.9809976247030879,0.9833333333333333,420.0,0.6567844925883695,0.6301969365426696,0.6857142857142857,420.0,0.7430639324487335,0.7530562347188264,0.7333333333333333,420.0,0.9425837320574162,0.9471153846153846,0.9380952380952381,420.0,0.9284009546539379,0.930622009569378,0.9261904761904762,420.0,0.6565656565656566,0.6989247311827957,0.6190476190476191,420.0,0.9439809296781884,0.9451073985680191,0.9428571428571428,420.0,0.9121951219512194,0.935,0.8904761904761904,420.0,0.9331742243436754,0.9354066985645934,0.930952380952381,420.0,0.931899641577061,0.935251798561151,0.9285714285714286,420.0,0.9268867924528302,0.9182242990654206,0.9357142857142857,420.0,0.9710843373493976,0.9829268292682927,0.9595238095238096,420.0,0.9523809523809523,0.9523809523809523,0.9523809523809523,420.0,0.771850170261067,0.737527114967462,0.8095238095238095,420.0
12,0.18969646096229553,0.9315457940101624,0.3523333966732025,0.8879432678222656,0.8879432624113476,0.887377207366532,0.0003000000142492354,0.406088458999875,92120.0,226847.12642874778,0.6966551326412918,0.6756152125279642,0.719047619047619,420.0,0.9739952718676123,0.9671361502347418,0.9809523809523809,420.0,0.958968347010551,0.9445727482678984,0.9738095238095238,420.0,0.958183990442055,0.9616306954436451,0.9547619047619048,420.0,0.94049008168028,0.9221967963386728,0.9595238095238096,420.0,0.976303317535545,0.9716981132075472,0.9809523809523809,420.0,0.6407766990291262,0.6534653465346535,0.6285714285714286,420.0,0.930952380952381,0.930952380952381,0.930952380952381,420.0,0.9776733254994124,0.9651972157772621,0.9904761904761905,420.0,0.6740467404674046,0.6972010178117048,0.6523809523809524,420.0,0.9136094674556213,0.908235294117647,0.919047619047619,420.0,0.6308016877637131,0.5662878787878788,0.7119047619047619,420.0,0.9688995215311006,0.9735576923076923,0.9642857142857143,420.0,0.5340453938584779,0.60790273556231,0.47619047619047616,420.0,0.9893238434163701,0.9858156028368794,0.9928571428571429,420.0,0.9429569266589057,0.9225512528473804,0.9642857142857143,420.0,0.6824408468244084,0.7154046997389034,0.6523809523809524,420.0,0.9599056603773584,0.9509345794392523,0.969047619047619,420.0,0.9606674612634089,0.9618138424821002,0.9595238095238096,420.0,0.9809976247030878,0.9786729857819905,0.9833333333333333,420.0,0.932367149758454,0.946078431372549,0.919047619047619,420.0,0.9322429906542055,0.9151376146788991,0.95,420.0,0.9172749391727493,0.9378109452736318,0.8976190476190476,420.0,0.9257950530035335,0.916083916083916,0.9357142857142857,420.0,0.9362214199759324,0.9464720194647201,0.9261904761904762,420.0,0.9808612440191389,0.9855769230769231,0.9761904761904762,420.0,0.9643705463182898,0.9620853080568721,0.9666666666666667,420.0,0.9036860879904876,0.9026128266033254,0.9047619047619048,420.0,0.9308755760368663,0.9017857142857143,0.9619047619047619,420.0,0.919047619047619,0.919047619047619,0.919047619047619,420.0,0.9186602870813396,0.9230769230769231,0.9142857142857143,420.0,0.965186074429772,0.9733656174334141,0.9571428571428572,420.0,0.9727164887307236,0.9692671394799054,0.9761904761904762,420.0,0.9833333333333333,0.9833333333333333,0.9833333333333333,420.0,0.6367924528301886,0.6308411214953271,0.6428571428571429,420.0,0.7339218158890289,0.7801608579088471,0.6928571428571428,420.0,0.9459783913565426,0.9539951573849879,0.9380952380952381,420.0,0.9261904761904762,0.9261904761904762,0.9261904761904762,420.0,0.6610978520286395,0.6626794258373205,0.6595238095238095,420.0,0.9401913875598086,0.9447115384615384,0.9357142857142857,420.0,0.9128329297820823,0.9285714285714286,0.8976190476190476,420.0,0.9256594724220624,0.9323671497584541,0.919047619047619,420.0,0.9312796208530806,0.9268867924528302,0.9357142857142857,420.0,0.9261904761904762,0.9261904761904762,0.9261904761904762,420.0,0.9685990338164251,0.9828431372549019,0.9547619047619048,420.0,0.9512485136741974,0.9501187648456056,0.9523809523809523,420.0,0.7724137931034483,0.7466666666666667,0.8,420.0
13,0.18628555536270142,0.9321103096008301,0.35261473059654236,0.888145923614502,0.8881458966565351,0.887540768470355,0.0003000000142492354,0.4276151250001021,92120.0,215427.36590521206,0.7225244831338411,0.6653306613226453,0.7904761904761904,420.0,0.9739952718676123,0.9671361502347418,0.9809523809523809,420.0,0.9577464788732395,0.9444444444444444,0.9714285714285714,420.0,0.9604790419161676,0.9662650602409638,0.9547619047619048,420.0,0.9426900584795321,0.9264367816091954,0.9595238095238096,420.0,0.9762470308788598,0.9739336492890995,0.9785714285714285,420.0,0.6452380952380953,0.6452380952380953,0.6452380952380953,420.0,0.9331742243436754,0.9354066985645934,0.930952380952381,420.0,0.9787735849056605,0.969626168224299,0.9880952380952381,420.0,0.6658415841584158,0.6932989690721649,0.6404761904761904,420.0,0.9142185663924794,0.9025522041763341,0.9261904761904762,420.0,0.6300518134715025,0.5577981651376147,0.7238095238095238,420.0,0.9725864123957092,0.9737470167064439,0.9714285714285714,420.0,0.5251700680272109,0.6126984126984127,0.4595238095238095,420.0,0.9893238434163701,0.9858156028368794,0.9928571428571429,420.0,0.9441860465116279,0.9227272727272727,0.9666666666666667,420.0,0.6780551905387648,0.7565982404692082,0.6142857142857143,420.0,0.9609467455621302,0.9552941176470588,0.9666666666666667,420.0,0.9598108747044918,0.9530516431924883,0.9666666666666667,420.0,0.9821640903686087,0.9809976247030879,0.9833333333333333,420.0,0.9307875894988067,0.9330143540669856,0.9285714285714286,420.0,0.9334889148191367,0.9153318077803204,0.9523809523809523,420.0,0.9152542372881356,0.9310344827586207,0.9,420.0,0.9268867924528302,0.9182242990654206,0.9357142857142857,420.0,0.9373493975903614,0.948780487804878,0.9261904761904762,420.0,0.9808612440191389,0.9855769230769231,0.9761904761904762,420.0,0.9643705463182898,0.9620853080568721,0.9666666666666667,420.0,0.9069212410501194,0.9090909090909091,0.9047619047619048,420.0,0.9319492502883506,0.9038031319910514,0.9619047619047619,420.0,0.9193742478941036,0.9294403892944039,0.9095238095238095,420.0,0.9181929181929182,0.9423558897243107,0.8952380952380953,420.0,0.9640287769784173,0.9710144927536232,0.9571428571428572,420.0,0.9752066115702478,0.9672131147540983,0.9833333333333333,420.0,0.9822064056939502,0.9787234042553191,0.9857142857142858,420.0,0.6266506602641057,0.6319612590799032,0.6214285714285714,420.0,0.7376425855513308,0.7886178861788617,0.6928571428571428,420.0,0.9469879518072288,0.9585365853658536,0.9357142857142857,420.0,0.9285714285714286,0.9285714285714286,0.9285714285714286,420.0,0.6550116550116549,0.6415525114155252,0.669047619047619,420.0,0.9439809296781884,0.9451073985680191,0.9428571428571428,420.0,0.9163636363636364,0.9333333333333333,0.9,420.0,0.9258373205741627,0.9302884615384616,0.9214285714285714,420.0,0.9275362318840579,0.9411764705882353,0.9142857142857143,420.0,0.9239766081871346,0.9080459770114943,0.9404761904761905,420.0,0.9674306393244874,0.980440097799511,0.9547619047619048,420.0,0.9476190476190476,0.9476190476190476,0.9476190476190476,420.0,0.7667057444314186,0.7551963048498845,0.7785714285714286,420.0
14,0.1833386868238449,0.9328593015670776,0.35134798288345337,0.8879432678222656,0.8879432624113474,0.8874503966920063,0.0003000000142492354,0.40923795800017615,92120.0,225101.30890634624,0.6982658959537572,0.6786516853932584,0.719047619047619,420.0,0.9716981132075471,0.9626168224299065,0.9809523809523809,420.0,0.958968347010551,0.9445727482678984,0.9738095238095238,420.0,0.9594272076372317,0.9617224880382775,0.9571428571428572,420.0,0.9426900584795321,0.9264367816091954,0.9595238095238096,420.0,0.9774078478002378,0.9762470308788599,0.9785714285714285,420.0,0.616,0.7,0.55,420.0,0.932061978545888,0.9331742243436754,0.930952380952381,420.0,0.9787735849056605,0.969626168224299,0.9880952380952381,420.0,0.6734693877551019,0.7252747252747253,0.6285714285714286,420.0,0.9194312796208531,0.9150943396226415,0.9238095238095239,420.0,0.6216216216216217,0.551660516605166,0.7119047619047619,420.0,0.972520908004779,0.9760191846522782,0.969047619047619,420.0,0.530718954248366,0.5884057971014492,0.48333333333333334,420.0,0.9893238434163701,0.9858156028368794,0.9928571428571429,420.0,0.9441860465116279,0.9227272727272727,0.9666666666666667,420.0,0.6871921182266009,0.7117346938775511,0.6642857142857143,420.0,0.9583828775267539,0.9572446555819477,0.9595238095238096,420.0,0.9584816132858838,0.9550827423167849,0.9619047619047619,420.0,0.9821640903686087,0.9809976247030879,0.9833333333333333,420.0,0.9318734793187349,0.9527363184079602,0.9119047619047619,420.0,0.9333333333333332,0.9172413793103448,0.95,420.0,0.916767189384801,0.9290953545232273,0.9047619047619048,420.0,0.9283196239717979,0.9164733178654292,0.9404761904761905,420.0,0.9373493975903614,0.948780487804878,0.9261904761904762,420.0,0.9808612440191389,0.9855769230769231,0.9761904761904762,420.0,0.9655172413793104,0.9643705463182898,0.9666666666666667,420.0,0.9086538461538461,0.9174757281553398,0.9,420.0,0.9266589057043073,0.9066059225512528,0.9476190476190476,420.0,0.9158653846153846,0.9247572815533981,0.9071428571428571,420.0,0.9187878787878788,0.9358024691358025,0.9023809523809524,420.0,0.9654350417163289,0.9665871121718377,0.9642857142857143,420.0,0.9704142011834319,0.9647058823529412,0.9761904761904762,420.0,0.9845053635280095,0.9856801909307876,0.9833333333333333,420.0,0.6695371367061357,0.6110019646365422,0.7404761904761905,420.0,0.7372353673723537,0.7728459530026109,0.7047619047619048,420.0,0.943577430972389,0.9515738498789347,0.9357142857142857,420.0,0.9284009546539379,0.930622009569378,0.9261904761904762,420.0,0.6464155528554071,0.6600496277915633,0.6333333333333333,420.0,0.945107398568019,0.9473684210526315,0.9428571428571428,420.0,0.9115151515151515,0.928395061728395,0.8952380952380953,420.0,0.929510155316607,0.9328537170263789,0.9261904761904762,420.0,0.9312796208530806,0.9268867924528302,0.9357142857142857,420.0,0.9237983587338804,0.9099307159353349,0.9380952380952381,420.0,0.9698431845597105,0.9828850855745721,0.9571428571428572,420.0,0.9512485136741974,0.9501187648456056,0.9523809523809523,420.0,0.765571913929785,0.7300215982721382,0.8047619047619048,420.0
15,0.1807030737400055,0.9333478212356567,0.3500167429447174,0.8885511755943298,0.8885511651469099,0.8881089943763326,0.0003000000142492354,0.4003062920000957,92120.0,230123.7873122863,0.7160493827160492,0.6772823779193206,0.7595238095238095,420.0,0.9750889679715302,0.9716312056737588,0.9785714285714285,420.0,0.95906432748538,0.9425287356321839,0.9761904761904762,420.0,0.9604790419161676,0.9662650602409638,0.9547619047619048,420.0,0.9402110199296602,0.9260969976905312,0.9547619047619048,420.0,0.9773539928486293,0.9785202863961814,0.9761904761904762,420.0,0.6434573829531812,0.648910411622276,0.638095238095238,420.0,0.9339622641509434,0.9252336448598131,0.9428571428571428,420.0,0.9776207302709069,0.9673659673659674,0.9880952380952381,420.0,0.6743002544529262,0.7240437158469946,0.6309523809523809,420.0,0.9174528301886793,0.9088785046728972,0.9261904761904762,420.0,0.62010582010582,0.5580952380952381,0.6976190476190476,420.0,0.9725864123957092,0.9737470167064439,0.9714285714285714,420.0,0.541025641025641,0.5861111111111111,0.5023809523809524,420.0,0.9881516587677724,0.9834905660377359,0.9928571428571429,420.0,0.9480968858131488,0.9194630872483222,0.9785714285714285,420.0,0.6862244897959183,0.739010989010989,0.6404761904761904,420.0,0.9620853080568721,0.9575471698113207,0.9666666666666667,420.0,0.9619047619047619,0.9619047619047619,0.9619047619047619,420.0,0.9834515366430261,0.9765258215962441,0.9904761904761905,420.0,0.9245283018867924,0.9158878504672897,0.9333333333333333,420.0,0.9337979094076655,0.9115646258503401,0.9571428571428572,420.0,0.9145607701564379,0.9245742092457421,0.9047619047619048,420.0,0.929245283018868,0.9205607476635514,0.9380952380952381,420.0,0.9373493975903614,0.948780487804878,0.9261904761904762,420.0,0.9808612440191389,0.9855769230769231,0.9761904761904762,420.0,0.964200477326969,0.9665071770334929,0.9619047619047619,420.0,0.9095295536791315,0.921760391198044,0.8976190476190476,420.0,0.9241540256709451,0.9061784897025171,0.9428571428571428,420.0,0.9121140142517814,0.909952606635071,0.9142857142857143,420.0,0.9212121212121211,0.9382716049382716,0.9047619047619048,420.0,0.965352449223417,0.9688249400479616,0.9619047619047619,420.0,0.9714964370546318,0.9691943127962085,0.9738095238095238,420.0,0.9822064056939502,0.9787234042553191,0.9857142857142858,420.0,0.6312056737588653,0.6267605633802817,0.6357142857142857,420.0,0.7364620938628158,0.7445255474452555,0.7285714285714285,420.0,0.9458483754512635,0.9562043795620438,0.9357142857142857,420.0,0.9304556354916068,0.9371980676328503,0.9238095238095239,420.0,0.6565656565656566,0.6989247311827957,0.6190476190476191,420.0,0.9427207637231504,0.9449760765550239,0.9404761904761905,420.0,0.9144254278728606,0.9396984924623115,0.8904761904761904,420.0,0.930952380952381,0.930952380952381,0.930952380952381,420.0,0.9234507897934386,0.9429280397022333,0.9047619047619048,420.0,0.9276393831553973,0.9243498817966903,0.930952380952381,420.0,0.9685990338164251,0.9828431372549019,0.9547619047619048,420.0,0.9497607655502392,0.9543269230769231,0.9452380952380952,420.0,0.7737556561085973,0.7370689655172413,0.8142857142857143,420.0
16,0.17832936346530914,0.9337820410728455,0.3495863080024719,0.8885005116462708,0.8885005065856129,0.8881394349266062,0.0003000000142492354,0.39988833400002477,92120.0,230364.30965248987,0.6996547756041426,0.6770601336302895,0.7238095238095238,420.0,0.9739952718676123,0.9671361502347418,0.9809523809523809,420.0,0.958968347010551,0.9445727482678984,0.9738095238095238,420.0,0.960573476702509,0.9640287769784173,0.9571428571428572,420.0,0.9435294117647058,0.9325581395348838,0.9547619047619048,420.0,0.9774614472123369,0.9739952718676123,0.9809523809523809,420.0,0.6470588235294118,0.6666666666666666,0.6285714285714286,420.0,0.9354066985645934,0.9399038461538461,0.930952380952381,420.0,0.9764705882352942,0.9651162790697675,0.9880952380952381,420.0,0.6774595267745953,0.7101827676240209,0.6476190476190476,420.0,0.91725768321513,0.9107981220657277,0.9238095238095239,420.0,0.608793686583991,0.5781584582441114,0.6428571428571429,420.0,0.972520908004779,0.9760191846522782,0.969047619047619,420.0,0.5505481120584652,0.5635910224438903,0.5380952380952381,420.0,0.9893238434163701,0.9858156028368794,0.9928571428571429,420.0,0.9478563151796061,0.9232505643340858,0.9738095238095238,420.0,0.6839506172839507,0.7102564102564103,0.6595238095238095,420.0,0.9596199524940618,0.957345971563981,0.9619047619047619,420.0,0.9607609988109393,0.9596199524940617,0.9619047619047619,420.0,0.9821640903686087,0.9809976247030879,0.9833333333333333,420.0,0.9270588235294117,0.9162790697674419,0.9380952380952381,420.0,0.9331770222743259,0.9191685912240185,0.9476190476190476,420.0,0.9134615384615385,0.9223300970873787,0.9047619047619048,420.0,0.9270588235294117,0.9162790697674419,0.9380952380952381,420.0,0.9360675512665864,0.9486552567237164,0.9238095238095239,420.0,0.9808612440191389,0.9855769230769231,0.9761904761904762,420.0,0.9643705463182898,0.9620853080568721,0.9666666666666667,420.0,0.9099639855942379,0.9176755447941889,0.9023809523809524,420.0,0.9254079254079255,0.906392694063927,0.9452380952380952,420.0,0.9164677804295943,0.9186602870813397,0.9142857142857143,420.0,0.9178743961352657,0.9313725490196079,0.9047619047619048,420.0,0.9675870348139256,0.9757869249394673,0.9595238095238096,420.0,0.9739952718676123,0.9671361502347418,0.9809523809523809,420.0,0.9845422116527943,0.9833729216152018,0.9857142857142858,420.0,0.6511627906976744,0.6363636363636364,0.6666666666666666,420.0,0.729113924050633,0.7783783783783784,0.6857142857142857,420.0,0.9434416365824307,0.9537712895377128,0.9333333333333333,420.0,0.930622009569378,0.9350961538461539,0.9261904761904762,420.0,0.6544117647058822,0.6742424242424242,0.6357142857142857,420.0,0.9476190476190476,0.9476190476190476,0.9476190476190476,420.0,0.914765906362545,0.9225181598062954,0.9071428571428571,420.0,0.9296781883194278,0.9307875894988067,0.9285714285714286,420.0,0.9243902439024391,0.9475,0.9023809523809524,420.0,0.9272300469483569,0.9143518518518519,0.9404761904761905,420.0,0.9698431845597105,0.9828850855745721,0.9571428571428572,420.0,0.9478672985781991,0.9433962264150944,0.9523809523809523,420.0,0.7711386696730552,0.7323340471092077,0.8142857142857143,420.0
17,0.17640787363052368,0.9342596530914307,0.3512813448905945,0.8878419399261475,0.8878419452887536,0.887228563866052,0.0003000000142492354,0.3963885839998511,92120.0,232398.21659453897,0.7142857142857142,0.6632653061224489,0.7738095238095238,420.0,0.9727810650887575,0.9670588235294117,0.9785714285714285,420.0,0.9601873536299766,0.9447004608294931,0.9761904761904762,420.0,0.9594272076372317,0.9617224880382775,0.9571428571428572,420.0,0.94049008168028,0.9221967963386728,0.9595238095238096,420.0,0.9785714285714285,0.9785714285714285,0.9785714285714285,420.0,0.6240208877284594,0.6907514450867052,0.569047619047619,420.0,0.9333333333333333,0.9333333333333333,0.9333333333333333,420.0,0.9799291617473436,0.9718969555035128,0.9880952380952381,420.0,0.6738095238095239,0.6738095238095239,0.6738095238095239,420.0,0.9198113207547169,0.9112149532710281,0.9285714285714286,420.0,0.6031746031746033,0.5757575757575758,0.6333333333333333,420.0,0.9689737470167064,0.9712918660287081,0.9666666666666667,420.0,0.532319391634981,0.5691056910569106,0.5,420.0,0.9893238434163701,0.9858156028368794,0.9928571428571429,420.0,0.9490740740740741,0.9234234234234234,0.9761904761904762,420.0,0.673656618610747,0.749271137026239,0.611904761904762,420.0,0.9621749408983451,0.9553990610328639,0.969047619047619,420.0,0.963226571767497,0.9598108747044918,0.9666666666666667,420.0,0.9821640903686087,0.9809976247030879,0.9833333333333333,420.0,0.9270588235294117,0.9162790697674419,0.9380952380952381,420.0,0.9347319347319347,0.9155251141552512,0.9547619047619048,420.0,0.9112709832134293,0.9178743961352657,0.9047619047619048,420.0,0.9294117647058823,0.9186046511627907,0.9404761904761905,420.0,0.9360675512665864,0.9486552567237164,0.9238095238095239,420.0,0.979689366786141,0.9832134292565947,0.9761904761904762,420.0,0.9642857142857143,0.9642857142857143,0.9642857142857143,420.0,0.9069212410501194,0.9090909090909091,0.9047619047619048,420.0,0.9254079254079255,0.906392694063927,0.9452380952380952,420.0,0.9114832535885168,0.9158653846153846,0.9071428571428571,420.0,0.9176755447941889,0.9334975369458128,0.9023809523809524,420.0,0.9665071770334929,0.9711538461538461,0.9619047619047619,420.0,0.9727810650887575,0.9670588235294117,0.9785714285714285,420.0,0.9833333333333333,0.9833333333333333,0.9833333333333333,420.0,0.6666666666666666,0.6196319018404908,0.7214285714285714,420.0,0.7381546134663343,0.774869109947644,0.7047619047619048,420.0,0.9413173652694611,0.946987951807229,0.9357142857142857,420.0,0.929510155316607,0.9328537170263789,0.9261904761904762,420.0,0.6536585365853659,0.67,0.638095238095238,420.0,0.9438470728793309,0.947242206235012,0.9404761904761905,420.0,0.9150485436893204,0.9331683168316832,0.8976190476190476,420.0,0.9290012033694345,0.9391727493917275,0.919047619047619,420.0,0.9232643118148599,0.9451371571072319,0.9023809523809524,420.0,0.9245283018867924,0.9158878504672897,0.9333333333333333,420.0,0.9685990338164251,0.9828431372549019,0.9547619047619048,420.0,0.9511323003575685,0.9522673031026253,0.95,420.0,0.7676537585421412,0.7358078602620087,0.8023809523809524,420.0
18,0.1741371750831604,0.9350195527076721,0.35018646717071533,0.8892604112625122,0.8892603850050657,0.8888757891359258,0.0003000000142492354,0.3983756249999715,92120.0,231239.04731873743,0.7198228128460685,0.6728778467908902,0.7738095238095238,420.0,0.9716312056737589,0.9647887323943662,0.9785714285714285,420.0,0.9601873536299766,0.9447004608294931,0.9761904761904762,420.0,0.958183990442055,0.9616306954436451,0.9547619047619048,420.0,0.9426900584795321,0.9264367816091954,0.9595238095238096,420.0,0.9786729857819905,0.9740566037735849,0.9833333333333333,420.0,0.6429447852760736,0.6632911392405063,0.6238095238095238,420.0,0.9379474940334129,0.9401913875598086,0.9357142857142857,420.0,0.977725674091442,0.9630484988452656,0.9928571428571429,420.0,0.6766169154228856,0.7083333333333334,0.6476190476190476,420.0,0.9208972845336483,0.9133489461358314,0.9285714285714286,420.0,0.5988304093567252,0.5885057471264368,0.6095238095238096,420.0,0.9702026221692491,0.9713603818615751,0.969047619047619,420.0,0.5593419506462983,0.5522041763341067,0.5666666666666667,420.0,0.9893238434163701,0.9858156028368794,0.9928571428571429,420.0,0.9451575262543758,0.9267734553775744,0.9642857142857143,420.0,0.682230869001297,0.7492877492877493,0.6261904761904762,420.0,0.9607609988109393,0.9596199524940617,0.9619047619047619,420.0,0.9645390070921985,0.9577464788732394,0.9714285714285714,420.0,0.9809976247030878,0.9786729857819905,0.9833333333333333,420.0,0.9279811097992915,0.9203747072599532,0.9357142857142857,420.0,0.9359720605355065,0.9157175398633257,0.9571428571428572,420.0,0.9240196078431373,0.952020202020202,0.8976190476190476,420.0,0.9259694477085781,0.91415313225058,0.9380952380952381,420.0,0.9350961538461539,0.9441747572815534,0.9261904761904762,420.0,0.9808612440191389,0.9855769230769231,0.9761904761904762,420.0,0.9642857142857143,0.9642857142857143,0.9642857142857143,420.0,0.9069212410501194,0.9090909090909091,0.9047619047619048,420.0,0.9301260022909508,0.8962472406181016,0.9666666666666667,420.0,0.9116945107398567,0.9138755980861244,0.9095238095238095,420.0,0.9186602870813396,0.9230769230769231,0.9142857142857143,420.0,0.9699157641395908,0.9805352798053528,0.9595238095238096,420.0,0.9703440094899171,0.966903073286052,0.9738095238095238,420.0,0.9845422116527943,0.9833729216152018,0.9857142857142858,420.0,0.6497109826589595,0.6314606741573033,0.669047619047619,420.0,0.7384987893462469,0.7512315270935961,0.7261904761904762,420.0,0.9434416365824307,0.9537712895377128,0.9333333333333333,420.0,0.9274673008323424,0.9263657957244655,0.9285714285714286,420.0,0.6540880503144655,0.6933333333333334,0.6190476190476191,420.0,0.9437125748502995,0.9493975903614458,0.9380952380952381,420.0,0.9172749391727493,0.9378109452736318,0.8976190476190476,420.0,0.9312424607961399,0.9437652811735942,0.919047619047619,420.0,0.9245742092457421,0.945273631840796,0.9047619047619048,420.0,0.9263657957244655,0.9241706161137441,0.9285714285714286,420.0,0.9710843373493976,0.9829268292682927,0.9595238095238096,420.0,0.9501187648456056,0.9478672985781991,0.9523809523809523,420.0,0.7744874715261959,0.74235807860262,0.8095238095238095,420.0
19,0.17256474494934082,0.9349978566169739,0.3502541780471802,0.8889057636260986,0.8889057750759879,0.8884198219365744,0.0003000000142492354,0.39798220800003037,92120.0,231467.63384958397,0.7117117117117117,0.6752136752136753,0.7523809523809524,420.0,0.9727810650887575,0.9670588235294117,0.9785714285714285,420.0,0.95906432748538,0.9425287356321839,0.9761904761904762,420.0,0.9617224880382775,0.9663461538461539,0.9571428571428572,420.0,0.9424206815511165,0.9303944315545244,0.9547619047619048,420.0,0.9809976247030878,0.9786729857819905,0.9833333333333333,420.0,0.624516129032258,0.6816901408450704,0.5761904761904761,420.0,0.9346016646848989,0.9334916864608076,0.9357142857142857,420.0,0.9776207302709069,0.9673659673659674,0.9880952380952381,420.0,0.6773794808405439,0.7043701799485861,0.6523809523809524,420.0,0.9252669039145908,0.9219858156028369,0.9285714285714286,420.0,0.6153846153846153,0.5714285714285714,0.6666666666666666,420.0,0.9713603818615753,0.9736842105263158,0.969047619047619,420.0,0.535175879396985,0.5664893617021277,0.5071428571428571,420.0,0.9881516587677724,0.9834905660377359,0.9928571428571429,420.0,0.9478563151796061,0.9232505643340858,0.9738095238095238,420.0,0.6870229007633588,0.7377049180327869,0.6428571428571429,420.0,0.9597156398104266,0.9551886792452831,0.9642857142857143,420.0,0.9619047619047619,0.9619047619047619,0.9619047619047619,420.0,0.9809976247030878,0.9786729857819905,0.9833333333333333,420.0,0.9257950530035335,0.916083916083916,0.9357142857142857,420.0,0.9320843091334895,0.9170506912442397,0.9476190476190476,420.0,0.9112709832134293,0.9178743961352657,0.9047619047619048,420.0,0.9308323563892145,0.9168591224018475,0.9452380952380952,420.0,0.937046004842615,0.9532019704433498,0.9214285714285714,420.0,0.979689366786141,0.9832134292565947,0.9761904761904762,420.0,0.9642857142857143,0.9642857142857143,0.9642857142857143,420.0,0.9141475211608222,0.9287469287469288,0.9,420.0,0.9228971962616822,0.9059633027522935,0.9404761904761905,420.0,0.9123222748815165,0.9080188679245284,0.9166666666666666,420.0,0.9193742478941036,0.9294403892944039,0.9095238095238095,420.0,0.970059880239521,0.9759036144578314,0.9642857142857143,420.0,0.9727810650887575,0.9670588235294117,0.9785714285714285,420.0,0.9845422116527943,0.9833729216152018,0.9857142857142858,420.0,0.6644518272425249,0.6211180124223602,0.7142857142857143,420.0,0.7416267942583732,0.7451923076923077,0.7380952380952381,420.0,0.9447115384615384,0.9538834951456311,0.9357142857142857,420.0,0.9315726290516207,0.9394673123486683,0.9238095238095239,420.0,0.6507537688442211,0.6888297872340425,0.6166666666666667,420.0,0.9438470728793309,0.947242206235012,0.9404761904761905,420.0,0.9143546441495778,0.9266503667481663,0.9023809523809524,420.0,0.9334916864608076,0.9312796208530806,0.9357142857142857,420.0,0.9232643118148599,0.9451371571072319,0.9023809523809524,420.0,0.9254437869822485,0.92,0.930952380952381,420.0,0.9685990338164251,0.9828431372549019,0.9547619047619048,420.0,0.9512485136741974,0.9501187648456056,0.9523809523809523,420.0,0.7695852534562211,0.7455357142857143,0.7952380952380952,420.0
20,0.17082323133945465,0.9357143044471741,0.3511660099029541,0.8881965279579163,0.8881965552178319,0.8877047519457031,0.0003000000142492354,0.4057715410003766,92120.0,227024.29986314516,0.7116022099447514,0.6639175257731958,0.7666666666666667,420.0,0.9716312056737589,0.9647887323943662,0.9785714285714285,420.0,0.9613130128956624,0.9468822170900693,0.9761904761904762,420.0,0.9640287769784173,0.9710144927536232,0.9571428571428572,420.0,0.943661971830986,0.9305555555555556,0.9571428571428572,420.0,0.9786729857819905,0.9740566037735849,0.9833333333333333,420.0,0.6274007682458386,0.6786703601108033,0.5833333333333334,420.0,0.9331742243436754,0.9354066985645934,0.930952380952381,420.0,0.9776207302709069,0.9673659673659674,0.9880952380952381,420.0,0.6772616136919315,0.6959798994974874,0.6595238095238095,420.0,0.9221556886227544,0.927710843373494,0.9166666666666666,420.0,0.6206163655685442,0.5604606525911708,0.6952380952380952,420.0,0.9713603818615753,0.9736842105263158,0.969047619047619,420.0,0.5202614379084967,0.5768115942028985,0.4738095238095238,420.0,0.9893238434163701,0.9858156028368794,0.9928571428571429,420.0,0.9465116279069768,0.925,0.969047619047619,420.0,0.6718547341115435,0.7378917378917379,0.6166666666666667,420.0,0.9620853080568721,0.9575471698113207,0.9666666666666667,420.0,0.9607609988109393,0.9596199524940617,0.9619047619047619,420.0,0.9821640903686087,0.9809976247030879,0.9833333333333333,420.0,0.9307875894988067,0.9330143540669856,0.9285714285714286,420.0,0.9320843091334895,0.9170506912442397,0.9476190476190476,420.0,0.9132530120481928,0.9243902439024391,0.9023809523809524,420.0,0.9313154831199068,0.9111617312072893,0.9523809523809523,420.0,0.9368932038834952,0.9554455445544554,0.919047619047619,420.0,0.979689366786141,0.9832134292565947,0.9761904761904762,420.0,0.9642857142857143,0.9642857142857143,0.9642857142857143,420.0,0.9066985645933013,0.9110576923076923,0.9023809523809524,420.0,0.9268292682926829,0.9047619047619048,0.95,420.0,0.9144893111638955,0.9123222748815166,0.9166666666666666,420.0,0.9204406364749083,0.947103274559194,0.8952380952380953,420.0,0.9675870348139256,0.9757869249394673,0.9595238095238096,420.0,0.9739952718676123,0.9671361502347418,0.9809523809523809,420.0,0.9832935560859187,0.9856459330143541,0.9809523809523809,420.0,0.6607341490545051,0.6200417536534447,0.7071428571428572,420.0,0.7414880201765448,0.7882037533512064,0.7,420.0,0.9434416365824307,0.9537712895377128,0.9333333333333333,420.0,0.9296781883194278,0.9307875894988067,0.9285714285714286,420.0,0.6472019464720195,0.6616915422885572,0.6333333333333333,420.0,0.9438470728793309,0.947242206235012,0.9404761904761905,420.0,0.9135200974421438,0.9351620947630923,0.8928571428571429,420.0,0.9271206690561529,0.9304556354916067,0.9238095238095239,420.0,0.9282296650717704,0.9326923076923077,0.9238095238095239,420.0,0.9221835075493613,0.9002267573696145,0.9452380952380952,420.0,0.9685990338164251,0.9828431372549019,0.9547619047619048,420.0,0.9500000000000001,0.95,0.95,420.0,0.7709750566893424,0.7359307359307359,0.8095238095238095,420.0
21,0.1690235435962677,0.9362462162971497,0.3499995172023773,0.8872340321540833,0.8872340425531914,0.88695095990589,0.0003000000142492354,0.4012022500000967,92120.0,229609.87880795234,0.6923976608187135,0.6804597701149425,0.7047619047619048,420.0,0.9716312056737589,0.9647887323943662,0.9785714285714285,420.0,0.960093896713615,0.9467592592592593,0.9738095238095238,420.0,0.960573476702509,0.9640287769784173,0.9571428571428572,420.0,0.9435294117647058,0.9325581395348838,0.9547619047619048,420.0,0.9809976247030878,0.9786729857819905,0.9833333333333333,420.0,0.6404761904761904,0.6404761904761904,0.6404761904761904,420.0,0.9331742243436754,0.9354066985645934,0.930952380952381,420.0,0.9754385964912282,0.9586206896551724,0.9928571428571429,420.0,0.6657997399219767,0.7335243553008596,0.6095238095238096,420.0,0.9243498817966903,0.9178403755868545,0.930952380952381,420.0,0.6080347448425624,0.5588822355289421,0.6666666666666666,420.0,0.9712918660287081,0.9759615384615384,0.9666666666666667,420.0,0.5447941888619855,0.5541871921182266,0.5357142857142857,420.0,0.9893238434163701,0.9858156028368794,0.9928571428571429,420.0,0.9489559164733179,0.9253393665158371,0.9738095238095238,420.0,0.6877278250303765,0.7022332506203474,0.6738095238095239,420.0,0.9620853080568721,0.9575471698113207,0.9666666666666667,420.0,0.9619952494061758,0.9597156398104265,0.9642857142857143,420.0,0.9809976247030878,0.9786729857819905,0.9833333333333333,420.0,0.9272300469483569,0.9143518518518519,0.9404761904761905,420.0,0.9320843091334895,0.9170506912442397,0.9476190476190476,420.0,0.9071428571428571,0.9071428571428571,0.9071428571428571,420.0,0.9306698002350176,0.9187935034802784,0.9428571428571428,420.0,0.934782608695652,0.9485294117647058,0.9214285714285714,420.0,0.9785202863961813,0.9808612440191388,0.9761904761904762,420.0,0.964200477326969,0.9665071770334929,0.9619047619047619,420.0,0.9064748201438848,0.9130434782608695,0.9,420.0,0.9198113207547169,0.9112149532710281,0.9285714285714286,420.0,0.9131985731272294,0.9121140142517815,0.9142857142857143,420.0,0.924757281553398,0.943069306930693,0.9071428571428571,420.0,0.9699879951980792,0.9782082324455206,0.9619047619047619,420.0,0.9727164887307236,0.9692671394799054,0.9761904761904762,420.0,0.983372921615202,0.981042654028436,0.9857142857142858,420.0,0.6238095238095238,0.6238095238095238,0.6238095238095238,420.0,0.7377450980392157,0.76010101010101,0.7166666666666667,420.0,0.9447115384615384,0.9538834951456311,0.9357142857142857,420.0,0.9285714285714286,0.9285714285714286,0.9285714285714286,420.0,0.6464646464646465,0.6881720430107527,0.6095238095238096,420.0,0.9438470728793309,0.947242206235012,0.9404761904761905,420.0,0.913730255164034,0.9330024813895782,0.8952380952380953,420.0,0.9315726290516207,0.9394673123486683,0.9238095238095239,420.0,0.9232643118148599,0.9451371571072319,0.9023809523809524,420.0,0.9297423887587822,0.9147465437788018,0.9452380952380952,420.0,0.9698431845597105,0.9828850855745721,0.9571428571428572,420.0,0.9500000000000001,0.95,0.95,420.0,0.7747747747747747,0.7350427350427351,0.819047619047619,420.0
22,0.1677495688199997,0.9365392923355103,0.3503119647502899,0.8893110156059265,0.8893110435663626,0.888908278873034,0.0003000000142492354,0.4026058340000418,92120.0,228809.4017037777,0.7077625570776256,0.6798245614035088,0.7380952380952381,420.0,0.9750889679715302,0.9716312056737588,0.9785714285714285,420.0,0.9588719153936545,0.9466357308584686,0.9714285714285714,420.0,0.9640287769784173,0.9710144927536232,0.9571428571428572,420.0,0.9446407538280329,0.9347319347319347,0.9547619047619048,420.0,0.9786223277909738,0.976303317535545,0.9809523809523809,420.0,0.6464891041162227,0.6576354679802956,0.6357142857142857,420.0,0.9369797859690845,0.9358669833729216,0.9380952380952381,420.0,0.9753810082063306,0.9607390300230947,0.9904761904761905,420.0,0.6847960444993819,0.712082262210797,0.6595238095238095,420.0,0.9252669039145908,0.9219858156028369,0.9285714285714286,420.0,0.6145494028230185,0.564870259481038,0.6738095238095239,420.0,0.972520908004779,0.9760191846522782,0.969047619047619,420.0,0.5336721728081322,0.5722070844686649,0.5,420.0,0.9893238434163701,0.9858156028368794,0.9928571428571429,420.0,0.9479768786127167,0.9213483146067416,0.9761904761904762,420.0,0.685785536159601,0.7198952879581152,0.6547619047619048,420.0,0.9620853080568721,0.9575471698113207,0.9666666666666667,420.0,0.9644549763033176,0.9599056603773585,0.969047619047619,420.0,0.9834123222748815,0.9787735849056604,0.9880952380952381,420.0,0.9271206690561529,0.9304556354916067,0.9238095238095239,420.0,0.929245283018868,0.9205607476635514,0.9380952380952381,420.0,0.9090909090909091,0.9134615384615384,0.9047619047619048,420.0,0.9294117647058823,0.9186046511627907,0.9404761904761905,420.0,0.9373493975903614,0.948780487804878,0.9261904761904762,420.0,0.9785202863961813,0.9808612440191388,0.9761904761904762,420.0,0.9642857142857143,0.9642857142857143,0.9642857142857143,420.0,0.9080047789725209,0.9112709832134293,0.9047619047619048,420.0,0.9237983587338804,0.9099307159353349,0.9380952380952381,420.0,0.9134045077105575,0.9101654846335697,0.9166666666666666,420.0,0.924757281553398,0.943069306930693,0.9071428571428571,420.0,0.9711538461538461,0.9805825242718447,0.9619047619047619,420.0,0.9716312056737589,0.9647887323943662,0.9785714285714285,420.0,0.9821640903686087,0.9809976247030879,0.9833333333333333,420.0,0.6424384525205158,0.6327944572748267,0.6523809523809524,420.0,0.7369758576874206,0.7901907356948229,0.6904761904761905,420.0,0.9434416365824307,0.9537712895377128,0.9333333333333333,420.0,0.9315726290516207,0.9394673123486683,0.9238095238095239,420.0,0.6501854140914709,0.6760925449871465,0.6261904761904762,420.0,0.9452380952380952,0.9452380952380952,0.9452380952380952,420.0,0.9136690647482014,0.9202898550724637,0.9071428571428571,420.0,0.932367149758454,0.946078431372549,0.919047619047619,420.0,0.9293413173652695,0.9349397590361446,0.9238095238095239,420.0,0.9331770222743259,0.9191685912240185,0.9476190476190476,420.0,0.9710843373493976,0.9829268292682927,0.9595238095238096,420.0,0.9511323003575685,0.9522673031026253,0.95,420.0,0.7764182424916574,0.7286012526096033,0.830952380952381,420.0
23,0.16622723639011383,0.9370169639587402,0.35198646783828735,0.8888550996780396,0.8888551165146911,0.8885121611911886,0.0003000000142492354,0.3961195830001998,92120.0,232556.03598864118,0.7177242888402627,0.6639676113360324,0.780952380952381,420.0,0.9693396226415094,0.9602803738317757,0.9785714285714285,420.0,0.960093896713615,0.9467592592592593,0.9738095238095238,420.0,0.962874251497006,0.9686746987951808,0.9571428571428572,420.0,0.9403508771929825,0.9241379310344827,0.9571428571428572,420.0,0.9798339264531436,0.9763593380614657,0.9833333333333333,420.0,0.6385093167701864,0.6675324675324675,0.611904761904762,420.0,0.934445768772348,0.9355608591885441,0.9333333333333333,420.0,0.9787735849056605,0.969626168224299,0.9880952380952381,420.0,0.6692307692307692,0.725,0.6214285714285714,420.0,0.9267139479905437,0.92018779342723,0.9333333333333333,420.0,0.6112359550561798,0.5787234042553191,0.6476190476190476,420.0,0.9738095238095238,0.9738095238095238,0.9738095238095238,420.0,0.5531914893617021,0.5492957746478874,0.5571428571428572,420.0,0.9893238434163701,0.9858156028368794,0.9928571428571429,420.0,0.9490740740740741,0.9234234234234234,0.9761904761904762,420.0,0.6719160104986877,0.7485380116959064,0.6095238095238096,420.0,0.9620853080568721,0.9575471698113207,0.9666666666666667,420.0,0.9607609988109393,0.9596199524940617,0.9619047619047619,420.0,0.981042654028436,0.9764150943396226,0.9857142857142858,420.0,0.9272300469483569,0.9143518518518519,0.9404761904761905,420.0,0.9320843091334895,0.9170506912442397,0.9476190476190476,420.0,0.9090909090909091,0.9134615384615384,0.9047619047619048,420.0,0.9331770222743259,0.9191685912240185,0.9476190476190476,420.0,0.9383313180169287,0.9533169533169533,0.9238095238095239,420.0,0.979689366786141,0.9832134292565947,0.9761904761904762,420.0,0.9642857142857143,0.9642857142857143,0.9642857142857143,420.0,0.906064209274673,0.9049881235154394,0.9071428571428571,420.0,0.9239766081871346,0.9080459770114943,0.9404761904761905,420.0,0.9153754469606675,0.9164677804295943,0.9142857142857143,420.0,0.9225181598062955,0.9384236453201971,0.9071428571428571,420.0,0.9711538461538461,0.9805825242718447,0.9619047619047619,420.0,0.9727164887307236,0.9692671394799054,0.9761904761904762,420.0,0.9821215733015494,0.9832935560859188,0.9809523809523809,420.0,0.6544202066590126,0.6319290465631929,0.6785714285714286,420.0,0.7389162561576355,0.7653061224489796,0.7142857142857143,420.0,0.9447115384615384,0.9538834951456311,0.9357142857142857,420.0,0.9314079422382672,0.9416058394160584,0.9214285714285714,420.0,0.6469135802469136,0.6717948717948717,0.6238095238095238,420.0,0.9439809296781884,0.9451073985680191,0.9428571428571428,420.0,0.9152542372881356,0.9310344827586207,0.9,420.0,0.9301204819277108,0.9414634146341463,0.919047619047619,420.0,0.9234507897934386,0.9429280397022333,0.9047619047619048,420.0,0.9283196239717979,0.9164733178654292,0.9404761904761905,420.0,0.9698431845597105,0.9828850855745721,0.9571428571428572,420.0,0.9511323003575685,0.9522673031026253,0.95,420.0,0.7734553775743707,0.7444933920704846,0.8047619047619048,420.0
24,0.16505968570709229,0.93732088804245,0.3529476225376129,0.8890070915222168,0.8890070921985815,0.8886319195778911,0.0003000000142492354,0.39478900000040085,92120.0,233339.83469627184,0.7189542483660131,0.6626506024096386,0.7857142857142857,420.0,0.9750889679715302,0.9716312056737588,0.9785714285714285,420.0,0.960093896713615,0.9467592592592593,0.9738095238095238,420.0,0.9640287769784173,0.9710144927536232,0.9571428571428572,420.0,0.943127962085308,0.9386792452830188,0.9476190476190476,420.0,0.9786729857819905,0.9740566037735849,0.9833333333333333,420.0,0.6495925494761351,0.6355353075170843,0.6642857142857143,420.0,0.9382422802850356,0.9360189573459715,0.9404761904761905,420.0,0.9788235294117648,0.9674418604651163,0.9904761904761905,420.0,0.6817042606516291,0.7195767195767195,0.6476190476190476,420.0,0.9268867924528302,0.9182242990654206,0.9357142857142857,420.0,0.616061606160616,0.5725971370143149,0.6666666666666666,420.0,0.9738095238095238,0.9738095238095238,0.9738095238095238,420.0,0.5445544554455445,0.5670103092783505,0.5238095238095238,420.0,0.9893238434163701,0.9858156028368794,0.9928571428571429,420.0,0.9500580720092915,0.927437641723356,0.9738095238095238,420.0,0.6675392670157069,0.7412790697674418,0.6071428571428571,420.0,0.9621749408983451,0.9553990610328639,0.969047619047619,420.0,0.9634002361275088,0.955503512880562,0.9714285714285714,420.0,0.9845788849347568,0.9810874704491725,0.9880952380952381,420.0,0.930622009569378,0.9350961538461539,0.9261904761904762,420.0,0.9308323563892145,0.9168591224018475,0.9452380952380952,420.0,0.9173859432799014,0.9514066496163683,0.8857142857142857,420.0,0.9308323563892145,0.9168591224018475,0.9452380952380952,420.0,0.935912938331318,0.9508599508599509,0.9214285714285714,420.0,0.9785202863961813,0.9808612440191388,0.9761904761904762,420.0,0.9642857142857143,0.9642857142857143,0.9642857142857143,420.0,0.9099639855942379,0.9176755447941889,0.9023809523809524,420.0,0.9267734553775744,0.8920704845814978,0.9642857142857143,420.0,0.9164677804295943,0.9186602870813397,0.9142857142857143,420.0,0.9204819277108435,0.9317073170731708,0.9095238095238095,420.0,0.9675090252707581,0.9781021897810219,0.9571428571428572,420.0,0.9727810650887575,0.9670588235294117,0.9785714285714285,420.0,0.98090692124105,0.9832535885167464,0.9785714285714285,420.0,0.6193390452876377,0.6372795969773299,0.6023809523809524,420.0,0.7335907335907336,0.7983193277310925,0.6785714285714286,420.0,0.9434416365824307,0.9537712895377128,0.9333333333333333,420.0,0.931899641577061,0.935251798561151,0.9285714285714286,420.0,0.6483909415971395,0.649164677804296,0.6476190476190476,420.0,0.9439809296781884,0.9451073985680191,0.9428571428571428,420.0,0.914765906362545,0.9225181598062954,0.9071428571428571,420.0,0.931899641577061,0.935251798561151,0.9285714285714286,420.0,0.930952380952381,0.930952380952381,0.930952380952381,420.0,0.9267139479905437,0.92018779342723,0.9333333333333333,420.0,0.9685230024213076,0.9852216748768473,0.9523809523809523,420.0,0.9500000000000001,0.95,0.95,420.0,0.7722095671981777,0.740174672489083,0.8071428571428572,420.0
25,0.16385489702224731,0.9374728798866272,0.3523705005645752,0.8883485198020935,0.8883485309017224,0.8881039098099069,0.0003000000142492354,0.3953260000002956,92120.0,233022.87226221175,0.7130242825607065,0.6646090534979424,0.7690476190476191,420.0,0.9728453364817001,0.9648711943793911,0.9809523809523809,420.0,0.960093896713615,0.9467592592592593,0.9738095238095238,420.0,0.9640287769784173,0.9710144927536232,0.9571428571428572,420.0,0.9403508771929825,0.9241379310344827,0.9571428571428572,420.0,0.9798339264531436,0.9763593380614657,0.9833333333333333,420.0,0.6452380952380953,0.6452380952380953,0.6452380952380953,420.0,0.9358669833729216,0.933649289099526,0.9380952380952381,420.0,0.9764705882352942,0.9651162790697675,0.9880952380952381,420.0,0.6514131897711978,0.7492260061919505,0.5761904761904761,420.0,0.9289099526066351,0.9245283018867925,0.9333333333333333,420.0,0.6097297297297298,0.5584158415841585,0.6714285714285714,420.0,0.9713603818615753,0.9736842105263158,0.969047619047619,420.0,0.5499412455934195,0.54292343387471,0.5571428571428572,420.0,0.9893238434163701,0.9858156028368794,0.9928571428571429,420.0,0.9502890173410405,0.9235955056179775,0.9785714285714285,420.0,0.671875,0.7413793103448276,0.6142857142857143,420.0,0.9609467455621302,0.9552941176470588,0.9666666666666667,420.0,0.9644549763033176,0.9599056603773585,0.969047619047619,420.0,0.9822064056939502,0.9787234042553191,0.9857142857142858,420.0,0.9268867924528302,0.9182242990654206,0.9357142857142857,420.0,0.9320843091334895,0.9170506912442397,0.9476190476190476,420.0,0.9134615384615385,0.9223300970873787,0.9047619047619048,420.0,0.9342723004694835,0.9212962962962963,0.9476190476190476,420.0,0.9384800965018094,0.9511002444987775,0.9261904761904762,420.0,0.9785202863961813,0.9808612440191388,0.9761904761904762,420.0,0.9665871121718377,0.9688995215311005,0.9642857142857143,420.0,0.9047619047619048,0.9047619047619048,0.9047619047619048,420.0,0.9289871944121071,0.908883826879271,0.95,420.0,0.917562724014337,0.920863309352518,0.9142857142857143,420.0,0.9202898550724637,0.9338235294117647,0.9071428571428571,420.0,0.973621103117506,0.9806763285024155,0.9666666666666667,420.0,0.9727164887307236,0.9692671394799054,0.9761904761904762,420.0,0.9833333333333333,0.9833333333333333,0.9833333333333333,420.0,0.6332138590203107,0.6354916067146283,0.6309523809523809,420.0,0.7325,0.7710526315789473,0.6976190476190476,420.0,0.943577430972389,0.9515738498789347,0.9357142857142857,420.0,0.9330143540669856,0.9375,0.9285714285714286,420.0,0.6537530266343826,0.6650246305418719,0.6428571428571429,420.0,0.9459783913565426,0.9539951573849879,0.9380952380952381,420.0,0.913939393939394,0.9308641975308642,0.8976190476190476,420.0,0.9304556354916068,0.9371980676328503,0.9238095238095239,420.0,0.926060606060606,0.9432098765432099,0.9095238095238095,420.0,0.9263657957244655,0.9241706161137441,0.9285714285714286,420.0,0.9698431845597105,0.9828850855745721,0.9571428571428572,420.0,0.9500000000000001,0.95,0.95,420.0,0.7724137931034483,0.7466666666666667,0.8,420.0
26,0.16269826889038086,0.9378419518470764,0.3531896471977234,0.890070915222168,0.8900709219858158,0.8896651423503762,0.0003000000142492354,0.4027629160000288,92120.0,228720.163501829,0.7122060470324747,0.6723044397463002,0.7571428571428571,420.0,0.9727810650887575,0.9670588235294117,0.9785714285714285,420.0,0.960093896713615,0.9467592592592593,0.9738095238095238,420.0,0.960573476702509,0.9640287769784173,0.9571428571428572,420.0,0.94049008168028,0.9221967963386728,0.9595238095238096,420.0,0.9811320754716981,0.9719626168224299,0.9904761904761905,420.0,0.6497584541062802,0.6593137254901961,0.6404761904761904,420.0,0.9379474940334129,0.9401913875598086,0.9357142857142857,420.0,0.977725674091442,0.9630484988452656,0.9928571428571429,420.0,0.6856435643564356,0.7139175257731959,0.6595238095238095,420.0,0.930011862396204,0.9267139479905437,0.9333333333333333,420.0,0.6196251378169789,0.5770020533880903,0.669047619047619,420.0,0.970059880239521,0.9759036144578314,0.9642857142857143,420.0,0.547945205479452,0.5744125326370757,0.5238095238095238,420.0,0.9893238434163701,0.9858156028368794,0.9928571428571429,420.0,0.9501738122827346,0.9255079006772009,0.9761904761904762,420.0,0.6794871794871795,0.7361111111111112,0.6309523809523809,420.0,0.9634002361275088,0.955503512880562,0.9714285714285714,420.0,0.9633136094674556,0.9576470588235294,0.969047619047619,420.0,0.9845422116527943,0.9833729216152018,0.9857142857142858,420.0,0.9279811097992915,0.9203747072599532,0.9357142857142857,420.0,0.9299065420560747,0.9128440366972477,0.9476190476190476,420.0,0.9195121951219513,0.9425,0.8976190476190476,420.0,0.9353701527614571,0.9234338747099768,0.9476190476190476,420.0,0.9381818181818182,0.9555555555555556,0.9214285714285714,420.0,0.9785202863961813,0.9808612440191388,0.9761904761904762,420.0,0.965352449223417,0.9688249400479616,0.9619047619047619,420.0,0.910411622276029,0.9261083743842364,0.8952380952380953,420.0,0.9252013808975835,0.8953229398663697,0.9571428571428572,420.0,0.9156626506024096,0.926829268292683,0.9047619047619048,420.0,0.9160671462829736,0.9227053140096618,0.9095238095238095,420.0,0.9712230215827338,0.9782608695652174,0.9642857142857143,420.0,0.9750889679715302,0.9716312056737588,0.9785714285714285,420.0,0.9833333333333333,0.9833333333333333,0.9833333333333333,420.0,0.6470588235294118,0.6395348837209303,0.6547619047619048,420.0,0.7354037267080746,0.7688311688311689,0.7047619047619048,420.0,0.9423076923076923,0.9514563106796117,0.9333333333333333,420.0,0.9296781883194278,0.9307875894988067,0.9285714285714286,420.0,0.6477132262051916,0.6735218508997429,0.6238095238095238,420.0,0.9461077844311376,0.9518072289156626,0.9404761904761905,420.0,0.9182692307692307,0.9271844660194175,0.9095238095238095,420.0,0.9357142857142857,0.9357142857142857,0.9357142857142857,420.0,0.926060606060606,0.9432098765432099,0.9095238095238095,420.0,0.9249106078665079,0.9260143198090692,0.9238095238095239,420.0,0.9685990338164251,0.9828431372549019,0.9547619047619048,420.0,0.9478672985781991,0.9433962264150944,0.9523809523809523,420.0,0.7765237020316027,0.7381974248927039,0.819047619047619,420.0
27,0.16138510406017303,0.9386235475540161,0.3538724482059479,0.8883991837501526,0.8883991894630191,0.8879754111260738,0.0003000000142492354,0.40460566700039635,92120.0,227678.47193773923,0.7215601300108343,0.6620278330019881,0.7928571428571428,420.0,0.9739952718676123,0.9671361502347418,0.9809523809523809,420.0,0.9601873536299766,0.9447004608294931,0.9761904761904762,420.0,0.9571428571428572,0.9571428571428572,0.9571428571428572,420.0,0.9421487603305784,0.9344262295081968,0.95,420.0,0.981042654028436,0.9764150943396226,0.9857142857142858,420.0,0.6591928251121075,0.6228813559322034,0.7,420.0,0.9382422802850356,0.9360189573459715,0.9404761904761905,420.0,0.9765258215962442,0.9629629629629629,0.9904761904761905,420.0,0.6577181208053692,0.7538461538461538,0.5833333333333334,420.0,0.9327036599763872,0.9250585480093677,0.9404761904761905,420.0,0.6196891191709845,0.5486238532110091,0.7119047619047619,420.0,0.9723889555822329,0.9806295399515739,0.9642857142857143,420.0,0.5298507462686567,0.5546875,0.5071428571428571,420.0,0.9881516587677724,0.9834905660377359,0.9928571428571429,420.0,0.9491916859122401,0.92152466367713,0.9785714285714285,420.0,0.6666666666666667,0.7463126843657817,0.6023809523809524,420.0,0.963226571767497,0.9598108747044918,0.9666666666666667,420.0,0.9633136094674556,0.9576470588235294,0.969047619047619,420.0,0.9834123222748815,0.9787735849056604,0.9880952380952381,420.0,0.9256198347107439,0.9180327868852459,0.9333333333333333,420.0,0.9347319347319347,0.9155251141552512,0.9547619047619048,420.0,0.9154589371980676,0.928921568627451,0.9023809523809524,420.0,0.9305064782096585,0.9207459207459208,0.9404761904761905,420.0,0.9362214199759324,0.9464720194647201,0.9261904761904762,420.0,0.9785202863961813,0.9808612440191388,0.9761904761904762,420.0,0.9702734839476813,0.9691211401425178,0.9714285714285714,420.0,0.9036860879904876,0.9026128266033254,0.9047619047619048,420.0,0.9282407407407408,0.9031531531531531,0.9547619047619048,420.0,0.9158653846153846,0.9247572815533981,0.9071428571428571,420.0,0.9238210399032648,0.9385749385749386,0.9095238095238095,420.0,0.9698431845597105,0.9828850855745721,0.9571428571428572,420.0,0.9714285714285714,0.9714285714285714,0.9714285714285714,420.0,0.9833333333333333,0.9833333333333333,0.9833333333333333,420.0,0.6030534351145037,0.6475409836065574,0.5642857142857143,420.0,0.7360594795539033,0.7674418604651163,0.7071428571428572,420.0,0.9447115384615384,0.9538834951456311,0.9357142857142857,420.0,0.930622009569378,0.9350961538461539,0.9261904761904762,420.0,0.6530120481927711,0.6609756097560976,0.6452380952380953,420.0,0.9473684210526315,0.9519230769230769,0.9428571428571428,420.0,0.9199029126213591,0.9381188118811881,0.9023809523809524,420.0,0.9334945586457074,0.9484029484029484,0.919047619047619,420.0,0.9234507897934386,0.9429280397022333,0.9047619047619048,420.0,0.927810650887574,0.9223529411764706,0.9333333333333333,420.0,0.9698431845597105,0.9828850855745721,0.9571428571428572,420.0,0.9489916963226571,0.9456264775413712,0.9523809523809523,420.0,0.7726218097447797,0.753393665158371,0.7928571428571428,420.0
28,0.1605052500963211,0.9378311038017273,0.355150431394577,0.8893110156059265,0.8893110435663628,0.888939802200456,0.0003000000142492354,0.40186916699985886,92120.0,229228.83257682805,0.7164835164835165,0.6653061224489796,0.7761904761904762,420.0,0.9717647058823529,0.9604651162790697,0.9833333333333333,420.0,0.9624413145539906,0.9490740740740741,0.9761904761904762,420.0,0.9617224880382775,0.9663461538461539,0.9571428571428572,420.0,0.9396751740139211,0.916289592760181,0.9642857142857143,420.0,0.9798339264531436,0.9763593380614657,0.9833333333333333,420.0,0.6290115532734275,0.6824512534818942,0.5833333333333334,420.0,0.9357142857142857,0.9357142857142857,0.9357142857142857,420.0,0.9787735849056605,0.969626168224299,0.9880952380952381,420.0,0.6765432098765432,0.7025641025641025,0.6523809523809524,420.0,0.9312796208530806,0.9268867924528302,0.9357142857142857,420.0,0.6002372479240806,0.5981087470449172,0.6023809523809524,420.0,0.9713603818615753,0.9736842105263158,0.969047619047619,420.0,0.5601851851851852,0.545045045045045,0.5761904761904761,420.0,0.9881516587677724,0.9834905660377359,0.9928571428571429,420.0,0.9502890173410405,0.9235955056179775,0.9785714285714285,420.0,0.665785997357992,0.7477744807121661,0.6,420.0,0.9644549763033176,0.9599056603773585,0.969047619047619,420.0,0.963226571767497,0.9598108747044918,0.9666666666666667,420.0,0.983372921615202,0.981042654028436,0.9857142857142858,420.0,0.9259694477085781,0.91415313225058,0.9380952380952381,420.0,0.9295774647887323,0.9166666666666666,0.9428571428571428,420.0,0.9195121951219513,0.9425,0.8976190476190476,420.0,0.936768149882904,0.9216589861751152,0.9523809523809523,420.0,0.9394673123486683,0.9556650246305419,0.9238095238095239,420.0,0.9785202863961813,0.9808612440191388,0.9761904761904762,420.0,0.9665871121718377,0.9688995215311005,0.9642857142857143,420.0,0.9047619047619048,0.9047619047619048,0.9047619047619048,420.0,0.928735632183908,0.8977777777777778,0.9619047619047619,420.0,0.9178743961352657,0.9313725490196079,0.9047619047619048,420.0,0.9200968523002421,0.9359605911330049,0.9047619047619048,420.0,0.9712230215827338,0.9782608695652174,0.9642857142857143,420.0,0.9727164887307236,0.9692671394799054,0.9761904761904762,420.0,0.9808612440191389,0.9855769230769231,0.9761904761904762,420.0,0.6637069922308546,0.6216216216216216,0.7119047619047619,420.0,0.7382716049382716,0.7666666666666667,0.7119047619047619,420.0,0.9423076923076923,0.9514563106796117,0.9333333333333333,420.0,0.931899641577061,0.935251798561151,0.9285714285714286,420.0,0.6428571428571429,0.6658163265306123,0.6214285714285714,420.0,0.9461077844311376,0.9518072289156626,0.9404761904761905,420.0,0.916767189384801,0.9290953545232273,0.9047619047619048,420.0,0.9314079422382672,0.9416058394160584,0.9214285714285714,420.0,0.924757281553398,0.943069306930693,0.9071428571428571,420.0,0.927810650887574,0.9223529411764706,0.9333333333333333,420.0,0.9685230024213076,0.9852216748768473,0.9523809523809523,420.0,0.9474940334128878,0.9497607655502392,0.9452380952380952,420.0,0.7752808988764044,0.7340425531914894,0.8214285714285714,420.0
29,0.15957564115524292,0.9384607076644897,0.3555743992328644,0.8895643353462219,0.8895643363728468,0.8890591208152923,0.0003000000142492354,0.4011999160002233,92120.0,229611.21457450336,0.7131782945736433,0.6666666666666666,0.7666666666666667,420.0,0.9751479289940828,0.9694117647058823,0.9809523809523809,420.0,0.9612220916568742,0.9489559164733179,0.9738095238095238,420.0,0.965186074429772,0.9733656174334141,0.9571428571428572,420.0,0.9437939110070258,0.9285714285714286,0.9595238095238096,420.0,0.9786223277909738,0.976303317535545,0.9809523809523809,420.0,0.6220472440944882,0.6929824561403509,0.5642857142857143,420.0,0.9342891278375149,0.9376498800959233,0.930952380952381,420.0,0.9776733254994124,0.9651972157772621,0.9904761904761905,420.0,0.669281045751634,0.7420289855072464,0.6095238095238096,420.0,0.9323843416370108,0.9290780141843972,0.9357142857142857,420.0,0.6314720812182743,0.5504424778761062,0.7404761904761905,420.0,0.9689737470167064,0.9712918660287081,0.9666666666666667,420.0,0.5331599479843954,0.5873925501432665,0.4880952380952381,420.0,0.9881516587677724,0.9834905660377359,0.9928571428571429,420.0,0.951388888888889,0.9256756756756757,0.9785714285714285,420.0,0.6718346253229974,0.7344632768361582,0.6190476190476191,420.0,0.9633136094674556,0.9576470588235294,0.969047619047619,420.0,0.9631391200951248,0.9619952494061758,0.9642857142857143,420.0,0.983372921615202,0.981042654028436,0.9857142857142858,420.0,0.929510155316607,0.9328537170263789,0.9261904761904762,420.0,0.9309941520467836,0.9149425287356322,0.9476190476190476,420.0,0.913939393939394,0.9308641975308642,0.8976190476190476,420.0,0.9355216881594373,0.9214780600461894,0.95,420.0,0.9360675512665864,0.9486552567237164,0.9238095238095239,420.0,0.9785202863961813,0.9808612440191388,0.9761904761904762,420.0,0.9676646706586827,0.9734939759036144,0.9619047619047619,420.0,0.9056152927120669,0.9088729016786571,0.9023809523809524,420.0,0.929316338354577,0.9051918735891648,0.9547619047619048,420.0,0.9149700598802396,0.9204819277108434,0.9095238095238095,420.0,0.9200968523002421,0.9359605911330049,0.9047619047619048,420.0,0.9676646706586827,0.9734939759036144,0.9619047619047619,420.0,0.9703440094899171,0.966903073286052,0.9738095238095238,420.0,0.9821215733015494,0.9832935560859188,0.9809523809523809,420.0,0.6717724288840262,0.6214574898785425,0.7309523809523809,420.0,0.7335811648079307,0.7648578811369509,0.7047619047619048,420.0,0.9423076923076923,0.9514563106796117,0.9333333333333333,420.0,0.931899641577061,0.935251798561151,0.9285714285714286,420.0,0.6522262334536704,0.6593673965936739,0.6452380952380953,420.0,0.9473684210526315,0.9519230769230769,0.9428571428571428,420.0,0.9180722891566265,0.9292682926829269,0.9071428571428571,420.0,0.932853717026379,0.9396135265700483,0.9261904761904762,420.0,0.9317365269461078,0.9373493975903614,0.9261904761904762,420.0,0.9259694477085781,0.91415313225058,0.9380952380952381,420.0,0.9698431845597105,0.9828850855745721,0.9571428571428572,420.0,0.9478672985781991,0.9433962264150944,0.9523809523809523,420.0,0.7703016241299304,0.751131221719457,0.7904761904761904,420.0
30,0.15839560329914093,0.938960075378418,0.3556581139564514,0.889108419418335,0.8891084093211753,0.888659848585263,0.0003000000142492354,0.40631637499973294,92120.0,226719.8805365906,0.7191256830601093,0.6646464646464646,0.7833333333333333,420.0,0.9739952718676123,0.9671361502347418,0.9809523809523809,420.0,0.9600000000000001,0.9488372093023256,0.9714285714285714,420.0,0.965186074429772,0.9733656174334141,0.9571428571428572,420.0,0.9437939110070258,0.9285714285714286,0.9595238095238096,420.0,0.9810874704491725,0.9741784037558685,0.9880952380952381,420.0,0.6592427616926503,0.6192468619246861,0.7047619047619048,420.0,0.9354066985645934,0.9399038461538461,0.930952380952381,420.0,0.9788732394366197,0.9652777777777778,0.9928571428571429,420.0,0.6741854636591479,0.7116402116402116,0.6404761904761904,420.0,0.9334916864608076,0.9312796208530806,0.9357142857142857,420.0,0.5990675990675991,0.58675799086758,0.611904761904762,420.0,0.9702026221692491,0.9713603818615751,0.969047619047619,420.0,0.5545243619489558,0.5407239819004525,0.569047619047619,420.0,0.9893238434163701,0.9858156028368794,0.9928571428571429,420.0,0.9490740740740741,0.9234234234234234,0.9761904761904762,420.0,0.6684280052840159,0.7507418397626113,0.6023809523809524,420.0,0.9633136094674556,0.9576470588235294,0.969047619047619,420.0,0.9645390070921985,0.9577464788732394,0.9714285714285714,420.0,0.9845422116527943,0.9833729216152018,0.9857142857142858,420.0,0.9284009546539379,0.930622009569378,0.9261904761904762,420.0,0.9284876905041032,0.9145496535796767,0.9428571428571428,420.0,0.9191176470588235,0.946969696969697,0.8928571428571429,420.0,0.9353701527614571,0.9234338747099768,0.9476190476190476,420.0,0.9384800965018094,0.9511002444987775,0.9261904761904762,420.0,0.9785202863961813,0.9808612440191388,0.9761904761904762,420.0,0.9678188319427891,0.9689737470167065,0.9666666666666667,420.0,0.9026128266033253,0.9004739336492891,0.9047619047619048,420.0,0.9267734553775744,0.8920704845814978,0.9642857142857143,420.0,0.9191797346200242,0.9315403422982885,0.9071428571428571,420.0,0.9149700598802396,0.9204819277108434,0.9095238095238095,420.0,0.9688249400479616,0.9758454106280193,0.9619047619047619,420.0,0.9739952718676123,0.9671361502347418,0.9809523809523809,420.0,0.9821640903686087,0.9809976247030879,0.9833333333333333,420.0,0.5959079283887467,0.643646408839779,0.5547619047619048,420.0,0.74,0.7789473684210526,0.7047619047619048,420.0,0.9447115384615384,0.9538834951456311,0.9357142857142857,420.0,0.9330143540669856,0.9375,0.9285714285714286,420.0,0.6508728179551122,0.6832460732984293,0.6214285714285714,420.0,0.9471153846153847,0.9563106796116505,0.9380952380952381,420.0,0.9169675090252708,0.927007299270073,0.9071428571428571,420.0,0.934782608695652,0.9485294117647058,0.9214285714285714,420.0,0.9304556354916068,0.9371980676328503,0.9238095238095239,420.0,0.9241706161137441,0.9198113207547169,0.9285714285714286,420.0,0.9697702539298669,0.9852579852579852,0.9547619047619048,420.0,0.9467455621301775,0.9411764705882353,0.9523809523809523,420.0,0.7803790412486066,0.7337526205450734,0.8333333333333334,420.0
31,0.15762962400913239,0.939068615436554,0.3555813729763031,0.8888044357299805,0.888804457953394,0.8883791589989096,0.0003000000142492354,0.401083292000294,92120.0,229677.97920620555,0.6951501154734411,0.6748878923766816,0.7166666666666667,420.0,0.9727810650887575,0.9670588235294117,0.9785714285714285,420.0,0.9600000000000001,0.9488372093023256,0.9714285714285714,420.0,0.966346153846154,0.9757281553398058,0.9571428571428572,420.0,0.940628637951106,0.9202733485193622,0.9619047619047619,420.0,0.9786223277909738,0.976303317535545,0.9809523809523809,420.0,0.6334164588528678,0.6649214659685864,0.6047619047619047,420.0,0.9333333333333333,0.9333333333333333,0.9333333333333333,420.0,0.9764705882352942,0.9651162790697675,0.9880952380952381,420.0,0.6666666666666666,0.7254901960784313,0.6166666666666667,420.0,0.9334916864608076,0.9312796208530806,0.9357142857142857,420.0,0.6121147715196599,0.5527831094049904,0.6857142857142857,420.0,0.9713603818615753,0.9736842105263158,0.969047619047619,420.0,0.529338327091136,0.5564304461942258,0.5047619047619047,420.0,0.9893238434163701,0.9858156028368794,0.9928571428571429,420.0,0.9470046082949309,0.9174107142857143,0.9785714285714285,420.0,0.6824408468244084,0.7154046997389034,0.6523809523809524,420.0,0.9609467455621302,0.9552941176470588,0.9666666666666667,420.0,0.9644549763033176,0.9599056603773585,0.969047619047619,420.0,0.9845422116527943,0.9833729216152018,0.9857142857142858,420.0,0.9287410926365796,0.9265402843601895,0.930952380952381,420.0,0.9336437718277066,0.9134396355353075,0.9547619047619048,420.0,0.9101796407185628,0.9156626506024096,0.9047619047619048,420.0,0.9342723004694835,0.9212962962962963,0.9476190476190476,420.0,0.935912938331318,0.9508599508599509,0.9214285714285714,420.0,0.9785202863961813,0.9808612440191388,0.9761904761904762,420.0,0.967741935483871,0.9712230215827338,0.9642857142857143,420.0,0.9036860879904876,0.9026128266033254,0.9047619047619048,420.0,0.927570093457944,0.9105504587155964,0.9452380952380952,420.0,0.9164677804295943,0.9186602870813397,0.9142857142857143,420.0,0.9189842805320435,0.9336609336609336,0.9047619047619048,420.0,0.9711538461538461,0.9805825242718447,0.9619047619047619,420.0,0.9727810650887575,0.9670588235294117,0.9785714285714285,420.0,0.9821640903686087,0.9809976247030879,0.9833333333333333,420.0,0.6514806378132119,0.6244541484716157,0.680952380952381,420.0,0.7393483709273183,0.7804232804232805,0.7023809523809523,420.0,0.9459783913565426,0.9539951573849879,0.9380952380952381,420.0,0.9315726290516207,0.9394673123486683,0.9238095238095239,420.0,0.6531645569620252,0.6972972972972973,0.6142857142857143,420.0,0.9461077844311376,0.9518072289156626,0.9404761904761905,420.0,0.9197080291970803,0.9402985074626866,0.9,420.0,0.9302884615384615,0.9393203883495146,0.9214285714285714,420.0,0.9314079422382672,0.9416058394160584,0.9214285714285714,420.0,0.9257950530035335,0.916083916083916,0.9357142857142857,420.0,0.9697702539298669,0.9852579852579852,0.9547619047619048,420.0,0.9478672985781991,0.9433962264150944,0.9523809523809523,420.0,0.7810781078107811,0.7259713701431493,0.8452380952380952,420.0
32,0.15656910836696625,0.9395028352737427,0.35678979754447937,0.8887537717819214,0.8887537993920973,0.8883274597240166,0.0003000000142492354,0.39948629099990285,92120.0,230596.14829191324,0.6762589928057554,0.6811594202898551,0.6714285714285714,420.0,0.9739952718676123,0.9671361502347418,0.9809523809523809,420.0,0.9588719153936545,0.9466357308584686,0.9714285714285714,420.0,0.9652694610778443,0.9710843373493976,0.9595238095238096,420.0,0.94049008168028,0.9221967963386728,0.9595238095238096,420.0,0.9798816568047337,0.9741176470588235,0.9857142857142858,420.0,0.6430260047281324,0.6384976525821596,0.6476190476190476,420.0,0.9322235434007135,0.9311163895486936,0.9333333333333333,420.0,0.9788235294117648,0.9674418604651163,0.9904761904761905,420.0,0.6614583333333334,0.7298850574712644,0.6047619047619047,420.0,0.9333333333333333,0.9333333333333333,0.9333333333333333,420.0,0.6336032388663968,0.551056338028169,0.7452380952380953,420.0,0.9714964370546318,0.9691943127962085,0.9738095238095238,420.0,0.5281045751633987,0.5855072463768116,0.48095238095238096,420.0,0.9893238434163701,0.9858156028368794,0.9928571428571429,420.0,0.9502890173410405,0.9235955056179775,0.9785714285714285,420.0,0.6842105263157895,0.6875,0.680952380952381,420.0,0.963226571767497,0.9598108747044918,0.9666666666666667,420.0,0.9633136094674556,0.9576470588235294,0.969047619047619,420.0,0.9845422116527943,0.9833729216152018,0.9857142857142858,420.0,0.9284009546539379,0.930622009569378,0.9261904761904762,420.0,0.9316037735849058,0.9228971962616822,0.9404761904761905,420.0,0.9215686274509803,0.9494949494949495,0.8952380952380953,420.0,0.9314420803782506,0.9248826291079812,0.9380952380952381,420.0,0.9350961538461539,0.9441747572815534,0.9261904761904762,420.0,0.9785202863961813,0.9808612440191388,0.9761904761904762,420.0,0.9665071770334929,0.9711538461538461,0.9619047619047619,420.0,0.9069212410501194,0.9090909090909091,0.9047619047619048,420.0,0.9278350515463918,0.8940397350993378,0.9642857142857143,420.0,0.9185905224787363,0.9379652605459057,0.9,420.0,0.9180722891566265,0.9292682926829269,0.9071428571428571,420.0,0.9688249400479616,0.9758454106280193,0.9619047619047619,420.0,0.9739952718676123,0.9671361502347418,0.9809523809523809,420.0,0.9821640903686087,0.9809976247030879,0.9833333333333333,420.0,0.6251497005988024,0.6289156626506024,0.6214285714285714,420.0,0.7426470588235293,0.7651515151515151,0.7214285714285714,420.0,0.944578313253012,0.9560975609756097,0.9333333333333333,420.0,0.931899641577061,0.935251798561151,0.9285714285714286,420.0,0.650990099009901,0.6778350515463918,0.6261904761904762,420.0,0.9482551143200962,0.9586374695863747,0.9380952380952381,420.0,0.9195678271308524,0.927360774818402,0.9119047619047619,420.0,0.932853717026379,0.9396135265700483,0.9261904761904762,420.0,0.9304556354916068,0.9371980676328503,0.9238095238095239,420.0,0.927810650887574,0.9223529411764706,0.9333333333333333,420.0,0.9722557297949337,0.9853300733496333,0.9595238095238096,420.0,0.9467455621301775,0.9411764705882353,0.9523809523809523,420.0,0.7768969422423555,0.7408207343412527,0.8166666666666667,420.0
33,0.15566867589950562,0.9394376873970032,0.35762545466423035,0.8889564275741577,0.8889564336372848,0.8885394108932162,0.0003000000142492354,0.40066445799993744,92120.0,229918.07274308914,0.7040358744394619,0.6652542372881356,0.7476190476190476,420.0,0.9727164887307236,0.9692671394799054,0.9761904761904762,420.0,0.9612220916568742,0.9489559164733179,0.9738095238095238,420.0,0.963855421686747,0.975609756097561,0.9523809523809523,420.0,0.941588785046729,0.9243119266055045,0.9595238095238096,420.0,0.9764150943396227,0.9672897196261683,0.9857142857142858,420.0,0.6315789473684211,0.6498740554156172,0.6142857142857143,420.0,0.9371293001186239,0.933806146572104,0.9404761904761905,420.0,0.9788732394366197,0.9652777777777778,0.9928571428571429,420.0,0.6723926380368098,0.6936708860759494,0.6523809523809524,420.0,0.9346016646848989,0.9334916864608076,0.9357142857142857,420.0,0.6148648648648649,0.5833333333333334,0.65,420.0,0.9702026221692491,0.9713603818615751,0.969047619047619,420.0,0.5458996328029376,0.5617128463476071,0.530952380952381,420.0,0.9893238434163701,0.9858156028368794,0.9928571428571429,420.0,0.9502890173410405,0.9235955056179775,0.9785714285714285,420.0,0.6709346991037132,0.7257617728531855,0.6238095238095238,420.0,0.9634002361275088,0.955503512880562,0.9714285714285714,420.0,0.9633136094674556,0.9576470588235294,0.969047619047619,420.0,0.985748218527316,0.9834123222748815,0.9880952380952381,420.0,0.9234507897934386,0.9429280397022333,0.9047619047619048,420.0,0.9311551925320887,0.9130434782608695,0.95,420.0,0.9110576923076924,0.9199029126213593,0.9023809523809524,420.0,0.9331770222743259,0.9191685912240185,0.9476190476190476,420.0,0.935912938331318,0.9508599508599509,0.9214285714285714,420.0,0.9785202863961813,0.9808612440191388,0.9761904761904762,420.0,0.9688995215311006,0.9735576923076923,0.9642857142857143,420.0,0.9026128266033253,0.9004739336492891,0.9047619047619048,420.0,0.9277389277389277,0.908675799086758,0.9476190476190476,420.0,0.9158653846153846,0.9247572815533981,0.9071428571428571,420.0,0.9171668667466986,0.9249394673123487,0.9095238095238095,420.0,0.972520908004779,0.9760191846522782,0.969047619047619,420.0,0.9727810650887575,0.9670588235294117,0.9785714285714285,420.0,0.9821640903686087,0.9809976247030879,0.9833333333333333,420.0,0.6394399066511086,0.6270022883295194,0.6523809523809524,420.0,0.7419354838709677,0.7746113989637305,0.7119047619047619,420.0,0.9447115384615384,0.9538834951456311,0.9357142857142857,420.0,0.9330143540669856,0.9375,0.9285714285714286,420.0,0.6500622665006227,0.6814621409921671,0.6214285714285714,420.0,0.9483793517406962,0.9564164648910412,0.9404761904761905,420.0,0.9191797346200242,0.9315403422982885,0.9071428571428571,420.0,0.9325301204819277,0.9439024390243902,0.9214285714285714,420.0,0.9305064782096585,0.9207459207459208,0.9404761904761905,420.0,0.9260143198090691,0.9282296650717703,0.9238095238095239,420.0,0.9685230024213076,0.9852216748768473,0.9523809523809523,420.0,0.9476190476190476,0.9476190476190476,0.9476190476190476,420.0,0.7780269058295964,0.7351694915254238,0.8261904761904761,420.0
34,0.15491798520088196,0.9399804472923279,0.35871878266334534,0.8886018395423889,0.8886018237082066,0.8883397409977166,0.0003000000142492354,0.3949456660002397,92120.0,233247.27406919838,0.705749718151071,0.6702355460385439,0.7452380952380953,420.0,0.9727810650887575,0.9670588235294117,0.9785714285714285,420.0,0.9600000000000001,0.9488372093023256,0.9714285714285714,420.0,0.9593301435406699,0.9639423076923077,0.9547619047619048,420.0,0.941860465116279,0.9204545454545454,0.9642857142857143,420.0,0.981042654028436,0.9764150943396226,0.9857142857142858,420.0,0.6326034063260342,0.6467661691542289,0.6190476190476191,420.0,0.9382422802850356,0.9360189573459715,0.9404761904761905,420.0,0.9776733254994124,0.9651972157772621,0.9904761904761905,420.0,0.6781750924784217,0.7033248081841432,0.6547619047619048,420.0,0.9322235434007135,0.9311163895486936,0.9333333333333333,420.0,0.6025492468134415,0.5869074492099323,0.6190476190476191,420.0,0.969047619047619,0.969047619047619,0.969047619047619,420.0,0.5555555555555556,0.5516431924882629,0.5595238095238095,420.0,0.9893238434163701,0.9858156028368794,0.9928571428571429,420.0,0.9490740740740741,0.9234234234234234,0.9761904761904762,420.0,0.6751918158567776,0.7292817679558011,0.6285714285714286,420.0,0.9633136094674556,0.9576470588235294,0.969047619047619,420.0,0.963226571767497,0.9598108747044918,0.9666666666666667,420.0,0.983372921615202,0.981042654028436,0.9857142857142858,420.0,0.9261904761904762,0.9261904761904762,0.9261904761904762,420.0,0.9299065420560747,0.9128440366972477,0.9476190476190476,420.0,0.9195121951219513,0.9425,0.8976190476190476,420.0,0.9316037735849058,0.9228971962616822,0.9404761904761905,420.0,0.9350961538461539,0.9441747572815534,0.9261904761904762,420.0,0.9785202863961813,0.9808612440191388,0.9761904761904762,420.0,0.9676646706586827,0.9734939759036144,0.9619047619047619,420.0,0.9071170084439083,0.9193154034229829,0.8952380952380953,420.0,0.9308755760368663,0.9017857142857143,0.9619047619047619,420.0,0.9193742478941036,0.9294403892944039,0.9095238095238095,420.0,0.9158653846153846,0.9247572815533981,0.9071428571428571,420.0,0.9688249400479616,0.9758454106280193,0.9619047619047619,420.0,0.9726516052318668,0.9714964370546318,0.9738095238095238,420.0,0.9809976247030878,0.9786729857819905,0.9833333333333333,420.0,0.6363636363636365,0.6232876712328768,0.65,420.0,0.7364438839848677,0.7828418230563002,0.6952380952380952,420.0,0.9434416365824307,0.9537712895377128,0.9333333333333333,420.0,0.9307875894988067,0.9330143540669856,0.9285714285714286,420.0,0.6521739130434783,0.6617647058823529,0.6428571428571429,420.0,0.9483793517406962,0.9564164648910412,0.9404761904761905,420.0,0.9150485436893204,0.9331683168316832,0.8976190476190476,420.0,0.9323843416370108,0.9290780141843972,0.9357142857142857,420.0,0.9304556354916068,0.9371980676328503,0.9238095238095239,420.0,0.923076923076923,0.9176470588235294,0.9285714285714286,420.0,0.9685230024213076,0.9852216748768473,0.9523809523809523,420.0,0.9467455621301775,0.9411764705882353,0.9523809523809523,420.0,0.7736063708759954,0.7407407407407407,0.8095238095238095,420.0
35,0.15402451157569885,0.9400998950004578,0.35929861664772034,0.889159083366394,0.889159067882472,0.8887802923145451,0.0003000000142492354,0.3962605829997301,92120.0,232473.28639816478,0.682983682983683,0.6689497716894978,0.6976190476190476,420.0,0.9740566037735848,0.9649532710280374,0.9833333333333333,420.0,0.9612220916568742,0.9489559164733179,0.9738095238095238,420.0,0.962874251497006,0.9686746987951808,0.9571428571428572,420.0,0.9445100354191264,0.936768149882904,0.9523809523809523,420.0,0.9786223277909738,0.976303317535545,0.9809523809523809,420.0,0.6325000000000001,0.6657894736842105,0.6023809523809524,420.0,0.9334916864608076,0.9312796208530806,0.9357142857142857,420.0,0.9800235017626322,0.9675174013921114,0.9928571428571429,420.0,0.6878824969400243,0.707808564231738,0.669047619047619,420.0,0.9349112426035503,0.9294117647058824,0.9404761904761905,420.0,0.6205405405405406,0.5683168316831683,0.6833333333333333,420.0,0.9678188319427891,0.9689737470167065,0.9666666666666667,420.0,0.5264516129032258,0.5746478873239437,0.4857142857142857,420.0,0.9881516587677724,0.9834905660377359,0.9928571428571429,420.0,0.951388888888889,0.9256756756756757,0.9785714285714285,420.0,0.6747868453105969,0.6907730673316709,0.6595238095238095,420.0,0.9643705463182898,0.9620853080568721,0.9666666666666667,420.0,0.9668246445497629,0.9622641509433962,0.9714285714285714,420.0,0.983372921615202,0.981042654028436,0.9857142857142858,420.0,0.9241877256317689,0.9343065693430657,0.9142857142857143,420.0,0.9330199764982374,0.9211136890951276,0.9452380952380952,420.0,0.9126213592233011,0.9306930693069307,0.8952380952380953,420.0,0.9353701527614571,0.9234338747099768,0.9476190476190476,420.0,0.9334945586457074,0.9484029484029484,0.919047619047619,420.0,0.9785202863961813,0.9808612440191388,0.9761904761904762,420.0,0.9688995215311006,0.9735576923076923,0.9642857142857143,420.0,0.9036860879904876,0.9026128266033254,0.9047619047619048,420.0,0.9273356401384083,0.8993288590604027,0.9571428571428572,420.0,0.917562724014337,0.920863309352518,0.9142857142857143,420.0,0.9232643118148599,0.9451371571072319,0.9023809523809524,420.0,0.9699157641395908,0.9805352798053528,0.9595238095238096,420.0,0.9716312056737589,0.9647887323943662,0.9785714285714285,420.0,0.9786223277909738,0.976303317535545,0.9809523809523809,420.0,0.6545454545454545,0.6260869565217392,0.6857142857142857,420.0,0.7425742574257426,0.7731958762886598,0.7142857142857143,420.0,0.943577430972389,0.9515738498789347,0.9357142857142857,420.0,0.9317365269461078,0.9373493975903614,0.9261904761904762,420.0,0.6552984165651643,0.6708229426433915,0.6404761904761904,420.0,0.947242206235012,0.9541062801932367,0.9404761904761905,420.0,0.9191797346200242,0.9315403422982885,0.9071428571428571,420.0,0.934782608695652,0.9485294117647058,0.9214285714285714,420.0,0.9284009546539379,0.930622009569378,0.9261904761904762,420.0,0.9263157894736842,0.9103448275862069,0.9428571428571428,420.0,0.9722557297949337,0.9853300733496333,0.9595238095238096,420.0,0.9466192170818505,0.9432624113475178,0.95,420.0,0.7752293577981652,0.7477876106194691,0.8047619047619048,420.0
36,0.15321221947669983,0.9403061270713806,0.3591727614402771,0.8899189233779907,0.8899189463019251,0.8893662910721004,0.0003000000142492354,0.3996391670002595,92120.0,230507.93717608813,0.7211328976034859,0.6646586345381527,0.7880952380952381,420.0,0.9727810650887575,0.9670588235294117,0.9785714285714285,420.0,0.9588719153936545,0.9466357308584686,0.9714285714285714,420.0,0.9593301435406699,0.9639423076923077,0.9547619047619048,420.0,0.9429569266589057,0.9225512528473804,0.9642857142857143,420.0,0.9785714285714285,0.9785714285714285,0.9785714285714285,420.0,0.6210526315789473,0.6941176470588235,0.5619047619047619,420.0,0.9371293001186239,0.933806146572104,0.9404761904761905,420.0,0.9776733254994124,0.9651972157772621,0.9904761904761905,420.0,0.6640826873385013,0.7259887005649718,0.611904761904762,420.0,0.9334916864608076,0.9312796208530806,0.9357142857142857,420.0,0.6157158234660927,0.5618860510805501,0.680952380952381,420.0,0.9702026221692491,0.9713603818615751,0.969047619047619,420.0,0.538083538083538,0.5558375634517766,0.5214285714285715,420.0,0.9893238434163701,0.9858156028368794,0.9928571428571429,420.0,0.9493087557603686,0.9196428571428571,0.9809523809523809,420.0,0.6675531914893617,0.7560240963855421,0.5976190476190476,420.0,0.9643705463182898,0.9620853080568721,0.9666666666666667,420.0,0.9633136094674556,0.9576470588235294,0.969047619047619,420.0,0.9845422116527943,0.9833729216152018,0.9857142857142858,420.0,0.9339735894357742,0.9418886198547215,0.9261904761904762,420.0,0.9294117647058823,0.9186046511627907,0.9404761904761905,420.0,0.9170731707317075,0.94,0.8952380952380953,420.0,0.933806146572104,0.9272300469483568,0.9404761904761905,420.0,0.9338146811070999,0.9440389294403893,0.9238095238095239,420.0,0.9785202863961813,0.9808612440191388,0.9761904761904762,420.0,0.969047619047619,0.969047619047619,0.969047619047619,420.0,0.9045346062052506,0.9066985645933014,0.9023809523809524,420.0,0.9298043728423475,0.8997772828507795,0.9619047619047619,420.0,0.9158653846153846,0.9247572815533981,0.9071428571428571,420.0,0.9197080291970803,0.9402985074626866,0.9,420.0,0.970059880239521,0.9759036144578314,0.9642857142857143,420.0,0.9704840613931521,0.9625292740046838,0.9785714285714285,420.0,0.9809976247030878,0.9786729857819905,0.9833333333333333,420.0,0.6739367502726281,0.6217303822937625,0.7357142857142858,420.0,0.742857142857143,0.7766233766233767,0.7119047619047619,420.0,0.9423076923076923,0.9514563106796117,0.9333333333333333,420.0,0.931899641577061,0.935251798561151,0.9285714285714286,420.0,0.650990099009901,0.6778350515463918,0.6261904761904762,420.0,0.9485029940119761,0.9542168674698795,0.9428571428571428,420.0,0.9173652694610778,0.9228915662650602,0.9119047619047619,420.0,0.933655006031363,0.9462102689486552,0.9214285714285714,420.0,0.9368295589988082,0.9379474940334129,0.9357142857142857,420.0,0.9284876905041032,0.9145496535796767,0.9428571428571428,420.0,0.9685230024213076,0.9852216748768473,0.9523809523809523,420.0,0.9476190476190476,0.9476190476190476,0.9476190476190476,420.0,0.780652418447694,0.7398720682302772,0.8261904761904761,420.0
37,0.15244272351264954,0.9400455951690674,0.35950735211372375,0.8893616795539856,0.8893617021276596,0.8891878562392199,0.0003000000142492354,0.40594099999998434,92120.0,226929.52916804055,0.7042889390519188,0.6695278969957081,0.7428571428571429,420.0,0.9727164887307236,0.9692671394799054,0.9761904761904762,420.0,0.9612220916568742,0.9489559164733179,0.9738095238095238,420.0,0.9604790419161676,0.9662650602409638,0.9547619047619048,420.0,0.9424206815511165,0.9303944315545244,0.9547619047619048,420.0,0.9774614472123369,0.9739952718676123,0.9809523809523809,420.0,0.6323713927227101,0.6684350132625995,0.6,420.0,0.9395017793594306,0.9361702127659575,0.9428571428571428,420.0,0.9788732394366197,0.9652777777777778,0.9928571428571429,420.0,0.6666666666666666,0.71900826446281,0.6214285714285714,420.0,0.934445768772348,0.9355608591885441,0.9333333333333333,420.0,0.6072684642438452,0.5981524249422633,0.6166666666666667,420.0,0.969047619047619,0.969047619047619,0.969047619047619,420.0,0.5591882750845546,0.5310492505353319,0.5904761904761905,420.0,0.9893238434163701,0.9858156028368794,0.9928571428571429,420.0,0.9502890173410405,0.9235955056179775,0.9785714285714285,420.0,0.6759142496847415,0.7184986595174263,0.638095238095238,420.0,0.9644549763033176,0.9599056603773585,0.969047619047619,420.0,0.9667458432304038,0.9644549763033176,0.969047619047619,420.0,0.983372921615202,0.981042654028436,0.9857142857142858,420.0,0.929510155316607,0.9328537170263789,0.9261904761904762,420.0,0.9342723004694835,0.9212962962962963,0.9476190476190476,420.0,0.913939393939394,0.9308641975308642,0.8976190476190476,420.0,0.9352179034157831,0.9254079254079254,0.9452380952380952,420.0,0.934782608695652,0.9485294117647058,0.9214285714285714,420.0,0.9785202863961813,0.9808612440191388,0.9761904761904762,420.0,0.9665071770334929,0.9711538461538461,0.9619047619047619,420.0,0.9090909090909091,0.9134615384615384,0.9047619047619048,420.0,0.9307159353348731,0.9035874439461884,0.9595238095238096,420.0,0.915576694411415,0.9144893111638955,0.9166666666666666,420.0,0.9160671462829736,0.9227053140096618,0.9095238095238095,420.0,0.9712230215827338,0.9782608695652174,0.9642857142857143,420.0,0.9691211401425178,0.966824644549763,0.9714285714285714,420.0,0.9775147928994082,0.971764705882353,0.9833333333333333,420.0,0.6568516421291053,0.6263498920086393,0.6904761904761905,420.0,0.7377666248431619,0.7798408488063661,0.7,420.0,0.9434416365824307,0.9537712895377128,0.9333333333333333,420.0,0.931899641577061,0.935251798561151,0.9285714285714286,420.0,0.6493827160493827,0.6743589743589744,0.6261904761904762,420.0,0.947242206235012,0.9541062801932367,0.9404761904761905,420.0,0.9217809867629362,0.9318734793187348,0.9119047619047619,420.0,0.9375,0.9466019417475728,0.9285714285714286,420.0,0.9315726290516207,0.9394673123486683,0.9238095238095239,420.0,0.9236276849642004,0.9258373205741627,0.9214285714285714,420.0,0.9722557297949337,0.9853300733496333,0.9595238095238096,420.0,0.9464922711058265,0.9453681710213777,0.9476190476190476,420.0,0.7739032620922385,0.7334754797441365,0.819047619047619,420.0
38,0.15181022882461548,0.9400889873504639,0.36105185747146606,0.8888550996780396,0.8888551165146908,0.8883603745895954,0.0003000000142492354,0.39676058299983197,92120.0,232180.32220715587,0.705084745762712,0.6709677419354839,0.7428571428571429,420.0,0.9727810650887575,0.9670588235294117,0.9785714285714285,420.0,0.9601873536299766,0.9447004608294931,0.9761904761904762,420.0,0.9594272076372317,0.9617224880382775,0.9571428571428572,420.0,0.9439252336448597,0.926605504587156,0.9619047619047619,420.0,0.9786729857819905,0.9740566037735849,0.9833333333333333,420.0,0.6570155902004455,0.6171548117154811,0.7023809523809523,420.0,0.9380952380952381,0.9380952380952381,0.9380952380952381,420.0,0.977725674091442,0.9630484988452656,0.9928571428571429,420.0,0.6830466830466829,0.7055837563451777,0.6619047619047619,420.0,0.934445768772348,0.9355608591885441,0.9333333333333333,420.0,0.6180631120783461,0.5691382765531062,0.6761904761904762,420.0,0.969047619047619,0.969047619047619,0.969047619047619,420.0,0.5348542458808617,0.5718157181571816,0.5023809523809524,420.0,0.9893238434163701,0.9858156028368794,0.9928571428571429,420.0,0.9502890173410405,0.9235955056179775,0.9785714285714285,420.0,0.6759847522236341,0.7247956403269755,0.6333333333333333,420.0,0.9644549763033176,0.9599056603773585,0.969047619047619,420.0,0.9610389610389609,0.9531615925058547,0.969047619047619,420.0,0.9822064056939502,0.9787234042553191,0.9857142857142858,420.0,0.9287410926365796,0.9265402843601895,0.930952380952381,420.0,0.9306698002350176,0.9187935034802784,0.9428571428571428,420.0,0.9172749391727493,0.9378109452736318,0.8976190476190476,420.0,0.9327036599763872,0.9250585480093677,0.9404761904761905,420.0,0.932853717026379,0.9396135265700483,0.9261904761904762,420.0,0.9785202863961813,0.9808612440191388,0.9761904761904762,420.0,0.967741935483871,0.9712230215827338,0.9642857142857143,420.0,0.9097472924187726,0.9197080291970803,0.9,420.0,0.9285714285714286,0.8995535714285714,0.9595238095238096,420.0,0.9206730769230769,0.9296116504854369,0.9119047619047619,420.0,0.9242053789731052,0.949748743718593,0.9,420.0,0.9711538461538461,0.9805825242718447,0.9619047619047619,420.0,0.9691211401425178,0.966824644549763,0.9714285714285714,420.0,0.9786729857819905,0.9740566037735849,0.9833333333333333,420.0,0.5923076923076923,0.6416666666666667,0.55,420.0,0.7401774397972116,0.7913279132791328,0.6952380952380952,420.0,0.9434416365824307,0.9537712895377128,0.9333333333333333,420.0,0.931899641577061,0.935251798561151,0.9285714285714286,420.0,0.6504854368932038,0.6633663366336634,0.638095238095238,420.0,0.947242206235012,0.9541062801932367,0.9404761904761905,420.0,0.9186602870813396,0.9230769230769231,0.9142857142857143,420.0,0.9362214199759324,0.9464720194647201,0.9261904761904762,420.0,0.9286577992744861,0.9434889434889435,0.9142857142857143,420.0,0.9274004683840749,0.9124423963133641,0.9428571428571428,420.0,0.9685230024213076,0.9852216748768473,0.9523809523809523,420.0,0.949232585596222,0.9414519906323185,0.9571428571428572,420.0,0.7723669309173273,0.7365010799136069,0.8119047619047619,420.0
39,0.15113107860088348,0.940338671207428,0.36160433292388916,0.8887537717819214,0.8887537993920974,0.8885221347247875,0.0003000000142492354,0.40156245900016074,92120.0,229403.91447289928,0.7046979865771812,0.6645569620253164,0.75,420.0,0.9752066115702478,0.9672131147540983,0.9833333333333333,420.0,0.9612220916568742,0.9489559164733179,0.9738095238095238,420.0,0.963855421686747,0.975609756097561,0.9523809523809523,420.0,0.9413145539906104,0.9282407407407407,0.9547619047619048,420.0,0.9785714285714285,0.9785714285714285,0.9785714285714285,420.0,0.6409638554216867,0.6487804878048781,0.6333333333333333,420.0,0.9397874852420307,0.9320843091334895,0.9476190476190476,420.0,0.9788732394366197,0.9652777777777778,0.9928571428571429,420.0,0.6587926509186351,0.7339181286549707,0.5976190476190476,420.0,0.9307875894988067,0.9330143540669856,0.9285714285714286,420.0,0.6135881104033971,0.553639846743295,0.6880952380952381,420.0,0.969047619047619,0.969047619047619,0.969047619047619,420.0,0.5390243902439024,0.5525,0.5261904761904762,420.0,0.9893238434163701,0.9858156028368794,0.9928571428571429,420.0,0.9491916859122401,0.92152466367713,0.9785714285714285,420.0,0.669220945083014,0.721763085399449,0.6238095238095238,420.0,0.9655990510083036,0.9621749408983451,0.969047619047619,420.0,0.9644549763033176,0.9599056603773585,0.969047619047619,420.0,0.9845422116527943,0.9833729216152018,0.9857142857142858,420.0,0.9284848484848485,0.945679012345679,0.9119047619047619,420.0,0.9324009324009324,0.91324200913242,0.9523809523809523,420.0,0.9125748502994012,0.9180722891566265,0.9071428571428571,420.0,0.933806146572104,0.9272300469483568,0.9404761904761905,420.0,0.9342891278375149,0.9376498800959233,0.930952380952381,420.0,0.9785202863961813,0.9808612440191388,0.9761904761904762,420.0,0.967741935483871,0.9712230215827338,0.9642857142857143,420.0,0.9084337349397591,0.9195121951219513,0.8976190476190476,420.0,0.9264877479579929,0.9084668192219679,0.9452380952380952,420.0,0.919952210274791,0.9232613908872902,0.9166666666666666,420.0,0.9189842805320435,0.9336609336609336,0.9047619047619048,420.0,0.973621103117506,0.9806763285024155,0.9666666666666667,420.0,0.9728453364817001,0.9648711943793911,0.9809523809523809,420.0,0.9798339264531436,0.9763593380614657,0.9833333333333333,420.0,0.63689776733255,0.62877030162413,0.6452380952380953,420.0,0.7405541561712846,0.786096256684492,0.7,420.0,0.9421686746987952,0.9536585365853658,0.930952380952381,420.0,0.9307875894988067,0.9330143540669856,0.9285714285714286,420.0,0.6486486486486486,0.6700507614213198,0.6285714285714286,420.0,0.9485029940119761,0.9542168674698795,0.9428571428571428,420.0,0.9200968523002421,0.9359605911330049,0.9047619047619048,420.0,0.936374549819928,0.9443099273607748,0.9285714285714286,420.0,0.9325443786982249,0.9270588235294117,0.9380952380952381,420.0,0.9263657957244655,0.9241706161137441,0.9285714285714286,420.0,0.9685230024213076,0.9852216748768473,0.9523809523809523,420.0,0.9500000000000001,0.95,0.95,420.0,0.7730337078651686,0.7319148936170212,0.819047619047619,420.0
40,0.15040640532970428,0.9410660266876221,0.3624889552593231,0.8888550996780396,0.8888551165146908,0.8885592670841881,0.0003000000142492354,0.4015044160000798,92120.0,229437.0779722176,0.6966551326412918,0.6756152125279642,0.719047619047619,420.0,0.9714964370546318,0.9691943127962085,0.9738095238095238,420.0,0.9601873536299766,0.9447004608294931,0.9761904761904762,420.0,0.961352657004831,0.9754901960784313,0.9476190476190476,420.0,0.9417249417249418,0.9223744292237442,0.9619047619047619,420.0,0.9774078478002378,0.9762470308788599,0.9785714285714285,420.0,0.6320987654320989,0.6564102564102564,0.6095238095238096,420.0,0.9342891278375149,0.9376498800959233,0.930952380952381,420.0,0.9776733254994124,0.9651972157772621,0.9904761904761905,420.0,0.6675191815856778,0.7209944751381215,0.6214285714285714,420.0,0.9357142857142857,0.9357142857142857,0.9357142857142857,420.0,0.6185344827586207,0.5649606299212598,0.6833333333333333,420.0,0.9702026221692491,0.9713603818615751,0.969047619047619,420.0,0.5351418002466092,0.5549872122762148,0.5166666666666667,420.0,0.990498812351544,0.9881516587677726,0.9928571428571429,420.0,0.9493087557603686,0.9196428571428571,0.9809523809523809,420.0,0.6807980049875312,0.7146596858638743,0.65,420.0,0.9655990510083036,0.9621749408983451,0.969047619047619,420.0,0.965680473372781,0.96,0.9714285714285714,420.0,0.9845422116527943,0.9833729216152018,0.9857142857142858,420.0,0.930622009569378,0.9350961538461539,0.9261904761904762,420.0,0.9325581395348838,0.9113636363636364,0.9547619047619048,420.0,0.9119420989143546,0.9242053789731052,0.9,420.0,0.936470588235294,0.9255813953488372,0.9476190476190476,420.0,0.9357575757575758,0.9530864197530864,0.919047619047619,420.0,0.9785202863961813,0.9808612440191388,0.9761904761904762,420.0,0.9678953626634959,0.9667458432304038,0.969047619047619,420.0,0.9088729016786571,0.9154589371980676,0.9023809523809524,420.0,0.9255813953488372,0.9045454545454545,0.9476190476190476,420.0,0.911032028469751,0.9078014184397163,0.9142857142857143,420.0,0.9191797346200242,0.9315403422982885,0.9071428571428571,420.0,0.9712918660287081,0.9759615384615384,0.9666666666666667,420.0,0.9716981132075471,0.9626168224299065,0.9809523809523809,420.0,0.9809976247030878,0.9786729857819905,0.9833333333333333,420.0,0.6473988439306357,0.6292134831460674,0.6666666666666666,420.0,0.7312101910828025,0.7863013698630137,0.6833333333333333,420.0,0.9459783913565426,0.9539951573849879,0.9380952380952381,420.0,0.931899641577061,0.935251798561151,0.9285714285714286,420.0,0.6555819477434679,0.6540284360189573,0.6571428571428571,420.0,0.9473684210526315,0.9519230769230769,0.9428571428571428,420.0,0.9215922798552473,0.9339853300733496,0.9095238095238095,420.0,0.9400479616306954,0.9468599033816425,0.9333333333333333,420.0,0.930622009569378,0.9350961538461539,0.9261904761904762,420.0,0.9239904988123515,0.9218009478672986,0.9261904761904762,420.0,0.9685230024213076,0.9852216748768473,0.9523809523809523,420.0,0.9491124260355029,0.9435294117647058,0.9547619047619048,420.0,0.7701149425287357,0.7444444444444445,0.7976190476190477,420.0
41,0.1496046632528305,0.9409574270248413,0.3630523681640625,0.8890577554702759,0.8890577507598784,0.8886913170519092,0.0003000000142492354,0.4055710000002364,92120.0,227136.55562144806,0.6753246753246752,0.6697892271662763,0.680952380952381,420.0,0.9740566037735848,0.9649532710280374,0.9833333333333333,420.0,0.9588719153936545,0.9466357308584686,0.9714285714285714,420.0,0.9604790419161676,0.9662650602409638,0.9547619047619048,420.0,0.9435294117647058,0.9325581395348838,0.9547619047619048,420.0,0.9786223277909738,0.976303317535545,0.9809523809523809,420.0,0.6211340206185567,0.6769662921348315,0.5738095238095238,420.0,0.9392133492252681,0.9403341288782816,0.9380952380952381,420.0,0.9811764705882353,0.9697674418604652,0.9928571428571429,420.0,0.6790123456790124,0.7051282051282052,0.6547619047619048,420.0,0.9322235434007135,0.9311163895486936,0.9333333333333333,420.0,0.6229508196721312,0.5757575757575758,0.6785714285714286,420.0,0.9689737470167064,0.9712918660287081,0.9666666666666667,420.0,0.5395232120451694,0.5702917771883289,0.5119047619047619,420.0,0.9893491124260356,0.9835294117647059,0.9952380952380953,420.0,0.9490740740740741,0.9234234234234234,0.9761904761904762,420.0,0.6754807692307693,0.6820388349514563,0.669047619047619,420.0,0.9655990510083036,0.9621749408983451,0.969047619047619,420.0,0.9644549763033176,0.9599056603773585,0.969047619047619,420.0,0.9845422116527943,0.9833729216152018,0.9857142857142858,420.0,0.9282296650717704,0.9326923076923077,0.9238095238095239,420.0,0.9308323563892145,0.9168591224018475,0.9452380952380952,420.0,0.9159561510353227,0.9376558603491272,0.8952380952380953,420.0,0.9331770222743259,0.9191685912240185,0.9476190476190476,420.0,0.937046004842615,0.9532019704433498,0.9214285714285714,420.0,0.9785202863961813,0.9808612440191388,0.9761904761904762,420.0,0.9665871121718377,0.9688995215311005,0.9642857142857143,420.0,0.9058402860548271,0.9069212410501193,0.9047619047619048,420.0,0.9285714285714286,0.8995535714285714,0.9595238095238096,420.0,0.9184652278177458,0.9251207729468599,0.9119047619047619,420.0,0.9178743961352657,0.9313725490196079,0.9047619047619048,420.0,0.9712918660287081,0.9759615384615384,0.9666666666666667,420.0,0.9704840613931521,0.9625292740046838,0.9785714285714285,420.0,0.9798339264531436,0.9763593380614657,0.9833333333333333,420.0,0.662251655629139,0.6172839506172839,0.7142857142857143,420.0,0.7406451612903225,0.8084507042253521,0.6833333333333333,420.0,0.9434416365824307,0.9537712895377128,0.9333333333333333,420.0,0.9307875894988067,0.9330143540669856,0.9285714285714286,420.0,0.655940594059406,0.6829896907216495,0.6309523809523809,420.0,0.9471153846153847,0.9563106796116505,0.9380952380952381,420.0,0.9189842805320435,0.9336609336609336,0.9047619047619048,420.0,0.933655006031363,0.9462102689486552,0.9214285714285714,420.0,0.9291716686674669,0.937046004842615,0.9214285714285714,420.0,0.9252669039145908,0.9219858156028369,0.9285714285714286,420.0,0.9685230024213076,0.9852216748768473,0.9523809523809523,420.0,0.9489916963226571,0.9456264775413712,0.9523809523809523,420.0,0.7774158523344191,0.7145708582834331,0.8523809523809524,420.0
42,0.14903508126735687,0.9414350986480713,0.3636278808116913,0.8895643353462219,0.889564336372847,0.8890826551944235,0.0003000000142492354,0.3937963339999442,92120.0,233928.02839046504,0.6955530216647663,0.6673960612691466,0.7261904761904762,420.0,0.9752066115702478,0.9672131147540983,0.9833333333333333,420.0,0.95906432748538,0.9425287356321839,0.9761904761904762,420.0,0.9640287769784173,0.9710144927536232,0.9571428571428572,420.0,0.9435294117647058,0.9325581395348838,0.9547619047619048,420.0,0.9762470308788598,0.9739336492890995,0.9785714285714285,420.0,0.6209573091849935,0.6798866855524079,0.5714285714285714,420.0,0.9346016646848989,0.9334916864608076,0.9357142857142857,420.0,0.977725674091442,0.9630484988452656,0.9928571428571429,420.0,0.6649282920469362,0.7348703170028819,0.6071428571428571,420.0,0.9346016646848989,0.9334916864608076,0.9357142857142857,420.0,0.629514963880289,0.5555555555555556,0.7261904761904762,420.0,0.969047619047619,0.969047619047619,0.969047619047619,420.0,0.5318066157760815,0.5710382513661202,0.4976190476190476,420.0,0.9893238434163701,0.9858156028368794,0.9928571428571429,420.0,0.9504036908881199,0.9217002237136466,0.9809523809523809,420.0,0.6733416770963704,0.7097625329815304,0.6404761904761904,420.0,0.9644549763033176,0.9599056603773585,0.969047619047619,420.0,0.9668246445497629,0.9622641509433962,0.9714285714285714,420.0,0.9845422116527943,0.9833729216152018,0.9857142857142858,420.0,0.9271844660194175,0.9455445544554455,0.9095238095238095,420.0,0.9319248826291079,0.9189814814814815,0.9452380952380952,420.0,0.9141475211608222,0.9287469287469288,0.9,420.0,0.9349112426035503,0.9294117647058824,0.9404761904761905,420.0,0.932853717026379,0.9396135265700483,0.9261904761904762,420.0,0.9785202863961813,0.9808612440191388,0.9761904761904762,420.0,0.970059880239521,0.9759036144578314,0.9642857142857143,420.0,0.9066985645933013,0.9110576923076923,0.9023809523809524,420.0,0.9291521486643438,0.9070294784580499,0.9523809523809523,420.0,0.9171668667466986,0.9249394673123487,0.9095238095238095,420.0,0.9200968523002421,0.9359605911330049,0.9047619047619048,420.0,0.9712230215827338,0.9782608695652174,0.9642857142857143,420.0,0.9716981132075471,0.9626168224299065,0.9809523809523809,420.0,0.9809976247030878,0.9786729857819905,0.9833333333333333,420.0,0.6651933701657458,0.6206185567010309,0.7166666666666667,420.0,0.7404674046740467,0.7659033078880407,0.7166666666666667,420.0,0.9459783913565426,0.9539951573849879,0.9380952380952381,420.0,0.9330143540669856,0.9375,0.9285714285714286,420.0,0.6515723270440252,0.6906666666666667,0.6166666666666667,420.0,0.9469879518072288,0.9585365853658536,0.9357142857142857,420.0,0.920863309352518,0.927536231884058,0.9142857142857143,420.0,0.933655006031363,0.9462102689486552,0.9214285714285714,420.0,0.9314420803782506,0.9248826291079812,0.9380952380952381,420.0,0.9263657957244655,0.9241706161137441,0.9285714285714286,420.0,0.9685230024213076,0.9852216748768473,0.9523809523809523,420.0,0.949232585596222,0.9414519906323185,0.9571428571428572,420.0,0.78125,0.7352941176470589,0.8333333333333334,420.0
43,0.148339182138443,0.9419127106666565,0.36465421319007874,0.8890577554702759,0.8890577507598784,0.8884504505054607,0.0003000000142492354,0.39791058299988435,92120.0,231509.29866076665,0.7152173913043478,0.658,0.7833333333333333,420.0,0.9739952718676123,0.9671361502347418,0.9809523809523809,420.0,0.9588719153936545,0.9466357308584686,0.9714285714285714,420.0,0.9651022864019255,0.975669099756691,0.9547619047619048,420.0,0.9407665505226481,0.9183673469387755,0.9642857142857143,420.0,0.9761904761904762,0.9761904761904762,0.9761904761904762,420.0,0.6256281407035176,0.6622340425531915,0.5928571428571429,420.0,0.9380952380952381,0.9380952380952381,0.9380952380952381,420.0,0.9776207302709069,0.9673659673659674,0.9880952380952381,420.0,0.6824408468244084,0.7154046997389034,0.6523809523809524,420.0,0.9305064782096585,0.9207459207459208,0.9404761904761905,420.0,0.6362694300518135,0.563302752293578,0.7309523809523809,420.0,0.969047619047619,0.969047619047619,0.969047619047619,420.0,0.536,0.6090909090909091,0.4785714285714286,420.0,0.9893238434163701,0.9858156028368794,0.9928571428571429,420.0,0.9480968858131488,0.9194630872483222,0.9785714285714285,420.0,0.6586666666666666,0.7484848484848485,0.5880952380952381,420.0,0.9655990510083036,0.9621749408983451,0.969047619047619,420.0,0.9667458432304038,0.9644549763033176,0.969047619047619,420.0,0.9845422116527943,0.9833729216152018,0.9857142857142858,420.0,0.9234393404004713,0.9137529137529138,0.9333333333333333,420.0,0.9306698002350176,0.9187935034802784,0.9428571428571428,420.0,0.9077844311377247,0.9132530120481928,0.9023809523809524,420.0,0.9330199764982374,0.9211136890951276,0.9452380952380952,420.0,0.933655006031363,0.9462102689486552,0.9214285714285714,420.0,0.9785202863961813,0.9808612440191388,0.9761904761904762,420.0,0.9665871121718377,0.9688995215311005,0.9642857142857143,420.0,0.9062500000000001,0.9150485436893204,0.8976190476190476,420.0,0.9263157894736842,0.9103448275862069,0.9428571428571428,420.0,0.9179548156956006,0.9168646080760094,0.919047619047619,420.0,0.9178743961352657,0.9313725490196079,0.9047619047619048,420.0,0.9698431845597105,0.9828850855745721,0.9571428571428572,420.0,0.9716981132075471,0.9626168224299065,0.9809523809523809,420.0,0.9774614472123369,0.9739952718676123,0.9809523809523809,420.0,0.6500566251415628,0.6198704103671706,0.6833333333333333,420.0,0.7355473554735547,0.7608142493638677,0.7119047619047619,420.0,0.9483793517406962,0.9564164648910412,0.9404761904761905,420.0,0.9339735894357742,0.9418886198547215,0.9261904761904762,420.0,0.6503667481662591,0.6683417085427136,0.6333333333333333,420.0,0.9483793517406962,0.9564164648910412,0.9404761904761905,420.0,0.920863309352518,0.927536231884058,0.9142857142857143,420.0,0.9365269461077844,0.9421686746987952,0.930952380952381,420.0,0.921951219512195,0.945,0.9,420.0,0.9274673008323424,0.9263657957244655,0.9285714285714286,420.0,0.9685230024213076,0.9852216748768473,0.9523809523809523,420.0,0.9478672985781991,0.9433962264150944,0.9523809523809523,420.0,0.7674684994272624,0.739514348785872,0.7976190476190477,420.0
44,0.14786428213119507,0.9414784908294678,0.365553081035614,0.888145923614502,0.8881458966565349,0.8879255785627557,0.0003000000142492354,0.4077180419999422,92120.0,225940.45519332954,0.7011235955056179,0.6638297872340425,0.7428571428571429,420.0,0.9727810650887575,0.9670588235294117,0.9785714285714285,420.0,0.9614035087719298,0.9448275862068966,0.9785714285714285,420.0,0.9593301435406699,0.9639423076923077,0.9547619047619048,420.0,0.9413145539906104,0.9282407407407407,0.9547619047619048,420.0,0.9751479289940828,0.9694117647058823,0.9809523809523809,420.0,0.6436233611442194,0.6443914081145584,0.6428571428571429,420.0,0.936374549819928,0.9443099273607748,0.9285714285714286,420.0,0.9776207302709069,0.9673659673659674,0.9880952380952381,420.0,0.6765799256505577,0.7054263565891473,0.65,420.0,0.932061978545888,0.9331742243436754,0.930952380952381,420.0,0.6177437020810516,0.5720081135902637,0.6714285714285714,420.0,0.9678188319427891,0.9689737470167065,0.9666666666666667,420.0,0.5434243176178659,0.5673575129533679,0.5214285714285715,420.0,0.9905213270142179,0.9858490566037735,0.9952380952380953,420.0,0.9502890173410405,0.9235955056179775,0.9785714285714285,420.0,0.6717363751584284,0.7181571815718157,0.6309523809523809,420.0,0.9644549763033176,0.9599056603773585,0.969047619047619,420.0,0.9643705463182898,0.9620853080568721,0.9666666666666667,420.0,0.9845422116527943,0.9833729216152018,0.9857142857142858,420.0,0.927810650887574,0.9223529411764706,0.9333333333333333,420.0,0.9319248826291079,0.9189814814814815,0.9452380952380952,420.0,0.9170731707317075,0.94,0.8952380952380953,420.0,0.9327036599763872,0.9250585480093677,0.9404761904761905,420.0,0.932853717026379,0.9396135265700483,0.9261904761904762,420.0,0.9785202863961813,0.9808612440191388,0.9761904761904762,420.0,0.9688995215311006,0.9735576923076923,0.9642857142857143,420.0,0.9088729016786571,0.9154589371980676,0.9023809523809524,420.0,0.9273356401384083,0.8993288590604027,0.9571428571428572,420.0,0.918854415274463,0.9210526315789473,0.9166666666666666,420.0,0.9156626506024096,0.926829268292683,0.9047619047619048,420.0,0.96875,0.9781553398058253,0.9595238095238096,420.0,0.9727810650887575,0.9670588235294117,0.9785714285714285,420.0,0.9798339264531436,0.9763593380614657,0.9833333333333333,420.0,0.6308243727598566,0.6330935251798561,0.6285714285714286,420.0,0.73,0.7684210526315789,0.6952380952380952,420.0,0.944578313253012,0.9560975609756097,0.9333333333333333,420.0,0.9330143540669856,0.9375,0.9285714285714286,420.0,0.6506024096385543,0.6585365853658537,0.6428571428571429,420.0,0.9469879518072288,0.9585365853658536,0.9357142857142857,420.0,0.9221556886227544,0.927710843373494,0.9166666666666666,420.0,0.9339735894357742,0.9418886198547215,0.9261904761904762,420.0,0.9262394195888755,0.941031941031941,0.9119047619047619,420.0,0.9207100591715977,0.9152941176470588,0.9261904761904762,420.0,0.9685230024213076,0.9852216748768473,0.9523809523809523,420.0,0.9478672985781991,0.9433962264150944,0.9523809523809523,420.0,0.7628865979381443,0.7350993377483444,0.7928571428571428,420.0
45,0.14721550047397614,0.9421298503875732,0.36518988013267517,0.8892097473144531,0.8892097264437688,0.888848246367518,0.0003000000142492354,0.4013095830000566,92120.0,229548.46807131195,0.6936416184971098,0.6741573033707865,0.7142857142857143,420.0,0.9739952718676123,0.9671361502347418,0.9809523809523809,420.0,0.9603729603729603,0.9406392694063926,0.9809523809523809,420.0,0.9616306954436451,0.9685990338164251,0.9547619047619048,420.0,0.9426900584795321,0.9264367816091954,0.9595238095238096,420.0,0.976303317535545,0.9716981132075472,0.9809523809523809,420.0,0.6402877697841727,0.644927536231884,0.6357142857142857,420.0,0.9382422802850356,0.9360189573459715,0.9404761904761905,420.0,0.9788732394366197,0.9652777777777778,0.9928571428571429,420.0,0.6759847522236341,0.7247956403269755,0.6333333333333333,420.0,0.9316037735849058,0.9228971962616822,0.9404761904761905,420.0,0.6158868335146899,0.5671342685370742,0.6738095238095239,420.0,0.9678188319427891,0.9689737470167065,0.9666666666666667,420.0,0.5407407407407407,0.5615384615384615,0.5214285714285715,420.0,0.9893238434163701,0.9858156028368794,0.9928571428571429,420.0,0.9504036908881199,0.9217002237136466,0.9809523809523809,420.0,0.6799007444168734,0.7098445595854922,0.6523809523809524,420.0,0.9655990510083036,0.9621749408983451,0.969047619047619,420.0,0.9668246445497629,0.9622641509433962,0.9714285714285714,420.0,0.983372921615202,0.981042654028436,0.9857142857142858,420.0,0.9314079422382672,0.9416058394160584,0.9214285714285714,420.0,0.9309941520467836,0.9149425287356322,0.9476190476190476,420.0,0.9152542372881356,0.9310344827586207,0.9,420.0,0.933649289099526,0.9292452830188679,0.9380952380952381,420.0,0.932853717026379,0.9396135265700483,0.9261904761904762,420.0,0.9785202863961813,0.9808612440191388,0.9761904761904762,420.0,0.9688995215311006,0.9735576923076923,0.9642857142857143,420.0,0.9077844311377247,0.9132530120481928,0.9023809523809524,420.0,0.9302325581395349,0.9090909090909091,0.9523809523809523,420.0,0.9157769869513641,0.9125295508274232,0.919047619047619,420.0,0.9171668667466986,0.9249394673123487,0.9095238095238095,420.0,0.9711538461538461,0.9805825242718447,0.9619047619047619,420.0,0.9704142011834319,0.9647058823529412,0.9761904761904762,420.0,0.9786223277909738,0.976303317535545,0.9809523809523809,420.0,0.6328217237308146,0.6276346604215457,0.638095238095238,420.0,0.7374999999999999,0.7763157894736842,0.7023809523809523,420.0,0.9447115384615384,0.9538834951456311,0.9357142857142857,420.0,0.9317365269461078,0.9373493975903614,0.9261904761904762,420.0,0.6559006211180124,0.6857142857142857,0.6285714285714286,420.0,0.9483793517406962,0.9564164648910412,0.9404761904761905,420.0,0.9202898550724637,0.9338235294117647,0.9071428571428571,420.0,0.9375,0.9466019417475728,0.9285714285714286,420.0,0.9333333333333333,0.9333333333333333,0.9333333333333333,420.0,0.9245508982035928,0.9301204819277108,0.919047619047619,420.0,0.9685230024213076,0.9852216748768473,0.9523809523809523,420.0,0.9491124260355029,0.9435294117647058,0.9547619047619048,420.0,0.7752808988764044,0.7340425531914894,0.8214285714285714,420.0
46,0.14659619331359863,0.9420321583747864,0.3651103377342224,0.8878926038742065,0.8878926038500505,0.8877462622643453,0.0003000000142492354,0.4003272910003943,92120.0,230111.71626545256,0.6921296296296297,0.6734234234234234,0.7119047619047619,420.0,0.9703440094899171,0.966903073286052,0.9738095238095238,420.0,0.9614035087719298,0.9448275862068966,0.9785714285714285,420.0,0.9617224880382775,0.9663461538461539,0.9571428571428572,420.0,0.9424206815511165,0.9303944315545244,0.9547619047619048,420.0,0.9762470308788598,0.9739336492890995,0.9785714285714285,420.0,0.6327543424317618,0.6606217616580311,0.6071428571428571,420.0,0.9369797859690845,0.9358669833729216,0.9380952380952381,420.0,0.9765258215962442,0.9629629629629629,0.9904761904761905,420.0,0.6623711340206186,0.7219101123595506,0.611904761904762,420.0,0.9311163895486937,0.9289099526066351,0.9333333333333333,420.0,0.6068660022148394,0.567287784679089,0.6523809523809524,420.0,0.9689737470167064,0.9712918660287081,0.9666666666666667,420.0,0.5420118343195265,0.5388235294117647,0.5452380952380952,420.0,0.9893238434163701,0.9858156028368794,0.9928571428571429,420.0,0.9491916859122401,0.92152466367713,0.9785714285714285,420.0,0.6773399014778325,0.701530612244898,0.6547619047619048,420.0,0.9655990510083036,0.9621749408983451,0.969047619047619,420.0,0.9668246445497629,0.9622641509433962,0.9714285714285714,420.0,0.983372921615202,0.981042654028436,0.9857142857142858,420.0,0.9276393831553973,0.9243498817966903,0.930952380952381,420.0,0.9297423887587822,0.9147465437788018,0.9452380952380952,420.0,0.9152542372881356,0.9310344827586207,0.9,420.0,0.9317647058823529,0.9209302325581395,0.9428571428571428,420.0,0.9314079422382672,0.9416058394160584,0.9214285714285714,420.0,0.9785202863961813,0.9808612440191388,0.9761904761904762,420.0,0.970059880239521,0.9759036144578314,0.9642857142857143,420.0,0.9034564958283671,0.9045346062052506,0.9023809523809524,420.0,0.928074245939675,0.9049773755656109,0.9523809523809523,420.0,0.9157769869513641,0.9125295508274232,0.919047619047619,420.0,0.9230769230769231,0.9473684210526315,0.9,420.0,0.9712230215827338,0.9782608695652174,0.9642857142857143,420.0,0.9704840613931521,0.9625292740046838,0.9785714285714285,420.0,0.976303317535545,0.9716981132075472,0.9809523809523809,420.0,0.6498277841561424,0.6274944567627494,0.6738095238095239,420.0,0.7335811648079307,0.7648578811369509,0.7047619047619048,420.0,0.9482551143200962,0.9586374695863747,0.9380952380952381,420.0,0.935251798561151,0.9420289855072463,0.9285714285714286,420.0,0.6520681265206812,0.6666666666666666,0.638095238095238,420.0,0.9471153846153847,0.9563106796116505,0.9380952380952381,420.0,0.9191797346200242,0.9315403422982885,0.9071428571428571,420.0,0.9338146811070999,0.9440389294403893,0.9238095238095239,420.0,0.9251207729468598,0.9387254901960784,0.9119047619047619,420.0,0.9279811097992915,0.9203747072599532,0.9357142857142857,420.0,0.9685230024213076,0.9852216748768473,0.9523809523809523,420.0,0.9501187648456056,0.9478672985781991,0.9523809523809523,420.0,0.7669345579793341,0.7405764966740577,0.7952380952380952,420.0
47,0.14587752521038055,0.9422492384910583,0.3667701184749603,0.8877912759780884,0.8877912867274571,0.8871929977097209,0.0003000000142492354,0.4005468750001455,92120.0,229985.56660806935,0.7105263157894737,0.6585365853658537,0.7714285714285715,420.0,0.9727810650887575,0.9670588235294117,0.9785714285714285,420.0,0.960093896713615,0.9467592592592593,0.9738095238095238,420.0,0.96144578313253,0.973170731707317,0.95,420.0,0.9457547169811321,0.9369158878504673,0.9547619047619048,420.0,0.9761904761904762,0.9761904761904762,0.9761904761904762,420.0,0.5972972972972972,0.690625,0.5261904761904762,420.0,0.9373493975903614,0.948780487804878,0.9261904761904762,420.0,0.9788732394366197,0.9652777777777778,0.9928571428571429,420.0,0.6666666666666667,0.7037037037037037,0.6333333333333333,420.0,0.9271206690561529,0.9304556354916067,0.9238095238095239,420.0,0.6225439503619442,0.5502742230347349,0.7166666666666667,420.0,0.9678188319427891,0.9689737470167065,0.9666666666666667,420.0,0.5256241787122208,0.5865102639296188,0.47619047619047616,420.0,0.9893238434163701,0.9858156028368794,0.9928571428571429,420.0,0.9504036908881199,0.9217002237136466,0.9809523809523809,420.0,0.6631989596879063,0.7306590257879656,0.6071428571428571,420.0,0.9644549763033176,0.9599056603773585,0.969047619047619,420.0,0.9645390070921985,0.9577464788732394,0.9714285714285714,420.0,0.9845422116527943,0.9833729216152018,0.9857142857142858,420.0,0.9223529411764705,0.9116279069767442,0.9333333333333333,420.0,0.9309941520467836,0.9149425287356322,0.9476190476190476,420.0,0.9108433734939759,0.9219512195121952,0.9,420.0,0.9323843416370108,0.9290780141843972,0.9357142857142857,420.0,0.932853717026379,0.9396135265700483,0.9261904761904762,420.0,0.9773539928486293,0.9785202863961814,0.9761904761904762,420.0,0.9676646706586827,0.9734939759036144,0.9619047619047619,420.0,0.9073405535499399,0.9172749391727494,0.8976190476190476,420.0,0.9266589057043073,0.9066059225512528,0.9476190476190476,420.0,0.9166666666666666,0.9166666666666666,0.9166666666666666,420.0,0.921951219512195,0.945,0.9,420.0,0.9712918660287081,0.9759615384615384,0.9666666666666667,420.0,0.9704840613931521,0.9625292740046838,0.9785714285714285,420.0,0.9775147928994082,0.971764705882353,0.9833333333333333,420.0,0.6709265175718849,0.6069364161849711,0.75,420.0,0.7306733167082293,0.7670157068062827,0.6976190476190476,420.0,0.9495192307692308,0.9587378640776699,0.9404761904761905,420.0,0.935251798561151,0.9420289855072463,0.9285714285714286,420.0,0.651219512195122,0.6675,0.6357142857142857,420.0,0.9483793517406962,0.9564164648910412,0.9404761904761905,420.0,0.9180722891566265,0.9292682926829269,0.9071428571428571,420.0,0.9355608591885441,0.937799043062201,0.9333333333333333,420.0,0.9181929181929182,0.9423558897243107,0.8952380952380953,420.0,0.9274004683840749,0.9124423963133641,0.9428571428571428,420.0,0.9673518742442564,0.9828009828009828,0.9523809523809523,420.0,0.9481132075471699,0.9392523364485982,0.9571428571428572,420.0,0.764505119453925,0.7320261437908496,0.8,420.0
48,0.14532533288002014,0.9419995546340942,0.36789658665657043,0.8874873518943787,0.8874873353596756,0.8872524322286495,0.0003000000142492354,0.3991536250000536,92120.0,230788.33368978582,0.6876456876456877,0.6735159817351598,0.7023809523809523,420.0,0.9691211401425178,0.966824644549763,0.9714285714285714,420.0,0.9614935822637105,0.9427917620137299,0.9809523809523809,420.0,0.9558998808104887,0.9570405727923628,0.9547619047619048,420.0,0.941588785046729,0.9243119266055045,0.9595238095238096,420.0,0.9738717339667459,0.9715639810426541,0.9761904761904762,420.0,0.6191709844559585,0.6789772727272727,0.569047619047619,420.0,0.9392133492252681,0.9403341288782816,0.9380952380952381,420.0,0.977725674091442,0.9630484988452656,0.9928571428571429,420.0,0.6733167082294265,0.7068062827225131,0.6428571428571429,420.0,0.9323843416370108,0.9290780141843972,0.9357142857142857,420.0,0.6068965517241379,0.5866666666666667,0.6285714285714286,420.0,0.9665871121718377,0.9688995215311005,0.9642857142857143,420.0,0.5475910693301999,0.5406032482598608,0.5547619047619048,420.0,0.98698224852071,0.9811764705882353,0.9928571428571429,420.0,0.9504036908881199,0.9217002237136466,0.9809523809523809,420.0,0.6765067650676506,0.6997455470737913,0.6547619047619048,420.0,0.9655990510083036,0.9621749408983451,0.969047619047619,420.0,0.9655990510083036,0.9621749408983451,0.969047619047619,420.0,0.9822064056939502,0.9787234042553191,0.9857142857142858,420.0,0.925089179548157,0.9239904988123515,0.9261904761904762,420.0,0.9290780141843971,0.9225352112676056,0.9357142857142857,420.0,0.9121540312876053,0.9221411192214112,0.9023809523809524,420.0,0.9327036599763872,0.9250585480093677,0.9404761904761905,420.0,0.9301204819277108,0.9414634146341463,0.919047619047619,420.0,0.9785202863961813,0.9808612440191388,0.9761904761904762,420.0,0.9712918660287081,0.9759615384615384,0.9666666666666667,420.0,0.9077844311377247,0.9132530120481928,0.9023809523809524,420.0,0.9252336448598131,0.908256880733945,0.9428571428571428,420.0,0.9093050647820966,0.8997668997668997,0.919047619047619,420.0,0.921951219512195,0.945,0.9,420.0,0.9724550898203592,0.9783132530120482,0.9666666666666667,420.0,0.9704142011834319,0.9647058823529412,0.9761904761904762,420.0,0.9774614472123369,0.9739952718676123,0.9809523809523809,420.0,0.6629834254143646,0.6185567010309279,0.7142857142857143,420.0,0.7297297297297298,0.7538071065989848,0.7071428571428572,420.0,0.9458483754512635,0.9562043795620438,0.9357142857142857,420.0,0.9317365269461078,0.9373493975903614,0.9261904761904762,420.0,0.6545893719806763,0.6642156862745098,0.6452380952380953,420.0,0.9459783913565426,0.9539951573849879,0.9380952380952381,420.0,0.918854415274463,0.9210526315789473,0.9166666666666666,420.0,0.9362214199759324,0.9464720194647201,0.9261904761904762,420.0,0.9238210399032648,0.9385749385749386,0.9095238095238095,420.0,0.9279811097992915,0.9203747072599532,0.9357142857142857,420.0,0.9685230024213076,0.9852216748768473,0.9523809523809523,420.0,0.9498806682577566,0.9521531100478469,0.9476190476190476,420.0,0.7613504074505238,0.744874715261959,0.7785714285714286,420.0
49,0.14475610852241516,0.942194938659668,0.3675166070461273,0.8879939317703247,0.8879939209726443,0.8878225122591451,0.0003000000142492354,0.40063829199971224,92120.0,229933.08887225928,0.7010078387458006,0.6617336152219874,0.7452380952380953,420.0,0.9727810650887575,0.9670588235294117,0.9785714285714285,420.0,0.9625292740046838,0.9470046082949308,0.9785714285714285,420.0,0.9603841536614645,0.9685230024213075,0.9523809523809523,420.0,0.9413145539906104,0.9282407407407407,0.9547619047619048,420.0,0.9762470308788598,0.9739336492890995,0.9785714285714285,420.0,0.6302414231257942,0.6757493188010899,0.5904761904761905,420.0,0.93935790725327,0.9382422802850356,0.9404761904761905,420.0,0.9788732394366197,0.9652777777777778,0.9928571428571429,420.0,0.6615186615186615,0.7198879551820728,0.611904761904762,420.0,0.9290780141843971,0.9225352112676056,0.9357142857142857,420.0,0.6038592508513053,0.5770065075921909,0.6333333333333333,420.0,0.9678188319427891,0.9689737470167065,0.9666666666666667,420.0,0.5545243619489558,0.5407239819004525,0.569047619047619,420.0,0.9893238434163701,0.9858156028368794,0.9928571428571429,420.0,0.9491916859122401,0.92152466367713,0.9785714285714285,420.0,0.667515923566879,0.7178082191780822,0.6238095238095238,420.0,0.9655990510083036,0.9621749408983451,0.969047619047619,420.0,0.9622641509433962,0.9532710280373832,0.9714285714285714,420.0,0.9845422116527943,0.9833729216152018,0.9857142857142858,420.0,0.9256198347107439,0.9180327868852459,0.9333333333333333,420.0,0.9319248826291079,0.9189814814814815,0.9452380952380952,420.0,0.9119420989143546,0.9242053789731052,0.9,420.0,0.9339622641509434,0.9252336448598131,0.9428571428571428,420.0,0.933655006031363,0.9462102689486552,0.9214285714285714,420.0,0.9773539928486293,0.9785202863961814,0.9761904761904762,420.0,0.9665871121718377,0.9688995215311005,0.9642857142857143,420.0,0.9077844311377247,0.9132530120481928,0.9023809523809524,420.0,0.9264877479579929,0.9084668192219679,0.9452380952380952,420.0,0.917562724014337,0.920863309352518,0.9142857142857143,420.0,0.9172749391727493,0.9378109452736318,0.8976190476190476,420.0,0.9699879951980792,0.9782082324455206,0.9619047619047619,420.0,0.9704840613931521,0.9625292740046838,0.9785714285714285,420.0,0.9774614472123369,0.9739952718676123,0.9809523809523809,420.0,0.6614349775784754,0.625,0.7023809523809523,420.0,0.7352572145545796,0.7771883289124668,0.6976190476190476,420.0,0.9469879518072288,0.9585365853658536,0.9357142857142857,420.0,0.9307875894988067,0.9330143540669856,0.9285714285714286,420.0,0.6521739130434783,0.6617647058823529,0.6428571428571429,420.0,0.9471153846153847,0.9563106796116505,0.9380952380952381,420.0,0.920863309352518,0.927536231884058,0.9142857142857143,420.0,0.9362214199759324,0.9464720194647201,0.9261904761904762,420.0,0.9210206561360875,0.9404466501240695,0.9023809523809524,420.0,0.9252669039145908,0.9219858156028369,0.9285714285714286,420.0,0.9685230024213076,0.9852216748768473,0.9523809523809523,420.0,0.9463647199046484,0.9474940334128878,0.9452380952380952,420.0,0.7695800227014756,0.735357917570499,0.8071428571428572,420.0
50,0.14409367740154266,0.9429439902305603,0.37029996514320374,0.8884498476982117,0.888449848024316,0.8877643749991594,0.0003000000142492354,0.3993462080002246,92120.0,230677.03700331165,0.7113513513513514,0.6514851485148515,0.7833333333333333,420.0,0.971563981042654,0.9669811320754716,0.9761904761904762,420.0,0.9588719153936545,0.9466357308584686,0.9714285714285714,420.0,0.9604790419161676,0.9662650602409638,0.9547619047619048,420.0,0.9451575262543758,0.9267734553775744,0.9642857142857143,420.0,0.9774078478002378,0.9762470308788599,0.9785714285714285,420.0,0.6221079691516709,0.6759776536312849,0.5761904761904761,420.0,0.9392133492252681,0.9403341288782816,0.9380952380952381,420.0,0.9742990654205608,0.9564220183486238,0.9928571428571429,420.0,0.6616161616161615,0.7043010752688172,0.6238095238095238,420.0,0.927810650887574,0.9223529411764706,0.9333333333333333,420.0,0.6332992849846782,0.554561717352415,0.7380952380952381,420.0,0.967741935483871,0.9712230215827338,0.9642857142857143,420.0,0.526595744680851,0.5963855421686747,0.4714285714285714,420.0,0.98698224852071,0.9811764705882353,0.9928571428571429,420.0,0.9479768786127167,0.9213483146067416,0.9761904761904762,420.0,0.6595460614152203,0.7507598784194529,0.5880952380952381,420.0,0.9668246445497629,0.9622641509433962,0.9714285714285714,420.0,0.9644549763033176,0.9599056603773585,0.969047619047619,420.0,0.9845422116527943,0.9833729216152018,0.9857142857142858,420.0,0.9265402843601896,0.9221698113207547,0.930952380952381,420.0,0.9336437718277066,0.9134396355353075,0.9547619047619048,420.0,0.9174757281553398,0.9356435643564357,0.9,420.0,0.9339622641509434,0.9252336448598131,0.9428571428571428,420.0,0.9302884615384615,0.9393203883495146,0.9214285714285714,420.0,0.9773539928486293,0.9785202863961814,0.9761904761904762,420.0,0.9688249400479616,0.9758454106280193,0.9619047619047619,420.0,0.9013079667063021,0.9002375296912114,0.9023809523809524,420.0,0.928074245939675,0.9049773755656109,0.9523809523809523,420.0,0.917562724014337,0.920863309352518,0.9142857142857143,420.0,0.9158653846153846,0.9247572815533981,0.9071428571428571,420.0,0.9699879951980792,0.9782082324455206,0.9619047619047619,420.0,0.9704142011834319,0.9647058823529412,0.9761904761904762,420.0,0.976303317535545,0.9716981132075472,0.9809523809523809,420.0,0.66,0.61875,0.7071428571428572,420.0,0.7311557788944724,0.773936170212766,0.6928571428571428,420.0,0.9481302774427021,0.960880195599022,0.9357142857142857,420.0,0.929510155316607,0.9328537170263789,0.9261904761904762,420.0,0.6559006211180124,0.6857142857142857,0.6285714285714286,420.0,0.9483793517406962,0.9564164648910412,0.9404761904761905,420.0,0.9210206561360875,0.9404466501240695,0.9023809523809524,420.0,0.932367149758454,0.946078431372549,0.919047619047619,420.0,0.9249394673123487,0.9408866995073891,0.9095238095238095,420.0,0.9263657957244655,0.9241706161137441,0.9285714285714286,420.0,0.9685230024213076,0.9852216748768473,0.9523809523809523,420.0,0.9489916963226571,0.9456264775413712,0.9523809523809523,420.0,0.7741935483870968,0.7265135699373695,0.8285714285714286,420.0
51,0.14370685815811157,0.9429656863212585,0.3710639178752899,0.8882978558540344,0.8882978723404253,0.8880360245146198,0.0003000000142492354,0.39883233399996243,92120.0,230974.2519522218,0.6926605504587156,0.668141592920354,0.719047619047619,420.0,0.9727810650887575,0.9670588235294117,0.9785714285714285,420.0,0.9637426900584796,0.9471264367816092,0.9809523809523809,420.0,0.9603841536614645,0.9685230024213075,0.9523809523809523,420.0,0.9437939110070258,0.9285714285714286,0.9595238095238096,420.0,0.9750889679715302,0.9716312056737588,0.9785714285714285,420.0,0.6262626262626263,0.6666666666666666,0.5904761904761905,420.0,0.9383886255924171,0.9339622641509434,0.9428571428571428,420.0,0.9753810082063306,0.9607390300230947,0.9904761904761905,420.0,0.6731707317073171,0.69,0.6571428571428571,420.0,0.9284009546539379,0.930622009569378,0.9261904761904762,420.0,0.6367521367521368,0.5775193798449613,0.7095238095238096,420.0,0.9678188319427891,0.9689737470167065,0.9666666666666667,420.0,0.5383615084525359,0.5931232091690545,0.4928571428571429,420.0,0.9893238434163701,0.9858156028368794,0.9928571428571429,420.0,0.951501154734411,0.9237668161434978,0.9809523809523809,420.0,0.6716417910447762,0.703125,0.6428571428571429,420.0,0.9668246445497629,0.9622641509433962,0.9714285714285714,420.0,0.9622641509433962,0.9532710280373832,0.9714285714285714,420.0,0.9845422116527943,0.9833729216152018,0.9857142857142858,420.0,0.9254807692307692,0.9344660194174758,0.9166666666666666,420.0,0.9319248826291079,0.9189814814814815,0.9452380952380952,420.0,0.9129916567342075,0.9140811455847255,0.9119047619047619,420.0,0.9327036599763872,0.9250585480093677,0.9404761904761905,420.0,0.9302884615384615,0.9393203883495146,0.9214285714285714,420.0,0.9773539928486293,0.9785202863961814,0.9761904761904762,420.0,0.9688249400479616,0.9758454106280193,0.9619047619047619,420.0,0.9034564958283671,0.9045346062052506,0.9023809523809524,420.0,0.9232585596221959,0.9156908665105387,0.930952380952381,420.0,0.9206730769230769,0.9296116504854369,0.9119047619047619,420.0,0.9200968523002421,0.9359605911330049,0.9047619047619048,420.0,0.9723889555822329,0.9806295399515739,0.9642857142857143,420.0,0.9704142011834319,0.9647058823529412,0.9761904761904762,420.0,0.9798339264531436,0.9763593380614657,0.9833333333333333,420.0,0.6515837104072397,0.6206896551724138,0.6857142857142857,420.0,0.7335025380710659,0.7853260869565217,0.6880952380952381,420.0,0.9482551143200962,0.9586374695863747,0.9380952380952381,420.0,0.9330143540669856,0.9375,0.9285714285714286,420.0,0.6530147895335608,0.6252723311546841,0.6833333333333333,420.0,0.9483793517406962,0.9564164648910412,0.9404761904761905,420.0,0.921968787515006,0.9297820823244553,0.9142857142857143,420.0,0.9339735894357742,0.9418886198547215,0.9261904761904762,420.0,0.9247311827956989,0.9280575539568345,0.9214285714285714,420.0,0.9261904761904762,0.9261904761904762,0.9261904761904762,420.0,0.9685230024213076,0.9852216748768473,0.9523809523809523,420.0,0.9501187648456056,0.9478672985781991,0.9523809523809523,420.0,0.7556615017878427,0.7565632458233891,0.7547619047619047,420.0
52,0.14319628477096558,0.9428462982177734,0.37126395106315613,0.8884498476982117,0.8884498480243161,0.8882467425897691,0.0003000000142492354,0.3997504580001987,92120.0,230443.76349396005,0.6916951080773606,0.6623093681917211,0.7238095238095238,420.0,0.9681978798586572,0.958041958041958,0.9785714285714285,420.0,0.9626168224299064,0.944954128440367,0.9809523809523809,420.0,0.9615384615384616,0.970873786407767,0.9523809523809523,420.0,0.943661971830986,0.9305555555555556,0.9571428571428572,420.0,0.9761904761904762,0.9761904761904762,0.9761904761904762,420.0,0.634207240948814,0.6666666666666666,0.6047619047619047,420.0,0.9382422802850356,0.9360189573459715,0.9404761904761905,420.0,0.9800235017626322,0.9675174013921114,0.9928571428571429,420.0,0.6666666666666667,0.7127371273712737,0.6261904761904762,420.0,0.9287410926365796,0.9265402843601895,0.930952380952381,420.0,0.6107226107226107,0.5981735159817352,0.6238095238095238,420.0,0.9678188319427891,0.9689737470167065,0.9666666666666667,420.0,0.5632839224629419,0.5404814004376368,0.5880952380952381,420.0,0.9893491124260356,0.9835294117647059,0.9952380952380953,420.0,0.9504036908881199,0.9217002237136466,0.9809523809523809,420.0,0.6658291457286433,0.7047872340425532,0.6309523809523809,420.0,0.9655990510083036,0.9621749408983451,0.969047619047619,420.0,0.9679715302491102,0.9645390070921985,0.9714285714285714,420.0,0.9833333333333333,0.9833333333333333,0.9833333333333333,420.0,0.9243498817966903,0.9178403755868545,0.930952380952381,420.0,0.9330199764982374,0.9211136890951276,0.9452380952380952,420.0,0.9141475211608222,0.9287469287469288,0.9,420.0,0.9314420803782506,0.9248826291079812,0.9380952380952381,420.0,0.9290012033694345,0.9391727493917275,0.919047619047619,420.0,0.9785202863961813,0.9808612440191388,0.9761904761904762,420.0,0.970059880239521,0.9759036144578314,0.9642857142857143,420.0,0.9086538461538461,0.9174757281553398,0.9,420.0,0.9291521486643438,0.9070294784580499,0.9523809523809523,420.0,0.9138134592680047,0.9063231850117096,0.9214285714285714,420.0,0.9230769230769231,0.9473684210526315,0.9,420.0,0.973621103117506,0.9806763285024155,0.9666666666666667,420.0,0.9704840613931521,0.9625292740046838,0.9785714285714285,420.0,0.9774614472123369,0.9739952718676123,0.9809523809523809,420.0,0.6538024971623155,0.6247288503253796,0.6857142857142857,420.0,0.7270471464019851,0.7590673575129534,0.6976190476190476,420.0,0.9495192307692308,0.9587378640776699,0.9404761904761905,420.0,0.932853717026379,0.9396135265700483,0.9261904761904762,420.0,0.6509316770186335,0.6805194805194805,0.6238095238095238,420.0,0.9459783913565426,0.9539951573849879,0.9380952380952381,420.0,0.9206730769230769,0.9296116504854369,0.9119047619047619,420.0,0.9376498800959233,0.9444444444444444,0.930952380952381,420.0,0.9223300970873787,0.9405940594059405,0.9047619047619048,420.0,0.9301775147928995,0.9247058823529412,0.9357142857142857,420.0,0.9685230024213076,0.9852216748768473,0.9523809523809523,420.0,0.9491124260355029,0.9435294117647058,0.9547619047619048,420.0,0.7661016949152543,0.7290322580645161,0.8071428571428572,420.0
53,0.1426047384738922,0.943269670009613,0.3721070885658264,0.886626124382019,0.886626139817629,0.8863481268777822,0.0003000000142492354,0.39712875000032,92120.0,231965.07429876525,0.7015590200445433,0.6589958158995816,0.75,420.0,0.9716312056737589,0.9647887323943662,0.9785714285714285,420.0,0.9637426900584796,0.9471264367816092,0.9809523809523809,420.0,0.9580838323353292,0.963855421686747,0.9523809523809523,420.0,0.9435294117647058,0.9325581395348838,0.9547619047619048,420.0,0.9762470308788598,0.9739336492890995,0.9785714285714285,420.0,0.5953991880920163,0.6896551724137931,0.5238095238095238,420.0,0.9350961538461539,0.9441747572815534,0.9261904761904762,420.0,0.977725674091442,0.9630484988452656,0.9928571428571429,420.0,0.6658227848101265,0.7108108108108108,0.6261904761904762,420.0,0.9267139479905437,0.92018779342723,0.9333333333333333,420.0,0.6066666666666667,0.56875,0.65,420.0,0.967741935483871,0.9712230215827338,0.9642857142857143,420.0,0.5430622009569378,0.5456730769230769,0.5404761904761904,420.0,0.9881796690307328,0.9812206572769953,0.9952380952380953,420.0,0.9479768786127167,0.9213483146067416,0.9761904761904762,420.0,0.6649616368286445,0.7182320441988951,0.6190476190476191,420.0,0.9655990510083036,0.9621749408983451,0.969047619047619,420.0,0.9621749408983451,0.9553990610328639,0.969047619047619,420.0,0.9845422116527943,0.9833729216152018,0.9857142857142858,420.0,0.9216374269005848,0.9057471264367816,0.9380952380952381,420.0,0.9330199764982374,0.9211136890951276,0.9452380952380952,420.0,0.9130434782608695,0.9264705882352942,0.9,420.0,0.9327036599763872,0.9250585480093677,0.9404761904761905,420.0,0.9342891278375149,0.9376498800959233,0.930952380952381,420.0,0.9773539928486293,0.9785202863961814,0.9761904761904762,420.0,0.970059880239521,0.9759036144578314,0.9642857142857143,420.0,0.9055690072639224,0.9211822660098522,0.8904761904761904,420.0,0.9254079254079255,0.906392694063927,0.9452380952380952,420.0,0.917562724014337,0.920863309352518,0.9142857142857143,420.0,0.9212121212121211,0.9382716049382716,0.9047619047619048,420.0,0.9698431845597105,0.9828850855745721,0.9571428571428572,420.0,0.971563981042654,0.9669811320754716,0.9761904761904762,420.0,0.9774614472123369,0.9739952718676123,0.9809523809523809,420.0,0.6702127659574467,0.6057692307692307,0.75,420.0,0.7277167277167277,0.7468671679197995,0.7095238095238096,420.0,0.9468599033816426,0.9607843137254902,0.9333333333333333,420.0,0.930622009569378,0.9350961538461539,0.9261904761904762,420.0,0.6539379474940334,0.6555023923444976,0.6523809523809524,420.0,0.9471153846153847,0.9563106796116505,0.9380952380952381,420.0,0.920863309352518,0.927536231884058,0.9142857142857143,420.0,0.9355608591885441,0.937799043062201,0.9333333333333333,420.0,0.9153374233128834,0.9443037974683545,0.888095238095238,420.0,0.9223529411764705,0.9116279069767442,0.9333333333333333,420.0,0.9673518742442564,0.9828009828009828,0.9523809523809523,420.0,0.9500000000000001,0.95,0.95,420.0,0.7532467532467533,0.747072599531616,0.7595238095238095,420.0
54,0.1421094536781311,0.9436929821968079,0.3727290630340576,0.8876899480819702,0.8876899696048631,0.8873709369038125,0.0003000000142492354,0.40364733300020816,92120.0,228219.02306475164,0.7006651884700666,0.6556016597510373,0.7523809523809524,420.0,0.9716312056737589,0.9647887323943662,0.9785714285714285,420.0,0.960093896713615,0.9467592592592593,0.9738095238095238,420.0,0.9627851140456183,0.9709443099273608,0.9547619047619048,420.0,0.9446407538280329,0.9347319347319347,0.9547619047619048,420.0,0.9750297265160522,0.9738717339667459,0.9761904761904762,420.0,0.6230769230769232,0.675,0.5785714285714286,420.0,0.9380952380952381,0.9380952380952381,0.9380952380952381,420.0,0.9776733254994124,0.9651972157772621,0.9904761904761905,420.0,0.6741016109045849,0.7028423772609819,0.6476190476190476,420.0,0.9263657957244655,0.9241706161137441,0.9285714285714286,420.0,0.628755364806867,0.572265625,0.6976190476190476,420.0,0.9665871121718377,0.9688995215311005,0.9642857142857143,420.0,0.5419847328244275,0.5819672131147541,0.5071428571428571,420.0,0.98698224852071,0.9811764705882353,0.9928571428571429,420.0,0.9489559164733179,0.9253393665158371,0.9738095238095238,420.0,0.6632390745501285,0.7206703910614525,0.6142857142857143,420.0,0.9655990510083036,0.9621749408983451,0.969047619047619,420.0,0.965680473372781,0.96,0.9714285714285714,420.0,0.9845422116527943,0.9833729216152018,0.9857142857142858,420.0,0.9265402843601896,0.9221698113207547,0.930952380952381,420.0,0.9317647058823529,0.9209302325581395,0.9428571428571428,420.0,0.9163636363636364,0.9333333333333333,0.9,420.0,0.9316037735849058,0.9228971962616822,0.9404761904761905,420.0,0.9302884615384615,0.9393203883495146,0.9214285714285714,420.0,0.9773539928486293,0.9785202863961814,0.9761904761904762,420.0,0.967741935483871,0.9712230215827338,0.9642857142857143,420.0,0.9034564958283671,0.9045346062052506,0.9023809523809524,420.0,0.928074245939675,0.9049773755656109,0.9523809523809523,420.0,0.9153754469606675,0.9164677804295943,0.9142857142857143,420.0,0.9199029126213591,0.9381188118811881,0.9023809523809524,420.0,0.9675870348139256,0.9757869249394673,0.9595238095238096,420.0,0.9716312056737589,0.9647887323943662,0.9785714285714285,420.0,0.9774614472123369,0.9739952718676123,0.9809523809523809,420.0,0.6614699331848553,0.6213389121338913,0.7071428571428572,420.0,0.7261462205700123,0.7571059431524548,0.6976190476190476,420.0,0.9495192307692308,0.9587378640776699,0.9404761904761905,420.0,0.9304556354916068,0.9371980676328503,0.9238095238095239,420.0,0.6525821596244131,0.6435185185185185,0.6619047619047619,420.0,0.9471153846153847,0.9563106796116505,0.9380952380952381,420.0,0.9197604790419162,0.9253012048192771,0.9142857142857143,420.0,0.9302884615384615,0.9393203883495146,0.9214285714285714,420.0,0.9249394673123487,0.9408866995073891,0.9095238095238095,420.0,0.9279811097992915,0.9203747072599532,0.9357142857142857,420.0,0.9685230024213076,0.9852216748768473,0.9523809523809523,420.0,0.9481132075471699,0.9392523364485982,0.9571428571428572,420.0,0.7479091995221028,0.750599520383693,0.7452380952380953,420.0
55,0.14156319200992584,0.9434107542037964,0.3736078143119812,0.8871327042579651,0.8871327254305976,0.8871421711475563,0.0003000000142492354,0.4051625829997647,92120.0,227365.51662287506,0.6923076923076923,0.6594827586206896,0.7285714285714285,420.0,0.9728453364817001,0.9648711943793911,0.9809523809523809,420.0,0.960093896713615,0.9467592592592593,0.9738095238095238,420.0,0.963855421686747,0.975609756097561,0.9523809523809523,420.0,0.9425556858147714,0.9284064665127021,0.9571428571428572,420.0,0.9761904761904762,0.9761904761904762,0.9761904761904762,420.0,0.6447688564476884,0.6592039800995025,0.6309523809523809,420.0,0.9326923076923078,0.941747572815534,0.9238095238095239,420.0,0.977725674091442,0.9630484988452656,0.9928571428571429,420.0,0.6571798188874515,0.7195467422096318,0.6047619047619047,420.0,0.9274673008323424,0.9263657957244655,0.9285714285714286,420.0,0.6152173913043478,0.566,0.6738095238095239,420.0,0.9712918660287081,0.9759615384615384,0.9666666666666667,420.0,0.5395683453237409,0.5434782608695652,0.5357142857142857,420.0,0.9881516587677724,0.9834905660377359,0.9928571428571429,420.0,0.9504036908881199,0.9217002237136466,0.9809523809523809,420.0,0.6616161616161615,0.7043010752688172,0.6238095238095238,420.0,0.9668246445497629,0.9622641509433962,0.9714285714285714,420.0,0.9667458432304038,0.9644549763033176,0.969047619047619,420.0,0.9845422116527943,0.9833729216152018,0.9857142857142858,420.0,0.9282296650717704,0.9326923076923077,0.9238095238095239,420.0,0.9330199764982374,0.9211136890951276,0.9452380952380952,420.0,0.9108433734939759,0.9219512195121952,0.9,420.0,0.9352179034157831,0.9254079254079254,0.9452380952380952,420.0,0.9325301204819277,0.9439024390243902,0.9214285714285714,420.0,0.9773539928486293,0.9785202863961814,0.9761904761904762,420.0,0.970131421744325,0.973621103117506,0.9666666666666667,420.0,0.9023809523809524,0.9023809523809524,0.9023809523809524,420.0,0.9241540256709451,0.9061784897025171,0.9428571428571428,420.0,0.9153754469606675,0.9164677804295943,0.9142857142857143,420.0,0.9208282582216808,0.942643391521197,0.9,420.0,0.9676646706586827,0.9734939759036144,0.9619047619047619,420.0,0.9704840613931521,0.9625292740046838,0.9785714285714285,420.0,0.9786223277909738,0.976303317535545,0.9809523809523809,420.0,0.6449359720605355,0.6309794988610479,0.6595238095238095,420.0,0.726161369193154,0.7462311557788944,0.7071428571428572,420.0,0.9493975903614458,0.9609756097560975,0.9380952380952381,420.0,0.9326923076923078,0.941747572815534,0.9238095238095239,420.0,0.6573426573426574,0.6438356164383562,0.6714285714285714,420.0,0.9483793517406962,0.9564164648910412,0.9404761904761905,420.0,0.9230769230769231,0.9320388349514563,0.9142857142857143,420.0,0.9325301204819277,0.9439024390243902,0.9214285714285714,420.0,0.9280575539568345,0.9347826086956522,0.9214285714285714,420.0,0.9264877479579929,0.9084668192219679,0.9452380952380952,420.0,0.9685230024213076,0.9852216748768473,0.9523809523809523,420.0,0.9510155316606927,0.9544364508393285,0.9476190476190476,420.0,0.748201438848921,0.7536231884057971,0.7428571428571429,420.0
56,0.141156867146492,0.9435735940933228,0.3735870122909546,0.8882978558540344,0.8882978723404257,0.8879337621732939,0.0003000000142492354,0.4025626249999732,92120.0,228833.96092721258,0.6911595866819747,0.6674057649667405,0.7166666666666667,420.0,0.9703440094899171,0.966903073286052,0.9738095238095238,420.0,0.95906432748538,0.9425287356321839,0.9761904761904762,420.0,0.9592326139088728,0.966183574879227,0.9523809523809523,420.0,0.9437939110070258,0.9285714285714286,0.9595238095238096,420.0,0.9750297265160522,0.9738717339667459,0.9761904761904762,420.0,0.6437869822485207,0.64,0.6476190476190476,420.0,0.93935790725327,0.9382422802850356,0.9404761904761905,420.0,0.977725674091442,0.9630484988452656,0.9928571428571429,420.0,0.6641221374045801,0.7131147540983607,0.6214285714285714,420.0,0.9261904761904762,0.9261904761904762,0.9261904761904762,420.0,0.6313559322033898,0.5687022900763359,0.7095238095238096,420.0,0.9678188319427891,0.9689737470167065,0.9666666666666667,420.0,0.5461441213653603,0.5822102425876011,0.5142857142857142,420.0,0.9881796690307328,0.9812206572769953,0.9952380952380953,420.0,0.9504036908881199,0.9217002237136466,0.9809523809523809,420.0,0.6699875466998754,0.7023498694516971,0.6404761904761904,420.0,0.965680473372781,0.96,0.9714285714285714,420.0,0.965680473372781,0.96,0.9714285714285714,420.0,0.9845422116527943,0.9833729216152018,0.9857142857142858,420.0,0.9258809234507898,0.9454094292803971,0.9071428571428571,420.0,0.9331770222743259,0.9191685912240185,0.9476190476190476,420.0,0.9119420989143546,0.9242053789731052,0.9,420.0,0.936470588235294,0.9255813953488372,0.9476190476190476,420.0,0.933655006031363,0.9462102689486552,0.9214285714285714,420.0,0.9785202863961813,0.9808612440191388,0.9761904761904762,420.0,0.970059880239521,0.9759036144578314,0.9642857142857143,420.0,0.9099639855942379,0.9176755447941889,0.9023809523809524,420.0,0.923076923076923,0.9041095890410958,0.9428571428571428,420.0,0.9125295508274232,0.9061032863849765,0.919047619047619,420.0,0.916767189384801,0.9290953545232273,0.9047619047619048,420.0,0.9723225030084236,0.9829683698296837,0.9619047619047619,420.0,0.9693396226415094,0.9602803738317757,0.9785714285714285,420.0,0.9786729857819905,0.9740566037735849,0.9833333333333333,420.0,0.6258992805755395,0.6304347826086957,0.6214285714285714,420.0,0.7367119901112484,0.7660668380462725,0.7095238095238096,420.0,0.9469879518072288,0.9585365853658536,0.9357142857142857,420.0,0.929510155316607,0.9328537170263789,0.9261904761904762,420.0,0.655980271270037,0.680306905370844,0.6333333333333333,420.0,0.9447115384615384,0.9538834951456311,0.9357142857142857,420.0,0.9215922798552473,0.9339853300733496,0.9095238095238095,420.0,0.9387755102040817,0.9467312348668281,0.930952380952381,420.0,0.9289099526066351,0.9245283018867925,0.9333333333333333,420.0,0.9254437869822485,0.92,0.930952380952381,420.0,0.9672727272727272,0.9851851851851852,0.95,420.0,0.9537366548042705,0.950354609929078,0.9571428571428572,420.0,0.765375854214123,0.7336244541484717,0.8,420.0
57,0.14051896333694458,0.9442683458328247,0.3766046166419983,0.8877912759780884,0.8877912867274566,0.8875696556046381,0.0003000000142492354,0.3936617499998647,92120.0,234008.0030636242,0.6969353007945517,0.665943600867679,0.7309523809523809,420.0,0.9704840613931521,0.9625292740046838,0.9785714285714285,420.0,0.960093896713615,0.9467592592592593,0.9738095238095238,420.0,0.962605548854041,0.9755501222493888,0.95,420.0,0.9449003516998828,0.930715935334873,0.9595238095238096,420.0,0.9750297265160522,0.9738717339667459,0.9761904761904762,420.0,0.6392251815980629,0.6502463054187192,0.6285714285714286,420.0,0.9350961538461539,0.9441747572815534,0.9261904761904762,420.0,0.9765258215962442,0.9629629629629629,0.9904761904761905,420.0,0.6683229813664596,0.6987012987012987,0.6404761904761904,420.0,0.9245283018867924,0.9158878504672897,0.9333333333333333,420.0,0.6158868335146899,0.5671342685370742,0.6738095238095239,420.0,0.9689737470167064,0.9712918660287081,0.9666666666666667,420.0,0.5443196004993759,0.5721784776902887,0.5190476190476191,420.0,0.9893238434163701,0.9858156028368794,0.9928571428571429,420.0,0.9490740740740741,0.9234234234234234,0.9761904761904762,420.0,0.6716981132075471,0.712,0.6357142857142857,420.0,0.9668246445497629,0.9622641509433962,0.9714285714285714,420.0,0.965680473372781,0.96,0.9714285714285714,420.0,0.9833333333333333,0.9833333333333333,0.9833333333333333,420.0,0.9293413173652695,0.9349397590361446,0.9238095238095239,420.0,0.9291521486643438,0.9070294784580499,0.9523809523809523,420.0,0.9133089133089132,0.9373433583959899,0.8904761904761904,420.0,0.9330199764982374,0.9211136890951276,0.9452380952380952,420.0,0.9326923076923078,0.941747572815534,0.9238095238095239,420.0,0.9773539928486293,0.9785202863961814,0.9761904761904762,420.0,0.9688249400479616,0.9758454106280193,0.9619047619047619,420.0,0.9086538461538461,0.9174757281553398,0.9,420.0,0.9275028768699655,0.8975501113585747,0.9595238095238096,420.0,0.9157769869513641,0.9125295508274232,0.919047619047619,420.0,0.916565900846433,0.9312039312039312,0.9023809523809524,420.0,0.9686746987951806,0.9804878048780488,0.9571428571428572,420.0,0.9716312056737589,0.9647887323943662,0.9785714285714285,420.0,0.9786223277909738,0.976303317535545,0.9809523809523809,420.0,0.6377491207502932,0.628175519630485,0.6476190476190476,420.0,0.7293519695044473,0.782016348773842,0.6833333333333333,420.0,0.9482551143200962,0.9586374695863747,0.9380952380952381,420.0,0.9317365269461078,0.9373493975903614,0.9261904761904762,420.0,0.651497005988024,0.655421686746988,0.6476190476190476,420.0,0.947242206235012,0.9541062801932367,0.9404761904761905,420.0,0.9161603888213852,0.9354838709677419,0.8976190476190476,420.0,0.9355608591885441,0.937799043062201,0.9333333333333333,420.0,0.9293413173652695,0.9349397590361446,0.9238095238095239,420.0,0.9243498817966903,0.9178403755868545,0.930952380952381,420.0,0.9672727272727272,0.9851851851851852,0.95,420.0,0.9513641755634639,0.9479905437352246,0.9547619047619048,420.0,0.765909090909091,0.7326086956521739,0.8023809523809524,420.0
58,0.1401878297328949,0.944290041923523,0.3767296075820923,0.8877912759780884,0.8877912867274566,0.8872277115504977,0.0003000000142492354,0.3926137080002263,92120.0,234632.66341160686,0.7011235955056179,0.6638297872340425,0.7428571428571429,420.0,0.9704840613931521,0.9625292740046838,0.9785714285714285,420.0,0.9576470588235293,0.9465116279069767,0.969047619047619,420.0,0.9615384615384616,0.970873786407767,0.9523809523809523,420.0,0.9449003516998828,0.930715935334873,0.9595238095238096,420.0,0.9750297265160522,0.9738717339667459,0.9761904761904762,420.0,0.605263157894737,0.6764705882352942,0.5476190476190477,420.0,0.9392133492252681,0.9403341288782816,0.9380952380952381,420.0,0.9765807962529274,0.9608294930875576,0.9928571428571429,420.0,0.6748768472906405,0.6989795918367347,0.6523809523809524,420.0,0.9203747072599532,0.9055299539170507,0.9357142857142857,420.0,0.6328042328042328,0.5695238095238095,0.7119047619047619,420.0,0.9689737470167064,0.9712918660287081,0.9666666666666667,420.0,0.531578947368421,0.5941176470588235,0.48095238095238096,420.0,0.9881516587677724,0.9834905660377359,0.9928571428571429,420.0,0.9491916859122401,0.92152466367713,0.9785714285714285,420.0,0.667515923566879,0.7178082191780822,0.6238095238095238,420.0,0.9668246445497629,0.9622641509433962,0.9714285714285714,420.0,0.9645390070921985,0.9577464788732394,0.9714285714285714,420.0,0.9833333333333333,0.9833333333333333,0.9833333333333333,420.0,0.9249106078665079,0.9260143198090692,0.9238095238095239,420.0,0.9305064782096585,0.9207459207459208,0.9404761904761905,420.0,0.9133089133089132,0.9373433583959899,0.8904761904761904,420.0,0.933806146572104,0.9272300469483568,0.9404761904761905,420.0,0.9326923076923078,0.941747572815534,0.9238095238095239,420.0,0.9773539928486293,0.9785202863961814,0.9761904761904762,420.0,0.970059880239521,0.9759036144578314,0.9642857142857143,420.0,0.9056152927120669,0.9088729016786571,0.9023809523809524,420.0,0.9262672811059909,0.8973214285714286,0.9571428571428572,420.0,0.9140811455847255,0.916267942583732,0.9119047619047619,420.0,0.9204406364749083,0.947103274559194,0.8952380952380953,420.0,0.9688249400479616,0.9758454106280193,0.9619047619047619,420.0,0.9693396226415094,0.9602803738317757,0.9785714285714285,420.0,0.9762470308788598,0.9739336492890995,0.9785714285714285,420.0,0.6623093681917211,0.6104417670682731,0.7238095238095238,420.0,0.7286063569682152,0.7487437185929648,0.7095238095238096,420.0,0.9493975903614458,0.9609756097560975,0.9380952380952381,420.0,0.9293413173652695,0.9349397590361446,0.9238095238095239,420.0,0.6545893719806763,0.6642156862745098,0.6452380952380953,420.0,0.9459783913565426,0.9539951573849879,0.9380952380952381,420.0,0.9232613908872902,0.9299516908212561,0.9166666666666666,420.0,0.9376498800959233,0.9444444444444444,0.930952380952381,420.0,0.9253012048192771,0.9365853658536586,0.9142857142857143,420.0,0.9274004683840749,0.9124423963133641,0.9428571428571428,420.0,0.9672727272727272,0.9851851851851852,0.95,420.0,0.9476190476190476,0.9476190476190476,0.9476190476190476,420.0,0.7575757575757577,0.7420091324200914,0.7738095238095238,420.0
59,0.13957108557224274,0.9445614218711853,0.37724778056144714,0.8876899480819702,0.8876899696048631,0.8874456042588642,0.0003000000142492354,0.3967671249997693,92120.0,232176.49395739016,0.722457627118644,0.6507633587786259,0.8119047619047619,420.0,0.9691943127962085,0.964622641509434,0.9738095238095238,420.0,0.9614035087719298,0.9448275862068966,0.9785714285714285,420.0,0.96144578313253,0.973170731707317,0.95,420.0,0.944770857814336,0.9327146171693735,0.9571428571428572,420.0,0.976303317535545,0.9716981132075472,0.9809523809523809,420.0,0.6370370370370371,0.6615384615384615,0.6142857142857143,420.0,0.9355608591885441,0.937799043062201,0.9333333333333333,420.0,0.977725674091442,0.9630484988452656,0.9928571428571429,420.0,0.6597671410090556,0.7223796033994334,0.6071428571428571,420.0,0.9268867924528302,0.9182242990654206,0.9357142857142857,420.0,0.6167209554831704,0.5668662674650699,0.6761904761904762,420.0,0.9666666666666667,0.9666666666666667,0.9666666666666667,420.0,0.5412621359223301,0.551980198019802,0.530952380952381,420.0,0.9881516587677724,0.9834905660377359,0.9928571428571429,420.0,0.951501154734411,0.9237668161434978,0.9809523809523809,420.0,0.6603260869565218,0.7689873417721519,0.5785714285714286,420.0,0.9668246445497629,0.9622641509433962,0.9714285714285714,420.0,0.9633136094674556,0.9576470588235294,0.969047619047619,420.0,0.9845422116527943,0.9833729216152018,0.9857142857142858,420.0,0.9256594724220624,0.9323671497584541,0.919047619047619,420.0,0.9322429906542055,0.9151376146788991,0.95,420.0,0.9150485436893204,0.9331683168316832,0.8976190476190476,420.0,0.9296781883194278,0.9307875894988067,0.9285714285714286,420.0,0.9307875894988067,0.9330143540669856,0.9285714285714286,420.0,0.9773539928486293,0.9785202863961814,0.9761904761904762,420.0,0.9688995215311006,0.9735576923076923,0.9642857142857143,420.0,0.9021479713603819,0.9043062200956937,0.9,420.0,0.9269988412514484,0.9029345372460497,0.9523809523809523,420.0,0.9164677804295943,0.9186602870813397,0.9142857142857143,420.0,0.9199029126213591,0.9381188118811881,0.9023809523809524,420.0,0.9712918660287081,0.9759615384615384,0.9666666666666667,420.0,0.9716312056737589,0.9647887323943662,0.9785714285714285,420.0,0.9786223277909738,0.976303317535545,0.9809523809523809,420.0,0.6474654377880185,0.6272321428571429,0.669047619047619,420.0,0.7312348668280871,0.7438423645320197,0.719047619047619,420.0,0.9493975903614458,0.9609756097560975,0.9380952380952381,420.0,0.9304556354916068,0.9371980676328503,0.9238095238095239,420.0,0.6565420560747663,0.6444954128440367,0.669047619047619,420.0,0.947242206235012,0.9541062801932367,0.9404761904761905,420.0,0.9215922798552473,0.9339853300733496,0.9095238095238095,420.0,0.9338146811070999,0.9440389294403893,0.9238095238095239,420.0,0.9256594724220624,0.9323671497584541,0.919047619047619,420.0,0.9243498817966903,0.9178403755868545,0.930952380952381,420.0,0.9672727272727272,0.9851851851851852,0.95,420.0,0.9487485101311085,0.9498806682577565,0.9476190476190476,420.0,0.7475728155339807,0.7623762376237624,0.7333333333333333,420.0
60,0.13914284110069275,0.9445288777351379,0.3776870667934418,0.8882471919059753,0.8882472137791289,0.8878577376500708,0.0003000000142492354,0.3990264170001865,92120.0,230861.90807250977,0.6953567383918461,0.6630669546436285,0.7309523809523809,420.0,0.9704142011834319,0.9647058823529412,0.9761904761904762,420.0,0.9614035087719298,0.9448275862068966,0.9785714285714285,420.0,0.9639423076923077,0.9733009708737864,0.9547619047619048,420.0,0.9471210340775559,0.9350348027842227,0.9595238095238096,420.0,0.9750297265160522,0.9738717339667459,0.9761904761904762,420.0,0.6355828220858897,0.6556962025316456,0.6166666666666667,420.0,0.9379474940334129,0.9401913875598086,0.9357142857142857,420.0,0.9754385964912282,0.9586206896551724,0.9928571428571429,420.0,0.6641604010025063,0.701058201058201,0.6309523809523809,420.0,0.9290780141843971,0.9225352112676056,0.9357142857142857,420.0,0.6232356134636265,0.5728542914171657,0.6833333333333333,420.0,0.9699879951980792,0.9782082324455206,0.9619047619047619,420.0,0.5456821026282854,0.575197889182058,0.5190476190476191,420.0,0.98698224852071,0.9811764705882353,0.9928571428571429,420.0,0.9479768786127167,0.9213483146067416,0.9761904761904762,420.0,0.6683480453972257,0.710455764075067,0.6309523809523809,420.0,0.9668246445497629,0.9622641509433962,0.9714285714285714,420.0,0.9645390070921985,0.9577464788732394,0.9714285714285714,420.0,0.9845422116527943,0.9833729216152018,0.9857142857142858,420.0,0.9302884615384615,0.9393203883495146,0.9214285714285714,420.0,0.9313154831199068,0.9111617312072893,0.9523809523809523,420.0,0.9150485436893204,0.9331683168316832,0.8976190476190476,420.0,0.936470588235294,0.9255813953488372,0.9476190476190476,420.0,0.9317365269461078,0.9373493975903614,0.9261904761904762,420.0,0.9773539928486293,0.9785202863961814,0.9761904761904762,420.0,0.967741935483871,0.9712230215827338,0.9642857142857143,420.0,0.9117291414752117,0.9262899262899262,0.8976190476190476,420.0,0.925925925925926,0.9009009009009009,0.9523809523809523,420.0,0.9153754469606675,0.9164677804295943,0.9142857142857143,420.0,0.9178743961352657,0.9313725490196079,0.9047619047619048,420.0,0.9699879951980792,0.9782082324455206,0.9619047619047619,420.0,0.9704142011834319,0.9647058823529412,0.9761904761904762,420.0,0.9786223277909738,0.976303317535545,0.9809523809523809,420.0,0.6442641946697567,0.6275395033860045,0.6619047619047619,420.0,0.7317073170731706,0.7142857142857143,0.75,420.0,0.947242206235012,0.9541062801932367,0.9404761904761905,420.0,0.9284009546539379,0.930622009569378,0.9261904761904762,420.0,0.6472081218274112,0.6929347826086957,0.6071428571428571,420.0,0.9459783913565426,0.9539951573849879,0.9380952380952381,420.0,0.9200968523002421,0.9359605911330049,0.9047619047619048,420.0,0.9400479616306954,0.9468599033816425,0.9333333333333333,420.0,0.929510155316607,0.9328537170263789,0.9261904761904762,420.0,0.9252669039145908,0.9219858156028369,0.9285714285714286,420.0,0.9685230024213076,0.9852216748768473,0.9523809523809523,420.0,0.9526066350710901,0.9481132075471698,0.9571428571428572,420.0,0.7549824150058617,0.74364896073903,0.7666666666666667,420.0
61,0.13864123821258545,0.9447677135467529,0.37885063886642456,0.8876899480819702,0.8876899696048631,0.8873703956979668,0.0003000000142492354,0.406447790999664,92120.0,226646.5756239678,0.6980920314253647,0.6602972399150743,0.7404761904761905,420.0,0.9716981132075471,0.9626168224299065,0.9809523809523809,420.0,0.9614035087719298,0.9448275862068966,0.9785714285714285,420.0,0.9601930036188178,0.9731051344743277,0.9476190476190476,420.0,0.9471210340775559,0.9350348027842227,0.9595238095238096,420.0,0.9750297265160522,0.9738717339667459,0.9761904761904762,420.0,0.6332916145181476,0.6675461741424802,0.6023809523809524,420.0,0.9330143540669856,0.9375,0.9285714285714286,420.0,0.9765807962529274,0.9608294930875576,0.9928571428571429,420.0,0.6716417910447762,0.703125,0.6428571428571429,420.0,0.9216152019002375,0.919431279620853,0.9238095238095239,420.0,0.6337880377754459,0.5666041275797373,0.719047619047619,420.0,0.970131421744325,0.973621103117506,0.9666666666666667,420.0,0.5343709468223087,0.5868945868945868,0.49047619047619045,420.0,0.9881516587677724,0.9834905660377359,0.9928571428571429,420.0,0.951388888888889,0.9256756756756757,0.9785714285714285,420.0,0.6658195679796696,0.7138964577656676,0.6238095238095238,420.0,0.9668246445497629,0.9622641509433962,0.9714285714285714,420.0,0.9633136094674556,0.9576470588235294,0.969047619047619,420.0,0.9833333333333333,0.9833333333333333,0.9833333333333333,420.0,0.9232585596221959,0.9156908665105387,0.930952380952381,420.0,0.9331770222743259,0.9191685912240185,0.9476190476190476,420.0,0.9119420989143546,0.9242053789731052,0.9,420.0,0.9314420803782506,0.9248826291079812,0.9380952380952381,420.0,0.9293413173652695,0.9349397590361446,0.9238095238095239,420.0,0.9773539928486293,0.9785202863961814,0.9761904761904762,420.0,0.970059880239521,0.9759036144578314,0.9642857142857143,420.0,0.9013079667063021,0.9002375296912114,0.9023809523809524,420.0,0.9243306169965074,0.9043280182232346,0.9452380952380952,420.0,0.919952210274791,0.9232613908872902,0.9166666666666666,420.0,0.9199029126213591,0.9381188118811881,0.9023809523809524,420.0,0.9712230215827338,0.9782608695652174,0.9642857142857143,420.0,0.9693396226415094,0.9602803738317757,0.9785714285714285,420.0,0.9786223277909738,0.976303317535545,0.9809523809523809,420.0,0.6545454545454545,0.6260869565217392,0.6857142857142857,420.0,0.7270471464019851,0.7590673575129534,0.6976190476190476,420.0,0.9493975903614458,0.9609756097560975,0.9380952380952381,420.0,0.9326923076923078,0.941747572815534,0.9238095238095239,420.0,0.6506024096385543,0.6585365853658537,0.6428571428571429,420.0,0.9471153846153847,0.9563106796116505,0.9380952380952381,420.0,0.9227053140096617,0.9362745098039216,0.9095238095238095,420.0,0.9326923076923078,0.941747572815534,0.9238095238095239,420.0,0.9197080291970803,0.9402985074626866,0.9,420.0,0.9245283018867924,0.9158878504672897,0.9333333333333333,420.0,0.9685230024213076,0.9852216748768473,0.9523809523809523,420.0,0.9487485101311085,0.9498806682577565,0.9476190476190476,420.0,0.7600459242250287,0.7339246119733924,0.7880952380952381,420.0
62,0.13819831609725952,0.9447025656700134,0.37927812337875366,0.889614999294281,0.8896149949341438,0.889023214995456,0.0003000000142492354,0.40237812499981374,92120.0,228938.88677482813,0.7010078387458006,0.6617336152219874,0.7452380952380953,420.0,0.9704142011834319,0.9647058823529412,0.9761904761904762,420.0,0.9602803738317756,0.9426605504587156,0.9785714285714285,420.0,0.9626955475330926,0.9732360097323601,0.9523809523809523,420.0,0.9460093896713615,0.9328703703703703,0.9595238095238096,420.0,0.9762470308788598,0.9739336492890995,0.9785714285714285,420.0,0.6259541984732824,0.6721311475409836,0.5857142857142857,420.0,0.9361702127659575,0.9295774647887324,0.9428571428571428,420.0,0.977725674091442,0.9630484988452656,0.9928571428571429,420.0,0.6690647482014389,0.6739130434782609,0.6642857142857143,420.0,0.9261904761904762,0.9261904761904762,0.9261904761904762,420.0,0.6371490280777538,0.5830039525691699,0.7023809523809523,420.0,0.969047619047619,0.969047619047619,0.969047619047619,420.0,0.5392670157068062,0.5988372093023255,0.49047619047619045,420.0,0.98698224852071,0.9811764705882353,0.9928571428571429,420.0,0.9504036908881199,0.9217002237136466,0.9809523809523809,420.0,0.6658130601792573,0.7202216066481995,0.6190476190476191,420.0,0.9668246445497629,0.9622641509433962,0.9714285714285714,420.0,0.960093896713615,0.9467592592592593,0.9738095238095238,420.0,0.9845422116527943,0.9833729216152018,0.9857142857142858,420.0,0.9282296650717704,0.9326923076923077,0.9238095238095239,420.0,0.9344262295081968,0.9193548387096774,0.95,420.0,0.9133089133089132,0.9373433583959899,0.8904761904761904,420.0,0.9325443786982249,0.9270588235294117,0.9380952380952381,420.0,0.9326923076923078,0.941747572815534,0.9238095238095239,420.0,0.9785202863961813,0.9808612440191388,0.9761904761904762,420.0,0.967741935483871,0.9712230215827338,0.9642857142857143,420.0,0.9043062200956937,0.9086538461538461,0.9,420.0,0.9273356401384083,0.8993288590604027,0.9571428571428572,420.0,0.9173652694610778,0.9228915662650602,0.9119047619047619,420.0,0.9212121212121211,0.9382716049382716,0.9047619047619048,420.0,0.9723889555822329,0.9806295399515739,0.9642857142857143,420.0,0.9704840613931521,0.9625292740046838,0.9785714285714285,420.0,0.9786223277909738,0.976303317535545,0.9809523809523809,420.0,0.6584269662921347,0.6234042553191489,0.6976190476190476,420.0,0.7344913151364764,0.7668393782383419,0.7047619047619048,420.0,0.9506618531889289,0.9610705596107056,0.9404761904761905,420.0,0.9293413173652695,0.9349397590361446,0.9238095238095239,420.0,0.6641509433962264,0.704,0.6285714285714286,420.0,0.9458483754512635,0.9562043795620438,0.9357142857142857,420.0,0.9243697478991596,0.9322033898305084,0.9166666666666666,420.0,0.9338146811070999,0.9440389294403893,0.9238095238095239,420.0,0.9267707082833133,0.9346246973365617,0.919047619047619,420.0,0.9263657957244655,0.9241706161137441,0.9285714285714286,420.0,0.9685230024213076,0.9852216748768473,0.9523809523809523,420.0,0.9510155316606927,0.9544364508393285,0.9476190476190476,420.0,0.7792494481236202,0.7263374485596708,0.8404761904761905,420.0
63,0.13752691447734833,0.9453647136688232,0.37988224625587463,0.8870314359664917,0.8870314083080041,0.8867523227658851,0.0003000000142492354,0.3984473750001598,92120.0,231197.407185737,0.7047200878155873,0.6537678207739308,0.7642857142857142,420.0,0.9691943127962085,0.964622641509434,0.9738095238095238,420.0,0.960093896713615,0.9467592592592593,0.9738095238095238,420.0,0.9592326139088728,0.966183574879227,0.9523809523809523,420.0,0.9437939110070258,0.9285714285714286,0.9595238095238096,420.0,0.9750297265160522,0.9738717339667459,0.9761904761904762,420.0,0.6409638554216867,0.6487804878048781,0.6333333333333333,420.0,0.9361702127659575,0.9295774647887324,0.9428571428571428,420.0,0.9776207302709069,0.9673659673659674,0.9880952380952381,420.0,0.6589446589446589,0.7170868347338936,0.6095238095238096,420.0,0.9232585596221959,0.9156908665105387,0.930952380952381,420.0,0.6193548387096774,0.5647058823529412,0.6857142857142857,420.0,0.9689737470167064,0.9712918660287081,0.9666666666666667,420.0,0.5474722564734894,0.5677749360613811,0.5285714285714286,420.0,0.9881796690307328,0.9812206572769953,0.9952380952380953,420.0,0.9488372093023255,0.9272727272727272,0.9714285714285714,420.0,0.6561679790026247,0.7309941520467836,0.5952380952380952,420.0,0.965680473372781,0.96,0.9714285714285714,420.0,0.9644549763033176,0.9599056603773585,0.969047619047619,420.0,0.9845422116527943,0.9833729216152018,0.9857142857142858,420.0,0.9243697478991596,0.9322033898305084,0.9166666666666666,420.0,0.9289099526066351,0.9245283018867925,0.9333333333333333,420.0,0.9161603888213852,0.9354838709677419,0.8976190476190476,420.0,0.9341176470588235,0.9232558139534883,0.9452380952380952,420.0,0.9314079422382672,0.9416058394160584,0.9214285714285714,420.0,0.9785202863961813,0.9808612440191388,0.9761904761904762,420.0,0.9688995215311006,0.9735576923076923,0.9642857142857143,420.0,0.9075630252100839,0.9152542372881356,0.9,420.0,0.9269988412514484,0.9029345372460497,0.9523809523809523,420.0,0.9131985731272294,0.9121140142517815,0.9142857142857143,420.0,0.9129916567342075,0.9140811455847255,0.9119047619047619,420.0,0.9699879951980792,0.9782082324455206,0.9619047619047619,420.0,0.9704840613931521,0.9625292740046838,0.9785714285714285,420.0,0.9786223277909738,0.976303317535545,0.9809523809523809,420.0,0.6352941176470588,0.627906976744186,0.6428571428571429,420.0,0.7334963325183375,0.7537688442211056,0.7142857142857143,420.0,0.9493975903614458,0.9609756097560975,0.9380952380952381,420.0,0.9272943980929679,0.9284009546539379,0.9261904761904762,420.0,0.6561360874848117,0.6699751861042184,0.6428571428571429,420.0,0.9447115384615384,0.9538834951456311,0.9357142857142857,420.0,0.918854415274463,0.9210526315789473,0.9166666666666666,420.0,0.9342891278375149,0.9376498800959233,0.930952380952381,420.0,0.9245508982035928,0.9301204819277108,0.919047619047619,420.0,0.9258373205741627,0.9302884615384616,0.9214285714285714,420.0,0.9672727272727272,0.9851851851851852,0.95,420.0,0.947242206235012,0.9541062801932367,0.9404761904761905,420.0,0.7580645161290323,0.734375,0.7833333333333333,420.0
64,0.13717152178287506,0.9452236294746399,0.3818817138671875,0.8880952596664429,0.8880952380952382,0.8874140372449918,0.0003000000142492354,0.40061658300010095,92120.0,229945.54870929243,0.6923076923076923,0.6594827586206896,0.7285714285714285,420.0,0.9680473372781065,0.9623529411764706,0.9738095238095238,420.0,0.9578454332552693,0.9423963133640553,0.9738095238095238,420.0,0.9626955475330926,0.9732360097323601,0.9523809523809523,420.0,0.9482352941176471,0.9372093023255814,0.9595238095238096,420.0,0.9750297265160522,0.9738717339667459,0.9761904761904762,420.0,0.6400937866354045,0.6304849884526559,0.65,420.0,0.9372781065088757,0.9317647058823529,0.9428571428571428,420.0,0.9754385964912282,0.9586206896551724,0.9928571428571429,420.0,0.6583850931677019,0.6883116883116883,0.6309523809523809,420.0,0.9260143198090691,0.9282296650717703,0.9238095238095239,420.0,0.6435643564356436,0.5508474576271186,0.7738095238095238,420.0,0.9713603818615753,0.9736842105263158,0.969047619047619,420.0,0.5289957567185289,0.6515679442508711,0.4452380952380952,420.0,0.98698224852071,0.9811764705882353,0.9928571428571429,420.0,0.9493087557603686,0.9196428571428571,0.9809523809523809,420.0,0.6675062972292192,0.7085561497326203,0.6309523809523809,420.0,0.9668246445497629,0.9622641509433962,0.9714285714285714,420.0,0.9634002361275088,0.955503512880562,0.9714285714285714,420.0,0.9833333333333333,0.9833333333333333,0.9833333333333333,420.0,0.929951690821256,0.9436274509803921,0.9166666666666666,420.0,0.9344262295081968,0.9193548387096774,0.95,420.0,0.9121951219512194,0.935,0.8904761904761904,420.0,0.9312796208530806,0.9268867924528302,0.9357142857142857,420.0,0.9315726290516207,0.9394673123486683,0.9238095238095239,420.0,0.9785202863961813,0.9808612440191388,0.9761904761904762,420.0,0.9665071770334929,0.9711538461538461,0.9619047619047619,420.0,0.9023809523809524,0.9023809523809524,0.9023809523809524,420.0,0.9271676300578036,0.9011235955056179,0.9547619047619048,420.0,0.9144893111638955,0.9123222748815166,0.9166666666666666,420.0,0.9153754469606675,0.9164677804295943,0.9142857142857143,420.0,0.9699157641395908,0.9805352798053528,0.9595238095238096,420.0,0.9704142011834319,0.9647058823529412,0.9761904761904762,420.0,0.9786223277909738,0.976303317535545,0.9809523809523809,420.0,0.6150121065375301,0.625615763546798,0.6047619047619047,420.0,0.7330873308733087,0.7582697201017812,0.7095238095238096,420.0,0.9473684210526315,0.9519230769230769,0.9428571428571428,420.0,0.9315726290516207,0.9394673123486683,0.9238095238095239,420.0,0.6599749058971142,0.6976127320954907,0.6261904761904762,420.0,0.9471153846153847,0.9563106796116505,0.9380952380952381,420.0,0.9227053140096617,0.9362745098039216,0.9095238095238095,420.0,0.9338146811070999,0.9440389294403893,0.9238095238095239,420.0,0.930952380952381,0.930952380952381,0.930952380952381,420.0,0.9269461077844311,0.9325301204819277,0.9214285714285714,420.0,0.9697702539298669,0.9852579852579852,0.9547619047619048,420.0,0.9511323003575685,0.9522673031026253,0.95,420.0,0.7735426008968609,0.7309322033898306,0.8214285714285714,420.0
65,0.1370384395122528,0.9451801776885986,0.38173484802246094,0.8872340321540833,0.8872340425531913,0.8867314151384533,0.0003000000142492354,0.3923340419996748,92120.0,234799.91573118794,0.7060085836909871,0.642578125,0.7833333333333333,420.0,0.9668246445497629,0.9622641509433962,0.9714285714285714,420.0,0.9577464788732395,0.9444444444444444,0.9714285714285714,420.0,0.96144578313253,0.973170731707317,0.95,420.0,0.9457547169811321,0.9369158878504673,0.9547619047619048,420.0,0.9750297265160522,0.9738717339667459,0.9761904761904762,420.0,0.6320987654320989,0.6564102564102564,0.6095238095238096,420.0,0.9355608591885441,0.937799043062201,0.9333333333333333,420.0,0.977725674091442,0.9630484988452656,0.9928571428571429,420.0,0.6641509433962264,0.704,0.6285714285714286,420.0,0.9239904988123515,0.9218009478672986,0.9261904761904762,420.0,0.6288659793814433,0.5545454545454546,0.7261904761904762,420.0,0.9702734839476813,0.9691211401425178,0.9714285714285714,420.0,0.5289473684210527,0.5911764705882353,0.4785714285714286,420.0,0.98698224852071,0.9811764705882353,0.9928571428571429,420.0,0.9504036908881199,0.9217002237136466,0.9809523809523809,420.0,0.6515353805073432,0.7416413373860182,0.580952380952381,420.0,0.9668246445497629,0.9622641509433962,0.9714285714285714,420.0,0.9645390070921985,0.9577464788732394,0.9714285714285714,420.0,0.9833333333333333,0.9833333333333333,0.9833333333333333,420.0,0.9247311827956989,0.9280575539568345,0.9214285714285714,420.0,0.929245283018868,0.9205607476635514,0.9380952380952381,420.0,0.913939393939394,0.9308641975308642,0.8976190476190476,420.0,0.9311163895486937,0.9289099526066351,0.9333333333333333,420.0,0.9293413173652695,0.9349397590361446,0.9238095238095239,420.0,0.9797377830750893,0.9809069212410502,0.9785714285714285,420.0,0.970059880239521,0.9759036144578314,0.9642857142857143,420.0,0.9051094890510949,0.9253731343283582,0.8857142857142857,420.0,0.928074245939675,0.9049773755656109,0.9523809523809523,420.0,0.9144893111638955,0.9123222748815166,0.9166666666666666,420.0,0.9178743961352657,0.9313725490196079,0.9047619047619048,420.0,0.9711538461538461,0.9805825242718447,0.9619047619047619,420.0,0.9716312056737589,0.9647887323943662,0.9785714285714285,420.0,0.9774614472123369,0.9739952718676123,0.9809523809523809,420.0,0.643598615916955,0.6241610738255033,0.6642857142857143,420.0,0.729113924050633,0.7783783783783784,0.6857142857142857,420.0,0.9495192307692308,0.9587378640776699,0.9404761904761905,420.0,0.9326923076923078,0.941747572815534,0.9238095238095239,420.0,0.6512758201701092,0.6650124069478908,0.638095238095238,420.0,0.9459783913565426,0.9539951573849879,0.9380952380952381,420.0,0.9201430274135876,0.9212410501193318,0.919047619047619,420.0,0.933806146572104,0.9272300469483568,0.9404761904761905,420.0,0.9253012048192771,0.9365853658536586,0.9142857142857143,420.0,0.9223529411764705,0.9116279069767442,0.9333333333333333,420.0,0.9660194174757282,0.9851485148514851,0.9476190476190476,420.0,0.9538461538461538,0.9482352941176471,0.9595238095238096,420.0,0.760722347629797,0.723175965665236,0.8023809523809524,420.0
66,0.1364917755126953,0.9455710053443909,0.3825185000896454,0.8886018395423889,0.8886018237082065,0.8881624618362659,0.0003000000142492354,0.3995076669998525,92120.0,230583.81004746526,0.6887871853546911,0.6629955947136564,0.7166666666666667,420.0,0.9692671394799054,0.9624413145539906,0.9761904761904762,420.0,0.9577464788732395,0.9444444444444444,0.9714285714285714,420.0,0.9626955475330926,0.9732360097323601,0.9523809523809523,420.0,0.9460093896713615,0.9328703703703703,0.9595238095238096,420.0,0.9786729857819905,0.9740566037735849,0.9833333333333333,420.0,0.6420047732696896,0.6435406698564593,0.6404761904761904,420.0,0.9371293001186239,0.933806146572104,0.9404761904761905,420.0,0.9753231492361928,0.962877030162413,0.9880952380952381,420.0,0.6739393939393941,0.6864197530864198,0.6619047619047619,420.0,0.9263657957244655,0.9241706161137441,0.9285714285714286,420.0,0.635091496232508,0.5795677799607073,0.7023809523809523,420.0,0.9678188319427891,0.9689737470167065,0.9666666666666667,420.0,0.544980443285528,0.6023054755043228,0.4976190476190476,420.0,0.98698224852071,0.9811764705882353,0.9928571428571429,420.0,0.951501154734411,0.9237668161434978,0.9809523809523809,420.0,0.6708385481852315,0.7071240105540897,0.638095238095238,420.0,0.965680473372781,0.96,0.9714285714285714,420.0,0.9634002361275088,0.955503512880562,0.9714285714285714,420.0,0.9833333333333333,0.9833333333333333,0.9833333333333333,420.0,0.9280575539568345,0.9347826086956522,0.9214285714285714,420.0,0.9344262295081968,0.9193548387096774,0.95,420.0,0.9150485436893204,0.9331683168316832,0.8976190476190476,420.0,0.9323843416370108,0.9290780141843972,0.9357142857142857,420.0,0.9307875894988067,0.9330143540669856,0.9285714285714286,420.0,0.9785202863961813,0.9808612440191388,0.9761904761904762,420.0,0.9665071770334929,0.9711538461538461,0.9619047619047619,420.0,0.909310761789601,0.9238329238329238,0.8952380952380953,420.0,0.9269988412514484,0.9029345372460497,0.9523809523809523,420.0,0.9164677804295943,0.9186602870813397,0.9142857142857143,420.0,0.9114832535885168,0.9158653846153846,0.9071428571428571,420.0,0.9699157641395908,0.9805352798053528,0.9595238095238096,420.0,0.9727810650887575,0.9670588235294117,0.9785714285714285,420.0,0.9809523809523809,0.9809523809523809,0.9809523809523809,420.0,0.6287069988137604,0.6264775413711584,0.6309523809523809,420.0,0.7334137515078408,0.7432762836185819,0.7238095238095238,420.0,0.9495192307692308,0.9587378640776699,0.9404761904761905,420.0,0.9315726290516207,0.9394673123486683,0.9238095238095239,420.0,0.6583229036295368,0.6939313984168866,0.6261904761904762,420.0,0.9483793517406962,0.9564164648910412,0.9404761904761905,420.0,0.9202898550724637,0.9338235294117647,0.9071428571428571,420.0,0.9355608591885441,0.937799043062201,0.9333333333333333,420.0,0.9282296650717704,0.9326923076923077,0.9238095238095239,420.0,0.925089179548157,0.9239904988123515,0.9261904761904762,420.0,0.9697702539298669,0.9852579852579852,0.9547619047619048,420.0,0.9538461538461538,0.9482352941176471,0.9595238095238096,420.0,0.7597254004576659,0.7312775330396476,0.7904761904761904,420.0
67,0.13580437004566193,0.9454950094223022,0.3832555115222931,0.8872846961021423,0.8872847011144883,0.8869248732082009,0.0003000000142492354,0.40558941600011167,92120.0,227126.24236716927,0.7017543859649122,0.6504065040650406,0.7619047619047619,420.0,0.9704142011834319,0.9647058823529412,0.9761904761904762,420.0,0.95906432748538,0.9425287356321839,0.9761904761904762,420.0,0.962605548854041,0.9755501222493888,0.95,420.0,0.9458823529411765,0.9348837209302325,0.9571428571428572,420.0,0.9750297265160522,0.9738717339667459,0.9761904761904762,420.0,0.6124031007751938,0.6694915254237288,0.5642857142857143,420.0,0.9355608591885441,0.937799043062201,0.9333333333333333,420.0,0.9765807962529274,0.9608294930875576,0.9928571428571429,420.0,0.6649616368286445,0.7182320441988951,0.6190476190476191,420.0,0.9241706161137441,0.9198113207547169,0.9285714285714286,420.0,0.6289308176100629,0.5617977528089888,0.7142857142857143,420.0,0.9702026221692491,0.9713603818615751,0.969047619047619,420.0,0.5399239543726236,0.5772357723577236,0.5071428571428571,420.0,0.98698224852071,0.9811764705882353,0.9928571428571429,420.0,0.9502890173410405,0.9235955056179775,0.9785714285714285,420.0,0.6571056062581486,0.7262247838616714,0.6,420.0,0.965680473372781,0.96,0.9714285714285714,420.0,0.9621749408983451,0.9553990610328639,0.969047619047619,420.0,0.9833333333333333,0.9833333333333333,0.9833333333333333,420.0,0.9258373205741627,0.9302884615384616,0.9214285714285714,420.0,0.9344262295081968,0.9193548387096774,0.95,420.0,0.913939393939394,0.9308641975308642,0.8976190476190476,420.0,0.9352179034157831,0.9254079254079254,0.9452380952380952,420.0,0.9315726290516207,0.9394673123486683,0.9238095238095239,420.0,0.9785202863961813,0.9808612440191388,0.9761904761904762,420.0,0.9688249400479616,0.9758454106280193,0.9619047619047619,420.0,0.9036860879904876,0.9026128266033254,0.9047619047619048,420.0,0.9268292682926829,0.9047619047619048,0.95,420.0,0.9164677804295943,0.9186602870813397,0.9142857142857143,420.0,0.9232643118148599,0.9451371571072319,0.9023809523809524,420.0,0.9712230215827338,0.9782608695652174,0.9642857142857143,420.0,0.9693396226415094,0.9602803738317757,0.9785714285714285,420.0,0.9774614472123369,0.9739952718676123,0.9809523809523809,420.0,0.6534216335540839,0.6090534979423868,0.7047619047619048,420.0,0.7261462205700123,0.7571059431524548,0.6976190476190476,420.0,0.9467312348668281,0.9630541871921182,0.930952380952381,420.0,0.9304556354916068,0.9371980676328503,0.9238095238095239,420.0,0.6473429951690821,0.6568627450980392,0.638095238095238,420.0,0.947242206235012,0.9541062801932367,0.9404761904761905,420.0,0.9264173703256936,0.9388753056234719,0.9142857142857143,420.0,0.9350961538461539,0.9441747572815534,0.9261904761904762,420.0,0.9254807692307692,0.9344660194174758,0.9166666666666666,420.0,0.9237983587338804,0.9099307159353349,0.9380952380952381,420.0,0.9672727272727272,0.9851851851851852,0.95,420.0,0.9535160905840284,0.954653937947494,0.9523809523809523,420.0,0.7528868360277137,0.7309417040358744,0.7761904761904762,420.0
68,0.13536322116851807,0.9452996253967285,0.3842287063598633,0.8875380158424377,0.8875379939209725,0.886980047502362,0.0003000000142492354,0.40198400000008405,92120.0,229163.34978501816,0.695067264573991,0.6567796610169492,0.7380952380952381,420.0,0.9692671394799054,0.9624413145539906,0.9761904761904762,420.0,0.958968347010551,0.9445727482678984,0.9738095238095238,420.0,0.9591346153846154,0.9684466019417476,0.95,420.0,0.9458823529411765,0.9348837209302325,0.9571428571428572,420.0,0.9774614472123369,0.9739952718676123,0.9809523809523809,420.0,0.64,0.6325581395348837,0.6476190476190476,420.0,0.9383886255924171,0.9339622641509434,0.9428571428571428,420.0,0.9765807962529274,0.9608294930875576,0.9928571428571429,420.0,0.6464379947229552,0.7248520710059172,0.5833333333333334,420.0,0.9249106078665079,0.9260143198090692,0.9238095238095239,420.0,0.6476377952755905,0.552013422818792,0.7833333333333333,420.0,0.9688995215311006,0.9735576923076923,0.9642857142857143,420.0,0.5272969374167776,0.5981873111782477,0.4714285714285714,420.0,0.98698224852071,0.9811764705882353,0.9928571428571429,420.0,0.9493087557603686,0.9196428571428571,0.9809523809523809,420.0,0.6641123882503193,0.7162534435261708,0.6190476190476191,420.0,0.965680473372781,0.96,0.9714285714285714,420.0,0.9623529411764705,0.9511627906976744,0.9738095238095238,420.0,0.9833333333333333,0.9833333333333333,0.9833333333333333,420.0,0.9247058823529412,0.913953488372093,0.9357142857142857,420.0,0.9377203290246768,0.925754060324826,0.95,420.0,0.913730255164034,0.9330024813895782,0.8952380952380953,420.0,0.9361702127659575,0.9295774647887324,0.9428571428571428,420.0,0.9315726290516207,0.9394673123486683,0.9238095238095239,420.0,0.9797377830750893,0.9809069212410502,0.9785714285714285,420.0,0.970131421744325,0.973621103117506,0.9666666666666667,420.0,0.9066985645933013,0.9110576923076923,0.9023809523809524,420.0,0.9269988412514484,0.9029345372460497,0.9523809523809523,420.0,0.9186602870813396,0.9230769230769231,0.9142857142857143,420.0,0.9145607701564379,0.9245742092457421,0.9047619047619048,420.0,0.9711538461538461,0.9805825242718447,0.9619047619047619,420.0,0.9681978798586572,0.958041958041958,0.9785714285714285,420.0,0.9785714285714285,0.9785714285714285,0.9785714285714285,420.0,0.6207729468599034,0.6299019607843137,0.611904761904762,420.0,0.7351874244256348,0.7469287469287469,0.7238095238095238,420.0,0.9493975903614458,0.9609756097560975,0.9380952380952381,420.0,0.9304556354916068,0.9371980676328503,0.9238095238095239,420.0,0.656019656019656,0.6776649746192893,0.6357142857142857,420.0,0.9458483754512635,0.9562043795620438,0.9357142857142857,420.0,0.9278846153846153,0.9368932038834952,0.919047619047619,420.0,0.9350961538461539,0.9441747572815534,0.9261904761904762,420.0,0.9181929181929182,0.9423558897243107,0.8952380952380953,420.0,0.9252669039145908,0.9219858156028369,0.9285714285714286,420.0,0.9698431845597105,0.9828850855745721,0.9571428571428572,420.0,0.9548693586698337,0.95260663507109,0.9571428571428572,420.0,0.7529137529137528,0.7374429223744292,0.7690476190476191,420.0
69,0.13507597148418427,0.946168065071106,0.3858925402164459,0.8883485198020935,0.8883485309017223,0.887816573709359,0.0003000000142492354,0.40336020799986727,92120.0,228381.47683628305,0.7068965517241379,0.6456692913385826,0.780952380952381,420.0,0.9692671394799054,0.9624413145539906,0.9761904761904762,420.0,0.9601873536299766,0.9447004608294931,0.9761904761904762,420.0,0.962605548854041,0.9755501222493888,0.95,420.0,0.944770857814336,0.9327146171693735,0.9571428571428572,420.0,0.9750297265160522,0.9738717339667459,0.9761904761904762,420.0,0.626108998732573,0.6693766937669376,0.5880952380952381,420.0,0.9361702127659575,0.9295774647887324,0.9428571428571428,420.0,0.977725674091442,0.9630484988452656,0.9928571428571429,420.0,0.6623711340206186,0.7219101123595506,0.611904761904762,420.0,0.9245283018867924,0.9158878504672897,0.9333333333333333,420.0,0.6230529595015577,0.5524861878453039,0.7142857142857143,420.0,0.9689737470167064,0.9712918660287081,0.9666666666666667,420.0,0.5352112676056339,0.5789473684210527,0.4976190476190476,420.0,0.98698224852071,0.9811764705882353,0.9928571428571429,420.0,0.9468822170900693,0.9192825112107623,0.9761904761904762,420.0,0.6515353805073432,0.7416413373860182,0.580952380952381,420.0,0.9668246445497629,0.9622641509433962,0.9714285714285714,420.0,0.9634002361275088,0.955503512880562,0.9714285714285714,420.0,0.9833333333333333,0.9833333333333333,0.9833333333333333,420.0,0.9260143198090691,0.9282296650717703,0.9238095238095239,420.0,0.9311551925320887,0.9130434782608695,0.95,420.0,0.9150485436893204,0.9331683168316832,0.8976190476190476,420.0,0.9377203290246768,0.925754060324826,0.95,420.0,0.9338146811070999,0.9440389294403893,0.9238095238095239,420.0,0.9785202863961813,0.9808612440191388,0.9761904761904762,420.0,0.9665071770334929,0.9711538461538461,0.9619047619047619,420.0,0.9075630252100839,0.9152542372881356,0.9,420.0,0.928074245939675,0.9049773755656109,0.9523809523809523,420.0,0.917562724014337,0.920863309352518,0.9142857142857143,420.0,0.9191797346200242,0.9315403422982885,0.9071428571428571,420.0,0.9711538461538461,0.9805825242718447,0.9619047619047619,420.0,0.9681978798586572,0.958041958041958,0.9785714285714285,420.0,0.9797859690844234,0.9786223277909739,0.9809523809523809,420.0,0.6554433221099887,0.6199575371549894,0.6952380952380952,420.0,0.7354037267080746,0.7688311688311689,0.7047619047619048,420.0,0.9481302774427021,0.960880195599022,0.9357142857142857,420.0,0.9282296650717704,0.9326923076923077,0.9238095238095239,420.0,0.6599749058971142,0.6976127320954907,0.6261904761904762,420.0,0.9458483754512635,0.9562043795620438,0.9357142857142857,420.0,0.9185905224787363,0.9379652605459057,0.9,420.0,0.9376498800959233,0.9444444444444444,0.930952380952381,420.0,0.9241877256317689,0.9343065693430657,0.9142857142857143,420.0,0.9261904761904762,0.9261904761904762,0.9261904761904762,420.0,0.9685230024213076,0.9852216748768473,0.9523809523809523,420.0,0.9550827423167848,0.9483568075117371,0.9619047619047619,420.0,0.7719688542825361,0.7244258872651357,0.8261904761904761,420.0
70,0.1345578283071518,0.945690393447876,0.3855360746383667,0.886626124382019,0.886626139817629,0.886321189222474,0.0003000000142492354,0.40528237499984243,92120.0,227298.31268886494,0.6507537688442211,0.6888297872340425,0.6166666666666667,420.0,0.9692671394799054,0.9624413145539906,0.9761904761904762,420.0,0.95906432748538,0.9425287356321839,0.9761904761904762,420.0,0.963855421686747,0.975609756097561,0.9523809523809523,420.0,0.9449003516998828,0.930715935334873,0.9595238095238096,420.0,0.9762470308788598,0.9739336492890995,0.9785714285714285,420.0,0.6343825665859564,0.645320197044335,0.6238095238095238,420.0,0.9361702127659575,0.9295774647887324,0.9428571428571428,420.0,0.9765807962529274,0.9608294930875576,0.9928571428571429,420.0,0.6545454545454547,0.72,0.6,420.0,0.9245283018867924,0.9158878504672897,0.9333333333333333,420.0,0.6232356134636265,0.5728542914171657,0.6833333333333333,420.0,0.967741935483871,0.9712230215827338,0.9642857142857143,420.0,0.5392986698911728,0.547911547911548,0.530952380952381,420.0,0.98698224852071,0.9811764705882353,0.9928571428571429,420.0,0.9493087557603686,0.9196428571428571,0.9809523809523809,420.0,0.6872146118721462,0.6600877192982456,0.7166666666666667,420.0,0.9668246445497629,0.9622641509433962,0.9714285714285714,420.0,0.9634002361275088,0.955503512880562,0.9714285714285714,420.0,0.9833333333333333,0.9833333333333333,0.9833333333333333,420.0,0.927810650887574,0.9223529411764706,0.9333333333333333,420.0,0.9333333333333332,0.9172413793103448,0.95,420.0,0.9062500000000001,0.9150485436893204,0.8976190476190476,420.0,0.9349112426035503,0.9294117647058824,0.9404761904761905,420.0,0.9314079422382672,0.9416058394160584,0.9214285714285714,420.0,0.9797377830750893,0.9809069212410502,0.9785714285714285,420.0,0.967741935483871,0.9712230215827338,0.9642857142857143,420.0,0.9051620648259304,0.9128329297820823,0.8976190476190476,420.0,0.9191090269636577,0.9053117782909931,0.9333333333333333,420.0,0.9134045077105575,0.9101654846335697,0.9166666666666666,420.0,0.916767189384801,0.9290953545232273,0.9047619047619048,420.0,0.970059880239521,0.9759036144578314,0.9642857142857143,420.0,0.9704840613931521,0.9625292740046838,0.9785714285714285,420.0,0.9786729857819905,0.9740566037735849,0.9833333333333333,420.0,0.6345475910693301,0.6264501160092807,0.6428571428571429,420.0,0.7327690447400241,0.7444717444717445,0.7214285714285714,420.0,0.9493975903614458,0.9609756097560975,0.9380952380952381,420.0,0.9304556354916068,0.9371980676328503,0.9238095238095239,420.0,0.6592039800995025,0.6901041666666666,0.6309523809523809,420.0,0.9471153846153847,0.9563106796116505,0.9380952380952381,420.0,0.9240048250904705,0.9364303178484108,0.9119047619047619,420.0,0.9365269461077844,0.9421686746987952,0.930952380952381,420.0,0.9236363636363636,0.9407407407407408,0.9071428571428571,420.0,0.9261904761904762,0.9261904761904762,0.9261904761904762,420.0,0.9672727272727272,0.9851851851851852,0.95,420.0,0.9495192307692308,0.9587378640776699,0.9404761904761905,420.0,0.7639680729760547,0.7330415754923414,0.7976190476190477,420.0
71,0.13425308465957642,0.9463634490966797,0.38492122292518616,0.8870314359664917,0.8870314083080042,0.8867443154852999,0.0003000000142492354,0.39967399999977715,92120.0,230487.84759591907,0.6828703703703703,0.6644144144144144,0.7023809523809523,420.0,0.9680473372781065,0.9623529411764706,0.9738095238095238,420.0,0.95906432748538,0.9425287356321839,0.9761904761904762,420.0,0.9627851140456183,0.9709443099273608,0.9547619047619048,420.0,0.9449003516998828,0.930715935334873,0.9595238095238096,420.0,0.9762470308788598,0.9739336492890995,0.9785714285714285,420.0,0.6198979591836734,0.6675824175824175,0.5785714285714286,420.0,0.9383886255924171,0.9339622641509434,0.9428571428571428,420.0,0.9800235017626322,0.9675174013921114,0.9928571428571429,420.0,0.6564102564102564,0.7111111111111111,0.6095238095238096,420.0,0.9245283018867924,0.9158878504672897,0.9333333333333333,420.0,0.6222707423580787,0.5745967741935484,0.6785714285714286,420.0,0.969047619047619,0.969047619047619,0.969047619047619,420.0,0.5439024390243903,0.5575,0.530952380952381,420.0,0.9881796690307328,0.9812206572769953,0.9952380952380953,420.0,0.9493087557603686,0.9196428571428571,0.9809523809523809,420.0,0.6716049382716048,0.6974358974358974,0.6476190476190476,420.0,0.965680473372781,0.96,0.9714285714285714,420.0,0.9622641509433962,0.9532710280373832,0.9714285714285714,420.0,0.9833333333333333,0.9833333333333333,0.9833333333333333,420.0,0.9254807692307692,0.9344660194174758,0.9166666666666666,420.0,0.9276393831553973,0.9243498817966903,0.930952380952381,420.0,0.9115151515151515,0.928395061728395,0.8952380952380953,420.0,0.9349112426035503,0.9294117647058824,0.9404761904761905,420.0,0.9314079422382672,0.9416058394160584,0.9214285714285714,420.0,0.9797377830750893,0.9809069212410502,0.9785714285714285,420.0,0.9688249400479616,0.9758454106280193,0.9619047619047619,420.0,0.9069212410501194,0.9090909090909091,0.9047619047619048,420.0,0.9255813953488372,0.9045454545454545,0.9476190476190476,420.0,0.9151732377538829,0.9184652278177458,0.9119047619047619,420.0,0.9156626506024096,0.926829268292683,0.9047619047619048,420.0,0.9699879951980792,0.9782082324455206,0.9619047619047619,420.0,0.9704840613931521,0.9625292740046838,0.9785714285714285,420.0,0.9786223277909738,0.976303317535545,0.9809523809523809,420.0,0.6540178571428571,0.615546218487395,0.6976190476190476,420.0,0.73,0.7684210526315789,0.6952380952380952,420.0,0.9505428226779252,0.9633251833740831,0.9380952380952381,420.0,0.9315726290516207,0.9394673123486683,0.9238095238095239,420.0,0.6520681265206812,0.6666666666666666,0.638095238095238,420.0,0.9447115384615384,0.9538834951456311,0.9357142857142857,420.0,0.9179548156956006,0.9168646080760094,0.919047619047619,420.0,0.9350961538461539,0.9441747572815534,0.9261904761904762,420.0,0.9269461077844311,0.9325301204819277,0.9214285714285714,420.0,0.923076923076923,0.9176470588235294,0.9285714285714286,420.0,0.9672727272727272,0.9851851851851852,0.95,420.0,0.9508982035928143,0.9566265060240964,0.9452380952380952,420.0,0.7621195039458851,0.7237687366167024,0.8047619047619048,420.0
72,0.13370712101459503,0.9465588331222534,0.38772904872894287,0.8873353600502014,0.8873353596757851,0.8869630535793821,0.0003000000142492354,0.39068637499985925,92120.0,235790.1526513004,0.7024070021881837,0.6497975708502024,0.7642857142857142,420.0,0.9692671394799054,0.9624413145539906,0.9761904761904762,420.0,0.9588719153936545,0.9466357308584686,0.9714285714285714,420.0,0.9626955475330926,0.9732360097323601,0.9523809523809523,420.0,0.9469964664310955,0.9370629370629371,0.9571428571428572,420.0,0.9762470308788598,0.9739336492890995,0.9785714285714285,420.0,0.6273062730627307,0.648854961832061,0.6071428571428571,420.0,0.9374262101534828,0.9297423887587822,0.9452380952380952,420.0,0.9788732394366197,0.9652777777777778,0.9928571428571429,420.0,0.6683291770573565,0.7015706806282722,0.638095238095238,420.0,0.9256198347107439,0.9180327868852459,0.9333333333333333,420.0,0.6223698781838315,0.5817805383022774,0.669047619047619,420.0,0.9712918660287081,0.9759615384615384,0.9666666666666667,420.0,0.542997542997543,0.5609137055837563,0.5261904761904762,420.0,0.9881796690307328,0.9812206572769953,0.9952380952380953,420.0,0.9479768786127167,0.9213483146067416,0.9761904761904762,420.0,0.6579292267365663,0.7317784256559767,0.5976190476190476,420.0,0.9668246445497629,0.9622641509433962,0.9714285714285714,420.0,0.9634002361275088,0.955503512880562,0.9714285714285714,420.0,0.9833333333333333,0.9833333333333333,0.9833333333333333,420.0,0.9189189189189189,0.949238578680203,0.8904761904761904,420.0,0.927906976744186,0.9068181818181819,0.95,420.0,0.913730255164034,0.9330024813895782,0.8952380952380953,420.0,0.936768149882904,0.9216589861751152,0.9523809523809523,420.0,0.9346246973365617,0.9507389162561576,0.919047619047619,420.0,0.9785202863961813,0.9808612440191388,0.9761904761904762,420.0,0.9688995215311006,0.9735576923076923,0.9642857142857143,420.0,0.8994082840236687,0.8941176470588236,0.9047619047619048,420.0,0.9269988412514484,0.9029345372460497,0.9523809523809523,420.0,0.9171668667466986,0.9249394673123487,0.9095238095238095,420.0,0.9134615384615385,0.9223300970873787,0.9047619047619048,420.0,0.9688249400479616,0.9758454106280193,0.9619047619047619,420.0,0.9681978798586572,0.958041958041958,0.9785714285714285,420.0,0.979689366786141,0.9832134292565947,0.9761904761904762,420.0,0.6388888888888888,0.6216216216216216,0.6571428571428571,420.0,0.7352572145545796,0.7771883289124668,0.6976190476190476,420.0,0.9482551143200962,0.9586374695863747,0.9380952380952381,420.0,0.9282296650717704,0.9326923076923077,0.9238095238095239,420.0,0.6519065190651907,0.6743002544529262,0.6309523809523809,420.0,0.9458483754512635,0.9562043795620438,0.9357142857142857,420.0,0.9212121212121211,0.9382716049382716,0.9047619047619048,420.0,0.9338146811070999,0.9440389294403893,0.9238095238095239,420.0,0.9228971962616822,0.9059633027522935,0.9404761904761905,420.0,0.9249106078665079,0.9260143198090692,0.9238095238095239,420.0,0.9660194174757282,0.9851485148514851,0.9476190476190476,420.0,0.9526066350710901,0.9481132075471698,0.9571428571428572,420.0,0.7659574468085106,0.7230443974630021,0.8142857142857143,420.0
73,0.1335824579000473,0.9467108249664307,0.38939452171325684,0.8871833682060242,0.8871833839918946,0.886766897016716,0.0003000000142492354,0.4020738750000419,92120.0,229112.1252282069,0.6970033296337403,0.6528066528066528,0.7476190476190476,420.0,0.9692671394799054,0.9624413145539906,0.9761904761904762,420.0,0.9579439252336448,0.9403669724770642,0.9761904761904762,420.0,0.9604790419161676,0.9662650602409638,0.9547619047619048,420.0,0.9437939110070258,0.9285714285714286,0.9595238095238096,420.0,0.9762470308788598,0.9739336492890995,0.9785714285714285,420.0,0.6301703163017033,0.6442786069651741,0.6166666666666667,420.0,0.9396449704142011,0.9341176470588235,0.9452380952380952,420.0,0.977725674091442,0.9630484988452656,0.9928571428571429,420.0,0.6716791979949874,0.708994708994709,0.638095238095238,420.0,0.9265402843601896,0.9221698113207547,0.930952380952381,420.0,0.630457933972311,0.5703275529865125,0.7047619047619048,420.0,0.967741935483871,0.9712230215827338,0.9642857142857143,420.0,0.5396419437340154,0.5828729281767956,0.5023809523809524,420.0,0.9881796690307328,0.9812206572769953,0.9952380952380953,420.0,0.9490740740740741,0.9234234234234234,0.9761904761904762,420.0,0.6580310880829014,0.7215909090909091,0.6047619047619047,420.0,0.965680473372781,0.96,0.9714285714285714,420.0,0.9644549763033176,0.9599056603773585,0.969047619047619,420.0,0.9833333333333333,0.9833333333333333,0.9833333333333333,420.0,0.9274673008323424,0.9263657957244655,0.9285714285714286,420.0,0.9311551925320887,0.9130434782608695,0.95,420.0,0.9080047789725209,0.9112709832134293,0.9047619047619048,420.0,0.9377203290246768,0.925754060324826,0.95,420.0,0.9338146811070999,0.9440389294403893,0.9238095238095239,420.0,0.9785202863961813,0.9808612440191388,0.9761904761904762,420.0,0.9688995215311006,0.9735576923076923,0.9642857142857143,420.0,0.9026128266033253,0.9004739336492891,0.9047619047619048,420.0,0.9187279151943463,0.9090909090909091,0.9285714285714286,420.0,0.915576694411415,0.9144893111638955,0.9166666666666666,420.0,0.9176755447941889,0.9334975369458128,0.9023809523809524,420.0,0.9712230215827338,0.9782608695652174,0.9642857142857143,420.0,0.9681227863046045,0.9601873536299765,0.9761904761904762,420.0,0.9785714285714285,0.9785714285714285,0.9785714285714285,420.0,0.6339181286549707,0.6229885057471264,0.6452380952380953,420.0,0.7263556116015133,0.7721179624664879,0.6857142857142857,420.0,0.9495192307692308,0.9587378640776699,0.9404761904761905,420.0,0.9304556354916068,0.9371980676328503,0.9238095238095239,420.0,0.6553398058252428,0.6683168316831684,0.6428571428571429,420.0,0.9459783913565426,0.9539951573849879,0.9380952380952381,420.0,0.9172749391727493,0.9378109452736318,0.8976190476190476,420.0,0.9338146811070999,0.9440389294403893,0.9238095238095239,420.0,0.9240048250904705,0.9364303178484108,0.9119047619047619,420.0,0.9243498817966903,0.9178403755868545,0.930952380952381,420.0,0.9672727272727272,0.9851851851851852,0.95,420.0,0.951923076923077,0.9611650485436893,0.9428571428571428,420.0,0.7626546681664792,0.7228144989339019,0.8071428571428572,420.0
74,0.13306273519992828,0.9463851451873779,0.38953471183776855,0.8878926038742065,0.8878926038500506,0.8872785969523074,0.0003000000142492354,0.3940317079996021,92120.0,233788.29198205803,0.6914414414414415,0.655982905982906,0.7309523809523809,420.0,0.9691943127962085,0.964622641509434,0.9738095238095238,420.0,0.9579439252336448,0.9403669724770642,0.9761904761904762,420.0,0.961352657004831,0.9754901960784313,0.9476190476190476,420.0,0.944770857814336,0.9327146171693735,0.9571428571428572,420.0,0.9762470308788598,0.9739336492890995,0.9785714285714285,420.0,0.6259351620947632,0.6570680628272252,0.5976190476190476,420.0,0.9363207547169811,0.927570093457944,0.9452380952380952,420.0,0.9754385964912282,0.9586206896551724,0.9928571428571429,420.0,0.6633785450061652,0.6879795396419437,0.6404761904761904,420.0,0.9256198347107439,0.9180327868852459,0.9333333333333333,420.0,0.6473629782833505,0.5722120658135283,0.7452380952380953,420.0,0.970059880239521,0.9759036144578314,0.9642857142857143,420.0,0.5371120107962214,0.6199376947040498,0.4738095238095238,420.0,0.98698224852071,0.9811764705882353,0.9928571428571429,420.0,0.951388888888889,0.9256756756756757,0.9785714285714285,420.0,0.6615776081424937,0.7103825136612022,0.6190476190476191,420.0,0.9645390070921985,0.9577464788732394,0.9714285714285714,420.0,0.9623529411764705,0.9511627906976744,0.9738095238095238,420.0,0.9833333333333333,0.9833333333333333,0.9833333333333333,420.0,0.9256594724220624,0.9323671497584541,0.919047619047619,420.0,0.9333333333333332,0.9172413793103448,0.95,420.0,0.909310761789601,0.9238329238329238,0.8952380952380953,420.0,0.936470588235294,0.9255813953488372,0.9476190476190476,420.0,0.932853717026379,0.9396135265700483,0.9261904761904762,420.0,0.9785202863961813,0.9808612440191388,0.9761904761904762,420.0,0.9689737470167064,0.9712918660287081,0.9666666666666667,420.0,0.9075630252100839,0.9152542372881356,0.9,420.0,0.9243306169965074,0.9043280182232346,0.9452380952380952,420.0,0.9164677804295943,0.9186602870813397,0.9142857142857143,420.0,0.9189842805320435,0.9336609336609336,0.9047619047619048,420.0,0.9711538461538461,0.9805825242718447,0.9619047619047619,420.0,0.9681978798586572,0.958041958041958,0.9785714285714285,420.0,0.9797859690844234,0.9786223277909739,0.9809523809523809,420.0,0.6460481099656357,0.6225165562913907,0.6714285714285714,420.0,0.7268170426065163,0.7671957671957672,0.6904761904761905,420.0,0.9469879518072288,0.9585365853658536,0.9357142857142857,420.0,0.9293413173652695,0.9349397590361446,0.9238095238095239,420.0,0.6561360874848117,0.6699751861042184,0.6428571428571429,420.0,0.9449760765550239,0.9495192307692307,0.9404761904761905,420.0,0.9215922798552473,0.9339853300733496,0.9095238095238095,420.0,0.935251798561151,0.9420289855072463,0.9285714285714286,420.0,0.9258373205741627,0.9302884615384616,0.9214285714285714,420.0,0.9252669039145908,0.9219858156028369,0.9285714285714286,420.0,0.9697702539298669,0.9852579852579852,0.9547619047619048,420.0,0.9532934131736526,0.9590361445783132,0.9476190476190476,420.0,0.7568181818181818,0.7239130434782609,0.7928571428571428,420.0
75,0.1325683295726776,0.9466565251350403,0.3911362588405609,0.8869301080703735,0.8869300911854103,0.8866015817674266,0.0003000000142492354,0.4006716249996316,92120.0,229913.96009159545,0.7074235807860262,0.6532258064516129,0.7714285714285715,420.0,0.9704840613931521,0.9625292740046838,0.9785714285714285,420.0,0.9577464788732395,0.9444444444444444,0.9714285714285714,420.0,0.96144578313253,0.973170731707317,0.95,420.0,0.9425556858147714,0.9284064665127021,0.9571428571428572,420.0,0.9762470308788598,0.9739336492890995,0.9785714285714285,420.0,0.6266829865361078,0.6448362720403022,0.6095238095238096,420.0,0.9346016646848989,0.9334916864608076,0.9357142857142857,420.0,0.9788732394366197,0.9652777777777778,0.9928571428571429,420.0,0.6571798188874515,0.7195467422096318,0.6047619047619047,420.0,0.9228944246737842,0.9196217494089834,0.9261904761904762,420.0,0.6359918200408998,0.557347670250896,0.7404761904761905,420.0,0.9689737470167064,0.9712918660287081,0.9666666666666667,420.0,0.537467700258398,0.5875706214689266,0.49523809523809526,420.0,0.98698224852071,0.9811764705882353,0.9928571428571429,420.0,0.9468822170900693,0.9192825112107623,0.9761904761904762,420.0,0.6578599735799208,0.7388724035608308,0.5928571428571429,420.0,0.9668246445497629,0.9622641509433962,0.9714285714285714,420.0,0.9621749408983451,0.9553990610328639,0.969047619047619,420.0,0.9833333333333333,0.9833333333333333,0.9833333333333333,420.0,0.9285714285714286,0.9285714285714286,0.9285714285714286,420.0,0.9289099526066351,0.9245283018867925,0.9333333333333333,420.0,0.9148418491484184,0.9353233830845771,0.8952380952380953,420.0,0.9388235294117647,0.9279069767441861,0.95,420.0,0.934782608695652,0.9485294117647058,0.9214285714285714,420.0,0.9797377830750893,0.9809069212410502,0.9785714285714285,420.0,0.9676646706586827,0.9734939759036144,0.9619047619047619,420.0,0.9058402860548271,0.9069212410501193,0.9047619047619048,420.0,0.928074245939675,0.9049773755656109,0.9523809523809523,420.0,0.9177592371871275,0.918854415274463,0.9166666666666666,420.0,0.9178743961352657,0.9313725490196079,0.9047619047619048,420.0,0.9723889555822329,0.9806295399515739,0.9642857142857143,420.0,0.9670588235294117,0.9558139534883721,0.9785714285714285,420.0,0.9809523809523809,0.9809523809523809,0.9809523809523809,420.0,0.6326767091541137,0.6162528216704289,0.65,420.0,0.7261761158021713,0.7359413202933985,0.7166666666666667,420.0,0.9492753623188407,0.9632352941176471,0.9357142857142857,420.0,0.9304556354916068,0.9371980676328503,0.9238095238095239,420.0,0.6594982078853047,0.6618705035971223,0.6571428571428571,420.0,0.9458483754512635,0.9562043795620438,0.9357142857142857,420.0,0.919952210274791,0.9232613908872902,0.9166666666666666,420.0,0.9350961538461539,0.9441747572815534,0.9261904761904762,420.0,0.9241877256317689,0.9343065693430657,0.9142857142857143,420.0,0.921985815602837,0.9154929577464789,0.9285714285714286,420.0,0.9672727272727272,0.9851851851851852,0.95,420.0,0.9487485101311085,0.9498806682577565,0.9476190476190476,420.0,0.7431952662721893,0.7388235294117647,0.7476190476190476,420.0
76,0.13227376341819763,0.946504533290863,0.39089640974998474,0.8873353600502014,0.8873353596757851,0.8869365242836434,0.0003000000142492354,0.4042135409999901,92120.0,227899.34194708796,0.6897321428571429,0.6491596638655462,0.7357142857142858,420.0,0.9691943127962085,0.964622641509434,0.9738095238095238,420.0,0.95906432748538,0.9425287356321839,0.9761904761904762,420.0,0.9603841536614645,0.9685230024213075,0.9523809523809523,420.0,0.9458823529411765,0.9348837209302325,0.9571428571428572,420.0,0.9774614472123369,0.9739952718676123,0.9809523809523809,420.0,0.6337854500616522,0.6572890025575447,0.611904761904762,420.0,0.930622009569378,0.9350961538461539,0.9261904761904762,420.0,0.9754385964912282,0.9586206896551724,0.9928571428571429,420.0,0.6625463535228677,0.6889460154241646,0.638095238095238,420.0,0.9265402843601896,0.9221698113207547,0.930952380952381,420.0,0.6332288401253918,0.5642458100558659,0.7214285714285714,420.0,0.9688995215311006,0.9735576923076923,0.9642857142857143,420.0,0.5350993377483444,0.6029850746268657,0.48095238095238096,420.0,0.98698224852071,0.9811764705882353,0.9928571428571429,420.0,0.9504036908881199,0.9217002237136466,0.9809523809523809,420.0,0.6598726114649681,0.7095890410958904,0.6166666666666667,420.0,0.9668246445497629,0.9622641509433962,0.9714285714285714,420.0,0.9645390070921985,0.9577464788732394,0.9714285714285714,420.0,0.9833333333333333,0.9833333333333333,0.9833333333333333,420.0,0.9265402843601896,0.9221698113207547,0.930952380952381,420.0,0.9355216881594373,0.9214780600461894,0.95,420.0,0.9093078758949881,0.9114832535885168,0.9071428571428571,420.0,0.9349112426035503,0.9294117647058824,0.9404761904761905,420.0,0.9326923076923078,0.941747572815534,0.9238095238095239,420.0,0.9797377830750893,0.9809069212410502,0.9785714285714285,420.0,0.9688995215311006,0.9735576923076923,0.9642857142857143,420.0,0.9036860879904876,0.9026128266033254,0.9047619047619048,420.0,0.9243498817966903,0.9178403755868545,0.930952380952381,420.0,0.915576694411415,0.9144893111638955,0.9166666666666666,420.0,0.9242053789731052,0.949748743718593,0.9,420.0,0.9724550898203592,0.9783132530120482,0.9666666666666667,420.0,0.9669811320754718,0.9579439252336449,0.9761904761904762,420.0,0.9809976247030878,0.9786729857819905,0.9833333333333333,420.0,0.6467203682393556,0.6258351893095768,0.669047619047619,420.0,0.7304147465437788,0.7075892857142857,0.7547619047619047,420.0,0.9480048367593712,0.9631449631449631,0.9333333333333333,420.0,0.9304556354916068,0.9371980676328503,0.9238095238095239,420.0,0.6532156368221943,0.6943699731903485,0.6166666666666667,420.0,0.9459783913565426,0.9539951573849879,0.9380952380952381,420.0,0.9238210399032648,0.9385749385749386,0.9095238095238095,420.0,0.9325301204819277,0.9439024390243902,0.9214285714285714,420.0,0.9225181598062955,0.9384236453201971,0.9071428571428571,420.0,0.9248826291079812,0.9120370370370371,0.9380952380952381,420.0,0.9697702539298669,0.9852579852579852,0.9547619047619048,420.0,0.9531812725090036,0.9612590799031477,0.9452380952380952,420.0,0.748826291079812,0.7384259259259259,0.7595238095238095,420.0
77,0.131917804479599,0.9466565251350403,0.39246243238449097,0.887082040309906,0.8870820668693008,0.8868411079122231,0.0003000000142492354,0.40500958399979936,92120.0,227451.40766852972,0.672209026128266,0.6706161137440758,0.6738095238095239,420.0,0.9680473372781065,0.9623529411764706,0.9738095238095238,420.0,0.9578454332552693,0.9423963133640553,0.9738095238095238,420.0,0.9615384615384616,0.970873786407767,0.9523809523809523,420.0,0.9458823529411765,0.9348837209302325,0.9571428571428572,420.0,0.9774614472123369,0.9739952718676123,0.9809523809523809,420.0,0.64075382803298,0.634032634032634,0.6476190476190476,420.0,0.9382422802850356,0.9360189573459715,0.9404761904761905,420.0,0.9800235017626322,0.9675174013921114,0.9928571428571429,420.0,0.6731946144430845,0.6926952141057935,0.6547619047619048,420.0,0.927810650887574,0.9223529411764706,0.9333333333333333,420.0,0.615909090909091,0.5891304347826087,0.6452380952380953,420.0,0.9713603818615753,0.9736842105263158,0.969047619047619,420.0,0.5461165048543689,0.556930693069307,0.5357142857142857,420.0,0.9881796690307328,0.9812206572769953,0.9952380952380953,420.0,0.9502890173410405,0.9235955056179775,0.9785714285714285,420.0,0.6762589928057554,0.6811594202898551,0.6714285714285714,420.0,0.9668246445497629,0.9622641509433962,0.9714285714285714,420.0,0.96113074204947,0.951048951048951,0.9714285714285714,420.0,0.9833333333333333,0.9833333333333333,0.9833333333333333,420.0,0.9249394673123487,0.9408866995073891,0.9095238095238095,420.0,0.9228944246737842,0.9196217494089834,0.9261904761904762,420.0,0.9124087591240876,0.9328358208955224,0.8928571428571429,420.0,0.9363207547169811,0.927570093457944,0.9452380952380952,420.0,0.9326923076923078,0.941747572815534,0.9238095238095239,420.0,0.9797377830750893,0.9809069212410502,0.9785714285714285,420.0,0.9689737470167064,0.9712918660287081,0.9666666666666667,420.0,0.9075630252100839,0.9152542372881356,0.9,420.0,0.9269988412514484,0.9029345372460497,0.9523809523809523,420.0,0.917562724014337,0.920863309352518,0.9142857142857143,420.0,0.9189842805320435,0.9336609336609336,0.9047619047619048,420.0,0.9711538461538461,0.9805825242718447,0.9619047619047619,420.0,0.9681978798586572,0.958041958041958,0.9785714285714285,420.0,0.9785714285714285,0.9785714285714285,0.9785714285714285,420.0,0.6207729468599034,0.6299019607843137,0.611904761904762,420.0,0.7244897959183673,0.7802197802197802,0.6761904761904762,420.0,0.9485029940119761,0.9542168674698795,0.9428571428571428,420.0,0.9302884615384615,0.9393203883495146,0.9214285714285714,420.0,0.6553808948004837,0.6658476658476659,0.6452380952380953,420.0,0.9459783913565426,0.9539951573849879,0.9380952380952381,420.0,0.9183431952662723,0.9129411764705883,0.9238095238095239,420.0,0.9354066985645934,0.9399038461538461,0.930952380952381,420.0,0.9274673008323424,0.9263657957244655,0.9285714285714286,420.0,0.923076923076923,0.9176470588235294,0.9285714285714286,420.0,0.9647630619684082,0.9851116625310173,0.9452380952380952,420.0,0.953405017921147,0.9568345323741008,0.95,420.0,0.764245810055866,0.72,0.8142857142857143,420.0
78,0.13132523000240326,0.9474272727966309,0.39372798800468445,0.886626124382019,0.886626139817629,0.8861030338965151,0.0003000000142492354,0.39399025000011534,92120.0,233812.892577857,0.701525054466231,0.6465863453815262,0.7666666666666667,420.0,0.9679715302491102,0.9645390070921985,0.9714285714285714,420.0,0.958968347010551,0.9445727482678984,0.9738095238095238,420.0,0.962605548854041,0.9755501222493888,0.95,420.0,0.943661971830986,0.9305555555555556,0.9571428571428572,420.0,0.9762470308788598,0.9739336492890995,0.9785714285714285,420.0,0.617157490396927,0.667590027700831,0.5738095238095238,420.0,0.9350649350649352,0.927400468384075,0.9428571428571428,420.0,0.9765807962529274,0.9608294930875576,0.9928571428571429,420.0,0.6604866743916571,0.6433408577878104,0.6785714285714286,420.0,0.9208972845336483,0.9133489461358314,0.9285714285714286,420.0,0.6160815402038505,0.5874730021598272,0.6476190476190476,420.0,0.9688995215311006,0.9735576923076923,0.9642857142857143,420.0,0.5386597938144331,0.5870786516853933,0.4976190476190476,420.0,0.9881796690307328,0.9812206572769953,0.9952380952380953,420.0,0.9477351916376306,0.9251700680272109,0.9714285714285714,420.0,0.6552631578947369,0.7323529411764705,0.5928571428571429,420.0,0.9634002361275088,0.955503512880562,0.9714285714285714,420.0,0.96113074204947,0.951048951048951,0.9714285714285714,420.0,0.9833333333333333,0.9833333333333333,0.9833333333333333,420.0,0.9241877256317689,0.9343065693430657,0.9142857142857143,420.0,0.9289871944121071,0.908883826879271,0.95,420.0,0.9126213592233011,0.9306930693069307,0.8952380952380953,420.0,0.933806146572104,0.9272300469483568,0.9404761904761905,420.0,0.9314079422382672,0.9416058394160584,0.9214285714285714,420.0,0.9797377830750893,0.9809069212410502,0.9785714285714285,420.0,0.9676646706586827,0.9734939759036144,0.9619047619047619,420.0,0.8983451536643027,0.892018779342723,0.9047619047619048,420.0,0.9269988412514484,0.9029345372460497,0.9523809523809523,420.0,0.9151732377538829,0.9184652278177458,0.9119047619047619,420.0,0.921951219512195,0.945,0.9,420.0,0.9712230215827338,0.9782608695652174,0.9642857142857143,420.0,0.9670588235294117,0.9558139534883721,0.9785714285714285,420.0,0.9797377830750893,0.9809069212410502,0.9785714285714285,420.0,0.653288740245262,0.6142557651991615,0.6976190476190476,420.0,0.7369696969696969,0.7506172839506173,0.7238095238095238,420.0,0.9469879518072288,0.9585365853658536,0.9357142857142857,420.0,0.9261904761904762,0.9261904761904762,0.9261904761904762,420.0,0.6591760299625468,0.6929133858267716,0.6285714285714286,420.0,0.9434416365824307,0.9537712895377128,0.9333333333333333,420.0,0.9223300970873787,0.9405940594059405,0.9047619047619048,420.0,0.9314079422382672,0.9416058394160584,0.9214285714285714,420.0,0.9258373205741627,0.9302884615384616,0.9214285714285714,420.0,0.9238095238095239,0.9238095238095239,0.9238095238095239,420.0,0.9635036496350364,0.9850746268656716,0.9428571428571428,420.0,0.9526066350710901,0.9481132075471698,0.9571428571428572,420.0,0.7585421412300682,0.7270742358078602,0.7928571428571428,420.0
79,0.13098756968975067,0.947199285030365,0.3944240212440491,0.8852077126502991,0.8852077001013169,0.884977650496025,0.0003000000142492354,0.3929849999999533,92120.0,234410.9826075065,0.6674556213017752,0.6635294117647059,0.6714285714285714,420.0,0.9679715302491102,0.9645390070921985,0.9714285714285714,420.0,0.9567251461988303,0.9402298850574713,0.9738095238095238,420.0,0.96144578313253,0.973170731707317,0.95,420.0,0.9425556858147714,0.9284064665127021,0.9571428571428572,420.0,0.9774614472123369,0.9739952718676123,0.9809523809523809,420.0,0.6253101736972705,0.6528497409326425,0.6,420.0,0.9395017793594306,0.9361702127659575,0.9428571428571428,420.0,0.977725674091442,0.9630484988452656,0.9928571428571429,420.0,0.6411609498680739,0.7189349112426036,0.5785714285714286,420.0,0.9245283018867924,0.9158878504672897,0.9333333333333333,420.0,0.6275346851654215,0.5686653771760155,0.7,420.0,0.9689737470167064,0.9712918660287081,0.9666666666666667,420.0,0.5364077669902912,0.5470297029702971,0.5261904761904762,420.0,0.98698224852071,0.9811764705882353,0.9928571428571429,420.0,0.951501154734411,0.9237668161434978,0.9809523809523809,420.0,0.6690821256038647,0.678921568627451,0.6595238095238095,420.0,0.965680473372781,0.96,0.9714285714285714,420.0,0.96113074204947,0.951048951048951,0.9714285714285714,420.0,0.9833333333333333,0.9833333333333333,0.9833333333333333,420.0,0.9280575539568345,0.9347826086956522,0.9214285714285714,420.0,0.927906976744186,0.9068181818181819,0.95,420.0,0.9071170084439083,0.9193154034229829,0.8952380952380953,420.0,0.9385342789598109,0.931924882629108,0.9452380952380952,420.0,0.932853717026379,0.9396135265700483,0.9261904761904762,420.0,0.9797377830750893,0.9809069212410502,0.9785714285714285,420.0,0.967741935483871,0.9712230215827338,0.9642857142857143,420.0,0.9029940119760479,0.908433734939759,0.8976190476190476,420.0,0.9218203033838974,0.9038901601830663,0.9404761904761905,420.0,0.9153754469606675,0.9164677804295943,0.9142857142857143,420.0,0.9176755447941889,0.9334975369458128,0.9023809523809524,420.0,0.9712230215827338,0.9782608695652174,0.9642857142857143,420.0,0.9669811320754718,0.9579439252336449,0.9761904761904762,420.0,0.9785714285714285,0.9785714285714285,0.9785714285714285,420.0,0.6384439359267735,0.6145374449339207,0.6642857142857143,420.0,0.7191867852604829,0.771117166212534,0.6738095238095239,420.0,0.944578313253012,0.9560975609756097,0.9333333333333333,420.0,0.9293413173652695,0.9349397590361446,0.9238095238095239,420.0,0.6565420560747663,0.6444954128440367,0.669047619047619,420.0,0.9448441247002398,0.9516908212560387,0.9380952380952381,420.0,0.9170731707317075,0.94,0.8952380952380953,420.0,0.9368295589988082,0.9379474940334129,0.9357142857142857,420.0,0.9282296650717704,0.9326923076923077,0.9238095238095239,420.0,0.9228944246737842,0.9196217494089834,0.9261904761904762,420.0,0.9647630619684082,0.9851116625310173,0.9452380952380952,420.0,0.9536266349583828,0.9524940617577197,0.9547619047619048,420.0,0.7485380116959063,0.735632183908046,0.7619047619047619,420.0
80,0.13070011138916016,0.9475249648094177,0.3936409056186676,0.8864235281944275,0.886423505572442,0.8861060808327871,0.0003000000142492354,0.3979249579997486,92120.0,231500.93541018406,0.690423162583519,0.6485355648535565,0.7380952380952381,420.0,0.9679715302491102,0.9645390070921985,0.9714285714285714,420.0,0.9591598599766626,0.9405034324942791,0.9785714285714285,420.0,0.9593301435406699,0.9639423076923077,0.9547619047619048,420.0,0.944770857814336,0.9327146171693735,0.9571428571428572,420.0,0.9786729857819905,0.9740566037735849,0.9833333333333333,420.0,0.6254635352286774,0.6503856041131105,0.6023809523809524,420.0,0.9404761904761905,0.9404761904761905,0.9404761904761905,420.0,0.9764705882352942,0.9651162790697675,0.9880952380952381,420.0,0.6545924967658474,0.71671388101983,0.6023809523809524,420.0,0.923076923076923,0.9176470588235294,0.9285714285714286,420.0,0.6276150627615064,0.5597014925373134,0.7142857142857143,420.0,0.970131421744325,0.973621103117506,0.9666666666666667,420.0,0.5358490566037735,0.568,0.5071428571428571,420.0,0.9881796690307328,0.9812206572769953,0.9952380952380953,420.0,0.9490740740740741,0.9234234234234234,0.9761904761904762,420.0,0.657252888318357,0.713091922005571,0.6095238095238096,420.0,0.965680473372781,0.96,0.9714285714285714,420.0,0.9634002361275088,0.955503512880562,0.9714285714285714,420.0,0.9833333333333333,0.9833333333333333,0.9833333333333333,420.0,0.9272943980929679,0.9284009546539379,0.9261904761904762,420.0,0.9377203290246768,0.925754060324826,0.95,420.0,0.9073405535499399,0.9172749391727494,0.8976190476190476,420.0,0.9388235294117647,0.9279069767441861,0.95,420.0,0.9317365269461078,0.9373493975903614,0.9261904761904762,420.0,0.9797377830750893,0.9809069212410502,0.9785714285714285,420.0,0.9688995215311006,0.9735576923076923,0.9642857142857143,420.0,0.9086538461538461,0.9174757281553398,0.9,420.0,0.9191090269636577,0.9053117782909931,0.9333333333333333,420.0,0.9166666666666666,0.9166666666666666,0.9166666666666666,420.0,0.9176755447941889,0.9334975369458128,0.9023809523809524,420.0,0.9699157641395908,0.9805352798053528,0.9595238095238096,420.0,0.9704840613931521,0.9625292740046838,0.9785714285714285,420.0,0.9797859690844234,0.9786223277909739,0.9809523809523809,420.0,0.6390804597701149,0.6177777777777778,0.6619047619047619,420.0,0.7261462205700123,0.7571059431524548,0.6976190476190476,420.0,0.944578313253012,0.9560975609756097,0.9333333333333333,420.0,0.9271206690561529,0.9304556354916067,0.9238095238095239,420.0,0.6568627450980391,0.6767676767676768,0.638095238095238,420.0,0.9396135265700484,0.9534313725490197,0.9261904761904762,420.0,0.9225181598062955,0.9384236453201971,0.9071428571428571,420.0,0.9333333333333333,0.9333333333333333,0.9333333333333333,420.0,0.9241877256317689,0.9343065693430657,0.9142857142857143,420.0,0.921985815602837,0.9154929577464789,0.9285714285714286,420.0,0.9685230024213076,0.9852216748768473,0.9523809523809523,420.0,0.9508982035928143,0.9566265060240964,0.9452380952380952,420.0,0.7573696145124715,0.7229437229437229,0.7952380952380952,420.0
81,0.1302560716867447,0.9476335048675537,0.39550334215164185,0.8873353600502014,0.8873353596757853,0.8868448115199914,0.0003000000142492354,0.3984338340001159,92120.0,231205.26456087362,0.6918798665183538,0.6492693110647182,0.7404761904761905,420.0,0.9679715302491102,0.9645390070921985,0.9714285714285714,420.0,0.9588719153936545,0.9466357308584686,0.9714285714285714,420.0,0.9593301435406699,0.9639423076923077,0.9547619047619048,420.0,0.9458823529411765,0.9348837209302325,0.9571428571428572,420.0,0.9786729857819905,0.9740566037735849,0.9833333333333333,420.0,0.6223337515683814,0.6578249336870027,0.5904761904761905,420.0,0.9322235434007135,0.9311163895486936,0.9333333333333333,420.0,0.9788732394366197,0.9652777777777778,0.9928571428571429,420.0,0.6634844868735083,0.6650717703349283,0.6619047619047619,420.0,0.9276393831553973,0.9243498817966903,0.930952380952381,420.0,0.6426299045599152,0.5793499043977055,0.7214285714285714,420.0,0.9714285714285714,0.9714285714285714,0.9714285714285714,420.0,0.5353260869565217,0.6234177215189873,0.46904761904761905,420.0,0.9881796690307328,0.9812206572769953,0.9952380952380953,420.0,0.9477351916376306,0.9251700680272109,0.9714285714285714,420.0,0.6606914212548016,0.7146814404432132,0.6142857142857143,420.0,0.9679715302491102,0.9645390070921985,0.9714285714285714,420.0,0.9634002361275088,0.955503512880562,0.9714285714285714,420.0,0.9833333333333333,0.9833333333333333,0.9833333333333333,420.0,0.9272943980929679,0.9284009546539379,0.9261904761904762,420.0,0.9366197183098592,0.9236111111111112,0.95,420.0,0.9135200974421438,0.9351620947630923,0.8928571428571429,420.0,0.9363207547169811,0.927570093457944,0.9452380952380952,420.0,0.9338146811070999,0.9440389294403893,0.9238095238095239,420.0,0.9797377830750893,0.9809069212410502,0.9785714285714285,420.0,0.9688249400479616,0.9758454106280193,0.9619047619047619,420.0,0.9086538461538461,0.9174757281553398,0.9,420.0,0.9269988412514484,0.9029345372460497,0.9523809523809523,420.0,0.9151732377538829,0.9184652278177458,0.9119047619047619,420.0,0.9206730769230769,0.9296116504854369,0.9119047619047619,420.0,0.9711538461538461,0.9805825242718447,0.9619047619047619,420.0,0.9681227863046045,0.9601873536299765,0.9761904761904762,420.0,0.9797377830750893,0.9809069212410502,0.9785714285714285,420.0,0.6455266138165345,0.6155507559395248,0.6785714285714286,420.0,0.7162329615861214,0.7467700258397932,0.6880952380952381,420.0,0.9462365591397849,0.9496402877697842,0.9428571428571428,420.0,0.9260143198090691,0.9282296650717703,0.9238095238095239,420.0,0.65311004784689,0.65625,0.65,420.0,0.9420289855072465,0.9558823529411765,0.9285714285714286,420.0,0.9240048250904705,0.9364303178484108,0.9119047619047619,420.0,0.9355608591885441,0.937799043062201,0.9333333333333333,420.0,0.9240048250904705,0.9364303178484108,0.9119047619047619,420.0,0.922341696535245,0.9256594724220624,0.919047619047619,420.0,0.9673518742442564,0.9828009828009828,0.9523809523809523,420.0,0.9524940617577198,0.9502369668246445,0.9547619047619048,420.0,0.7522935779816513,0.7256637168141593,0.780952380952381,420.0
82,0.12977997958660126,0.9477203488349915,0.3976442813873291,0.8865247964859009,0.8865248226950354,0.8860293967506231,0.0003000000142492354,0.4028779999998733,92120.0,228654.82850895054,0.6757990867579909,0.6491228070175439,0.7047619047619048,420.0,0.9679715302491102,0.9645390070921985,0.9714285714285714,420.0,0.9577464788732395,0.9444444444444444,0.9714285714285714,420.0,0.96144578313253,0.973170731707317,0.95,420.0,0.944770857814336,0.9327146171693735,0.9571428571428572,420.0,0.9786729857819905,0.9740566037735849,0.9833333333333333,420.0,0.6245353159851301,0.6511627906976745,0.6,420.0,0.9369797859690845,0.9358669833729216,0.9380952380952381,420.0,0.977725674091442,0.9630484988452656,0.9928571428571429,420.0,0.6666666666666667,0.6842105263157895,0.65,420.0,0.9265402843601896,0.9221698113207547,0.930952380952381,420.0,0.6503067484662578,0.5698924731182796,0.7571428571428571,420.0,0.970131421744325,0.973621103117506,0.9666666666666667,420.0,0.5276243093922651,0.6282894736842105,0.45476190476190476,420.0,0.9881796690307328,0.9812206572769953,0.9952380952380953,420.0,0.9491916859122401,0.92152466367713,0.9785714285714285,420.0,0.6608478802992518,0.693717277486911,0.6309523809523809,420.0,0.9668246445497629,0.9622641509433962,0.9714285714285714,420.0,0.9622641509433962,0.9532710280373832,0.9714285714285714,420.0,0.9833333333333333,0.9833333333333333,0.9833333333333333,420.0,0.9258373205741627,0.9302884615384616,0.9214285714285714,420.0,0.9355216881594373,0.9214780600461894,0.95,420.0,0.9079903147699758,0.9236453201970444,0.8928571428571429,420.0,0.9374262101534828,0.9297423887587822,0.9452380952380952,420.0,0.9339735894357742,0.9418886198547215,0.9261904761904762,420.0,0.9797377830750893,0.9809069212410502,0.9785714285714285,420.0,0.967741935483871,0.9712230215827338,0.9642857142857143,420.0,0.9062500000000001,0.9150485436893204,0.8976190476190476,420.0,0.9209302325581394,0.9,0.9428571428571428,420.0,0.917562724014337,0.920863309352518,0.9142857142857143,420.0,0.916767189384801,0.9290953545232273,0.9047619047619048,420.0,0.9711538461538461,0.9805825242718447,0.9619047619047619,420.0,0.9669811320754718,0.9579439252336449,0.9761904761904762,420.0,0.9785202863961813,0.9808612440191388,0.9761904761904762,420.0,0.6407322654462242,0.6167400881057269,0.6666666666666666,420.0,0.7146464646464646,0.760752688172043,0.6738095238095239,420.0,0.9457177322074789,0.9584352078239609,0.9333333333333333,420.0,0.9271206690561529,0.9304556354916067,0.9238095238095239,420.0,0.6532066508313539,0.6516587677725119,0.6547619047619048,420.0,0.9433051869722558,0.9559902200488998,0.930952380952381,420.0,0.9227053140096617,0.9362745098039216,0.9095238095238095,420.0,0.9354066985645934,0.9399038461538461,0.930952380952381,420.0,0.9241877256317689,0.9343065693430657,0.9142857142857143,420.0,0.9221698113207547,0.9135514018691588,0.930952380952381,420.0,0.9685990338164251,0.9828431372549019,0.9547619047619048,420.0,0.9485029940119761,0.9542168674698795,0.9428571428571428,420.0,0.7531285551763367,0.7211328976034859,0.7880952380952381,420.0
83,0.12956878542900085,0.9476878046989441,0.39900916814804077,0.8860182166099548,0.8860182370820666,0.8858147112588016,0.0003000000142492354,0.4074914160000844,92120.0,226066.11178278393,0.6871444823663254,0.6579520697167756,0.719047619047619,420.0,0.9716312056737589,0.9647887323943662,0.9785714285714285,420.0,0.9577464788732395,0.9444444444444444,0.9714285714285714,420.0,0.9625151148730351,0.9778869778869779,0.9476190476190476,420.0,0.9469964664310955,0.9370629370629371,0.9571428571428572,420.0,0.9762470308788598,0.9739336492890995,0.9785714285714285,420.0,0.6217870257037943,0.6397984886649875,0.6047619047619047,420.0,0.9371293001186239,0.933806146572104,0.9404761904761905,420.0,0.9754385964912282,0.9586206896551724,0.9928571428571429,420.0,0.6573099415204678,0.6459770114942529,0.669047619047619,420.0,0.923076923076923,0.9176470588235294,0.9285714285714286,420.0,0.607981220657277,0.5995370370370371,0.6166666666666667,420.0,0.970131421744325,0.973621103117506,0.9666666666666667,420.0,0.5447852760736197,0.5620253164556962,0.5285714285714286,420.0,0.98698224852071,0.9811764705882353,0.9928571428571429,420.0,0.951501154734411,0.9237668161434978,0.9809523809523809,420.0,0.66916354556804,0.7034120734908137,0.638095238095238,420.0,0.9679715302491102,0.9645390070921985,0.9714285714285714,420.0,0.96113074204947,0.951048951048951,0.9714285714285714,420.0,0.9833333333333333,0.9833333333333333,0.9833333333333333,420.0,0.9263657957244655,0.9241706161137441,0.9285714285714286,420.0,0.9311551925320887,0.9130434782608695,0.95,420.0,0.9069212410501194,0.9090909090909091,0.9047619047619048,420.0,0.9361702127659575,0.9295774647887324,0.9428571428571428,420.0,0.933655006031363,0.9462102689486552,0.9214285714285714,420.0,0.9797377830750893,0.9809069212410502,0.9785714285714285,420.0,0.9702026221692491,0.9713603818615751,0.969047619047619,420.0,0.9043062200956937,0.9086538461538461,0.9,420.0,0.921985815602837,0.9154929577464789,0.9285714285714286,420.0,0.9186602870813396,0.9230769230769231,0.9142857142857143,420.0,0.9180722891566265,0.9292682926829269,0.9071428571428571,420.0,0.9711538461538461,0.9805825242718447,0.9619047619047619,420.0,0.9659224441833136,0.9535962877030162,0.9785714285714285,420.0,0.9797377830750893,0.9809069212410502,0.9785714285714285,420.0,0.6318234610917538,0.6167800453514739,0.6476190476190476,420.0,0.7238805970149254,0.7578125,0.6928571428571428,420.0,0.9457177322074789,0.9584352078239609,0.9333333333333333,420.0,0.9293413173652695,0.9349397590361446,0.9238095238095239,420.0,0.6563245823389022,0.6578947368421053,0.6547619047619048,420.0,0.9458483754512635,0.9562043795620438,0.9357142857142857,420.0,0.9241877256317689,0.9343065693430657,0.9142857142857143,420.0,0.9366786140979689,0.9400479616306955,0.9333333333333333,420.0,0.9238210399032648,0.9385749385749386,0.9095238095238095,420.0,0.9216152019002375,0.919431279620853,0.9238095238095239,420.0,0.9672727272727272,0.9851851851851852,0.95,420.0,0.9521531100478469,0.9567307692307693,0.9476190476190476,420.0,0.7505773672055428,0.7286995515695067,0.7738095238095238,420.0
84,0.12921345233917236,0.9480677247047424,0.3979562819004059,0.8868287801742554,0.8868287740628163,0.886385640779782,0.0003000000142492354,0.39784166599974924,92120.0,231549.40236968055,0.6743119266055047,0.6504424778761062,0.7,420.0,0.9704142011834319,0.9647058823529412,0.9761904761904762,420.0,0.9578454332552693,0.9423963133640553,0.9738095238095238,420.0,0.9603841536614645,0.9685230024213075,0.9523809523809523,420.0,0.9458823529411765,0.9348837209302325,0.9571428571428572,420.0,0.9750297265160522,0.9738717339667459,0.9761904761904762,420.0,0.6058201058201058,0.6815476190476191,0.5452380952380952,420.0,0.9339622641509434,0.9252336448598131,0.9428571428571428,420.0,0.9788732394366197,0.9652777777777778,0.9928571428571429,420.0,0.6650544135429262,0.6756756756756757,0.6547619047619048,420.0,0.9256198347107439,0.9180327868852459,0.9333333333333333,420.0,0.6304347826086957,0.58,0.6904761904761905,420.0,0.970131421744325,0.973621103117506,0.9666666666666667,420.0,0.5419354838709677,0.5915492957746479,0.5,420.0,0.9881796690307328,0.9812206572769953,0.9952380952380953,420.0,0.9490740740740741,0.9234234234234234,0.9761904761904762,420.0,0.6608695652173913,0.6909090909090909,0.6333333333333333,420.0,0.9668246445497629,0.9622641509433962,0.9714285714285714,420.0,0.9612220916568742,0.9489559164733179,0.9738095238095238,420.0,0.9833333333333333,0.9833333333333333,0.9833333333333333,420.0,0.9293413173652695,0.9349397590361446,0.9238095238095239,420.0,0.9290780141843971,0.9225352112676056,0.9357142857142857,420.0,0.9090909090909091,0.9259259259259259,0.8928571428571429,420.0,0.9375736160188456,0.9277389277389277,0.9476190476190476,420.0,0.9325301204819277,0.9439024390243902,0.9214285714285714,420.0,0.9797377830750893,0.9809069212410502,0.9785714285714285,420.0,0.9688995215311006,0.9735576923076923,0.9642857142857143,420.0,0.9015421115065243,0.8983451536643026,0.9047619047619048,420.0,0.9243306169965074,0.9043280182232346,0.9452380952380952,420.0,0.9184652278177458,0.9251207729468599,0.9119047619047619,420.0,0.9210206561360875,0.9404466501240695,0.9023809523809524,420.0,0.9723889555822329,0.9806295399515739,0.9642857142857143,420.0,0.9658421672555948,0.9557109557109557,0.9761904761904762,420.0,0.9797377830750893,0.9809069212410502,0.9785714285714285,420.0,0.6637837837837838,0.6079207920792079,0.7309523809523809,420.0,0.7302383939774154,0.7718832891246684,0.6928571428571428,420.0,0.9458483754512635,0.9562043795620438,0.9357142857142857,420.0,0.9256594724220624,0.9323671497584541,0.919047619047619,420.0,0.6553808948004837,0.6658476658476659,0.6452380952380953,420.0,0.9447115384615384,0.9538834951456311,0.9357142857142857,420.0,0.9197604790419162,0.9253012048192771,0.9142857142857143,420.0,0.9325301204819277,0.9439024390243902,0.9214285714285714,420.0,0.9269461077844311,0.9325301204819277,0.9214285714285714,420.0,0.9225268176400475,0.9236276849642004,0.9214285714285714,420.0,0.9661016949152542,0.9827586206896551,0.95,420.0,0.9536266349583828,0.9524940617577197,0.9547619047619048,420.0,0.7582292849035187,0.7245119305856833,0.7952380952380952,420.0
85,0.12888848781585693,0.9480351805686951,0.40064164996147156,0.8873860239982605,0.8873860182370821,0.8871076172552594,0.0003000000142492354,0.40232387499963806,92120.0,228969.75726355508,0.7018701870187017,0.6523517382413088,0.7595238095238095,420.0,0.9691943127962085,0.964622641509434,0.9738095238095238,420.0,0.9601873536299766,0.9447004608294931,0.9761904761904762,420.0,0.9626955475330926,0.9732360097323601,0.9523809523809523,420.0,0.9425556858147714,0.9284064665127021,0.9571428571428572,420.0,0.9774614472123369,0.9739952718676123,0.9809523809523809,420.0,0.6238993710691824,0.6613333333333333,0.5904761904761905,420.0,0.9360189573459715,0.9316037735849056,0.9404761904761905,420.0,0.9765807962529274,0.9608294930875576,0.9928571428571429,420.0,0.6641123882503193,0.7162534435261708,0.6190476190476191,420.0,0.9289099526066351,0.9245283018867925,0.9333333333333333,420.0,0.6157253599114064,0.5755693581780539,0.6619047619047619,420.0,0.970131421744325,0.973621103117506,0.9666666666666667,420.0,0.551558752997602,0.5555555555555556,0.5476190476190477,420.0,0.98698224852071,0.9811764705882353,0.9928571428571429,420.0,0.9504036908881199,0.9217002237136466,0.9809523809523809,420.0,0.660574412532637,0.7312138728323699,0.6023809523809524,420.0,0.9645390070921985,0.9577464788732394,0.9714285714285714,420.0,0.9645390070921985,0.9577464788732394,0.9714285714285714,420.0,0.9821640903686087,0.9809976247030879,0.9833333333333333,420.0,0.9258373205741627,0.9302884615384616,0.9214285714285714,420.0,0.9333333333333332,0.9172413793103448,0.95,420.0,0.910411622276029,0.9261083743842364,0.8952380952380953,420.0,0.9361702127659575,0.9295774647887324,0.9428571428571428,420.0,0.9326923076923078,0.941747572815534,0.9238095238095239,420.0,0.9797377830750893,0.9809069212410502,0.9785714285714285,420.0,0.967741935483871,0.9712230215827338,0.9642857142857143,420.0,0.9068923821039903,0.9213759213759214,0.8928571428571429,420.0,0.9232558139534884,0.9022727272727272,0.9452380952380952,420.0,0.918854415274463,0.9210526315789473,0.9166666666666666,420.0,0.9199029126213591,0.9381188118811881,0.9023809523809524,420.0,0.9724550898203592,0.9783132530120482,0.9666666666666667,420.0,0.9681978798586572,0.958041958041958,0.9785714285714285,420.0,0.98090692124105,0.9832535885167464,0.9785714285714285,420.0,0.6478555304740407,0.6158798283261803,0.6833333333333333,420.0,0.7279411764705882,0.75,0.7071428571428572,420.0,0.9457177322074789,0.9584352078239609,0.9333333333333333,420.0,0.9293413173652695,0.9349397590361446,0.9238095238095239,420.0,0.6568265682656826,0.6793893129770993,0.6357142857142857,420.0,0.9433051869722558,0.9559902200488998,0.930952380952381,420.0,0.9191797346200242,0.9315403422982885,0.9071428571428571,420.0,0.9357142857142857,0.9357142857142857,0.9357142857142857,420.0,0.9232613908872902,0.9299516908212561,0.9166666666666666,420.0,0.921985815602837,0.9154929577464789,0.9285714285714286,420.0,0.9685230024213076,0.9852216748768473,0.9523809523809523,420.0,0.9536266349583828,0.9524940617577197,0.9547619047619048,420.0,0.7542857142857142,0.7252747252747253,0.7857142857142857,420.0
86,0.12846750020980835,0.9484477043151855,0.4017033576965332,0.886119544506073,0.8861195542046605,0.8858009682716345,0.0003000000142492354,0.39447299999983443,92120.0,233526.7559504419,0.656019656019656,0.6776649746192893,0.6357142857142857,420.0,0.9668246445497629,0.9622641509433962,0.9714285714285714,420.0,0.95906432748538,0.9425287356321839,0.9761904761904762,420.0,0.9602888086642599,0.9708029197080292,0.95,420.0,0.9469964664310955,0.9370629370629371,0.9571428571428572,420.0,0.9774614472123369,0.9739952718676123,0.9809523809523809,420.0,0.6225490196078431,0.6414141414141414,0.6047619047619047,420.0,0.9372781065088757,0.9317647058823529,0.9428571428571428,420.0,0.977725674091442,0.9630484988452656,0.9928571428571429,420.0,0.6571767497034401,0.6548463356973995,0.6595238095238095,420.0,0.9285714285714286,0.9285714285714286,0.9285714285714286,420.0,0.6232044198895027,0.5814432989690722,0.6714285714285714,420.0,0.970131421744325,0.973621103117506,0.9666666666666667,420.0,0.5316129032258065,0.5802816901408451,0.49047619047619045,420.0,0.98698224852071,0.9811764705882353,0.9928571428571429,420.0,0.9478563151796061,0.9232505643340858,0.9738095238095238,420.0,0.684393063583815,0.6651685393258427,0.7047619047619048,420.0,0.9645390070921985,0.9577464788732394,0.9714285714285714,420.0,0.9634002361275088,0.955503512880562,0.9714285714285714,420.0,0.9833333333333333,0.9833333333333333,0.9833333333333333,420.0,0.9269461077844311,0.9325301204819277,0.9214285714285714,420.0,0.9355216881594373,0.9214780600461894,0.95,420.0,0.906064209274673,0.9049881235154394,0.9071428571428571,420.0,0.9350649350649352,0.927400468384075,0.9428571428571428,420.0,0.9315726290516207,0.9394673123486683,0.9238095238095239,420.0,0.9797377830750893,0.9809069212410502,0.9785714285714285,420.0,0.9688995215311006,0.9735576923076923,0.9642857142857143,420.0,0.9086538461538461,0.9174757281553398,0.9,420.0,0.9216152019002375,0.919431279620853,0.9238095238095239,420.0,0.9164677804295943,0.9186602870813397,0.9142857142857143,420.0,0.9210206561360875,0.9404466501240695,0.9023809523809524,420.0,0.9724550898203592,0.9783132530120482,0.9666666666666667,420.0,0.9669811320754718,0.9579439252336449,0.9761904761904762,420.0,0.9797377830750893,0.9809069212410502,0.9785714285714285,420.0,0.6312138728323698,0.6134831460674157,0.65,420.0,0.7235668789808917,0.7780821917808219,0.6761904761904762,420.0,0.9444444444444445,0.9583333333333334,0.930952380952381,420.0,0.9260143198090691,0.9282296650717703,0.9238095238095239,420.0,0.6538461538461539,0.6601941747572816,0.6476190476190476,420.0,0.9447115384615384,0.9538834951456311,0.9357142857142857,420.0,0.9238210399032648,0.9385749385749386,0.9095238095238095,420.0,0.9368295589988082,0.9379474940334129,0.9357142857142857,420.0,0.9234449760765551,0.9278846153846154,0.919047619047619,420.0,0.9243498817966903,0.9178403755868545,0.930952380952381,420.0,0.9697702539298669,0.9852579852579852,0.9547619047619048,420.0,0.9521531100478469,0.9567307692307693,0.9476190476190476,420.0,0.7623318385650224,0.7203389830508474,0.8095238095238095,420.0
87,0.12790447473526,0.9486973285675049,0.4015735685825348,0.886626124382019,0.8866261398176292,0.8863596440134822,0.0003000000142492354,0.4015697079998972,92120.0,229399.7733514889,0.7007616974972798,0.6452905811623246,0.7666666666666667,420.0,0.9679715302491102,0.9645390070921985,0.9714285714285714,420.0,0.9579439252336448,0.9403669724770642,0.9761904761904762,420.0,0.9591346153846154,0.9684466019417476,0.95,420.0,0.944770857814336,0.9327146171693735,0.9571428571428572,420.0,0.9786729857819905,0.9740566037735849,0.9833333333333333,420.0,0.6243781094527363,0.6536458333333334,0.5976190476190476,420.0,0.9372781065088757,0.9317647058823529,0.9428571428571428,420.0,0.9788732394366197,0.9652777777777778,0.9928571428571429,420.0,0.6572164948453608,0.7162921348314607,0.6071428571428571,420.0,0.9252669039145908,0.9219858156028369,0.9285714285714286,420.0,0.6258064516129032,0.5705882352941176,0.6928571428571428,420.0,0.970131421744325,0.973621103117506,0.9666666666666667,420.0,0.5427872860635696,0.5577889447236181,0.5285714285714286,420.0,0.9881796690307328,0.9812206572769953,0.9952380952380953,420.0,0.9466357308584687,0.9230769230769231,0.9714285714285714,420.0,0.6517150395778364,0.7307692307692307,0.5880952380952381,420.0,0.965680473372781,0.96,0.9714285714285714,420.0,0.9634002361275088,0.955503512880562,0.9714285714285714,420.0,0.9833333333333333,0.9833333333333333,0.9833333333333333,420.0,0.9256594724220624,0.9323671497584541,0.919047619047619,420.0,0.9366197183098592,0.9236111111111112,0.95,420.0,0.9135200974421438,0.9351620947630923,0.8928571428571429,420.0,0.9363207547169811,0.927570093457944,0.9452380952380952,420.0,0.932853717026379,0.9396135265700483,0.9261904761904762,420.0,0.9797377830750893,0.9809069212410502,0.9785714285714285,420.0,0.9665871121718377,0.9688995215311005,0.9642857142857143,420.0,0.8997613365155132,0.9019138755980861,0.8976190476190476,420.0,0.9282407407407408,0.9031531531531531,0.9547619047619048,420.0,0.9153754469606675,0.9164677804295943,0.9142857142857143,420.0,0.9214026602176542,0.9361179361179361,0.9071428571428571,420.0,0.9699157641395908,0.9805352798053528,0.9595238095238096,420.0,0.9669030732860519,0.960093896713615,0.9738095238095238,420.0,0.9797377830750893,0.9809069212410502,0.9785714285714285,420.0,0.642369020501139,0.6157205240174672,0.6714285714285714,420.0,0.7236679058240396,0.7545219638242894,0.6952380952380952,420.0,0.9459783913565426,0.9539951573849879,0.9380952380952381,420.0,0.9278846153846153,0.9368932038834952,0.919047619047619,420.0,0.6561360874848117,0.6699751861042184,0.6428571428571429,420.0,0.9458483754512635,0.9562043795620438,0.9357142857142857,420.0,0.9227053140096617,0.9362745098039216,0.9095238095238095,420.0,0.9325301204819277,0.9439024390243902,0.9214285714285714,420.0,0.922341696535245,0.9256594724220624,0.919047619047619,420.0,0.9216152019002375,0.919431279620853,0.9238095238095239,420.0,0.9685990338164251,0.9828431372549019,0.9547619047619048,420.0,0.9546539379474941,0.9569377990430622,0.9523809523809523,420.0,0.752,0.7230769230769231,0.7833333333333333,420.0
88,0.12766696512699127,0.9485453963279724,0.40241923928260803,0.8865247964859009,0.8865248226950354,0.8862090687787328,0.0003000000142492354,0.40236012500008655,92120.0,228949.1285946394,0.6905027932960894,0.6505263157894737,0.7357142857142858,420.0,0.9679715302491102,0.9645390070921985,0.9714285714285714,420.0,0.958968347010551,0.9445727482678984,0.9738095238095238,420.0,0.9602888086642599,0.9708029197080292,0.95,420.0,0.9458823529411765,0.9348837209302325,0.9571428571428572,420.0,0.9774614472123369,0.9739952718676123,0.9809523809523809,420.0,0.6089238845144357,0.6783625730994152,0.5523809523809524,420.0,0.9360189573459715,0.9316037735849056,0.9404761904761905,420.0,0.9765807962529274,0.9608294930875576,0.9928571428571429,420.0,0.6468305304010349,0.7082152974504249,0.5952380952380952,420.0,0.9247058823529412,0.913953488372093,0.9357142857142857,420.0,0.6217732884399552,0.5881104033970276,0.6595238095238095,420.0,0.969047619047619,0.969047619047619,0.969047619047619,420.0,0.5463071512309495,0.5381062355658198,0.5547619047619048,420.0,0.98698224852071,0.9811764705882353,0.9928571428571429,420.0,0.951501154734411,0.9237668161434978,0.9809523809523809,420.0,0.6581306017925737,0.7119113573407202,0.611904761904762,420.0,0.9668246445497629,0.9622641509433962,0.9714285714285714,420.0,0.9634864546525325,0.9533799533799534,0.9738095238095238,420.0,0.9821640903686087,0.9809976247030879,0.9833333333333333,420.0,0.9227110582639715,0.9216152019002375,0.9238095238095239,420.0,0.9265402843601896,0.9221698113207547,0.930952380952381,420.0,0.912883435582822,0.9417721518987342,0.8857142857142857,420.0,0.9411764705882352,0.9302325581395349,0.9523809523809523,420.0,0.9338146811070999,0.9440389294403893,0.9238095238095239,420.0,0.9797377830750893,0.9809069212410502,0.9785714285714285,420.0,0.9676646706586827,0.9734939759036144,0.9619047619047619,420.0,0.9047044632086851,0.9168704156479217,0.8928571428571429,420.0,0.928735632183908,0.8977777777777778,0.9619047619047619,420.0,0.917562724014337,0.920863309352518,0.9142857142857143,420.0,0.9234507897934386,0.9429280397022333,0.9047619047619048,420.0,0.9723889555822329,0.9806295399515739,0.9642857142857143,420.0,0.9669811320754718,0.9579439252336449,0.9761904761904762,420.0,0.9773539928486293,0.9785202863961814,0.9761904761904762,420.0,0.6637649619151251,0.6112224448897795,0.7261904761904762,420.0,0.7198986058301647,0.7696476964769647,0.6761904761904762,420.0,0.9457177322074789,0.9584352078239609,0.9333333333333333,420.0,0.9290012033694345,0.9391727493917275,0.919047619047619,420.0,0.6545454545454545,0.6666666666666666,0.6428571428571429,420.0,0.9421686746987952,0.9536585365853658,0.930952380952381,420.0,0.9131985731272294,0.9121140142517815,0.9142857142857143,420.0,0.9368295589988082,0.9379474940334129,0.9357142857142857,420.0,0.9214026602176542,0.9361179361179361,0.9071428571428571,420.0,0.9267139479905437,0.92018779342723,0.9333333333333333,420.0,0.9635922330097086,0.9826732673267327,0.9452380952380952,420.0,0.9522673031026253,0.9545454545454546,0.95,420.0,0.7666666666666666,0.71875,0.8214285714285714,420.0
89,0.12741000950336456,0.9486864805221558,0.4020788371562958,0.8864741921424866,0.8864741641337386,0.8860339647623584,0.0003000000142492354,0.4046915829999307,92120.0,227630.13581138843,0.6712485681557847,0.6467991169977925,0.6976190476190476,420.0,0.9679715302491102,0.9645390070921985,0.9714285714285714,420.0,0.958968347010551,0.9445727482678984,0.9738095238095238,420.0,0.9591346153846154,0.9684466019417476,0.95,420.0,0.9469964664310955,0.9370629370629371,0.9571428571428572,420.0,0.9774614472123369,0.9739952718676123,0.9809523809523809,420.0,0.624235006119951,0.6423173803526449,0.6071428571428571,420.0,0.9383886255924171,0.9339622641509434,0.9428571428571428,420.0,0.977725674091442,0.9630484988452656,0.9928571428571429,420.0,0.6563706563706564,0.7142857142857143,0.6071428571428571,420.0,0.9263657957244655,0.9241706161137441,0.9285714285714286,420.0,0.6427145708582834,0.5532646048109966,0.7666666666666667,420.0,0.9724550898203592,0.9783132530120482,0.9666666666666667,420.0,0.5295698924731184,0.6080246913580247,0.46904761904761905,420.0,0.9881796690307328,0.9812206572769953,0.9952380952380953,420.0,0.9502890173410405,0.9235955056179775,0.9785714285714285,420.0,0.6567534076827757,0.6847545219638242,0.6309523809523809,420.0,0.9668246445497629,0.9622641509433962,0.9714285714285714,420.0,0.9622641509433962,0.9532710280373832,0.9714285714285714,420.0,0.9833333333333333,0.9833333333333333,0.9833333333333333,420.0,0.9261904761904762,0.9261904761904762,0.9261904761904762,420.0,0.9322429906542055,0.9151376146788991,0.95,420.0,0.9108433734939759,0.9219512195121952,0.9,420.0,0.9388235294117647,0.9279069767441861,0.95,420.0,0.9339735894357742,0.9418886198547215,0.9261904761904762,420.0,0.9785714285714285,0.9785714285714285,0.9785714285714285,420.0,0.967741935483871,0.9712230215827338,0.9642857142857143,420.0,0.9062500000000001,0.9150485436893204,0.8976190476190476,420.0,0.9218203033838974,0.9038901601830663,0.9404761904761905,420.0,0.917562724014337,0.920863309352518,0.9142857142857143,420.0,0.9200968523002421,0.9359605911330049,0.9047619047619048,420.0,0.9699157641395908,0.9805352798053528,0.9595238095238096,420.0,0.9669030732860519,0.960093896713615,0.9738095238095238,420.0,0.9797377830750893,0.9809069212410502,0.9785714285714285,420.0,0.6342592592592592,0.6171171171171171,0.6523809523809524,420.0,0.7231920199501247,0.7591623036649214,0.6904761904761905,420.0,0.944578313253012,0.9560975609756097,0.9333333333333333,420.0,0.9291716686674669,0.937046004842615,0.9214285714285714,420.0,0.6585067319461444,0.6775818639798489,0.6404761904761904,420.0,0.9433051869722558,0.9559902200488998,0.930952380952381,420.0,0.9212121212121211,0.9382716049382716,0.9047619047619048,420.0,0.9379474940334129,0.9401913875598086,0.9357142857142857,420.0,0.9206730769230769,0.9296116504854369,0.9119047619047619,420.0,0.9243498817966903,0.9178403755868545,0.930952380952381,420.0,0.9685990338164251,0.9828431372549019,0.9547619047619048,420.0,0.9522673031026253,0.9545454545454546,0.95,420.0,0.7576099210823,0.7194860813704497,0.8,420.0
90,0.12706294655799866,0.9488601684570312,0.40402448177337646,0.8868287801742554,0.8868287740628166,0.8864685142675298,0.0003000000142492354,0.40161245800027245,92120.0,229375.35468567937,0.6790697674418604,0.6636363636363637,0.6952380952380952,420.0,0.9679715302491102,0.9645390070921985,0.9714285714285714,420.0,0.958968347010551,0.9445727482678984,0.9738095238095238,420.0,0.962605548854041,0.9755501222493888,0.95,420.0,0.9468713105076741,0.9391100702576113,0.9547619047619048,420.0,0.9751479289940828,0.9694117647058823,0.9809523809523809,420.0,0.6309523809523809,0.6309523809523809,0.6309523809523809,420.0,0.9383886255924171,0.9339622641509434,0.9428571428571428,420.0,0.977725674091442,0.9630484988452656,0.9928571428571429,420.0,0.6625310173697271,0.6917098445595855,0.6357142857142857,420.0,0.9241706161137441,0.9198113207547169,0.9285714285714286,420.0,0.6352201257861635,0.5674157303370787,0.7214285714285714,420.0,0.9712918660287081,0.9759615384615384,0.9666666666666667,420.0,0.5328083989501312,0.5935672514619883,0.48333333333333334,420.0,0.9881796690307328,0.9812206572769953,0.9952380952380953,420.0,0.9489559164733179,0.9253393665158371,0.9738095238095238,420.0,0.6715506715506715,0.6892230576441103,0.6547619047619048,420.0,0.965680473372781,0.96,0.9714285714285714,420.0,0.9612220916568742,0.9489559164733179,0.9738095238095238,420.0,0.9833333333333333,0.9833333333333333,0.9833333333333333,420.0,0.9256594724220624,0.9323671497584541,0.919047619047619,420.0,0.9317647058823529,0.9209302325581395,0.9428571428571428,420.0,0.9135200974421438,0.9351620947630923,0.8928571428571429,420.0,0.9352179034157831,0.9254079254079254,0.9452380952380952,420.0,0.9312424607961399,0.9437652811735942,0.919047619047619,420.0,0.9797377830750893,0.9809069212410502,0.9785714285714285,420.0,0.9688995215311006,0.9735576923076923,0.9642857142857143,420.0,0.9056152927120669,0.9088729016786571,0.9023809523809524,420.0,0.9269988412514484,0.9029345372460497,0.9523809523809523,420.0,0.9164677804295943,0.9186602870813397,0.9142857142857143,420.0,0.9223300970873787,0.9405940594059405,0.9047619047619048,420.0,0.9723889555822329,0.9806295399515739,0.9642857142857143,420.0,0.9658421672555948,0.9557109557109557,0.9761904761904762,420.0,0.9797377830750893,0.9809069212410502,0.9785714285714285,420.0,0.6188769414575866,0.6211031175059952,0.6166666666666667,420.0,0.7261146496815287,0.7808219178082192,0.6785714285714286,420.0,0.9458483754512635,0.9562043795620438,0.9357142857142857,420.0,0.9271206690561529,0.9304556354916067,0.9238095238095239,420.0,0.6586248492159228,0.6674816625916871,0.65,420.0,0.9434416365824307,0.9537712895377128,0.9333333333333333,420.0,0.9221556886227544,0.927710843373494,0.9166666666666666,420.0,0.9366786140979689,0.9400479616306955,0.9333333333333333,420.0,0.9234449760765551,0.9278846153846154,0.919047619047619,420.0,0.9267139479905437,0.92018779342723,0.9333333333333333,420.0,0.9635036496350364,0.9850746268656716,0.9428571428571428,420.0,0.9522673031026253,0.9545454545454546,0.95,420.0,0.7611607142857143,0.7163865546218487,0.8119047619047619,420.0
91,0.1265699714422226,0.9494897723197937,0.4039677381515503,0.886626124382019,0.8866261398176292,0.8863868434828452,0.0003000000142492354,0.4031105420003769,92120.0,228522.92461236074,0.674364896073903,0.6547085201793722,0.6952380952380952,420.0,0.9679715302491102,0.9645390070921985,0.9714285714285714,420.0,0.958968347010551,0.9445727482678984,0.9738095238095238,420.0,0.9603841536614645,0.9685230024213075,0.9523809523809523,420.0,0.9479905437352246,0.9413145539906104,0.9547619047619048,420.0,0.9762470308788598,0.9739336492890995,0.9785714285714285,420.0,0.6181353767560663,0.6666666666666666,0.5761904761904761,420.0,0.9360189573459715,0.9316037735849056,0.9404761904761905,420.0,0.977725674091442,0.9630484988452656,0.9928571428571429,420.0,0.6658259773013872,0.707774798927614,0.6285714285714286,420.0,0.927810650887574,0.9223529411764706,0.9333333333333333,420.0,0.628632938643703,0.5736738703339882,0.6952380952380952,420.0,0.970131421744325,0.973621103117506,0.9666666666666667,420.0,0.5445420326223338,0.5755968169761273,0.5166666666666667,420.0,0.9881796690307328,0.9812206572769953,0.9952380952380953,420.0,0.9491916859122401,0.92152466367713,0.9785714285714285,420.0,0.6650306748466258,0.6860759493670886,0.6452380952380953,420.0,0.9679715302491102,0.9645390070921985,0.9714285714285714,420.0,0.9612220916568742,0.9489559164733179,0.9738095238095238,420.0,0.9833333333333333,0.9833333333333333,0.9833333333333333,420.0,0.9234393404004713,0.9137529137529138,0.9333333333333333,420.0,0.9366197183098592,0.9236111111111112,0.95,420.0,0.9124087591240876,0.9328358208955224,0.8928571428571429,420.0,0.9374262101534828,0.9297423887587822,0.9452380952380952,420.0,0.9339735894357742,0.9418886198547215,0.9261904761904762,420.0,0.9785714285714285,0.9785714285714285,0.9785714285714285,420.0,0.967741935483871,0.9712230215827338,0.9642857142857143,420.0,0.9044740024183797,0.918918918918919,0.8904761904761904,420.0,0.9257540603248259,0.9027149321266968,0.95,420.0,0.9153754469606675,0.9164677804295943,0.9142857142857143,420.0,0.9234507897934386,0.9429280397022333,0.9047619047619048,420.0,0.9723889555822329,0.9806295399515739,0.9642857142857143,420.0,0.9658421672555948,0.9557109557109557,0.9761904761904762,420.0,0.977299880525687,0.9808153477218226,0.9738095238095238,420.0,0.653288740245262,0.6142557651991615,0.6976190476190476,420.0,0.7204030226700252,0.7647058823529411,0.680952380952381,420.0,0.9483793517406962,0.9564164648910412,0.9404761904761905,420.0,0.9267707082833133,0.9346246973365617,0.919047619047619,420.0,0.6547619047619048,0.6547619047619048,0.6547619047619048,420.0,0.9447115384615384,0.9538834951456311,0.9357142857142857,420.0,0.9238210399032648,0.9385749385749386,0.9095238095238095,420.0,0.9346016646848989,0.9334916864608076,0.9357142857142857,420.0,0.9168704156479217,0.9422110552763819,0.8928571428571429,420.0,0.9257950530035335,0.916083916083916,0.9357142857142857,420.0,0.9674306393244874,0.980440097799511,0.9547619047619048,420.0,0.9508982035928143,0.9566265060240964,0.9452380952380952,420.0,0.7480045610034207,0.7177242888402626,0.780952380952381,420.0
92,0.12626586854457855,0.9491750001907349,0.4060647189617157,0.8858156204223633,0.8858156028368795,0.8854840649820153,0.0003000000142492354,0.4043891250003071,92120.0,227800.38904342454,0.6940133037694014,0.6493775933609959,0.7452380952380953,420.0,0.9679715302491102,0.9645390070921985,0.9714285714285714,420.0,0.958968347010551,0.9445727482678984,0.9738095238095238,420.0,0.9602888086642599,0.9708029197080292,0.95,420.0,0.943661971830986,0.9305555555555556,0.9571428571428572,420.0,0.9786729857819905,0.9740566037735849,0.9833333333333333,420.0,0.6342042755344418,0.6327014218009479,0.6357142857142857,420.0,0.9372781065088757,0.9317647058823529,0.9428571428571428,420.0,0.977725674091442,0.9630484988452656,0.9928571428571429,420.0,0.6547192353643967,0.657074340527578,0.6523809523809524,420.0,0.9232585596221959,0.9156908665105387,0.930952380952381,420.0,0.6213808463251671,0.5836820083682008,0.6642857142857143,420.0,0.9689737470167064,0.9712918660287081,0.9666666666666667,420.0,0.5362134688691232,0.5749318801089919,0.5023809523809524,420.0,0.9881796690307328,0.9812206572769953,0.9952380952380953,420.0,0.951501154734411,0.9237668161434978,0.9809523809523809,420.0,0.6580645161290323,0.7183098591549296,0.6071428571428571,420.0,0.9634002361275088,0.955503512880562,0.9714285714285714,420.0,0.9622641509433962,0.9532710280373832,0.9714285714285714,420.0,0.9833333333333333,0.9833333333333333,0.9833333333333333,420.0,0.9234449760765551,0.9278846153846154,0.919047619047619,420.0,0.9333333333333332,0.9172413793103448,0.95,420.0,0.913730255164034,0.9330024813895782,0.8952380952380953,420.0,0.9386792452830189,0.9299065420560748,0.9476190476190476,420.0,0.9338146811070999,0.9440389294403893,0.9238095238095239,420.0,0.9797377830750893,0.9809069212410502,0.9785714285714285,420.0,0.9689737470167064,0.9712918660287081,0.9666666666666667,420.0,0.9,0.9,0.9,420.0,0.927906976744186,0.9068181818181819,0.95,420.0,0.9153754469606675,0.9164677804295943,0.9142857142857143,420.0,0.9176755447941889,0.9334975369458128,0.9023809523809524,420.0,0.9723889555822329,0.9806295399515739,0.9642857142857143,420.0,0.9669811320754718,0.9579439252336449,0.9761904761904762,420.0,0.9797377830750893,0.9809069212410502,0.9785714285714285,420.0,0.6205250596658712,0.6220095693779905,0.6190476190476191,420.0,0.7247820672478207,0.7597911227154047,0.6928571428571428,420.0,0.9444444444444445,0.9583333333333334,0.930952380952381,420.0,0.9278846153846153,0.9368932038834952,0.919047619047619,420.0,0.6562874251497006,0.6602409638554216,0.6523809523809524,420.0,0.9434416365824307,0.9537712895377128,0.9333333333333333,420.0,0.9227053140096617,0.9362745098039216,0.9095238095238095,420.0,0.9314079422382672,0.9416058394160584,0.9214285714285714,420.0,0.9217809867629362,0.9318734793187348,0.9119047619047619,420.0,0.9228944246737842,0.9196217494089834,0.9261904761904762,420.0,0.9649334945586456,0.9803439803439803,0.95,420.0,0.953405017921147,0.9568345323741008,0.95,420.0,0.7474048442906575,0.7248322147651006,0.7714285714285715,420.0
93,0.12569482624530792,0.9492509961128235,0.40790730714797974,0.8876392841339111,0.8876393110435663,0.8871941626930184,0.0003000000142492354,0.40020591700022123,92120.0,230181.5042878266,0.6698564593301435,0.6730769230769231,0.6666666666666666,420.0,0.9691943127962085,0.964622641509434,0.9738095238095238,420.0,0.958968347010551,0.9445727482678984,0.9738095238095238,420.0,0.957983193277311,0.9661016949152542,0.95,420.0,0.941588785046729,0.9243119266055045,0.9595238095238096,420.0,0.9775147928994082,0.971764705882353,0.9833333333333333,420.0,0.6191082802547772,0.6657534246575343,0.5785714285714286,420.0,0.9396449704142011,0.9341176470588235,0.9452380952380952,420.0,0.9765807962529274,0.9608294930875576,0.9928571428571429,420.0,0.6641883519206939,0.6925064599483204,0.638095238095238,420.0,0.9256198347107439,0.9180327868852459,0.9333333333333333,420.0,0.6306504961411246,0.5872689938398358,0.680952380952381,420.0,0.970131421744325,0.973621103117506,0.9666666666666667,420.0,0.5459057071960297,0.5699481865284974,0.5238095238095238,420.0,0.98698224852071,0.9811764705882353,0.9928571428571429,420.0,0.9501738122827346,0.9255079006772009,0.9761904761904762,420.0,0.6738609112709831,0.678743961352657,0.669047619047619,420.0,0.9622641509433962,0.9532710280373832,0.9714285714285714,420.0,0.96113074204947,0.951048951048951,0.9714285714285714,420.0,0.9821640903686087,0.9809976247030879,0.9833333333333333,420.0,0.9234507897934386,0.9429280397022333,0.9047619047619048,420.0,0.927810650887574,0.9223529411764706,0.9333333333333333,420.0,0.913730255164034,0.9330024813895782,0.8952380952380953,420.0,0.9385342789598109,0.931924882629108,0.9452380952380952,420.0,0.9330143540669856,0.9375,0.9285714285714286,420.0,0.9797377830750893,0.9809069212410502,0.9785714285714285,420.0,0.9689737470167064,0.9712918660287081,0.9666666666666667,420.0,0.901072705601907,0.9021479713603818,0.9,420.0,0.9268292682926829,0.9047619047619048,0.95,420.0,0.9173652694610778,0.9228915662650602,0.9119047619047619,420.0,0.9221411192214112,0.9427860696517413,0.9023809523809524,420.0,0.9712230215827338,0.9782608695652174,0.9642857142857143,420.0,0.9669030732860519,0.960093896713615,0.9738095238095238,420.0,0.9797377830750893,0.9809069212410502,0.9785714285714285,420.0,0.6517357222844345,0.6152219873150105,0.6928571428571428,420.0,0.730478589420655,0.7754010695187166,0.6904761904761905,420.0,0.9481302774427021,0.960880195599022,0.9357142857142857,420.0,0.9282296650717704,0.9326923076923077,0.9238095238095239,420.0,0.6650062266500623,0.6971279373368147,0.6357142857142857,420.0,0.9421686746987952,0.9536585365853658,0.930952380952381,420.0,0.9210526315789473,0.9254807692307693,0.9166666666666666,420.0,0.9326923076923078,0.941747572815534,0.9238095238095239,420.0,0.9221698113207547,0.9135514018691588,0.930952380952381,420.0,0.9279811097992915,0.9203747072599532,0.9357142857142857,420.0,0.9648484848484848,0.9827160493827161,0.9476190476190476,420.0,0.9547619047619048,0.9547619047619048,0.9547619047619048,420.0,0.7748344370860927,0.7222222222222222,0.8357142857142857,420.0
94,0.12552031874656677,0.9495549201965332,0.4076499342918396,0.8859675526618958,0.8859675785207698,0.8857219479336014,0.0003000000142492354,0.39982254199958334,92120.0,230402.21679170855,0.6994535519125683,0.6464646464646465,0.7619047619047619,420.0,0.9668246445497629,0.9622641509433962,0.9714285714285714,420.0,0.9578454332552693,0.9423963133640553,0.9738095238095238,420.0,0.9577804583835947,0.9706601466992665,0.9452380952380952,420.0,0.9456264775413711,0.9389671361502347,0.9523809523809523,420.0,0.9774614472123369,0.9739952718676123,0.9809523809523809,420.0,0.6192259675405742,0.6509186351706037,0.5904761904761905,420.0,0.9368295589988082,0.9379474940334129,0.9357142857142857,420.0,0.9765807962529274,0.9608294930875576,0.9928571428571429,420.0,0.6537467700258397,0.7146892655367232,0.6023809523809524,420.0,0.9256198347107439,0.9180327868852459,0.9333333333333333,420.0,0.6319218241042346,0.5808383233532934,0.6928571428571428,420.0,0.9712918660287081,0.9759615384615384,0.9666666666666667,420.0,0.5381818181818182,0.5481481481481482,0.5285714285714286,420.0,0.98698224852071,0.9811764705882353,0.9928571428571429,420.0,0.9490740740740741,0.9234234234234234,0.9761904761904762,420.0,0.6527415143603134,0.7225433526011561,0.5952380952380952,420.0,0.965680473372781,0.96,0.9714285714285714,420.0,0.9622641509433962,0.9532710280373832,0.9714285714285714,420.0,0.9833333333333333,0.9833333333333333,0.9833333333333333,420.0,0.9232585596221959,0.9156908665105387,0.930952380952381,420.0,0.9342723004694835,0.9212962962962963,0.9476190476190476,420.0,0.9126213592233011,0.9306930693069307,0.8952380952380953,420.0,0.9361702127659575,0.9295774647887324,0.9428571428571428,420.0,0.9314079422382672,0.9416058394160584,0.9214285714285714,420.0,0.9785714285714285,0.9785714285714285,0.9785714285714285,420.0,0.967741935483871,0.9712230215827338,0.9642857142857143,420.0,0.9021479713603819,0.9043062200956937,0.9,420.0,0.9266589057043073,0.9066059225512528,0.9476190476190476,420.0,0.917562724014337,0.920863309352518,0.9142857142857143,420.0,0.9245742092457421,0.945273631840796,0.9047619047619048,420.0,0.9712230215827338,0.9782608695652174,0.9642857142857143,420.0,0.9669811320754718,0.9579439252336449,0.9761904761904762,420.0,0.9785714285714285,0.9785714285714285,0.9785714285714285,420.0,0.6409090909090909,0.6130434782608696,0.6714285714285714,420.0,0.7235079171741778,0.7406483790523691,0.7071428571428572,420.0,0.9447115384615384,0.9538834951456311,0.9357142857142857,420.0,0.9245508982035928,0.9301204819277108,0.919047619047619,420.0,0.6577669902912622,0.6707920792079208,0.6452380952380953,420.0,0.9447115384615384,0.9538834951456311,0.9357142857142857,420.0,0.9212121212121211,0.9382716049382716,0.9047619047619048,420.0,0.932853717026379,0.9396135265700483,0.9261904761904762,420.0,0.9185905224787363,0.9379652605459057,0.9,420.0,0.9247058823529412,0.913953488372093,0.9357142857142857,420.0,0.9674306393244874,0.980440097799511,0.9547619047619048,420.0,0.9523809523809523,0.9523809523809523,0.9523809523809523,420.0,0.7453703703703703,0.7252252252252253,0.7666666666666667,420.0
95,0.12530508637428284,0.9493812322616577,0.4092758595943451,0.8868287801742554,0.8868287740628166,0.8863950380647376,0.0003000000142492354,0.40448908400003347,92120.0,227744.0940779316,0.661800486618005,0.6766169154228856,0.6476190476190476,420.0,0.9679715302491102,0.9645390070921985,0.9714285714285714,420.0,0.9588719153936545,0.9466357308584686,0.9714285714285714,420.0,0.9602888086642599,0.9708029197080292,0.95,420.0,0.9383003492433061,0.9179954441913439,0.9595238095238096,420.0,0.9798816568047337,0.9741176470588235,0.9857142857142858,420.0,0.6285018270401949,0.6433915211970075,0.6142857142857143,420.0,0.9385342789598109,0.931924882629108,0.9452380952380952,420.0,0.977725674091442,0.9630484988452656,0.9928571428571429,420.0,0.6683544303797468,0.7135135135135136,0.6285714285714286,420.0,0.9241706161137441,0.9198113207547169,0.9285714285714286,420.0,0.6418219461697723,0.5677655677655677,0.7380952380952381,420.0,0.9688995215311006,0.9735576923076923,0.9642857142857143,420.0,0.538562091503268,0.5971014492753624,0.49047619047619045,420.0,0.987012987012987,0.9789227166276346,0.9952380952380953,420.0,0.951501154734411,0.9237668161434978,0.9809523809523809,420.0,0.6776470588235294,0.6697674418604651,0.6857142857142857,420.0,0.9634002361275088,0.955503512880562,0.9714285714285714,420.0,0.9634002361275088,0.955503512880562,0.9714285714285714,420.0,0.9833333333333333,0.9833333333333333,0.9833333333333333,420.0,0.9247058823529412,0.913953488372093,0.9357142857142857,420.0,0.9333333333333332,0.9172413793103448,0.95,420.0,0.913730255164034,0.9330024813895782,0.8952380952380953,420.0,0.9374262101534828,0.9297423887587822,0.9452380952380952,420.0,0.932853717026379,0.9396135265700483,0.9261904761904762,420.0,0.9785714285714285,0.9785714285714285,0.9785714285714285,420.0,0.9678188319427891,0.9689737470167065,0.9666666666666667,420.0,0.9053892215568863,0.9108433734939759,0.9,420.0,0.9268292682926829,0.9047619047619048,0.95,420.0,0.919047619047619,0.919047619047619,0.919047619047619,420.0,0.9232643118148599,0.9451371571072319,0.9023809523809524,420.0,0.9723889555822329,0.9806295399515739,0.9642857142857143,420.0,0.9681227863046045,0.9601873536299765,0.9761904761904762,420.0,0.9785202863961813,0.9808612440191388,0.9761904761904762,420.0,0.633177570093458,0.6215596330275229,0.6452380952380953,420.0,0.7183271832718328,0.7430025445292621,0.6952380952380952,420.0,0.9461077844311376,0.9518072289156626,0.9404761904761905,420.0,0.9277108433734941,0.9390243902439024,0.9166666666666666,420.0,0.6568265682656826,0.6793893129770993,0.6357142857142857,420.0,0.9447115384615384,0.9538834951456311,0.9357142857142857,420.0,0.9227053140096617,0.9362745098039216,0.9095238095238095,420.0,0.9350961538461539,0.9441747572815534,0.9261904761904762,420.0,0.9181929181929182,0.9423558897243107,0.8952380952380953,420.0,0.9256198347107439,0.9180327868852459,0.9333333333333333,420.0,0.9649334945586456,0.9803439803439803,0.95,420.0,0.9495192307692308,0.9587378640776699,0.9404761904761905,420.0,0.7556561085972849,0.7198275862068966,0.7952380952380952,420.0
96,0.12482418119907379,0.9491750001907349,0.4102676212787628,0.8859675526618958,0.88596757852077,0.885555614953409,0.0003000000142492354,0.39511558300000615,92120.0,233146.9675292421,0.6594464500601684,0.6666666666666666,0.6523809523809524,420.0,0.9668246445497629,0.9622641509433962,0.9714285714285714,420.0,0.958968347010551,0.9445727482678984,0.9738095238095238,420.0,0.957983193277311,0.9661016949152542,0.95,420.0,0.9457547169811321,0.9369158878504673,0.9547619047619048,420.0,0.9774614472123369,0.9739952718676123,0.9809523809523809,420.0,0.6173469387755101,0.6648351648351648,0.5761904761904761,420.0,0.9360189573459715,0.9316037735849056,0.9404761904761905,420.0,0.977725674091442,0.9630484988452656,0.9928571428571429,420.0,0.6533957845433256,0.6428571428571429,0.6642857142857143,420.0,0.930952380952381,0.930952380952381,0.930952380952381,420.0,0.6162528216704289,0.5858369098712446,0.65,420.0,0.9702026221692491,0.9713603818615751,0.969047619047619,420.0,0.5333333333333333,0.5777777777777777,0.49523809523809526,420.0,0.9881796690307328,0.9812206572769953,0.9952380952380953,420.0,0.9501738122827346,0.9255079006772009,0.9761904761904762,420.0,0.6753246753246752,0.6697892271662763,0.680952380952381,420.0,0.9622641509433962,0.9532710280373832,0.9714285714285714,420.0,0.9645390070921985,0.9577464788732394,0.9714285714285714,420.0,0.9833333333333333,0.9833333333333333,0.9833333333333333,420.0,0.9238095238095239,0.9238095238095239,0.9238095238095239,420.0,0.9288214702450408,0.9107551487414187,0.9476190476190476,420.0,0.9142156862745097,0.9419191919191919,0.888095238095238,420.0,0.9374262101534828,0.9297423887587822,0.9452380952380952,420.0,0.9326923076923078,0.941747572815534,0.9238095238095239,420.0,0.9797377830750893,0.9809069212410502,0.9785714285714285,420.0,0.9676646706586827,0.9734939759036144,0.9619047619047619,420.0,0.904933814681107,0.9148418491484185,0.8952380952380953,420.0,0.9296424452133795,0.901565995525727,0.9595238095238096,420.0,0.9164677804295943,0.9186602870813397,0.9142857142857143,420.0,0.9187878787878788,0.9358024691358025,0.9023809523809524,420.0,0.9712918660287081,0.9759615384615384,0.9666666666666667,420.0,0.964622641509434,0.955607476635514,0.9738095238095238,420.0,0.9797377830750893,0.9809069212410502,0.9785714285714285,420.0,0.6517857142857143,0.6134453781512605,0.6952380952380952,420.0,0.7217280813214739,0.773841961852861,0.6761904761904762,420.0,0.9461077844311376,0.9518072289156626,0.9404761904761905,420.0,0.9258373205741627,0.9302884615384616,0.9214285714285714,420.0,0.6585956416464891,0.6699507389162561,0.6476190476190476,420.0,0.9421686746987952,0.9536585365853658,0.930952380952381,420.0,0.9174757281553398,0.9356435643564357,0.9,420.0,0.9354066985645934,0.9399038461538461,0.930952380952381,420.0,0.9202898550724637,0.9338235294117647,0.9071428571428571,420.0,0.923076923076923,0.9176470588235294,0.9285714285714286,420.0,0.9649334945586456,0.9803439803439803,0.95,420.0,0.9500000000000001,0.95,0.95,420.0,0.7683741648106903,0.7217573221757322,0.8214285714285714,420.0
97,0.12471354007720947,0.9495440721511841,0.40919384360313416,0.8859675526618958,0.8859675785207696,0.8857803761910857,0.0003000000142492354,0.40514116600024863,92120.0,227377.53585855916,0.6758620689655173,0.6533333333333333,0.7,420.0,0.9655990510083036,0.9621749408983451,0.969047619047619,420.0,0.9567251461988303,0.9402298850574713,0.9738095238095238,420.0,0.9567307692307693,0.9660194174757282,0.9476190476190476,420.0,0.9424206815511165,0.9303944315545244,0.9547619047619048,420.0,0.976303317535545,0.9716981132075472,0.9809523809523809,420.0,0.6264150943396226,0.664,0.5928571428571429,420.0,0.9358669833729216,0.933649289099526,0.9380952380952381,420.0,0.9765807962529274,0.9608294930875576,0.9928571428571429,420.0,0.6446499339498019,0.7240356083086054,0.580952380952381,420.0,0.931899641577061,0.935251798561151,0.9285714285714286,420.0,0.6266375545851528,0.5786290322580645,0.6833333333333333,420.0,0.9702026221692491,0.9713603818615751,0.969047619047619,420.0,0.5452408930669801,0.5382830626450116,0.5523809523809524,420.0,0.98698224852071,0.9811764705882353,0.9928571428571429,420.0,0.9504036908881199,0.9217002237136466,0.9809523809523809,420.0,0.6617100371747212,0.689922480620155,0.6357142857142857,420.0,0.9645390070921985,0.9577464788732394,0.9714285714285714,420.0,0.9634002361275088,0.955503512880562,0.9714285714285714,420.0,0.9833333333333333,0.9833333333333333,0.9833333333333333,420.0,0.9261904761904762,0.9261904761904762,0.9261904761904762,420.0,0.9294117647058823,0.9186046511627907,0.9404761904761905,420.0,0.9106280193236714,0.9240196078431373,0.8976190476190476,420.0,0.933649289099526,0.9292452830188679,0.9380952380952381,420.0,0.929510155316607,0.9328537170263789,0.9261904761904762,420.0,0.9785714285714285,0.9785714285714285,0.9785714285714285,420.0,0.9676646706586827,0.9734939759036144,0.9619047619047619,420.0,0.9090909090909091,0.9259259259259259,0.8928571428571429,420.0,0.9241540256709451,0.9061784897025171,0.9428571428571428,420.0,0.9153754469606675,0.9164677804295943,0.9142857142857143,420.0,0.9245742092457421,0.945273631840796,0.9047619047619048,420.0,0.9724550898203592,0.9783132530120482,0.9666666666666667,420.0,0.9669030732860519,0.960093896713615,0.9738095238095238,420.0,0.9785714285714285,0.9785714285714285,0.9785714285714285,420.0,0.6515323496027242,0.6225596529284165,0.6833333333333333,420.0,0.7206982543640897,0.756544502617801,0.6880952380952381,420.0,0.947242206235012,0.9541062801932367,0.9404761904761905,420.0,0.9277108433734941,0.9390243902439024,0.9166666666666666,420.0,0.6569696969696971,0.6691358024691358,0.6452380952380953,420.0,0.9434416365824307,0.9537712895377128,0.9333333333333333,420.0,0.9186602870813396,0.9230769230769231,0.9142857142857143,420.0,0.9357142857142857,0.9357142857142857,0.9357142857142857,420.0,0.9217809867629362,0.9318734793187348,0.9119047619047619,420.0,0.9257950530035335,0.916083916083916,0.9357142857142857,420.0,0.9648484848484848,0.9827160493827161,0.9476190476190476,420.0,0.9536266349583828,0.9524940617577197,0.9547619047619048,420.0,0.7554038680318543,0.7233115468409586,0.7904761904761904,420.0
98,0.12419918924570084,0.9499131441116333,0.411968469619751,0.8855623006820679,0.8855623100303948,0.8850079417251097,0.0003000000142492354,0.3972623750000821,92120.0,231887.04945939308,0.6736842105263158,0.6620689655172414,0.6857142857142857,420.0,0.9679715302491102,0.9645390070921985,0.9714285714285714,420.0,0.9588719153936545,0.9466357308584686,0.9714285714285714,420.0,0.961352657004831,0.9754901960784313,0.9476190476190476,420.0,0.9370629370629371,0.9178082191780822,0.9571428571428572,420.0,0.9787234042553192,0.971830985915493,0.9857142857142858,420.0,0.6167076167076168,0.6370558375634517,0.5976190476190476,420.0,0.9407582938388626,0.9363207547169812,0.9452380952380952,420.0,0.9765807962529274,0.9608294930875576,0.9928571428571429,420.0,0.6525323910482922,0.6456876456876457,0.6595238095238095,420.0,0.9267139479905437,0.92018779342723,0.9333333333333333,420.0,0.6366559485530546,0.5789473684210527,0.7071428571428572,420.0,0.972520908004779,0.9760191846522782,0.969047619047619,420.0,0.5250338294993234,0.6081504702194357,0.46190476190476193,420.0,0.98698224852071,0.9811764705882353,0.9928571428571429,420.0,0.9501738122827346,0.9255079006772009,0.9761904761904762,420.0,0.6707317073170732,0.6875,0.6547619047619048,420.0,0.9644549763033176,0.9599056603773585,0.969047619047619,420.0,0.9622641509433962,0.9532710280373832,0.9714285714285714,420.0,0.9833333333333333,0.9833333333333333,0.9833333333333333,420.0,0.922341696535245,0.9256594724220624,0.919047619047619,420.0,0.927906976744186,0.9068181818181819,0.95,420.0,0.9068923821039903,0.9213759213759214,0.8928571428571429,420.0,0.9374262101534828,0.9297423887587822,0.9452380952380952,420.0,0.9326923076923078,0.941747572815534,0.9238095238095239,420.0,0.9785714285714285,0.9785714285714285,0.9785714285714285,420.0,0.9689737470167064,0.9712918660287081,0.9666666666666667,420.0,0.9051620648259304,0.9128329297820823,0.8976190476190476,420.0,0.9194865810968496,0.9016018306636155,0.9380952380952381,420.0,0.9164677804295943,0.9186602870813397,0.9142857142857143,420.0,0.9206730769230769,0.9296116504854369,0.9119047619047619,420.0,0.9711538461538461,0.9805825242718447,0.9619047619047619,420.0,0.9692671394799054,0.9624413145539906,0.9761904761904762,420.0,0.9773539928486293,0.9785202863961814,0.9761904761904762,420.0,0.629500580720093,0.6145124716553289,0.6452380952380953,420.0,0.7256637168141593,0.7735849056603774,0.6833333333333333,420.0,0.9439809296781884,0.9451073985680191,0.9428571428571428,420.0,0.9258373205741627,0.9302884615384616,0.9214285714285714,420.0,0.6577992744860942,0.6683046683046683,0.6476190476190476,420.0,0.9459783913565426,0.9539951573849879,0.9380952380952381,420.0,0.9148418491484184,0.9353233830845771,0.8952380952380953,420.0,0.9341317365269461,0.9397590361445783,0.9285714285714286,420.0,0.920863309352518,0.927536231884058,0.9142857142857143,420.0,0.9232613908872902,0.9299516908212561,0.9166666666666666,420.0,0.9674306393244874,0.980440097799511,0.9547619047619048,420.0,0.9546539379474941,0.9569377990430622,0.9523809523809523,420.0,0.7539503386004515,0.7167381974248928,0.7952380952380952,420.0
99,0.12387973815202713,0.9498697519302368,0.41306787729263306,0.8869807720184326,0.886980749746707,0.8866932601023085,0.0003000000142492354,0.39913062499999796,92120.0,230801.63292405955,0.6761565836298933,0.6737588652482269,0.6785714285714286,420.0,0.9668246445497629,0.9622641509433962,0.9714285714285714,420.0,0.9567251461988303,0.9402298850574713,0.9738095238095238,420.0,0.9591346153846154,0.9684466019417476,0.95,420.0,0.9425556858147714,0.9284064665127021,0.9571428571428572,420.0,0.9762470308788598,0.9739336492890995,0.9785714285714285,420.0,0.6173800259403373,0.6780626780626781,0.5666666666666667,420.0,0.9386792452830189,0.9299065420560748,0.9476190476190476,420.0,0.977725674091442,0.9630484988452656,0.9928571428571429,420.0,0.6625766871165644,0.6835443037974683,0.6428571428571429,420.0,0.930011862396204,0.9267139479905437,0.9333333333333333,420.0,0.6220204313280363,0.5943600867678959,0.6523809523809524,420.0,0.972520908004779,0.9760191846522782,0.969047619047619,420.0,0.5472154963680387,0.5566502463054187,0.5380952380952381,420.0,0.9881796690307328,0.9812206572769953,0.9952380952380953,420.0,0.9501738122827346,0.9255079006772009,0.9761904761904762,420.0,0.6778846153846154,0.6844660194174758,0.6714285714285714,420.0,0.9634002361275088,0.955503512880562,0.9714285714285714,420.0,0.9622641509433962,0.9532710280373832,0.9714285714285714,420.0,0.9821640903686087,0.9809976247030879,0.9833333333333333,420.0,0.9217809867629362,0.9318734793187348,0.9119047619047619,420.0,0.9290780141843971,0.9225352112676056,0.9357142857142857,420.0,0.9101941747572816,0.9282178217821783,0.8928571428571429,420.0,0.9388235294117647,0.9279069767441861,0.95,420.0,0.933655006031363,0.9462102689486552,0.9214285714285714,420.0,0.9785714285714285,0.9785714285714285,0.9785714285714285,420.0,0.9688249400479616,0.9758454106280193,0.9619047619047619,420.0,0.9064748201438848,0.9130434782608695,0.9,420.0,0.9266589057043073,0.9066059225512528,0.9476190476190476,420.0,0.9168646080760094,0.9146919431279621,0.919047619047619,420.0,0.9249692496924969,0.9567430025445293,0.8952380952380953,420.0,0.9724550898203592,0.9783132530120482,0.9666666666666667,420.0,0.9659224441833136,0.9535962877030162,0.9785714285714285,420.0,0.9809523809523809,0.9809523809523809,0.9809523809523809,420.0,0.6622662266226622,0.6155419222903885,0.7166666666666667,420.0,0.7192982456140351,0.7592592592592593,0.6833333333333333,420.0,0.9457177322074789,0.9584352078239609,0.9333333333333333,420.0,0.9291716686674669,0.937046004842615,0.9214285714285714,420.0,0.6594982078853047,0.6618705035971223,0.6571428571428571,420.0,0.9434416365824307,0.9537712895377128,0.9333333333333333,420.0,0.9197604790419162,0.9253012048192771,0.9142857142857143,420.0,0.9355608591885441,0.937799043062201,0.9333333333333333,420.0,0.9210526315789473,0.9254807692307693,0.9166666666666666,420.0,0.9274004683840749,0.9124423963133641,0.9428571428571428,420.0,0.9673518742442564,0.9828009828009828,0.9523809523809523,420.0,0.9536266349583828,0.9524940617577197,0.9547619047619048,420.0,0.7453703703703703,0.7252252252252253,0.7666666666666667,420.0
100,0.12338954955339432,0.9498479962348938,0.4129446744918823,0.8868287801742554,0.8868287740628166,0.886180387855315,0.0003000000142492354,0.4021773330000542,92120.0,229053.18734108662,0.6674556213017752,0.6635294117647059,0.6714285714285714,420.0,0.9655990510083036,0.9621749408983451,0.969047619047619,420.0,0.95906432748538,0.9425287356321839,0.9761904761904762,420.0,0.9591346153846154,0.9684466019417476,0.95,420.0,0.9468713105076741,0.9391100702576113,0.9547619047619048,420.0,0.9751479289940828,0.9694117647058823,0.9809523809523809,420.0,0.6177215189873418,0.6594594594594595,0.580952380952381,420.0,0.9397874852420307,0.9320843091334895,0.9476190476190476,420.0,0.977725674091442,0.9630484988452656,0.9928571428571429,420.0,0.6626360338573156,0.6732186732186732,0.6523809523809524,420.0,0.9317365269461078,0.9373493975903614,0.9261904761904762,420.0,0.6446280991735537,0.5693430656934306,0.7428571428571429,420.0,0.970059880239521,0.9759036144578314,0.9642857142857143,420.0,0.5199449793672628,0.6156351791530945,0.45,420.0,0.9881796690307328,0.9812206572769953,0.9952380952380953,420.0,0.9501738122827346,0.9255079006772009,0.9761904761904762,420.0,0.6738609112709831,0.678743961352657,0.669047619047619,420.0,0.9634002361275088,0.955503512880562,0.9714285714285714,420.0,0.9634864546525325,0.9533799533799534,0.9738095238095238,420.0,0.9821640903686087,0.9809976247030879,0.9833333333333333,420.0,0.9267707082833133,0.9346246973365617,0.919047619047619,420.0,0.9277389277389277,0.908675799086758,0.9476190476190476,420.0,0.9108669108669109,0.9348370927318296,0.888095238095238,420.0,0.9363207547169811,0.927570093457944,0.9452380952380952,420.0,0.932367149758454,0.946078431372549,0.919047619047619,420.0,0.9785714285714285,0.9785714285714285,0.9785714285714285,420.0,0.9665871121718377,0.9688995215311005,0.9642857142857143,420.0,0.9056152927120669,0.9088729016786571,0.9023809523809524,420.0,0.925925925925926,0.9009009009009009,0.9523809523809523,420.0,0.9166666666666666,0.9166666666666666,0.9166666666666666,420.0,0.9182692307692307,0.9271844660194175,0.9095238095238095,420.0,0.9723889555822329,0.9806295399515739,0.9642857142857143,420.0,0.9658421672555948,0.9557109557109557,0.9761904761904762,420.0,0.9797377830750893,0.9809069212410502,0.9785714285714285,420.0,0.6478555304740407,0.6158798283261803,0.6833333333333333,420.0,0.7281795511221946,0.7643979057591623,0.6952380952380952,420.0,0.9458483754512635,0.9562043795620438,0.9357142857142857,420.0,0.9260143198090691,0.9282296650717703,0.9238095238095239,420.0,0.6600496277915633,0.689119170984456,0.6333333333333333,420.0,0.9421686746987952,0.9536585365853658,0.930952380952381,420.0,0.9185905224787363,0.9379652605459057,0.9,420.0,0.9342891278375149,0.9376498800959233,0.930952380952381,420.0,0.9210526315789473,0.9254807692307693,0.9166666666666666,420.0,0.925089179548157,0.9239904988123515,0.9261904761904762,420.0,0.9649334945586456,0.9803439803439803,0.95,420.0,0.9522673031026253,0.9545454545454546,0.95,420.0,0.7616926503340756,0.7154811715481172,0.8142857142857143,420.0
